id,family,symbol,tf,side,stop,target,partition,stress,n,n_closed,mean,mean_R,pf,closed_win_rate,stop_count,stop_rate,target_count,boundary_count,mean_fees,mean_funding,mean_slippage_drag,median_hours,clock_n_closed,clock_mean,clock_difference,zone_n_closed,zone_mean,zone_difference
trend_pullback:BTCUSDT:5:1:0.02:0.025,trend_pullback,BTCUSDT,5,1,0.02,0.025,development,1,98,98,-0.0039672203713467,-0.1983610185673372,0.6999049928585196,0.4081632653061224,58,0.5918367346938775,40,0,0.0010985532131893,0.0002381456842005,0.0009978684127323,16.116666666666667,1122,-0.0019569909760201,-0.0020102293953266005,189,-0.001153854162945,-0.0028133662084017003
trend_pullback:BTCUSDT:5:1:0.02:0.025,trend_pullback,BTCUSDT,5,1,0.02,0.025,development,2,98,98,-0.004963424679302,-0.2481712339651042,0.6402954244586029,0.4081632653061224,58,0.5918367346938775,40,0,0.0010980049338416,0.0002380267303123,0.0019947399539235,16.116666666666667,1122,-0.0029551360415356,-0.0020082886377664,189,-0.0021528731276131,-0.0028105515516889004
trend_pullback:BTCUSDT:5:1:0.03:0.03,trend_pullback,BTCUSDT,5,1,0.03,0.03,development,1,85,85,-0.0035665870527122,-0.1188862350904077,0.7874976125004808,0.4823529411764706,44,0.5176470588235295,41,0,0.0010988685039833,0.0004104530638244,0.0009984419554927,24.23333333333333,642,-0.0017915177565135,-0.0017750692961987001,118,-0.0020429560206613,-0.0015236310320508998
trend_pullback:BTCUSDT:5:1:0.03:0.03,trend_pullback,BTCUSDT,5,1,0.03,0.03,development,2,85,85,-0.0045632779477026,-0.1521092649234217,0.7359938984241686,0.4823529411764706,44,0.5176470588235295,41,0,0.0010983199095022,0.000410248042314,0.0019958864664745,24.23333333333333,642,-0.0027898660332457,-0.0017734119144568999,118,-0.0030411904057236,-0.0015220875419789995
shock_reversal:BTCUSDT:5:1:0.02:0.025,shock_reversal,BTCUSDT,5,1,0.02,0.025,development,1,260,259,-0.0021647966966174,-0.1082398348308702,0.823940441881902,0.4478764478764478,143,0.5521235521235521,116,1,0.0010995243227389,0.0002004046265834,0.0009996349497274,17.358333333333334,1122,-0.0019569909760201,-0.0002078057205973003,189,-0.001153854162945,-0.0010109425336724
shock_reversal:BTCUSDT:5:1:0.02:0.025,shock_reversal,BTCUSDT,5,1,0.02,0.025,development,2,260,259,-0.0031627836578481,-0.1581391828924051,0.7536287483360837,0.4478764478764478,143,0.5521235521235521,116,1,0.0010989750727666,0.0002003045243723,0.0019982712631416,17.358333333333334,1122,-0.0029551360415356,-0.00020764761631249977,189,-0.0021528731276131,-0.0010099105302350002
shock_reversal:BTCUSDT:5:1:0.03:0.03,shock_reversal,BTCUSDT,5,1,0.03,0.03,development,1,203,202,-0.0024406318492689,-0.081354394975633,0.8489792618940768,0.5,101,0.5,101,1,0.0010994368484432,0.0003172830794277,0.0009994758259914,25.03333333333333,642,-0.0017915177565135,-0.0006491140927554,118,-0.0020429560206613,-0.00039767582860759975
shock_reversal:BTCUSDT:5:1:0.03:0.03,shock_reversal,BTCUSDT,5,1,0.03,0.03,development,2,203,202,-0.0034384015523135,-0.1146133850771175,0.793456278945297,0.5,101,0.5,101,1,0.0010988876859014,0.000317124596371,0.0019979531746344,25.03333333333333,642,-0.0027898660332457,-0.0006485355190678,118,-0.0030411904057236,-0.0003972111465898997
funding_squeeze:BTCUSDT:5:1:0.02:0.025,funding_squeeze,BTCUSDT,5,1,0.02,0.025,development,1,25,25,0.0032794441863542,0.1639722093177102,1.3421265853542692,0.56,11,0.44,14,0,0.0011023074162918,-0.0001864492538204,0.0010046976511742,9.266666666666667,1122,-0.0019569909760201,0.0052364351623743,189,-0.001153854162945,0.0044332983492992
funding_squeeze:BTCUSDT:5:1:0.02:0.025,funding_squeeze,BTCUSDT,5,1,0.02,0.025,development,2,25,25,0.002276209129318,0.1138104564659028,1.2272607160779132,0.56,11,0.44,14,0,0.0011017553846153,-0.000186356122325,0.0020083916083914,9.266666666666667,1122,-0.0029551360415356,0.0052313451708536005,189,-0.0021528731276131,0.0044290822569311
funding_squeeze:BTCUSDT:5:1:0.03:0.03,funding_squeeze,BTCUSDT,5,1,0.03,0.03,development,1,24,24,0.0006136289104894,0.0204542970163145,1.0421917624397887,0.5416666666666666,11,0.4583333333333333,13,0,0.0011008239005497,-0.0002164518115387,0.0010019990004996,17.275,642,-0.0017915177565135,0.0024051466670029,118,-0.0020429560206613,0.0026565849311507
funding_squeeze:BTCUSDT:5:1:0.03:0.03,funding_squeeze,BTCUSDT,5,1,0.03,0.03,development,2,24,24,-0.0003869266608944,-0.0128975553631477,0.9741834699865316,0.5416666666666666,11,0.4583333333333333,13,0,0.0011002733516483,-0.0002163436937508,0.0020029970029968,17.275,642,-0.0027898660332457,0.0024029393723512997,118,-0.0030411904057236,0.0026542637448292
compression_expansion:BTCUSDT:5:1:0.02:0.025,compression_expansion,BTCUSDT,5,1,0.02,0.025,development,1,114,114,-0.0049502061534289,-0.2475103076714452,0.6384879912190446,0.3859649122807017,70,0.6140350877192983,44,0,0.0010980043530866,0.0002237528669143,0.0009968699860594,21.866666666666667,1122,-0.0019569909760201,-0.0029932151774088003,189,-0.001153854162945,-0.0037963519904839
compression_expansion:BTCUSDT:5:1:0.02:0.025,compression_expansion,BTCUSDT,5,1,0.02,0.025,development,2,114,114,-0.0059454207699462,-0.2972710384973103,0.5840476066926179,0.3859649122807017,70,0.6140350877192983,44,0,0.001097456622325,0.0002236411022455,0.0019927440980071,21.866666666666667,1122,-0.0029551360415356,-0.0029902847284106002,189,-0.0021528731276131,-0.0037925476423331006
compression_expansion:BTCUSDT:5:1:0.03:0.03,compression_expansion,BTCUSDT,5,1,0.03,0.03,development,1,92,92,-0.0071486810707304,-0.2382893690243493,0.6198529687044217,0.4239130434782608,53,0.5760869565217391,39,0,0.0010969419149121,0.0004915844505624,0.0009949373139516,42.8,642,-0.0017915177565135,-0.005357163314216901,118,-0.0020429560206613,-0.0051057250500691
compression_expansion:BTCUSDT:5:1:0.03:0.03,compression_expansion,BTCUSDT,5,1,0.03,0.03,development,2,92,92,-0.0081418322257792,-0.2713944075259735,0.5795058280518838,0.4239130434782608,53,0.5760869565217391,39,0,0.0010963952460582,0.0004913389038838,0.0019888806845327,42.8,642,-0.0027898660332457,-0.005351966192533501,118,-0.0030411904057236,-0.005100641820055601
learned_leaf:BTCUSDT:5:1:0.02:0.025,learned_leaf,BTCUSDT,5,1,0.02,0.025,development,1,279,279,0.002041529222958,0.1020764611479016,1.1995145164224736,0.5376344086021505,129,0.4623655913978494,150,0,0.0011017544211765,4.657304042645923e-05,0.0010036917025357,11.316666666666666,1122,-0.0019569909760201,0.0039985201989781,189,-0.001153854162945,0.003195383385903
learned_leaf:BTCUSDT:5:1:0.02:0.025,learned_leaf,BTCUSDT,5,1,0.02,0.025,development,2,279,279,0.0010394149516501,0.0519707475825061,1.0972810444520984,0.5376344086021505,129,0.4623655913978494,150,0,0.001101202942219,4.654977716950297e-05,0.002006380716058,11.316666666666666,1122,-0.0029551360415356,0.0039945509931857,189,-0.0021528731276131,0.0031922880792632
learned_leaf:BTCUSDT:5:1:0.03:0.03,learned_leaf,BTCUSDT,5,1,0.03,0.03,development,1,205,205,0.0014569845182019,0.0485661506067331,1.1030604876786052,0.5609756097560976,90,0.4390243902439024,115,0,0.0011014604587949,9.693465026267376e-05,0.0010031569581061,20.85,642,-0.0017915177565135,0.0032485022747154,118,-0.0020429560206613,0.0034999405388632
learned_leaf:BTCUSDT:5:1:0.03:0.03,learned_leaf,BTCUSDT,5,1,0.03,0.03,development,2,205,205,0.000455429318947,0.0151809772982343,1.0312749159260537,0.5609756097560976,90,0.4390243902439024,115,0,0.0011009092736531,9.688623135644864e-05,0.0020053117614091,20.85,642,-0.0027898660332457,0.0032452953521927,118,-0.0030411904057236,0.0034966197246706003
clock_control:BTCUSDT:5:1:0.02:0.025,clock_control,BTCUSDT,5,1,0.02,0.025,development,1,1123,1122,-0.0019569909760201,-0.0978495488010094,0.8395215874544546,0.4500891265597148,617,0.5499108734402852,505,1,0.0010995840913277,0.0001012092988434,0.0009997436742511,5.666666666666667,1122,-0.0019569909760201,0.0,189,-0.001153854162945,-0.0008031368130750997
clock_control:BTCUSDT:5:1:0.02:0.025,clock_control,BTCUSDT,5,1,0.02,0.025,development,2,1123,1122,-0.0029551360415356,-0.1477568020767847,0.7679135412142576,0.4500891265597148,617,0.5499108734402852,505,1,0.0010990347816166,0.0001011587447481,0.0019984886035731,5.666666666666667,1122,-0.0029551360415356,0.0,189,-0.0021528731276131,-0.0008022629139225004
clock_control:BTCUSDT:5:1:0.03:0.03,clock_control,BTCUSDT,5,1,0.03,0.03,development,1,643,642,-0.0017915177565135,-0.0597172585504518,0.887021385898088,0.5077881619937694,316,0.4922118380062305,326,1,0.0010997167772257,0.0001768504807138,0.0009999850420223,11.666666666666666,642,-0.0017915177565135,0.0,118,-0.0020429560206613,0.0002514382641478003
clock_control:BTCUSDT:5:1:0.03:0.03,clock_control,BTCUSDT,5,1,0.03,0.03,development,2,643,642,-0.0027898660332457,-0.0929955344415261,0.8291864543059523,0.5077881619937694,316,0.4922118380062305,326,1,0.001099167334895,0.0001767621438103,0.0019989710979887,11.666666666666666,642,-0.0027898660332457,0.0,118,-0.0030411904057236,0.00025132437247790034
legacy_zone:BTCUSDT:5:1:0.02:0.025,legacy_zone,BTCUSDT,5,1,0.02,0.025,development,1,189,189,-0.001153854162945,-0.0576927081472502,0.9023014276054864,0.4708994708994709,100,0.5291005291005291,89,0,0.0011001043823326,0.0002435358399636,0.0010006901311248,14.916666666666666,1122,-0.0019569909760201,0.0008031368130750997,189,-0.001153854162945,0.0
legacy_zone:BTCUSDT:5:1:0.02:0.025,legacy_zone,BTCUSDT,5,1,0.02,0.025,development,2,189,189,-0.0021528731276131,-0.1076436563806579,0.825363492663127,0.4708994708994709,100,0.5291005291005291,89,0,0.0010995545525902,0.0002434141936899,0.002000380571809,14.916666666666666,1122,-0.0029551360415356,0.0008022629139225004,189,-0.0021528731276131,0.0
legacy_zone:BTCUSDT:5:1:0.03:0.03,legacy_zone,BTCUSDT,5,1,0.03,0.03,development,1,118,118,-0.0020429560206613,-0.0680985340220456,0.8724945663733538,0.5084745762711864,58,0.4915254237288136,60,0,0.0010997296563582,0.0004516924702333,0.0010000084703409,28.341666666666665,642,-0.0017915177565135,-0.0002514382641478003,118,-0.0020429560206613,0.0
legacy_zone:BTCUSDT:5:1:0.03:0.03,legacy_zone,BTCUSDT,5,1,0.03,0.03,development,2,118,118,-0.0030411904057236,-0.1013730135241202,0.8156650003529343,0.5084745762711864,58,0.4915254237288136,60,0,0.0010991802011547,0.0004514668496187,0.0019990179312212,28.341666666666665,642,-0.0027898660332457,-0.00025132437247790034,118,-0.0030411904057236,0.0
trend_pullback:BTCUSDT:5:-1:0.02:0.025,trend_pullback,BTCUSDT,5,-1,0.02,0.025,development,1,95,95,-0.0058172861241518,-0.2908643062075947,0.5873582044863869,0.3578947368421052,61,0.6421052631578947,34,0,0.0011026945235775,-0.0001845421768405,0.0010043969353096,7.733333333333333,1125,-0.0022752758077037,-0.0035420103164480994,245,-0.0029178535926078,-0.0028994325315439998
trend_pullback:BTCUSDT:5:-1:0.02:0.025,trend_pullback,BTCUSDT,5,-1,0.02,0.025,development,2,95,95,-0.0068231490696331,-0.3411574534816569,0.5375359231460132,0.3578947368421052,61,0.6421052631578947,34,0,0.0011032474948632,-0.0001846345402924,0.002009799272957,7.733333333333333,1125,-0.0032775529129215,-0.0035455961567116,245,-0.0039207646569991,-0.002902384412634
trend_pullback:BTCUSDT:5:-1:0.03:0.03,trend_pullback,BTCUSDT,5,-1,0.03,0.03,development,1,81,81,-0.0036116248714177,-0.1203874957139264,0.7856157180224006,0.4691358024691358,43,0.5308641975308642,38,0,0.0011015698126841,-0.0003441498214841,0.0010023530283659,19.4,642,-0.0024099354781981,-0.0012016893932196003,169,-0.0017838838448518,-0.0018277410265659
trend_pullback:BTCUSDT:5:-1:0.03:0.03,trend_pullback,BTCUSDT,5,-1,0.03,0.03,development,2,81,81,-0.0046153608550222,-0.1538453618340765,0.7346624994114881,0.4691358024691358,43,0.5308641975308642,38,0,0.0011021216586957,-0.000344322068642,0.0020057094131167,19.4,642,-0.0034123855466619,-0.0012029753083603002,169,-0.0027856887855018,-0.0018296720695204004
shock_reversal:BTCUSDT:5:-1:0.02:0.025,shock_reversal,BTCUSDT,5,-1,0.02,0.025,development,1,268,268,-0.0024074722003969,-0.1203736100198459,0.8064421838050672,0.4328358208955223,152,0.5671641791044776,116,0,0.0011008378760275,-0.0002167766348414,0.0010010228995093,15.658333333333331,1125,-0.0022752758077037,-0.0001321963926931998,245,-0.0029178535926078,0.0005103813922108999
shock_reversal:BTCUSDT:5:-1:0.02:0.025,shock_reversal,BTCUSDT,5,-1,0.02,0.025,development,2,268,268,-0.003409939741725,-0.1704969870862505,0.7380523455555799,0.4328358208955223,152,0.5671641791044776,116,0,0.001101388989736,-0.0002168851316557,0.0020030478239432,15.658333333333331,1125,-0.0032775529129215,-0.00013238682880349975,245,-0.0039207646569991,0.0005108249152741004
shock_reversal:BTCUSDT:5:-1:0.03:0.03,shock_reversal,BTCUSDT,5,-1,0.03,0.03,development,1,205,204,-0.0008965666671706,-0.029885555572355,0.9418111859573222,0.5147058823529411,99,0.4852941176470588,105,1,0.0011000858629908,-0.0003596337245585,0.0009996562863854,26.4,642,-0.0024099354781981,0.0015133688110274997,169,-0.0017838838448518,0.0008873171776812
shock_reversal:BTCUSDT:5:-1:0.03:0.03,shock_reversal,BTCUSDT,5,-1,0.03,0.03,development,2,205,204,-0.0018975939749592,-0.0632531324986409,0.8807382065775875,0.5147058823529411,99,0.4852941176470588,105,1,0.0011006362243096,-0.0003598137214176,0.0020003132297143,26.4,642,-0.0034123855466619,0.0015147915717027003,169,-0.0027856887855018,0.0008880948105426001
funding_squeeze:BTCUSDT:5:-1:0.02:0.025,funding_squeeze,BTCUSDT,5,-1,0.02,0.025,development,1,185,185,-0.0028618133903391,-0.1430906695169577,0.7739389949805798,0.4216216216216216,107,0.5783783783783784,78,0,0.0011011157051498,-0.0002678571327601,0.0010015277909223,15.983333333333333,1125,-0.0022752758077037,-0.0005865375826353998,245,-0.0029178535926078,5.6040202268699876e-05
funding_squeeze:BTCUSDT:5:-1:0.02:0.025,funding_squeeze,BTCUSDT,5,-1,0.02,0.025,development,2,185,185,-0.0038647610406305,-0.1932380520315281,0.7083322497676918,0.4216216216216216,107,0.5783783783783784,78,0,0.0011016670968265,-0.0002679911953891,0.0020040581121661,15.983333333333333,1125,-0.0032775529129215,-0.0005872081277089997,245,-0.0039207646569991,5.600361636860047e-05
funding_squeeze:BTCUSDT:5:-1:0.03:0.03,funding_squeeze,BTCUSDT,5,-1,0.03,0.03,development,1,159,158,-0.0024271878617391,-0.08090626205797,0.8499899598613281,0.4873417721518987,81,0.5126582278481012,77,1,0.0011009545073439,-0.0004092345436117,0.0010012348504726,24.166666666666668,642,-0.0024099354781981,-1.7252383541000327e-05,169,-0.0017838838448518,-0.0006433040168873001
funding_squeeze:BTCUSDT:5:-1:0.03:0.03,funding_squeeze,BTCUSDT,5,-1,0.03,0.03,development,2,159,158,-0.0034297713576036,-0.114325711920123,0.7946965699397426,0.4873417721518987,81,0.5126582278481012,77,1,0.001101505737742,-0.0004094393657056,0.0020034719380329,24.166666666666668,642,-0.0034123855466619,-1.7385810941699612e-05,169,-0.0027856887855018,-0.0006440825721017998
compression_expansion:BTCUSDT:5:-1:0.02:0.025,compression_expansion,BTCUSDT,5,-1,0.02,0.025,development,1,99,99,-2.973757989714448e-05,-0.0014868789948572,0.9973620749273964,0.4848484848484848,51,0.5151515151515151,48,0,0.0010995492746373,-0.0002503110353194,0.000998681158761,21.55,1125,-0.0022752758077037,0.002245538227806556,245,-0.0029178535926078,0.0028881160127106555
compression_expansion:BTCUSDT:5:-1:0.02:0.025,compression_expansion,BTCUSDT,5,-1,0.02,0.025,development,2,99,99,-0.0010298429631612,-0.0514921481580634,0.9127219467378896,0.4848484848484848,51,0.5151515151515151,48,0,0.001100099099099,-0.0002504363161178,0.0019983619983618,21.55,1125,-0.0032775529129215,0.0022477099497603,245,-0.0039207646569991,0.0028909216938379
compression_expansion:BTCUSDT:5:-1:0.03:0.03,compression_expansion,BTCUSDT,5,-1,0.03,0.03,development,1,81,81,0.0016732875328723,0.0557762510957448,1.1189742863818577,0.5555555555555556,36,0.4444444444444444,45,0,0.0010987151075537,-0.0004358345563839,0.0009971652492912,36.71666666666667,642,-0.0024099354781981,0.0040832230110704,169,-0.0017838838448518,0.0034571713777241
compression_expansion:BTCUSDT:5:-1:0.03:0.03,compression_expansion,BTCUSDT,5,-1,0.03,0.03,development,2,81,81,0.0006747932657049,0.0224931088568319,1.046464135569526,0.5555555555555556,36,0.4444444444444444,45,0,0.0010992640974307,-0.0004360526917975,0.0019953286619952,36.71666666666667,642,-0.0034123855466619,0.0040871788123668,169,-0.0027856887855018,0.0034604820512067
learned_leaf:BTCUSDT:5:-1:0.02:0.025,learned_leaf,BTCUSDT,5,-1,0.02,0.025,development,1,745,744,-0.0021392137109248,-0.1069606855462441,0.8261113742967063,0.4408602150537634,416,0.5591397849462365,328,1,0.0011006410169124,-0.0001269126012985,0.0010006651527188,6.933333333333334,1125,-0.0022752758077037,0.00013606209677890016,245,-0.0029178535926078,0.0007786398816829999
learned_leaf:BTCUSDT:5:-1:0.02:0.025,learned_leaf,BTCUSDT,5,-1,0.02,0.025,development,2,745,744,-0.0031413679273936,-0.1570683963696821,0.7559960370955847,0.4408602150537634,416,0.5591397849462365,328,1,0.0011011919336631,-0.000126976121119,0.0020023319722573,6.933333333333334,1125,-0.0032775529129215,0.0001361849855279003,245,-0.0039207646569991,0.0007793967296055005
learned_leaf:BTCUSDT:5:-1:0.03:0.03,learned_leaf,BTCUSDT,5,-1,0.03,0.03,development,1,459,458,-0.0024121796589206,-0.0804059886306895,0.8513171337424058,0.4912663755458515,233,0.5087336244541485,225,1,0.0011008366501108,-0.0002098390109088,0.0010010206716837,12.783333333333331,642,-0.0024099354781981,-2.2441807225001033e-06,169,-0.0017838838448518,-0.0006282958140687999
learned_leaf:BTCUSDT:5:-1:0.03:0.03,learned_leaf,BTCUSDT,5,-1,0.03,0.03,development,2,459,458,-0.0034146484412508,-0.1138216147083622,0.7961103916389464,0.4912663755458515,233,0.5087336244541485,225,1,0.0011013877625927,-0.0002099440354388,0.002003043366062,12.783333333333331,642,-0.0034123855466619,-2.2628945888997568e-06,169,-0.0027856887855018,-0.0006289596557489999
clock_control:BTCUSDT:5:-1:0.02:0.025,clock_control,BTCUSDT,5,-1,0.02,0.025,development,1,1126,1125,-0.0022752758077037,-0.1137637903851875,0.8160810713729355,0.4382222222222222,632,0.5617777777777778,493,1,0.0011007012523144,-0.0001004296526968,0.0010007746168995,5.733333333333333,1125,-0.0022752758077037,0.0,245,-0.0029178535926078,0.0006425777849040997
clock_control:BTCUSDT:5:-1:0.02:0.025,clock_control,BTCUSDT,5,-1,0.02,0.025,development,2,1126,1125,-0.0032775529129215,-0.1638776456460774,0.7468041528575383,0.4382222222222222,632,0.5617777777777778,493,1,0.0011012522293307,-0.0001004799177883,0.0020025510101924,5.733333333333333,1125,-0.0032775529129215,0.0,245,-0.0039207646569991,0.0006432117440776002
clock_control:BTCUSDT:5:-1:0.03:0.03,clock_control,BTCUSDT,5,-1,0.03,0.03,development,1,643,642,-0.0024099354781981,-0.0803311826066057,0.8516854211680625,0.4922118380062305,326,0.5077881619937694,316,1,0.0011008173110389,-0.0001769019035961,0.0010009855273069,11.666666666666666,642,-0.0024099354781981,0.0,169,-0.0017838838448518,-0.0006260516333462997
clock_control:BTCUSDT:5:-1:0.03:0.03,clock_control,BTCUSDT,5,-1,0.03,0.03,development,2,643,642,-0.0034123855466619,-0.113746184888732,0.796562509444914,0.4922118380062305,326,0.5077881619937694,316,1,0.001101368404172,-0.0001769904430874,0.0020029730421289,11.666666666666666,642,-0.0034123855466619,0.0,169,-0.0027856887855018,-0.0006266967611601002
legacy_zone:BTCUSDT:5:-1:0.02:0.025,legacy_zone,BTCUSDT,5,-1,0.02,0.025,development,1,245,245,-0.0029178535926078,-0.1458926796303946,0.7697994249249247,0.4244897959183673,141,0.5755102040816327,104,0,0.0011010446468132,-8.254889639161002e-05,0.0010013986585128,7.5,1125,-0.0022752758077037,-0.0006425777849040997,245,-0.0029178535926078,0.0
legacy_zone:BTCUSDT:5:-1:0.02:0.025,legacy_zone,BTCUSDT,5,-1,0.02,0.025,development,2,245,245,-0.0039207646569991,-0.1960382328499594,0.7043935384484472,0.4244897959183673,141,0.5755102040816327,104,0,0.0011015959673959,-8.25902121555698e-05,0.0020037997180853,7.5,1125,-0.0032775529129215,-0.0006432117440776002,245,-0.0039207646569991,0.0
legacy_zone:BTCUSDT:5:-1:0.03:0.03,legacy_zone,BTCUSDT,5,-1,0.03,0.03,development,1,169,169,-0.0017838838448518,-0.0594627948283936,0.8877390692437864,0.5029585798816568,84,0.4970414201183432,85,0,0.0011004525443194,-0.0001393765530985,0.0010003226465302,11.5,642,-0.0024099354781981,0.0006260516333462997,169,-0.0017838838448518,0.0
legacy_zone:BTCUSDT:5:-1:0.03:0.03,legacy_zone,BTCUSDT,5,-1,0.03,0.03,development,2,169,169,-0.0027856887855018,-0.0928562928500622,0.830176890238346,0.5029585798816568,84,0.4970414201183432,85,0,0.0011010032725032,-0.0001394463111331,0.0020016466170311,11.5,642,-0.0034123855466619,0.0006266967611601002,169,-0.0027856887855018,0.0
trend_pullback:BTCUSDT:15:1:0.02:0.025,trend_pullback,BTCUSDT,15,1,0.02,0.025,development,1,87,87,-0.003173230885812,-0.158661544290602,0.7525044592351979,0.425287356321839,50,0.5747126436781609,37,0,0.0010989766108325,0.0002135466977337,0.0009986386117285,14.483333333333333,1077,-0.0018266025611211,-0.0013466283246909001,174,-0.0008983537079636,-0.0022748771778484
trend_pullback:BTCUSDT:15:1:0.02:0.025,trend_pullback,BTCUSDT,15,1,0.02,0.025,development,2,87,87,-0.0041702164873538,-0.20851082436769,0.688402919987001,0.425287356321839,50,0.5747126436781609,37,0,0.0010984279082985,0.0002134400310515,0.0019962795824863,14.483333333333333,1077,-0.0028248799847743,-0.0013453365025794996,174,-0.0018976376028182,-0.0022725788845355996
trend_pullback:BTCUSDT:15:1:0.03:0.03,trend_pullback,BTCUSDT,15,1,0.03,0.03,development,1,76,76,-0.0048185389900762,-0.1606179663358733,0.7243317317300104,0.4605263157894737,41,0.5394736842105263,35,0,0.0010981489452642,0.0003548359797393,0.000997133012441,22.516666666666666,641,-0.0014840077847318,-0.0033345312053443994,116,-0.0015224696729919,-0.0032960693170842994
trend_pullback:BTCUSDT:15:1:0.03:0.03,trend_pullback,BTCUSDT,15,1,0.03,0.03,development,2,76,76,-0.005813950749611,-0.1937983583203697,0.6770315847654671,0.4605263157894737,41,0.5394736842105263,35,0,0.0010976010699826,0.0003546587389902,0.0019932698880066,22.516666666666666,641,-0.0024826631334689,-0.0033312876161421,116,-0.0025212266380869,-0.0032927241115241
shock_reversal:BTCUSDT:15:1:0.02:0.025,shock_reversal,BTCUSDT,15,1,0.02,0.025,development,1,97,97,-0.0083828976259007,-0.4191448812950394,0.4546052323468569,0.3092783505154639,67,0.6907216494845361,30,0,0.0010961082577268,0.0002108943260044,0.0009934208153653,18.183333333333334,1077,-0.0018266025611211,-0.006556295064779599,174,-0.0008983537079636,-0.007484543917937099
shock_reversal:BTCUSDT:15:1:0.02:0.025,shock_reversal,BTCUSDT,15,1,0.02,0.025,development,2,97,97,-0.0093746748354453,-0.4687337417722651,0.4157547767576253,0.3092783505154639,67,0.6907216494845361,30,0,0.0010955624221139,0.0002107889841832,0.0019858492023439,18.183333333333334,1077,-0.0028248799847743,-0.006549794850670999,174,-0.0018976376028182,-0.007477037232627099
shock_reversal:BTCUSDT:15:1:0.03:0.03,shock_reversal,BTCUSDT,15,1,0.03,0.03,development,1,81,81,-0.0088251095081305,-0.2941703169376854,0.5507123049390273,0.3950617283950617,49,0.6049382716049383,32,0,0.0010959907731319,0.0004396153385487,0.0009932071001535,33.61666666666667,641,-0.0014840077847318,-0.0073411017233987,116,-0.0015224696729919,-0.0073026398351386
shock_reversal:BTCUSDT:15:1:0.03:0.03,shock_reversal,BTCUSDT,15,1,0.03,0.03,development,2,81,81,-0.0098165590871308,-0.3272186362376944,0.5147022318749691,0.3950617283950617,49,0.6049382716049383,32,0,0.001095445054945,0.0004393957504675,0.0019854219854218,33.61666666666667,641,-0.0024826631334689,-0.0073338959536618994,116,-0.0025212266380869,-0.0072953324490439
funding_squeeze:BTCUSDT:15:1:0.02:0.025,funding_squeeze,BTCUSDT,15,1,0.02,0.025,development,1,24,24,0.0061182504237103,0.3059125211855196,1.7447949419632918,0.625,9,0.375,15,0,0.0011039145583458,-0.0001047861714614,0.0010076211894051,8.233333333333333,1077,-0.0018266025611211,0.0079448529848314,174,-0.0008983537079636,0.0070166041316739
funding_squeeze:BTCUSDT:15:1:0.02:0.025,funding_squeeze,BTCUSDT,15,1,0.02,0.025,development,2,24,24,0.005112137146151,0.2556068573075545,1.5957191109423812,0.625,9,0.375,15,0,0.0011033609203296,-0.0001047338307164,0.0020142357642356,8.233333333333333,1077,-0.0028248799847743,0.0079370171309253,174,-0.0018976376028182,0.007009774748969201
funding_squeeze:BTCUSDT:15:1:0.03:0.03,funding_squeeze,BTCUSDT,15,1,0.03,0.03,development,1,23,23,0.0019276040703107,0.0642534690103569,1.1390790705392306,0.5652173913043478,10,0.4347826086956521,13,0,0.0011016002976772,-0.0001195722275363,0.0010034113378092,12.516666666666667,641,-0.0014840077847318,0.0034116118550425,116,-0.0015224696729919,0.0034500737433026
funding_squeeze:BTCUSDT:15:1:0.03:0.03,funding_squeeze,BTCUSDT,15,1,0.03,0.03,development,2,23,23,0.0009256867399537,0.0308562246651238,1.064820893490136,0.5652173913043478,10,0.4347826086956521,13,0,0.0011010489727663,-0.0001195125011489,0.0020058202666897,12.516666666666667,641,-0.0024826631334689,0.0034083498734226,116,-0.0025212266380869,0.0034469133780406
compression_expansion:BTCUSDT:15:1:0.02:0.025,compression_expansion,BTCUSDT,15,1,0.02,0.025,development,1,38,38,-0.0009598515401756,-0.0479925770087823,0.9175813372115242,0.4736842105263157,20,0.5263157894736842,18,0,0.0011001732357505,0.0001746523963265,0.0010008153817826,32.0,1077,-0.0018266025611211,0.0008667510209455,174,-0.0008983537079636,-6.149783221199993e-05
compression_expansion:BTCUSDT:15:1:0.02:0.025,compression_expansion,BTCUSDT,15,1,0.02,0.025,development,2,38,38,-0.0019590299688716,-0.0979514984435801,0.8389056806502508,0.4736842105263157,20,0.5263157894736842,18,0,0.0010996233371891,0.0001745651573673,0.0020006309479992,32.0,1077,-0.0028248799847743,0.0008658500159027002,174,-0.0018976376028182,-6.139236605339979e-05
compression_expansion:BTCUSDT:15:1:0.03:0.03,compression_expansion,BTCUSDT,15,1,0.03,0.03,development,1,33,33,-0.0016237945144613,-0.0541264838153778,0.897255989819649,0.5151515151515151,16,0.4848484848484848,17,0,0.0010999497751124,0.000432526761974,0.0010004088864657,51.5,641,-0.0014840077847318,-0.00013978672972949995,116,-0.0015224696729919,-0.00010132484146939988
compression_expansion:BTCUSDT:15:1:0.03:0.03,compression_expansion,BTCUSDT,15,1,0.03,0.03,development,2,33,33,-0.0026224382689041,-0.0874146089634718,0.8388520562362259,0.5151515151515151,16,0.4848484848484848,17,0,0.0010994000999,0.0004323107146403,0.0019998183634545,51.5,641,-0.0024826631334689,-0.00013977513543519992,116,-0.0025212266380869,-0.00010121163081720005
learned_leaf:BTCUSDT:15:1:0.02:0.025,learned_leaf,BTCUSDT,15,1,0.02,0.025,development,1,286,286,0.0023831240020663,0.1191562001033179,1.236846866770512,0.5454545454545454,130,0.4545454545454545,156,0,0.0011019477761119,5.63393344472574e-05,0.0010040434328289,12.175,1077,-0.0018266025611211,0.0042097265631874,174,-0.0008983537079636,0.0032814777100299
learned_leaf:BTCUSDT:15:1:0.02:0.025,learned_leaf,BTCUSDT,15,1,0.02,0.025,development,2,286,286,0.0013806634233712,0.0690331711685646,1.1314116076812413,0.5454545454545454,130,0.4545454545454545,156,0,0.0011013961038961,5.631119292155948e-05,0.0020070838252655,12.175,1077,-0.0028248799847743,0.0042055434081455,174,-0.0018976376028182,0.0032783010261894
learned_leaf:BTCUSDT:15:1:0.03:0.03,learned_leaf,BTCUSDT,15,1,0.03,0.03,development,1,205,205,0.0014583047628872,0.0486101587629073,1.1031821839445943,0.5609756097560976,90,0.4390243902439024,115,0,0.0011014604587949,9.561440557742676e-05,0.0010031569581062,19.28333333333333,641,-0.0014840077847318,0.002942312547619,116,-0.0015224696729919,0.0029807744358791
learned_leaf:BTCUSDT:15:1:0.03:0.03,learned_leaf,BTCUSDT,15,1,0.03,0.03,development,2,205,205,0.0004567489041693,0.015224963472313,1.0313738856388317,0.5609756097560976,90,0.4390243902439024,115,0,0.0011009092736531,9.556664613408138e-05,0.0020053117614092,19.28333333333333,641,-0.0024826631334689,0.0029394120376382,116,-0.0025212266380869,0.0029779755422562
clock_control:BTCUSDT:15:1:0.02:0.025,clock_control,BTCUSDT,15,1,0.02,0.025,development,1,1078,1077,-0.0018266025611211,-0.0913301280560553,0.8493675157161046,0.4531104921077066,589,0.5468895078922934,488,1,0.001099658083952,0.0001052789354077,0.0009998782735949,5.758333333333334,1077,-0.0018266025611211,0.0,174,-0.0008983537079636,-0.0009282488531575
clock_control:BTCUSDT:15:1:0.02:0.025,clock_control,BTCUSDT,15,1,0.02,0.025,development,2,1078,1077,-0.0028248799847743,-0.1412439992387156,0.7768915275983174,0.4531104921077066,589,0.5468895078922934,488,1,0.0010991087002852,0.0001052263485268,0.0019987576677957,5.758333333333334,1077,-0.0028248799847743,0.0,174,-0.0018976376028182,-0.0009272423819561
clock_control:BTCUSDT:15:1:0.03:0.03,clock_control,BTCUSDT,15,1,0.03,0.03,development,1,642,641,-0.0014840077847318,-0.0494669261577276,0.905381093612754,0.5132605304212169,312,0.4867394695787831,329,1,0.0010998856877245,0.0001762815962587,0.0010002923056519,11.816666666666666,641,-0.0014840077847318,0.0,116,-0.0015224696729919,3.846188826010007e-05
clock_control:BTCUSDT:15:1:0.03:0.03,clock_control,BTCUSDT,15,1,0.03,0.03,development,2,642,641,-0.0024826631334689,-0.0827554377822977,0.8463317202747921,0.5132605304212169,312,0.4867394695787831,329,1,0.0010993360765676,0.0001761935435133,0.0019995853182914,11.816666666666666,641,-0.0024826631334689,0.0,116,-0.0025212266380869,3.856350461799987e-05
legacy_zone:BTCUSDT:15:1:0.02:0.025,legacy_zone,BTCUSDT,15,1,0.02,0.025,development,1,174,174,-0.0008983537079636,-0.0449176853981809,0.9231840642478804,0.4770114942528735,91,0.5229885057471264,83,0,0.0011002555037136,0.0002626504109052,0.0010009650347239,16.45,1077,-0.0018266025611211,0.0009282488531575,174,-0.0008983537079636,0.0
legacy_zone:BTCUSDT:15:1:0.02:0.025,legacy_zone,BTCUSDT,15,1,0.02,0.025,development,2,174,174,-0.0018976376028182,-0.0948818801409109,0.8445360861042989,0.4770114942528735,91,0.5229885057471264,83,0,0.0010997055229253,0.0002625192168938,0.0020009301043782,16.45,1077,-0.0028248799847743,0.0009272423819561,174,-0.0018976376028182,0.0
legacy_zone:BTCUSDT:15:1:0.03:0.03,legacy_zone,BTCUSDT,15,1,0.03,0.03,development,1,116,116,-0.0015224696729919,-0.0507489890997328,0.9033171234473676,0.5172413793103449,56,0.4827586206896552,60,0,0.0011000186716986,0.0004563995442633,0.0010005342156506,27.416666666666668,641,-0.0014840077847318,-3.846188826010007e-05,116,-0.0015224696729919,0.0
legacy_zone:BTCUSDT:15:1:0.03:0.03,legacy_zone,BTCUSDT,15,1,0.03,0.03,development,2,116,116,-0.0025212266380869,-0.0840408879362317,0.8445052753205043,0.5172413793103449,56,0.4827586206896552,60,0,0.001099468927624,0.000456171572463,0.0020000688966205,27.416666666666668,641,-0.0024826631334689,-3.856350461799987e-05,116,-0.0025212266380869,0.0
trend_pullback:BTCUSDT:15:-1:0.02:0.025,trend_pullback,BTCUSDT,15,-1,0.02,0.025,development,1,89,89,-0.0047749549207462,-0.2387477460373109,0.6482568508869901,0.3820224719101123,55,0.6179775280898876,34,0,0.0011020967646744,-0.0001394412520591,0.0010033106440859,10.55,1053,-0.0026377299715402,-0.0021372249492060003,221,-0.002672465950111,-0.0021024889706352003
trend_pullback:BTCUSDT:15:-1:0.02:0.025,trend_pullback,BTCUSDT,15,-1,0.02,0.025,development,2,89,89,-0.0057797524626023,-0.2889876231301198,0.5931670867265019,0.3820224719101123,55,0.6179775280898876,34,0,0.0011026491379019,-0.0001395110424755,0.0020076256031311,10.55,1053,-0.0036403727618793,-0.0021393797007230003,221,-0.0036751330849494,-0.0021046193776529
trend_pullback:BTCUSDT:15:-1:0.03:0.03,trend_pullback,BTCUSDT,15,-1,0.03,0.03,development,1,78,78,-0.0033699269799075,-0.1123308993302519,0.7982299674872297,0.4743589743589743,41,0.5256410256410257,37,0,0.0011013972755608,-0.0002719713153938,0.0010020394812789,18.48333333333333,641,-0.0028120862237115,-0.0005578407561959999,150,-0.0011399138997689,-0.0022300130801386
trend_pullback:BTCUSDT:15:-1:0.03:0.03,trend_pullback,BTCUSDT,15,-1,0.03,0.03,development,2,78,78,-0.0043733850553191,-0.1457795018439703,0.7463858108768295,0.4743589743589743,41,0.5256410256410257,37,0,0.0011019489489489,-0.0002721074371732,0.0020050820050819,18.48333333333333,641,-0.0038149383174167,-0.0005584467379023995,150,-0.0021410848076266,-0.0022323002476924998
shock_reversal:BTCUSDT:15:-1:0.02:0.025,shock_reversal,BTCUSDT,15,-1,0.02,0.025,development,1,98,98,-0.0016754497976094,-0.0837724898804719,0.8614037763692879,0.4489795918367347,54,0.5510204081632653,44,0,0.0011004379179385,-0.0002212025540765,0.0010002960664004,18.2,1053,-0.0026377299715402,0.0009622801739307999,221,-0.002672465950111,0.0009970161525016
shock_reversal:BTCUSDT:15:-1:0.02:0.025,shock_reversal,BTCUSDT,15,-1,0.02,0.025,development,2,98,98,-0.0026771871629347,-0.1338593581467393,0.7883956456437038,0.4489795918367347,54,0.5510204081632653,44,0,0.0011009886314886,-0.0002213132660655,0.0020015934301647,18.2,1053,-0.0036403727618793,0.0009631855989445997,221,-0.0036751330849494,0.0009979459220147
shock_reversal:BTCUSDT:15:-1:0.03:0.03,shock_reversal,BTCUSDT,15,-1,0.03,0.03,development,1,89,89,-0.0027842684742387,-0.0928089491412923,0.8306297101532231,0.4831460674157303,46,0.5168539325842697,43,0,0.0011011070113708,-0.0003295864841391,0.0010015119919509,32.36666666666667,641,-0.0028120862237115,2.7817749472800087e-05,150,-0.0011399138997689,-0.0016443545744697999
shock_reversal:BTCUSDT:15:-1:0.03:0.03,shock_reversal,BTCUSDT,15,-1,0.03,0.03,development,2,89,89,-0.0037871694054745,-0.1262389801824847,0.776861829770926,0.4831460674157303,46,0.5168539325842697,43,0,0.0011016583943494,-0.0003297514423394,0.0020040264984084,32.36666666666667,641,-0.0038149383174167,2.7768911942200204e-05,150,-0.0021410848076266,-0.0016460845978479
funding_squeeze:BTCUSDT:15:-1:0.02:0.025,funding_squeeze,BTCUSDT,15,-1,0.02,0.025,development,1,169,169,-0.0029233952996918,-0.1461697649845934,0.7696282308848291,0.4201183431952662,98,0.5798816568047337,71,0,0.0011011529485156,-0.000274027677329,0.0010015954722922,15.433333333333334,1053,-0.0026377299715402,-0.00028566532815160013,221,-0.002672465950111,-0.00025092934958080007
funding_squeeze:BTCUSDT:15:-1:0.02:0.025,funding_squeeze,BTCUSDT,15,-1,0.02,0.025,development,2,169,169,-0.0039264076480036,-0.1963203824001811,0.7043929517969648,0.4201183431952662,98,0.5798816568047337,71,0,0.0011017043774543,-0.0002741648283187,0.0020041935426549,15.433333333333334,1053,-0.0036403727618793,-0.00028603488612430035,221,-0.0036751330849494,-0.00025127456305420017
funding_squeeze:BTCUSDT:15:-1:0.03:0.03,funding_squeeze,BTCUSDT,15,-1,0.03,0.03,development,1,149,149,-0.0015095393314244,-0.0503179777141483,0.9043845988918616,0.5033557046979866,74,0.4966442953020134,75,0,0.0011004394260888,-0.0003898566199068,0.0010002988071215,22.383333333333333,641,-0.0028120862237115,0.0013025468922871,150,-0.0011399138997689,-0.0003696254316554999
funding_squeeze:BTCUSDT:15:-1:0.03:0.03,funding_squeeze,BTCUSDT,15,-1,0.03,0.03,development,2,149,149,-0.0025111950302789,-0.0837065010092985,0.8459401022721216,0.5033557046979866,74,0.4966442953020134,75,0,0.0011009901411478,-0.0003900517433401,0.0020015989143504,22.383333333333333,641,-0.0038149383174167,0.0013037432871378,150,-0.0021410848076266,-0.0003701102226523001
compression_expansion:BTCUSDT:15:-1:0.02:0.025,compression_expansion,BTCUSDT,15,-1,0.02,0.025,development,1,30,30,-0.0052999584847527,-0.2649979242376351,0.6171058236590184,0.3666666666666666,19,0.6333333333333333,11,0,0.0011024772011005,-0.0003065207173482,0.0010040020010004,16.383333333333333,1053,-0.0026377299715402,-0.0026622285132125003,221,-0.002672465950111,-0.0026274925346417
compression_expansion:BTCUSDT:15:-1:0.02:0.025,compression_expansion,BTCUSDT,15,-1,0.02,0.025,development,2,30,30,-0.0063053648328431,-0.3152682416421575,0.5648193530759115,0.3666666666666666,19,0.6333333333333333,11,0,0.0011030299549549,-0.0003066741311206,0.0020090090090089,16.383333333333333,1053,-0.0036403727618793,-0.0026649920709638,221,-0.0036751330849494,-0.0026302317478937
compression_expansion:BTCUSDT:15:-1:0.03:0.03,compression_expansion,BTCUSDT,15,-1,0.03,0.03,development,1,29,29,-0.0067770557279401,-0.2259018575980046,0.6335509059783937,0.4137931034482758,17,0.5862068965517241,12,0,0.0011033979489744,-0.0005044312655564,0.0010056752514187,32.03333333333333,641,-0.0028120862237115,-0.0039649695042286,150,-0.0011399138997689,-0.0056371418281712
compression_expansion:BTCUSDT:15:-1:0.03:0.03,compression_expansion,BTCUSDT,15,-1,0.03,0.03,development,2,29,29,-0.0077840388682547,-0.2594679622751587,0.5924311659520823,0.4137931034482758,17,0.5862068965517241,12,0,0.0011039516240378,-0.0005046837336573,0.0020123571847708,32.03333333333333,641,-0.0038149383174167,-0.003969100550838,150,-0.0021410848076266,-0.0056429540606281
learned_leaf:BTCUSDT:15:-1:0.02:0.025,learned_leaf,BTCUSDT,15,-1,0.02,0.025,development,1,725,724,-0.0022078259446928,-0.1103912972346402,0.8209750949187182,0.4392265193370165,406,0.5607734806629834,318,1,0.0011006808059395,-0.0001306838422777,0.0010007374602507,7.083333333333333,1053,-0.0026377299715402,0.0004299040268473998,221,-0.002672465950111,0.00046464000541819985
learned_leaf:BTCUSDT:15:-1:0.02:0.025,learned_leaf,BTCUSDT,15,-1,0.02,0.025,development,2,725,724,-0.0032100506933743,-0.1605025346687193,0.7512789980395911,0.4392265193370165,406,0.5607734806629834,318,1,0.0011012317624992,-0.0001307492496062,0.0020024766597011,7.083333333333333,1053,-0.0036403727618793,0.00043032206850499976,221,-0.0036751330849494,0.00046508239157509994
learned_leaf:BTCUSDT:15:-1:0.03:0.03,learned_leaf,BTCUSDT,15,-1,0.03,0.03,development,1,469,468,-0.002404543810795,-0.080151460359835,0.8517869353014595,0.4914529914529914,238,0.5085470085470085,230,1,0.0011008305440346,-0.0002063667962505,0.0010010095752752,14.033333333333331,641,-0.0028120862237115,0.0004075424129164999,150,-0.0011399138997689,-0.0012646299110261
learned_leaf:BTCUSDT:15:-1:0.03:0.03,learned_leaf,BTCUSDT,15,-1,0.03,0.03,development,2,469,468,-0.0034070032173452,-0.1135667739115086,0.7965637396426765,0.4914529914529914,238,0.5085470085470085,230,1,0.0011013816504074,-0.0002064700829353,0.0020030211621375,14.033333333333331,641,-0.0038149383174167,0.0004079351000715,150,-0.0021410848076266,-0.0012659184097186002
clock_control:BTCUSDT:15:-1:0.02:0.025,clock_control,BTCUSDT,15,-1,0.02,0.025,development,1,1054,1053,-0.0026377299715402,-0.1318864985770106,0.7898048764342431,0.4301994301994302,600,0.5698005698005698,453,1,0.001100903845081,-0.0001065285662968,0.0010011427833009,5.941666666666666,1053,-0.0026377299715402,0.0,221,-0.002672465950111,3.473597857080006e-05
clock_control:BTCUSDT:15:-1:0.02:0.025,clock_control,BTCUSDT,15,-1,0.02,0.025,development,2,1054,1053,-0.0036403727618793,-0.182018638093966,0.7227802344380325,0.4301994301994302,600,0.5698005698005698,453,1,0.0011014550247915,-0.0001065818838976,0.0020032877115303,5.941666666666666,1053,-0.0036403727618793,0.0,221,-0.0036751330849494,3.4760323070100185e-05
clock_control:BTCUSDT:15:-1:0.03:0.03,clock_control,BTCUSDT,15,-1,0.03,0.03,development,1,642,641,-0.0028120862237115,-0.093736207457053,0.8290532829994082,0.485179407176287,330,0.514820592823713,311,1,0.0011010380129935,-0.0001762481411608,0.0010013866030502,11.816666666666666,641,-0.0028120862237115,0.0,150,-0.0011399138997689,-0.0016721723239426
clock_control:BTCUSDT:15:-1:0.03:0.03,clock_control,BTCUSDT,15,-1,0.03,0.03,development,2,642,641,-0.0038149383174167,-0.1271646105805585,0.7753349949392662,0.485179407176287,330,0.514820592823713,311,1,0.0011015893269391,-0.0001763363534437,0.0020037755950926,11.816666666666666,641,-0.0038149383174167,0.0,150,-0.0021410848076266,-0.0016738535097901002
legacy_zone:BTCUSDT:15:-1:0.02:0.025,legacy_zone,BTCUSDT,15,-1,0.02,0.025,development,1,221,221,-0.002672465950111,-0.1336232975055549,0.787313019607876,0.4298642533936652,126,0.5701357466063348,95,0,0.0011009114959063,-8.571083002094112e-05,0.0010011566869406,8.633333333333333,1053,-0.0026377299715402,-3.473597857080006e-05,221,-0.002672465950111,0.0
legacy_zone:BTCUSDT:15:-1:0.02:0.025,legacy_zone,BTCUSDT,15,-1,0.02,0.025,development,2,221,221,-0.0036751330849494,-0.1837566542474749,0.7204788286925171,0.4298642533936652,126,0.5701357466063348,95,0,0.0011014626832715,-8.575372833426492e-05,0.0020033155327271,8.633333333333333,1053,-0.0036403727618793,-3.4760323070100185e-05,221,-0.0036751330849494,0.0
legacy_zone:BTCUSDT:15:-1:0.03:0.03,legacy_zone,BTCUSDT,15,-1,0.03,0.03,development,1,150,150,-0.0011399138997689,-0.0379971299922982,0.9266456394968938,0.5133333333333333,73,0.4866666666666667,77,0,0.0011001098349174,-0.0001598957850733,0.0009996998499248,13.458333333333334,641,-0.0028120862237115,0.0016721723239426,150,-0.0011399138997689,0.0
legacy_zone:BTCUSDT:15:-1:0.03:0.03,legacy_zone,BTCUSDT,15,-1,0.03,0.03,development,2,150,150,-0.0021410848076266,-0.0713694935875564,0.8665331130821037,0.5133333333333333,73,0.4866666666666667,77,0,0.0011006602202202,-0.0001599758129938,0.0020004004004002,13.458333333333334,641,-0.0038149383174167,0.0016738535097901002,150,-0.0021410848076266,0.0
trend_pullback:BTCUSDT:60:1:0.02:0.025,trend_pullback,BTCUSDT,60,1,0.02,0.025,development,1,73,73,-0.0038295342430283,-0.1914767121514177,0.7088373789174236,0.410958904109589,43,0.589041095890411,30,0,0.0010986223360922,0.0002260684382595,0.000997994153608,17.816666666666666,954,-0.0016890272767742,-0.0021405069662541,150,-0.0016594160626796,-0.0021701181803487
trend_pullback:BTCUSDT:60:1:0.02:0.025,trend_pullback,BTCUSDT,60,1,0.02,0.025,development,2,73,73,-0.0048258701297461,-0.2412935064873069,0.6484795877980667,0.410958904109589,43,0.589041095890411,30,0,0.0010980739876561,0.0002259555169617,0.0019949913100596,17.816666666666666,954,-0.0026874473705269,-0.0021384227592191997,150,-0.0026579376405703,-0.0021679324891757997
trend_pullback:BTCUSDT:60:1:0.03:0.03,trend_pullback,BTCUSDT,60,1,0.03,0.03,development,1,64,64,-0.0034700010524332,-0.1156667017477741,0.7932951951444147,0.484375,33,0.515625,31,0,0.0010989351652298,0.0004350026688126,0.0009985632183906,26.116666666666667,578,-0.0018804804315023,-0.0015895206209309,111,-0.0022579241374935,-0.0012120769149397003
trend_pullback:BTCUSDT:60:1:0.03:0.03,trend_pullback,BTCUSDT,60,1,0.03,0.03,development,2,64,64,-0.0044668007600119,-0.148893358667064,0.7415977783154146,0.484375,33,0.515625,31,0,0.0010983865041208,0.0004347853847622,0.0019961288711287,26.116666666666667,578,-0.0028787480045325,-0.0015880527554794,111,-0.0032559322281449,-0.0012108685318669996
shock_reversal:BTCUSDT:60:1:0.02:0.025,shock_reversal,BTCUSDT,60,1,0.02,0.025,development,1,22,22,0.0001945623835676,0.0097281191783818,1.017430799391043,0.5,11,0.5,11,0,0.0011008239005497,0.0002026147153829,0.0010019990004996,14.475,954,-0.0016890272767742,0.0018835896603418,150,-0.0016594160626796,0.0018539784462471998
shock_reversal:BTCUSDT:60:1:0.02:0.025,shock_reversal,BTCUSDT,60,1,0.02,0.025,development,2,22,22,-0.0008057838638767,-0.040289193193835,0.9308394729731124,0.5,11,0.5,11,0,0.0011002733516483,0.0002025135092313,0.0020029970029969,14.475,954,-0.0026874473705269,0.0018816635066501999,150,-0.0026579376405703,0.0018521537766935999
shock_reversal:BTCUSDT:60:1:0.03:0.03,shock_reversal,BTCUSDT,60,1,0.03,0.03,development,1,22,22,-0.0078279332416568,-0.2609311080552272,0.5921994585465695,0.4090909090909091,13,0.5909090909090909,9,0,0.0010964532733633,0.0002828860834178,0.0009940484303301,25.98333333333333,578,-0.0018804804315023,-0.0059474528101545,111,-0.0022579241374935,-0.005570009104163299
shock_reversal:BTCUSDT:60:1:0.03:0.03,shock_reversal,BTCUSDT,60,1,0.03,0.03,development,2,22,22,-0.0088203011344159,-0.2940100378138655,0.55379503674707,0.4090909090909091,13,0.5909090909090909,9,0,0.001095907092907,0.0002827447816779,0.0019871038052855,25.98333333333333,578,-0.0028787480045325,-0.0059415531298834,111,-0.0032559322281449,-0.005564368906270999
funding_squeeze:BTCUSDT:60:1:0.02:0.025,funding_squeeze,BTCUSDT,60,1,0.02,0.025,development,1,26,26,-0.0012480346992802,-0.06240173496401,0.8945982835713979,0.4615384615384615,14,0.5384615384615384,12,0,0.0010998729289201,-8.287655663026958e-05,0.001000269096221,7.85,954,-0.0016890272767742,0.00044099257749399996,150,-0.0016594160626796,0.0004113813633993999
funding_squeeze:BTCUSDT:60:1:0.02:0.025,funding_squeeze,BTCUSDT,60,1,0.02,0.025,development,2,26,26,-0.0022467963241518,-0.112339816207591,0.818328783981616,0.4615384615384615,14,0.5384615384615384,12,0,0.0010993233305156,-8.283515974883588e-05,0.0019995389226157,7.85,954,-0.0026874473705269,0.00044065104637509974,150,-0.0026579376405703,0.00041114131641849976
funding_squeeze:BTCUSDT:60:1:0.03:0.03,funding_squeeze,BTCUSDT,60,1,0.03,0.03,development,1,25,25,-0.0008091433064302,-0.0269714435476754,0.9474605842466842,0.52,12,0.48,13,0,0.0011001096151924,-9.16659589369535e-05,0.0010006996501748,17.966666666666665,578,-0.0018804804315023,0.0010713371250721,111,-0.0022579241374935,0.0014487808310632998
funding_squeeze:BTCUSDT:60:1:0.03:0.03,funding_squeeze,BTCUSDT,60,1,0.03,0.03,development,2,25,25,-0.0018083392088745,-0.0602779736291522,0.8860194390138008,0.52,12,0.48,13,0,0.0010995597802197,-9.162017174467734e-05,0.0020003996003994,17.966666666666665,578,-0.0028787480045325,0.001070408795658,111,-0.0032559322281449,0.0014475930192704002
compression_expansion:BTCUSDT:60:1:0.02:0.025,compression_expansion,BTCUSDT,60,1,0.02,0.025,development,1,15,15,-0.0013244081167868,-0.0662204058393444,0.8886907670731883,0.4666666666666667,8,0.5333333333333333,7,0,0.0010999997251374,0.0002239086415245,0.0010004997501248,22.85,954,-0.0016890272767742,0.0003646191599873999,150,-0.0016594160626796,0.00033500794589279986
compression_expansion:BTCUSDT:60:1:0.02:0.025,compression_expansion,BTCUSDT,60,1,0.02,0.025,development,2,15,15,-0.0023232467990462,-0.1161623399523104,0.8129429281320526,0.4666666666666667,8,0.5333333333333333,7,0,0.0010994499999999,0.0002237967990462,0.0019999999999998,22.85,954,-0.0026874473705269,0.00036420057148069986,150,-0.0026579376405703,0.00033469084152409987
compression_expansion:BTCUSDT:60:1:0.03:0.03,compression_expansion,BTCUSDT,60,1,0.03,0.03,development,1,15,15,0.0034836785685918,0.1161226189530628,1.268884322390953,0.6,6,0.4,9,0,0.0011027469765117,0.0004080772035221,0.0010054972513741,30.116666666666667,578,-0.0018804804315023,0.0053641590000941,111,-0.0022579241374935,0.0057416027060853
compression_expansion:BTCUSDT:60:1:0.03:0.03,compression_expansion,BTCUSDT,60,1,0.03,0.03,development,2,15,15,0.0024799421157604,0.0826647371920146,1.1858582970171767,0.6,6,0.4,9,0,0.0011021945054945,0.0004078733687551,0.0020099900099898,30.116666666666667,578,-0.0028787480045325,0.0053586901202929,111,-0.0032559322281449,0.0057358743439053
learned_leaf:BTCUSDT:60:1:0.02:0.025,learned_leaf,BTCUSDT,60,1,0.02,0.025,development,1,247,247,0.00188874561979,0.0944372809895038,1.183172489738645,0.5344129554655871,115,0.4655870445344129,132,0,0.0011016747699024,5.461579666773596e-05,0.001003546809591,15.016666666666667,954,-0.0016890272767742,0.0035777728965642,150,-0.0016594160626796,0.0035481616824696
learned_leaf:BTCUSDT:60:1:0.02:0.025,learned_leaf,BTCUSDT,60,1,0.02,0.025,development,2,247,247,0.0008867800344278,0.0443390017213945,1.0823638430238418,0.5344129554655871,115,0.4655870445344129,132,0,0.0011011233705565,5.458851605001981e-05,0.0020060910749168,15.016666666666667,954,-0.0026874473705269,0.0035742274049547,150,-0.0026579376405703,0.0035447176749981
learned_leaf:BTCUSDT:60:1:0.03:0.03,learned_leaf,BTCUSDT,60,1,0.03,0.03,development,1,185,185,0.0018268054400928,0.0608935146697601,1.131198416507511,0.5675675675675675,80,0.4324324324324324,105,0,0.0011016777759768,0.0001220185600693,0.0010035522779149,22.316666666666663,578,-0.0018804804315023,0.0037072858715951,111,-0.0022579241374935,0.0040847295775863
learned_leaf:BTCUSDT:60:1:0.03:0.03,learned_leaf,BTCUSDT,60,1,0.03,0.03,development,2,185,185,0.0008248680625881,0.0274956020862702,1.057511917170035,0.5675675675675675,80,0.4324324324324324,105,0,0.0011011263736263,0.0001219576117376,0.0020061020061018,22.316666666666663,578,-0.0028787480045325,0.0037036160671205997,111,-0.0032559322281449,0.004080800290733
clock_control:BTCUSDT:60:1:0.02:0.025,clock_control,BTCUSDT,60,1,0.02,0.025,development,1,955,954,-0.0016890272767742,-0.0844513638387136,0.859873731099521,0.4559748427672956,519,0.5440251572327044,435,1,0.0010997394749703,0.0001156059296784,0.0010000263312934,7.016666666666667,954,-0.0016890272767742,0.0,150,-0.0016594160626796,-2.9611214094600038e-05
clock_control:BTCUSDT:60:1:0.02:0.025,clock_control,BTCUSDT,60,1,0.02,0.025,development,2,955,954,-0.0026874473705269,-0.1343723685263497,0.7864575768397802,0.4559748427672956,519,0.5440251572327044,435,1,0.0010991900099531,0.0001155481844588,0.0019990536352829,7.016666666666667,954,-0.0026874473705269,0.0,150,-0.0026579376405703,-2.9509729956599985e-05
clock_control:BTCUSDT:60:1:0.03:0.03,clock_control,BTCUSDT,60,1,0.03,0.03,development,1,579,578,-0.0018804804315023,-0.0626826810500798,0.8816607539553133,0.5069204152249135,285,0.4930795847750865,293,1,0.0010996768618106,0.0001932795890642,0.0009999124322353,13.516666666666667,578,-0.0018804804315023,0.0,111,-0.0022579241374935,0.00037744370599119984
clock_control:BTCUSDT:60:1:0.03:0.03,clock_control,BTCUSDT,60,1,0.03,0.03,development,2,579,578,-0.0028787480045325,-0.0959582668177532,0.8241313747794053,0.5069204152249135,285,0.4930795847750865,293,1,0.0010991274593753,0.0001931830458129,0.0019988259509521,13.516666666666667,578,-0.0028787480045325,0.0,111,-0.0032559322281449,0.0003771842236124003
legacy_zone:BTCUSDT:60:1:0.02:0.025,legacy_zone,BTCUSDT,60,1,0.02,0.025,development,1,150,150,-0.0016594160626796,-0.08297080313398,0.862639231348505,0.46,81,0.54,69,0,0.0010998348900549,0.0002593812725746,0.0010001999000498,15.225,954,-0.0016890272767742,2.9611214094600038e-05,150,-0.0016594160626796,0.0
legacy_zone:BTCUSDT:60:1:0.02:0.025,legacy_zone,BTCUSDT,60,1,0.02,0.025,development,2,150,150,-0.0026579376405703,-0.132896882028518,0.7891989221058536,0.46,81,0.54,69,0,0.0010992853296703,0.0002592517114994,0.0019994005994005,15.225,954,-0.0026874473705269,2.9509729956599985e-05,150,-0.0026579376405703,0.0
legacy_zone:BTCUSDT:60:1:0.03:0.03,legacy_zone,BTCUSDT,60,1,0.03,0.03,development,1,111,111,-0.0022579241374935,-0.0752641379164511,0.8601867746967223,0.5045045045045045,55,0.4954954954954955,56,0,0.0010995987749368,0.0004288252477493,0.0009997703850776,27.55,578,-0.0018804804315023,-0.00037744370599119984,111,-0.0022579241374935,0.0
legacy_zone:BTCUSDT:60:1:0.03:0.03,legacy_zone,BTCUSDT,60,1,0.03,0.03,development,2,111,111,-0.0032559322281449,-0.1085310742714982,0.8042025936632601,0.5045045045045045,55,0.4954954954954955,56,0,0.0010990494505494,0.0004286110493238,0.0019985419985418,27.55,578,-0.0028787480045325,-0.0003771842236124003,111,-0.0032559322281449,0.0
trend_pullback:BTCUSDT:60:-1:0.02:0.025,trend_pullback,BTCUSDT,60,-1,0.02,0.025,development,1,75,75,-0.0015278579042343,-0.0763928952117173,0.8727118605263035,0.4533333333333333,41,0.5466666666666666,34,0,0.0011003300550275,-0.000172572200818,0.0010001000500249,11.483333333333333,969,-0.002712037937988,0.0011841800337536999,177,-0.0016637656464461,0.00013590774221180005
trend_pullback:BTCUSDT:60:-1:0.02:0.025,trend_pullback,BTCUSDT,60,-1,0.02,0.025,development,2,75,75,-0.0025294232885707,-0.1264711644285396,0.7986423081305293,0.4533333333333333,41,0.5466666666666666,34,0,0.0011008806606606,-0.0001726585732909,0.0020012012012011,11.483333333333333,969,-0.0037147589235538,0.0011853356349831,177,-0.0026654296084856,0.00013600631991489984
trend_pullback:BTCUSDT:60:-1:0.03:0.03,trend_pullback,BTCUSDT,60,-1,0.03,0.03,development,1,68,68,-0.0026508910356985,-0.0883630345232854,0.8374967683705413,0.4852941176470588,35,0.5147058823529411,33,0,0.0011010360547921,-0.0003338810047333,0.0010013830444633,16.266666666666666,578,-0.0023207734980882,-0.0003301175376103,131,-0.0003238171799068,-0.0023270738557917
trend_pullback:BTCUSDT:60:-1:0.03:0.03,trend_pullback,BTCUSDT,60,-1,0.03,0.03,development,2,68,68,-0.0036536606699683,-0.1217886889989442,0.7830879069012717,0.4852941176470588,35,0.5147058823529411,33,0,0.0011015873667785,-0.0003340481123432,0.0020037684743566,16.266666666666666,578,-0.0033231425615333,-0.0003305181084349998,131,-0.0013241774812409,-0.0023294831887274003
shock_reversal:BTCUSDT:60:-1:0.02:0.025,shock_reversal,BTCUSDT,60,-1,0.02,0.025,development,1,30,30,-0.0023242309303243,-0.1162115465162153,0.8128460502651305,0.4333333333333333,17,0.5666666666666667,13,0,0.0011008255502751,-0.0002775951202008,0.0010010005002499,16.833333333333332,969,-0.002712037937988,0.00038780700766369997,177,-0.0016637656464461,-0.0006604652838781999
shock_reversal:BTCUSDT:60:-1:0.02:0.025,shock_reversal,BTCUSDT,60,-1,0.02,0.025,development,2,30,30,-0.0033266455979571,-0.1663322798978559,0.7440636969929392,0.4333333333333333,17,0.5666666666666667,13,0,0.0011013766516516,-0.0002777340566974,0.0020030030030028,16.833333333333332,969,-0.0037147589235538,0.00038811332559670004,177,-0.0026654296084856,-0.0006612159894715001
shock_reversal:BTCUSDT:60:-1:0.03:0.03,shock_reversal,BTCUSDT,60,-1,0.03,0.03,development,1,30,30,-0.0036013525414006,-0.1200450847133546,0.7862844631082826,0.4666666666666667,16,0.5333333333333333,14,0,0.0011016513756878,-0.0005028000849123,0.0010025012506251,38.86666666666667,578,-0.0023207734980882,-0.0012805790433124001,131,-0.0003238171799068,-0.0032775353614938
shock_reversal:BTCUSDT:60:-1:0.03:0.03,shock_reversal,BTCUSDT,60,-1,0.03,0.03,development,2,30,30,-0.0046051575727026,-0.1535052524234224,0.7353580303615304,0.4666666666666667,16,0.5333333333333333,14,0,0.0011022033033033,-0.0005030517366065,0.0020060060060058,38.86666666666667,578,-0.0033231425615333,-0.0012820150111693,131,-0.0013241774812409,-0.0032809800914617004
funding_squeeze:BTCUSDT:60:-1:0.02:0.025,funding_squeeze,BTCUSDT,60,-1,0.02,0.025,development,1,162,162,-0.0015569191588965,-0.0778459579448274,0.870609482264415,0.4506172839506173,89,0.5493827160493827,73,0,0.0011003973445055,-0.00026592274122,0.0010002223333888,15.65,969,-0.002712037937988,0.0011551187790914998,177,-0.0016637656464461,0.00010684648754959994
funding_squeeze:BTCUSDT:60:-1:0.02:0.025,funding_squeeze,BTCUSDT,60,-1,0.02,0.025,development,2,162,162,-0.0025585602943336,-0.1279280147166829,0.7968456903033326,0.4506172839506173,89,0.5493827160493827,73,0,0.0011009480174619,-0.0002660558356851,0.0020014458903346,15.65,969,-0.0037147589235538,0.0011561986292202,177,-0.0026654296084856,0.00010686931415199987
funding_squeeze:BTCUSDT:60:-1:0.03:0.03,funding_squeeze,BTCUSDT,60,-1,0.03,0.03,development,1,135,134,0.0010466001853362,0.0348866728445405,1.0730035000041138,0.5447761194029851,61,0.4552238805970149,73,1,0.0010990665626061,-0.0004485078499887,0.0009978039391323,22.416666666666668,578,-0.0023207734980882,0.0033673736834244,131,-0.0003238171799068,0.001370417365243
funding_squeeze:BTCUSDT:60:-1:0.03:0.03,funding_squeeze,BTCUSDT,60,-1,0.03,0.03,development,2,135,134,4.747258035721074e-05,0.0015824193452403,1.003207050041682,0.5447761194029851,61,0.4552238805970149,73,1,0.0010996159041141,-0.0004487323283921,0.0019966066810067,22.416666666666668,578,-0.0033231425615333,0.003370615141890511,131,-0.0013241774812409,0.0013716500615981106
compression_expansion:BTCUSDT:60:-1:0.02:0.025,compression_expansion,BTCUSDT,60,-1,0.02,0.025,development,1,14,14,0.0036589935247674,0.1829496762383723,1.386920012989971,0.5714285714285714,6,0.4285714285714285,8,0,0.0010974042735653,-3.689518988563285e-05,0.0009947831058385,14.683333333333334,969,-0.002712037937988,0.006371031462755399,177,-0.0016637656464461,0.0053227591712135
compression_expansion:BTCUSDT:60:-1:0.02:0.025,compression_expansion,BTCUSDT,60,-1,0.02,0.025,development,2,14,14,0.0026626854277185,0.1331342713859266,1.2691009901464474,0.5714285714285714,6,0.4285714285714285,8,0,0.0010979519519519,-3.691365594663666e-05,0.0019905619905618,14.683333333333334,969,-0.0037147589235538,0.006377444351272301,177,-0.0026654296084856,0.0053281150362041
compression_expansion:BTCUSDT:60:-1:0.03:0.03,compression_expansion,BTCUSDT,60,-1,0.03,0.03,development,1,14,14,0.0066081778525162,0.2202725950838762,1.5764089487284991,0.6428571428571429,5,0.3571428571428571,9,0,0.0010958312727792,-0.0001245050875622,0.0009919245336953,18.225,578,-0.0023207734980882,0.0089289513506044,131,-0.0003238171799068,0.006931995032423
compression_expansion:BTCUSDT:60:-1:0.03:0.03,compression_expansion,BTCUSDT,60,-1,0.03,0.03,development,2,14,14,0.0056147766116302,0.1871592203876744,1.4745017212280305,0.6428571428571429,5,0.3571428571428571,9,0,0.0010963773773773,-0.0001245674024208,0.0019848419848418,18.225,578,-0.0033231425615333,0.0089379191731635,131,-0.0013241774812409,0.0069389540928710995
learned_leaf:BTCUSDT:60:-1:0.02:0.025,learned_leaf,BTCUSDT,60,-1,0.02,0.025,development,1,656,655,-0.0023782720350488,-0.118913601752442,0.8083703920573184,0.4351145038167939,370,0.5648854961832062,285,1,0.0011007788627576,-0.000138620932464,0.0010009156562765,8.616666666666667,969,-0.002712037937988,0.00033376590293919973,177,-0.0016637656464461,-0.0007145063886027001
learned_leaf:BTCUSDT:60:-1:0.02:0.025,learned_leaf,BTCUSDT,60,-1,0.02,0.025,development,2,656,655,-0.0033806712837188,-0.1690335641859423,0.7396925612813111,0.4351145038167939,370,0.5648854961832062,285,1,0.0011013299174232,-0.0001386903123101,0.0020028332301269,8.616666666666667,969,-0.0037147589235538,0.0003340876398349999,177,-0.0026654296084856,-0.0007152416752332002
learned_leaf:BTCUSDT:60:-1:0.03:0.03,learned_leaf,BTCUSDT,60,-1,0.03,0.03,development,1,417,416,-0.0027316936988832,-0.0910564566294428,0.8332960170485632,0.4855769230769231,214,0.5144230769230769,202,1,0.0011010199637975,-0.000223805896766,0.0010013538027303,14.583333333333334,578,-0.0023207734980882,-0.00041092020079499993,131,-0.0003238171799068,-0.0024078765189764
learned_leaf:BTCUSDT:60:-1:0.03:0.03,learned_leaf,BTCUSDT,60,-1,0.03,0.03,development,2,417,416,-0.0037344891386967,-0.1244829712898904,0.7792347264903393,0.4855769230769231,214,0.5144230769230769,202,1,0.0011015712596849,-0.0002239179117294,0.0020037099616197,14.583333333333334,578,-0.0033231425615333,-0.0004113465771633999,131,-0.0013241774812409,-0.0024103116574558
clock_control:BTCUSDT:60:-1:0.02:0.025,clock_control,BTCUSDT,60,-1,0.02,0.025,development,1,970,969,-0.002712037937988,-0.1356018968994011,0.7845328840754277,0.4282765737874097,554,0.5717234262125903,415,1,0.0011009489247221,-0.0001142286634003,0.0010012247053238,7.308333333333334,969,-0.002712037937988,0.0,177,-0.0016637656464461,-0.0010482722915418998
clock_control:BTCUSDT:60:-1:0.02:0.025,clock_control,BTCUSDT,60,-1,0.02,0.025,development,2,970,969,-0.0037147589235538,-0.1857379461776908,0.717948722265481,0.4282765737874097,554,0.5717234262125903,415,1,0.0011015001495349,-0.0001142858349035,0.0020034516375801,7.308333333333334,969,-0.0037147589235538,0.0,177,-0.0026654296084856,-0.0010493293150682001
clock_control:BTCUSDT:60:-1:0.03:0.03,clock_control,BTCUSDT,60,-1,0.03,0.03,development,1,579,578,-0.0023207734980882,-0.0773591166029404,0.8565872361038587,0.4930795847750865,293,0.5069204152249135,285,1,0.001100777315713,-0.0001933051141066,0.0010009128448739,13.516666666666667,578,-0.0023207734980882,0.0,131,-0.0003238171799068,-0.0019969563181814
clock_control:BTCUSDT:60:-1:0.03:0.03,clock_control,BTCUSDT,60,-1,0.03,0.03,development,2,579,578,-0.0033231425615333,-0.1107714187177778,0.8010657540178031,0.4930795847750865,293,0.5069204152249135,285,1,0.0011013283688308,-0.000193401863413,0.0020028276045076,13.516666666666667,578,-0.0033231425615333,0.0,131,-0.0013241774812409,-0.0019989650802924004
legacy_zone:BTCUSDT:60:-1:0.02:0.025,legacy_zone,BTCUSDT,60,-1,0.02,0.025,development,1,177,177,-0.0016637656464461,-0.0831882823223066,0.8621468611232825,0.4519774011299435,97,0.5480225988700564,80,0,0.0011003636479256,-9.777604812986842e-05,0.0010001610974978,11.5,969,-0.002712037937988,0.0010482722915418998,177,-0.0016637656464461,0.0
legacy_zone:BTCUSDT:60:-1:0.02:0.025,legacy_zone,BTCUSDT,60,-1,0.02,0.025,development,2,177,177,-0.0026654296084856,-0.1332714804242817,0.7889473649009078,0.4519774011299435,97,0.5480225988700564,80,0,0.0011009142871685,-9.782498509089436e-05,0.0020013233572554,11.5,969,-0.0037147589235538,0.0010493293150682001,177,-0.0026654296084856,0.0
legacy_zone:BTCUSDT:60:-1:0.03:0.03,legacy_zone,BTCUSDT,60,-1,0.03,0.03,development,1,131,131,-0.0003238171799068,-0.0107939059968957,0.978524974803429,0.5267175572519084,62,0.4732824427480916,69,0,0.0010996677136278,-0.0001716934933685,0.0009988963947621,16.583333333333332,578,-0.0023207734980882,0.0019969563181814,131,-0.0003238171799068,0.0
legacy_zone:BTCUSDT:60:-1:0.03:0.03,legacy_zone,BTCUSDT,60,-1,0.03,0.03,development,2,131,131,-0.0013241774812409,-0.0441392493746968,0.9149379435085868,0.5267175572519084,62,0.4732824427480916,69,0,0.0011002176565878,-0.0001717794260479,0.0019987926858154,16.583333333333332,578,-0.0033231425615333,0.0019989650802924004,131,-0.0013241774812409,0.0
trend_pullback:ETHUSDT:5:1:0.02:0.025,trend_pullback,ETHUSDT,5,1,0.02,0.025,development,1,88,88,-0.0022907566027885,-0.1145378301394288,0.8148941309654221,0.4431818181818182,49,0.5568181818181818,39,0,0.0010994190560969,0.0001350759047853,0.000999443460088,11.833333333333334,1781,-0.0022669531320807,-2.3803470707799753e-05,237,-0.0044173467745276,0.0021265901717391
trend_pullback:ETHUSDT:5:1:0.02:0.025,trend_pullback,ETHUSDT,5,1,0.02,0.025,development,2,88,88,-0.0032885850026214,-0.1644292501310723,0.7454637243088532,0.4431818181818182,49,0.5568181818181818,39,0,0.0010988699113386,0.0001350084343034,0.001997888475161,11.833333333333334,1781,-0.0032647657678614,-2.381923476000008e-05,237,-0.0054130606098742,0.0021244756072527995
trend_pullback:ETHUSDT:5:1:0.03:0.03,trend_pullback,ETHUSDT,5,1,0.03,0.03,development,1,78,78,-0.0046199911765957,-0.1539997058865243,0.7341839963943154,0.4615384615384615,42,0.5384615384615384,36,0,0.0010981823126898,0.0002169228453768,0.0009971937108367,18.725,1005,-0.0022386006021343,-0.0023813905744614,153,-0.0049585798559749,0.0003385886793791995
trend_pullback:ETHUSDT:5:1:0.03:0.03,trend_pullback,ETHUSDT,5,1,0.03,0.03,development,2,78,78,-0.0056155324282173,-0.1871844142739118,0.6863109310787666,0.4615384615384615,42,0.5384615384615384,36,0,0.0010976344040574,0.0002168144923072,0.0019933912241603,18.725,1005,-0.0032364631689406,-0.0023790692592766997,153,-0.0059538228812779,0.0003382904530606001
shock_reversal:ETHUSDT:5:1:0.02:0.025,shock_reversal,ETHUSDT,5,1,0.02,0.025,development,1,258,258,-0.0026861725598348,-0.1343086279917445,0.7861425081878667,0.4341085271317829,146,0.5658914728682171,112,0,0.0010991947165951,0.000122826198132,0.0009990353660378,10.066666666666666,1781,-0.0022669531320807,-0.0004192194277541001,237,-0.0044173467745276,0.0017311742146927998
shock_reversal:ETHUSDT:5:1:0.02:0.025,shock_reversal,ETHUSDT,5,1,0.02,0.025,development,2,258,258,-0.0036835996162659,-0.184179980813299,0.7191088344100467,0.4341085271317829,146,0.5658914728682171,112,0,0.0010986457960644,0.0001227648463847,0.001997072694747,10.066666666666666,1781,-0.0032647657678614,-0.00041883384840449983,237,-0.0054130606098742,0.0017294609936082997
shock_reversal:ETHUSDT:5:1:0.03:0.03,shock_reversal,ETHUSDT,5,1,0.03,0.03,development,1,209,209,-0.0033209663373711,-0.1106988779123716,0.8008931054916716,0.4832535885167464,108,0.5167464114832536,101,0,0.001098898195639,0.0002187874854096,0.0009984959673272,16.683333333333334,1005,-0.0022386006021343,-0.0010823657352367999,153,-0.0049585798559749,0.0016376135186037997
shock_reversal:ETHUSDT:5:1:0.03:0.03,shock_reversal,ETHUSDT,5,1,0.03,0.03,development,2,209,209,-0.0043178068976135,-0.1439268965871173,0.7486647683089521,0.4832535885167464,108,0.5167464114832536,101,0,0.0010983495714811,0.0002186782009514,0.0019959944361857,16.683333333333334,1005,-0.0032364631689406,-0.0010813437286728996,153,-0.0059538228812779,0.0016360159836644001
funding_squeeze:ETHUSDT:5:1:0.02:0.025,funding_squeeze,ETHUSDT,5,1,0.02,0.025,development,1,21,21,0.0016513348166836,0.0825667408341832,1.1593697167915875,0.5238095238095238,10,0.4761904761904761,11,0,0.0011014125972727,-0.0001843887361524,0.0010030698936245,3.583333333333333,1781,-0.0022669531320807,0.0039182879487643,237,-0.0044173467745276,0.0060686815912112
funding_squeeze:ETHUSDT:5:1:0.02:0.025,funding_squeeze,ETHUSDT,5,1,0.02,0.025,development,2,21,21,0.0006497260259232,0.0324863012961639,1.060007328830029,0.5238095238095238,10,0.4761904761904761,11,0,0.0011008614599686,-0.0001842966338866,0.0020051377194233,3.583333333333333,1781,-0.0032647657678614,0.0039144917937846,237,-0.0054130606098742,0.0060627866357974
funding_squeeze:ETHUSDT:5:1:0.03:0.03,funding_squeeze,ETHUSDT,5,1,0.03,0.03,development,1,21,21,-0.0004642191313568,-0.0154739710452291,0.9693448280958682,0.5238095238095238,10,0.4761904761904761,11,0,0.0011002352038266,-0.0002083727512731,0.0010009281073747,7.083333333333333,1005,-0.0022386006021343,0.0017743814707775,153,-0.0049585798559749,0.0044943607246181
funding_squeeze:ETHUSDT:5:1:0.03:0.03,funding_squeeze,ETHUSDT,5,1,0.03,0.03,development,2,21,21,-0.0014637014323473,-0.0487900477449103,0.9061986927114278,0.5238095238095238,10,0.4761904761904761,11,0,0.0010996852433281,-0.0002082686689797,0.0020008562865704,7.083333333333333,1005,-0.0032364631689406,0.0017727617365933,153,-0.0059538228812779,0.0044901214489306
compression_expansion:ETHUSDT:5:1:0.02:0.025,compression_expansion,ETHUSDT,5,1,0.02,0.025,development,1,87,87,-0.0057219365152177,-0.2860968257608879,0.5935680468549293,0.367816091954023,55,0.632183908045977,32,0,0.0010975556187423,0.0001800513371172,0.0009960536972891,17.983333333333334,1781,-0.0022669531320807,-0.0034549833831369996,237,-0.0044173467745276,-0.0013045897406900996
compression_expansion:ETHUSDT:5:1:0.02:0.025,compression_expansion,ETHUSDT,5,1,0.02,0.025,development,2,87,87,-0.0067163579358843,-0.3358178967942156,0.5430013590819893,0.367816091954023,55,0.632183908045977,32,0,0.001097008336491,0.0001799614013843,0.0019911123359398,17.983333333333334,1781,-0.0032647657678614,-0.0034515921680228997,237,-0.0054130606098742,-0.0013032973260101001
compression_expansion:ETHUSDT:5:1:0.03:0.03,compression_expansion,ETHUSDT,5,1,0.03,0.03,development,1,78,78,-0.0062481790237491,-0.2082726341249713,0.6578481726927183,0.4358974358974359,44,0.5641025641025641,34,0,0.0010973370045746,0.0003090321548759,0.0009956560181446,30.291666666666668,1005,-0.0022386006021343,-0.0040095784216148,153,-0.0049585798559749,-0.0012895991677742006
compression_expansion:ETHUSDT:5:1:0.03:0.03,compression_expansion,ETHUSDT,5,1,0.03,0.03,development,2,78,78,-0.0072421389550751,-0.2414046318358387,0.6149312350971259,0.4358974358974359,44,0.5641025641025641,34,0,0.0010967899408284,0.0003088777931602,0.0019903173749326,30.291666666666668,1005,-0.0032364631689406,-0.0040056757861345,153,-0.0059538228812779,-0.0012883160737972004
learned_leaf:ETHUSDT:5:1:0.02:0.025,learned_leaf,ETHUSDT,5,1,0.02,0.025,development,1,387,387,-0.0014965263103705,-0.0748263155185271,0.8748777910667718,0.4573643410852713,210,0.5426356589147286,177,0,0.0010997697226967,-2.1929418160477808e-05,0.0010000813546713,6.2,1781,-0.0022669531320807,0.0007704268217102002,237,-0.0044173467745276,0.0029208204641571
learned_leaf:ETHUSDT:5:1:0.02:0.025,learned_leaf,ETHUSDT,5,1,0.02,0.025,development,2,387,387,-0.0024950700412751,-0.1247535020637577,0.8002540688491224,0.4573643410852713,210,0.5426356589147286,177,0,0.0010992202274469,-2.191846440515289e-05,0.0019991636270704,6.2,1781,-0.0032647657678614,0.0007696957265863002,237,-0.0054130606098742,0.0029179905685990997
learned_leaf:ETHUSDT:5:1:0.03:0.03,learned_leaf,ETHUSDT,5,1,0.03,0.03,development,1,235,235,-0.0017161033468236,-0.0572034448941222,0.8916271333571258,0.5063829787234042,116,0.4936170212765957,119,0,0.0010996607026274,-4.6166960417030606e-07,0.0009998830372046,13.666666666666666,1005,-0.0022386006021343,0.0005224972553107001,153,-0.0049585798559749,0.0032424765091512995
learned_leaf:ETHUSDT:5:1:0.03:0.03,learned_leaf,ETHUSDT,5,1,0.03,0.03,development,2,235,235,-0.0027144383441954,-0.0904812781398481,0.8336027168767666,0.5063829787234042,116,0.4936170212765957,119,0,0.0010991113163432,-4.6143899997240854e-07,0.0019987671902564,13.666666666666666,1005,-0.0032364631689406,0.0005220248247451999,153,-0.0059538228812779,0.0032393845370824997
clock_control:ETHUSDT:5:1:0.02:0.025,clock_control,ETHUSDT,5,1,0.02,0.025,development,1,1782,1781,-0.0022669531320807,-0.1133476566040367,0.8162721120504303,0.4418865805727119,994,0.5581134194272881,787,1,0.0010993886200849,5.596466642317729e-05,0.0009993880942014,3.533333333333333,1781,-0.0022669531320807,0.0,237,-0.0044173467745276,0.0021503936424469
clock_control:ETHUSDT:5:1:0.02:0.025,clock_control,ETHUSDT,5,1,0.02,0.025,development,2,1782,1781,-0.0032647657678614,-0.1632382883930729,0.7466061432543551,0.4418865805727119,994,0.5581134194272881,787,1,0.0010988395057474,5.593671204434453e-05,0.0019977777986984,3.533333333333333,1781,-0.0032647657678614,0.0,237,-0.0054130606098742,0.0021482948420127996
clock_control:ETHUSDT:5:1:0.03:0.03,clock_control,ETHUSDT,5,1,0.03,0.03,development,1,1006,1005,-0.0022386006021343,-0.0746200200711463,0.8608695767551133,0.499502487562189,503,0.5004975124378109,502,1,0.0010994279875322,9.914994604393932e-05,0.0009994597071849,6.716666666666667,1005,-0.0022386006021343,0.0,153,-0.0049585798559749,0.0027199792538405996
clock_control:ETHUSDT:5:1:0.03:0.03,clock_control,ETHUSDT,5,1,0.03,0.03,development,2,1006,1005,-0.0032364631689406,-0.1078821056313546,0.8047371632189653,0.499502487562189,503,0.5004975124378109,502,1,0.001098878833847,9.910042059636492e-05,0.001997920953124,6.716666666666667,1005,-0.0032364631689406,0.0,153,-0.0059538228812779,0.0027173597123372997
legacy_zone:ETHUSDT:5:1:0.02:0.025,legacy_zone,ETHUSDT,5,1,0.02,0.025,development,1,238,237,-0.0044173467745276,-0.2208673387263817,0.6700445536998287,0.3966244725738396,143,0.6033755274261603,94,1,0.0010982608548681,0.0001570038617462,0.000997336586235,10.558333333333334,1781,-0.0022669531320807,-0.0021503936424469,237,-0.0044173467745276,0.0
legacy_zone:ETHUSDT:5:1:0.02:0.025,legacy_zone,ETHUSDT,5,1,0.02,0.025,development,2,238,237,-0.0054130606098742,-0.2706530304937102,0.6127843587098304,0.3966244725738396,143,0.6033755274261603,94,1,0.0010977128677328,0.0001569254382388,0.0019936768322243,10.558333333333334,1781,-0.0032647657678614,-0.0021482948420127996,237,-0.0054130606098742,0.0
legacy_zone:ETHUSDT:5:1:0.03:0.03,legacy_zone,ETHUSDT,5,1,0.03,0.03,development,1,154,153,-0.0049585798559749,-0.1652859951991657,0.716974837732693,0.457516339869281,83,0.5424836601307189,70,1,0.001098040223397,0.0002973094454101,0.0009969352374314,18.45,1005,-0.0022386006021343,-0.0027199792538405996,153,-0.0049585798559749,0.0
legacy_zone:ETHUSDT:5:1:0.03:0.03,legacy_zone,ETHUSDT,5,1,0.03,0.03,development,2,154,153,-0.0059538228812779,-0.1984607627092645,0.6701116816249634,0.457516339869281,83,0.5424836601307189,70,1,0.001097492456783,0.0002971609391936,0.0019928745355648,18.45,1005,-0.0032364631689406,-0.0027173597123372997,153,-0.0059538228812779,0.0
trend_pullback:ETHUSDT:5:-1:0.02:0.025,trend_pullback,ETHUSDT,5,-1,0.02,0.025,development,1,102,102,-0.0012670362555719,-0.0633518127785991,0.8935730084604036,0.4607843137254901,55,0.5392156862745098,47,0,0.0011001454587587,-9.7579673716099e-05,0.0009997645881763,6.233333333333333,1744,-0.0020224485442666,0.0007554122886947001,262,-0.0020963886604948,0.0008293524049229001
trend_pullback:ETHUSDT:5:-1:0.02:0.025,trend_pullback,ETHUSDT,5,-1,0.02,0.025,development,2,102,102,-0.0022683031913708,-0.1134151595685423,0.817899557156884,0.4607843137254901,55,0.5392156862745098,47,0,0.0011006958797032,-9.762851239163258e-05,0.0020005299417063,6.233333333333333,1744,-0.0030244509903876,0.0007561477990168002,262,-0.0030984771322281,0.0008301739408573001
trend_pullback:ETHUSDT:5:-1:0.03:0.03,trend_pullback,ETHUSDT,5,-1,0.03,0.03,development,1,89,89,-0.0022383733444559,-0.0746124448151967,0.8615420801561863,0.4943820224719101,45,0.5056179775280899,44,0,0.0011007358538819,-0.0002002786585117,0.0010008374974002,12.133333333333333,1005,-0.0019612669717465,-0.0002771063727094003,185,-0.0034366450084112,0.0011982716639553
trend_pullback:ETHUSDT:5:-1:0.03:0.03,trend_pullback,ETHUSDT,5,-1,0.03,0.03,development,2,89,89,-0.0032406634532594,-0.1080221151086469,0.8058118257350637,0.4943820224719101,45,0.5056179775280899,44,0,0.0011012868655172,-0.0002003788980805,0.0020026768341373,12.133333333333333,1005,-0.0029632292749,-0.0002774341783594002,185,-0.004440096913902,0.0011994334606426002
shock_reversal:ETHUSDT:5:-1:0.02:0.025,shock_reversal,ETHUSDT,5,-1,0.02,0.025,development,1,266,265,-0.0007292781974449,-0.0364639098722461,0.9371547597704946,0.4716981132075472,140,0.5283018867924528,125,1,0.0010998606408427,-0.0001172021575696,0.0009992469962159,11.366666666666667,1744,-0.0020224485442666,0.0012931703468217,262,-0.0020963886604948,0.0013671104630499
shock_reversal:ETHUSDT:5:-1:0.02:0.025,shock_reversal,ETHUSDT,5,-1,0.02,0.025,development,2,266,265,-0.0017300169171498,-0.0865008458574909,0.8575211584173522,0.4716981132075472,140,0.5283018867924528,125,1,0.0011004107768266,-0.0001172608173082,0.0019994942396754,11.366666666666667,1744,-0.0030244509903876,0.0012944340732378003,262,-0.0030984771322281,0.0013684602150783002
shock_reversal:ETHUSDT:5:-1:0.03:0.03,shock_reversal,ETHUSDT,5,-1,0.03,0.03,development,1,223,222,-0.0010455930095379,-0.0348531003179305,0.9324618693285136,0.5135135135135135,108,0.4864864864864865,114,1,0.0011000856431531,-0.0002102074576089,0.0009996558868804,17.25,1005,-0.0019612669717465,0.0009156739622085998,185,-0.0034366450084112,0.0023910519988733
shock_reversal:ETHUSDT:5:-1:0.03:0.03,shock_reversal,ETHUSDT,5,-1,0.03,0.03,development,2,223,222,-0.002046694705123,-0.0682231568374344,0.87193218495348,0.5135135135135135,108,0.4864864864864865,114,1,0.001100636004252,-0.0002103126665467,0.0020003124303044,17.25,1005,-0.0029632292749,0.000916534569777,185,-0.004440096913902,0.0023934022087790004
funding_squeeze:ETHUSDT:5:-1:0.02:0.025,funding_squeeze,ETHUSDT,5,-1,0.02,0.025,development,1,214,214,-0.0015659716416258,-0.0782985820812928,0.8697308083248011,0.4532710280373832,117,0.5467289719626168,97,0,0.0011003315986264,-0.0001372665504841,0.0010001028551658,7.841666666666667,1744,-0.0020224485442666,0.00045647690264080014,262,-0.0020963886604948,0.0005304170188690002
funding_squeeze:ETHUSDT:5:-1:0.02:0.025,funding_squeeze,ETHUSDT,5,-1,0.02,0.025,development,2,214,214,-0.0025675575059511,-0.1283778752975584,0.7958985826056414,0.4532710280373832,117,0.5467289719626168,97,0,0.0011008822058039,-0.0001373352524613,0.0020012068142908,7.841666666666667,1744,-0.0030244509903876,0.00045689348443650035,262,-0.0030984771322281,0.0005309196262770002
funding_squeeze:ETHUSDT:5:-1:0.03:0.03,funding_squeeze,ETHUSDT,5,-1,0.03,0.03,development,1,183,182,-0.0001288618987869,-0.0042953966262326,0.9914021580385174,0.5274725274725275,86,0.4725274725274725,96,1,0.0010995996699183,-0.0002428648954868,0.0009987727407538,12.5,1005,-0.0019612669717465,0.0018324050729595998,185,-0.0034366450084112,0.0033077831096243
funding_squeeze:ETHUSDT:5:-1:0.03:0.03,funding_squeeze,ETHUSDT,5,-1,0.03,0.03,development,2,183,182,-0.0011290627329347,-0.0376354244311595,0.9270286246100726,0.5274725274725275,86,0.4725274725274725,96,1,0.0011001495448006,-0.0002429864494886,0.0019985452540211,12.5,1005,-0.0029632292749,0.0018341665419652998,185,-0.004440096913902,0.0033110341809673
compression_expansion:ETHUSDT:5:-1:0.02:0.025,compression_expansion,ETHUSDT,5,-1,0.02,0.025,development,1,83,83,-0.0018897443562603,-0.0944872178130196,0.8448983234667595,0.4457831325301205,46,0.5542168674698795,37,0,0.0011005171094583,-0.000150971768368,0.0010004399790255,11.1,1744,-0.0020224485442666,0.00013270418800630018,262,-0.0020963886604948,0.0002066443042345002
compression_expansion:ETHUSDT:5:-1:0.02:0.025,compression_expansion,ETHUSDT,5,-1,0.02,0.025,development,2,83,83,-0.0028916610080421,-0.1445830504021055,0.7732088775730257,0.4457831325301205,46,0.5542168674698795,37,0,0.0011010679022395,-0.0001510473298137,0.0020018813994716,11.1,1744,-0.0030244509903876,0.0001327899823455,262,-0.0030984771322281,0.00020681612418599988
compression_expansion:ETHUSDT:5:-1:0.03:0.03,compression_expansion,ETHUSDT,5,-1,0.03,0.03,development,1,79,79,-0.0037603566651923,-0.1253452221730782,0.7783630444694652,0.4683544303797468,42,0.5316455696202531,37,0,0.0011015956237612,-0.0002423730699282,0.0010023999341441,17.95,1005,-0.0019612669717465,-0.0017990896934458002,185,-0.0034366450084112,-0.00032371165678109996
compression_expansion:ETHUSDT:5:-1:0.03:0.03,compression_expansion,ETHUSDT,5,-1,0.03,0.03,development,2,79,79,-0.0047641905666669,-0.1588063522222314,0.7279928417273374,0.4683544303797468,42,0.5316455696202531,37,0,0.0011021474955968,-0.000242494377771,0.0020058032716259,17.95,1005,-0.0029632292749,-0.0018009612917669,185,-0.004440096913902,-0.00032409365276489955
learned_leaf:ETHUSDT:5:-1:0.02:0.025,learned_leaf,ETHUSDT,5,-1,0.02,0.025,development,1,1051,1050,-0.0014910336558867,-0.0745516827943355,0.8756174228981045,0.4561904761904762,571,0.5438095238095239,479,1,0.0011002608021923,-8.341295062758733e-05,0.0009999741987048,4.216666666666667,1744,-0.0020224485442666,0.0005314148883799,262,-0.0020963886604948,0.0006053550046081001
learned_leaf:ETHUSDT:5:-1:0.02:0.025,learned_leaf,ETHUSDT,5,-1,0.02,0.025,development,2,1051,1050,-0.0024925176178876,-0.1246258808943827,0.8012934372507771,0.4561904761904762,571,0.5438095238095239,479,1,0.001100811338538,-8.345469885112467e-05,0.0020009493725837,4.216666666666667,1744,-0.0030244509903876,0.0005319333725000001,262,-0.0030984771322281,0.0006059595143405
learned_leaf:ETHUSDT:5:-1:0.03:0.03,learned_leaf,ETHUSDT,5,-1,0.03,0.03,development,1,631,630,-0.0012085700974311,-0.0402856699143707,0.9224381987714598,0.5126984126984127,307,0.4873015873015873,323,1,0.0011001358692787,-0.0001386008240584,0.0009997471614713,7.633333333333334,1005,-0.0019612669717465,0.0007526968743153998,185,-0.0034366450084112,0.0022280749109801
learned_leaf:ETHUSDT:5:-1:0.03:0.03,learned_leaf,ETHUSDT,5,-1,0.03,0.03,development,2,631,630,-0.0022097990483803,-0.0736599682793442,0.8626237416248029,0.5126984126984127,307,0.4873015873015873,323,1,0.0011006862806288,-0.0001386701938402,0.0020004950708522,7.633333333333334,1005,-0.0029632292749,0.0007534302265196999,185,-0.004440096913902,0.0022302978655217003
clock_control:ETHUSDT:5:-1:0.02:0.025,clock_control,ETHUSDT,5,-1,0.02,0.025,development,1,1745,1744,-0.0020224485442666,-0.1011224272133343,0.8349069143718841,0.4449541284403669,968,0.555045871559633,776,1,0.0011005384111411,-5.701921447213231e-05,0.0010004786900024,3.7,1744,-0.0020224485442666,0.0,262,-0.0020963886604948,7.394011622820001e-05
clock_control:ETHUSDT:5:-1:0.02:0.025,clock_control,ETHUSDT,5,-1,0.02,0.025,development,2,1745,1744,-0.0030244509903876,-0.1512225495193833,0.7640446871956806,0.4449541284403669,968,0.555045871559633,776,1,0.0011010892252347,-5.704775261751375e-05,0.0020019588601752,3.7,1744,-0.0030244509903876,0.0,262,-0.0030984771322281,7.402614184049989e-05
clock_control:ETHUSDT:5:-1:0.03:0.03,clock_control,ETHUSDT,5,-1,0.03,0.03,development,1,1006,1005,-0.0019612669717465,-0.0653755657248853,0.8773717726370432,0.5004975124378109,502,0.499502487562189,503,1,0.001100527943188,-9.915767694018914e-05,0.0010004596668719,6.716666666666667,1005,-0.0019612669717465,0.0,185,-0.0034366450084112,0.0014753780366647002
clock_control:ETHUSDT:5:-1:0.03:0.03,clock_control,ETHUSDT,5,-1,0.03,0.03,development,2,1006,1005,-0.0029632292749,-0.0987743091633361,0.8205039920965188,0.5004975124378109,502,0.499502487562189,503,1,0.0011010787468084,-9.920730540712616e-05,0.002001920794872,6.716666666666667,1005,-0.0029632292749,0.0,185,-0.004440096913902,0.0014768676390020004
legacy_zone:ETHUSDT:5:-1:0.02:0.025,legacy_zone,ETHUSDT,5,-1,0.02,0.025,development,1,262,262,-0.0020963886604948,-0.1048194330247431,0.8295578621299523,0.4427480916030534,146,0.5572519083969466,116,0,0.0011005923018761,-8.111614343371418e-05,0.0010005766241898,6.616666666666666,1744,-0.0020224485442666,-7.394011622820001e-05,262,-0.0020963886604948,0.0
legacy_zone:ETHUSDT:5:-1:0.02:0.025,legacy_zone,ETHUSDT,5,-1,0.02,0.025,development,2,262,262,-0.0030984771322281,-0.1549238566114066,0.7592341616642814,0.4427480916030534,146,0.5572519083969466,116,0,0.0011011431698874,-8.11567421041014e-05,0.0020021548265821,6.616666666666666,1744,-0.0030244509903876,-7.402614184049989e-05,262,-0.0030984771322281,0.0
legacy_zone:ETHUSDT:5:-1:0.03:0.03,legacy_zone,ETHUSDT,5,-1,0.03,0.03,development,1,185,185,-0.0034366450084112,-0.1145548336137081,0.7953701392501276,0.4756756756756757,97,0.5243243243243243,88,0,0.0011013537809445,-0.0001261286716719,0.0010019604396792,9.416666666666666,1005,-0.0019612669717465,-0.0014753780366647002,185,-0.0034366450084112,0.0
legacy_zone:ETHUSDT:5:-1:0.03:0.03,legacy_zone,ETHUSDT,5,-1,0.03,0.03,development,2,185,185,-0.004440096913902,-0.1480032304634003,0.7438737191222401,0.4756756756756757,97,0.5243243243243243,88,0,0.0011019054108162,-0.0001261917991352,0.0020049238427615,9.416666666666666,1005,-0.0029632292749,-0.0014768676390020004,185,-0.004440096913902,0.0
trend_pullback:ETHUSDT:15:1:0.02:0.025,trend_pullback,ETHUSDT,15,1,0.02,0.025,development,1,75,75,-0.003031122218764,-0.1515561109382019,0.7619936083599385,0.4266666666666667,43,0.5733333333333334,32,0,0.0010990107146426,0.0001334108544462,0.000998700649675,11.116666666666667,1627,-0.0019684516940318,-0.0010626705247322003,224,-0.0036002648124775,0.0005691425937134997
trend_pullback:ETHUSDT:15:1:0.02:0.025,trend_pullback,ETHUSDT,15,1,0.02,0.025,development,2,75,75,-0.0040282097900833,-0.201410489504166,0.6970391648713902,0.4266666666666667,43,0.5733333333333334,32,0,0.0010984619780219,0.0001333442156578,0.0019964035964034,11.116666666666667,1627,-0.0029665649663424,-0.0010616448237408998,224,-0.0045968016379873,0.0005685918479040007
trend_pullback:ETHUSDT:15:1:0.03:0.03,trend_pullback,ETHUSDT,15,1,0.03,0.03,development,1,66,66,-0.0041753527073524,-0.1391784235784162,0.7572152502939002,0.4696969696969697,35,0.5303030303030303,31,0,0.0010984512743628,0.0002610366381144,0.0009976829766933,20.70833333333333,969,-0.0018137163667234,-0.002361636340629,145,-0.0046798642373796,0.0005045115300272001
trend_pullback:ETHUSDT:15:1:0.03:0.03,trend_pullback,ETHUSDT,15,1,0.03,0.03,development,2,66,66,-0.0051713604323646,-0.1723786810788231,0.7080141381842489,0.4696969696969697,35,0.5303030303030303,31,0,0.001097903096903,0.0002609062501833,0.0019943692670964,20.70833333333333,969,-0.002812005146621,-0.0023593552857436,145,-0.0056753818420525,0.0005040214096879003
shock_reversal:ETHUSDT:15:1:0.02:0.025,shock_reversal,ETHUSDT,15,1,0.02,0.025,development,1,81,81,-0.0033633755289266,-0.1681687764463304,0.7395208910682277,0.419753086419753,47,0.5802469135802469,34,0,0.0010988397745571,0.0001550349492165,0.0009983896940417,9.25,1627,-0.0019684516940318,-0.0013949238348948002,224,-0.0036002648124775,0.00023688928355089988
shock_reversal:ETHUSDT:15:1:0.02:0.025,shock_reversal,ETHUSDT,15,1,0.02,0.025,development,2,81,81,-0.0043601418248661,-0.2180070912433097,0.6765399044346506,0.419753086419753,47,0.5802469135802469,34,0,0.0010982912087912,0.0001549575091819,0.0019957819957818,9.25,1627,-0.0029665649663424,-0.0013935768585236997,224,-0.0045968016379873,0.00023665981312120075
shock_reversal:ETHUSDT:15:1:0.03:0.03,shock_reversal,ETHUSDT,15,1,0.03,0.03,development,1,78,78,-0.0069575566583873,-0.2319185552795783,0.6272039262871727,0.4230769230769231,45,0.5769230769230769,33,0,0.001096914350517,0.000250370520687,0.0009948871717986,15.625,969,-0.0018137163667234,-0.0051438402916639,145,-0.0046798642373796,-0.0022776924210076996
shock_reversal:ETHUSDT:15:1:0.03:0.03,shock_reversal,ETHUSDT,15,1,0.03,0.03,development,2,78,78,-0.0079507782354042,-0.2650259411801407,0.5863613290660419,0.4230769230769231,45,0.5769230769230769,33,0,0.0010963677092138,0.0002502454604869,0.0019887804503188,15.625,969,-0.002812005146621,-0.0051387730887832005,145,-0.0056753818420525,-0.0022753963933517
funding_squeeze:ETHUSDT:15:1:0.02:0.025,funding_squeeze,ETHUSDT,15,1,0.02,0.025,development,1,18,18,0.0006551222366167,0.032756111830839,1.0606253414318625,0.5,9,0.5,9,0,0.0011008239005497,-0.0002579451376662,0.0010019990004996,5.233333333333333,1627,-0.0019684516940318,0.0026235739306485,224,-0.0036002648124775,0.0042553870490942
funding_squeeze:ETHUSDT:15:1:0.02:0.025,funding_squeeze,ETHUSDT,15,1,0.02,0.025,development,2,18,18,-0.0003454540607041,-0.0172727030352082,0.9694158248725973,0.5,9,0.5,9,0,0.0011002733516483,-0.000257816293941,0.0020029970029968,5.233333333333333,1627,-0.0029665649663424,0.0026211109056383,224,-0.0045968016379873,0.0042513475772832
funding_squeeze:ETHUSDT:15:1:0.03:0.03,funding_squeeze,ETHUSDT,15,1,0.03,0.03,development,1,17,17,-0.0106656945840535,-0.3555231528017842,0.4806299560782942,0.3529411764705882,11,0.6470588235294118,6,0,0.001094602184202,-0.0002431181419362,0.0009906811300231,8.416666666666666,969,-0.0018137163667234,-0.0088519782173301,145,-0.0046798642373796,-0.0059858303466739
funding_squeeze:ETHUSDT:15:1:0.03:0.03,funding_squeeze,ETHUSDT,15,1,0.03,0.03,development,2,17,17,-0.0116549631299802,-0.3884987709993424,0.449258027015146,0.3529411764705882,11,0.6470588235294118,6,0,0.0010940578539107,-0.0002429967043029,0.0019803725686077,8.416666666666666,969,-0.002812005146621,-0.0088429579833592,145,-0.0056753818420525,-0.005979581287927699
compression_expansion:ETHUSDT:15:1:0.02:0.025,compression_expansion,ETHUSDT,15,1,0.02,0.025,development,1,31,31,0.0066447878009641,0.3322393900482061,1.8316427790527725,0.6451612903225806,11,0.3548387096774194,20,0,0.0011044130515387,0.0002745292179458,0.0010085279940673,8.383333333333333,1627,-0.0019684516940318,0.0086132394949959,224,-0.0036002648124775,0.0102450526134416
compression_expansion:ETHUSDT:15:1:0.02:0.025,compression_expansion,ETHUSDT,15,1,0.02,0.025,development,2,31,31,0.0056379585911121,0.2818979295556093,1.6762652120999473,0.6451612903225806,11,0.3548387096774194,20,0,0.0011038589152782,0.0002743920904643,0.0020160484676612,8.383333333333333,1627,-0.0029665649663424,0.008604523557454499,224,-0.0045968016379873,0.0102347602290994
compression_expansion:ETHUSDT:15:1:0.03:0.03,compression_expansion,ETHUSDT,15,1,0.03,0.03,development,1,30,30,0.0074710881881033,0.2490362729367774,1.686477860382805,0.6666666666666666,10,0.3333333333333333,20,0,0.0011049447776111,0.0004144717819117,0.0010094952523736,19.841666666666665,969,-0.0018137163667234,0.009284804554826701,145,-0.0046798642373796,0.0121509524254829
compression_expansion:ETHUSDT:15:1:0.03:0.03,compression_expansion,ETHUSDT,15,1,0.03,0.03,development,2,30,30,0.0064633631190782,0.2154454373026099,1.5767878204918016,0.6666666666666666,10,0.3333333333333333,20,0,0.0011043901098901,0.0004142647530497,0.0020179820179818,19.841666666666665,969,-0.002812005146621,0.0092753682656992,145,-0.0056753818420525,0.0121387449611307
learned_leaf:ETHUSDT:15:1:0.02:0.025,learned_leaf,ETHUSDT,15,1,0.02,0.025,development,1,370,370,-0.0021316195413405,-0.1065809770670291,0.8263447216973266,0.4432432432432432,206,0.5567567567567567,164,0,0.0010994205748477,-2.1301310395660067e-05,0.0009994462228344,6.841666666666667,1627,-0.0019684516940318,-0.00016316784730870029,224,-0.0036002648124775,0.0014686452711369998
learned_leaf:ETHUSDT:15:1:0.02:0.025,learned_leaf,ETHUSDT,15,1,0.02,0.025,development,2,370,370,-0.0031295288101389,-0.1564764405069471,0.7558777717753564,0.4432432432432432,206,0.5567567567567567,164,0,0.0010988714285714,-2.1290670380477416e-05,0.0019978939978938,6.841666666666667,1627,-0.0029665649663424,-0.00016296384379650003,224,-0.0045968016379873,0.0014672728278484004
learned_leaf:ETHUSDT:15:1:0.03:0.03,learned_leaf,ETHUSDT,15,1,0.03,0.03,development,1,257,257,-0.0012811068402434,-0.0427035613414471,0.9178149804236234,0.5136186770428015,125,0.4863813229571984,132,0,0.0010998992420132,-1.988741343114977e-06,0.0010003169621413,10.383333333333333,969,-0.0018137163667234,0.0005326095264800001,145,-0.0046798642373796,0.0033987573971362003
learned_leaf:ETHUSDT:15:1:0.03:0.03,learned_leaf,ETHUSDT,15,1,0.03,0.03,development,2,257,257,-0.0022798758534132,-0.0759958617804411,0.8580304461925394,0.5136186770428015,125,0.4863813229571984,132,0,0.0010993496173087,-1.987747965820725e-06,0.0019996346066383,10.383333333333333,969,-0.002812005146621,0.0005321292932077997,145,-0.0056753818420525,0.0033955059886393
clock_control:ETHUSDT:15:1:0.02:0.025,clock_control,ETHUSDT,15,1,0.02,0.025,development,1,1628,1627,-0.0019684516940318,-0.0984225847015902,0.8385484988202125,0.4486785494775661,897,0.551321450522434,730,1,0.0010995554001344,6.053290191165727e-05,0.000999691482349,3.883333333333333,1627,-0.0019684516940318,0.0,224,-0.0036002648124775,0.0016318131184457
clock_control:ETHUSDT:15:1:0.02:0.025,clock_control,ETHUSDT,15,1,0.02,0.025,development,2,1628,1627,-0.0029665649663424,-0.1483282483171218,0.7669932908272479,0.4486785494775661,897,0.551321450522434,730,1,0.0010990061191001,6.05026656969162e-05,0.0019983842719087,3.883333333333333,1627,-0.0029665649663424,0.0,224,-0.0045968016379873,0.0016302366716449005
clock_control:ETHUSDT:15:1:0.03:0.03,clock_control,ETHUSDT,15,1,0.03,0.03,development,1,970,969,-0.0018137163667234,-0.0604572122241143,0.8856770028995521,0.5067079463364293,478,0.4932920536635707,491,1,0.0010996634984695,0.0001022319038508,0.000999888123097,7.066666666666666,969,-0.0018137163667234,0.0,145,-0.0046798642373796,0.0028661478706562002
clock_control:ETHUSDT:15:1:0.03:0.03,clock_control,ETHUSDT,15,1,0.03,0.03,development,2,970,969,-0.002812005146621,-0.0937335048873683,0.8279366941715604,0.5067079463364293,478,0.4932920536635707,491,1,0.0010991141093909,0.0001021808389638,0.0019987773569603,7.066666666666666,969,-0.002812005146621,0.0,145,-0.0056753818420525,0.0028633766954315
legacy_zone:ETHUSDT:15:1:0.02:0.025,legacy_zone,ETHUSDT,15,1,0.02,0.025,development,1,225,224,-0.0036002648124775,-0.1800132406238772,0.722783763047893,0.4151785714285714,131,0.5848214285714286,93,1,0.0010987174488133,0.000169636115176,0.0009981671723375,10.416666666666666,1627,-0.0019684516940318,-0.0016318131184457,224,-0.0036002648124775,0.0
legacy_zone:ETHUSDT:15:1:0.02:0.025,legacy_zone,ETHUSDT,15,1,0.02,0.025,development,2,225,224,-0.0045968016379873,-0.2298400818993673,0.6610272405634631,0.4151785714285714,131,0.5848214285714286,93,1,0.001098169005312,0.0001695513818517,0.0019953371746729,10.416666666666666,1627,-0.0029665649663424,-0.0016302366716449005,224,-0.0045968016379873,0.0
legacy_zone:ETHUSDT:15:1:0.03:0.03,legacy_zone,ETHUSDT,15,1,0.03,0.03,development,1,146,145,-0.0046798642373796,-0.1559954745793231,0.7304303443514316,0.4620689655172413,78,0.5379310344827586,67,1,0.001098189202118,0.0002893152499126,0.0009972062433362,18.341666666666665,969,-0.0018137163667234,-0.0028661478706562002,145,-0.0046798642373796,0.0
legacy_zone:ETHUSDT:15:1:0.03:0.03,legacy_zone,ETHUSDT,15,1,0.03,0.03,development,2,146,145,-0.0056753818420525,-0.1891793947350845,0.6826623951315024,0.4620689655172413,78,0.5379310344827586,67,1,0.0010976412865997,0.0002891707368007,0.0019934162766392,18.341666666666665,969,-0.002812005146621,-0.0028633766954315,145,-0.0056753818420525,0.0
trend_pullback:ETHUSDT:15:-1:0.02:0.025,trend_pullback,ETHUSDT,15,-1,0.02,0.025,development,1,94,94,-0.0004482348053087,-0.0224117402654379,0.961043123276328,0.4787234042553192,49,0.5212765957446809,45,0,0.0010997010220535,-0.0001078699505265,0.000998956925271,6.008333333333334,1668,-0.0024294803129061,0.0019812455075974,262,-0.0022731829115994,0.0018249481062907
trend_pullback:ETHUSDT:15:-1:0.02:0.025,trend_pullback,ETHUSDT,15,-1,0.02,0.025,development,2,94,94,-0.001448687674783,-0.072434383739151,0.8796641152499473,0.4787234042553192,49,0.5212765957446809,45,0,0.0011002509983387,-0.0001079239394907,0.0019989138074243,6.008333333333334,1668,-0.0034318912440105,0.0019832035692275,262,-0.0032754458800504,0.0018267582052673998
trend_pullback:ETHUSDT:15:-1:0.03:0.03,trend_pullback,ETHUSDT,15,-1,0.03,0.03,development,1,87,87,-0.0001729924330781,-0.0057664144359375,0.988524113927508,0.5287356321839081,41,0.4712643678160919,46,0,0.0010996010505252,-0.0002012459361063,0.0009987752496936,11.033333333333331,969,-0.002449413665462,0.0022764212323838997,187,-0.0037423712389486,0.0035693788058705
trend_pullback:ETHUSDT:15:-1:0.03:0.03,trend_pullback,ETHUSDT,15,-1,0.03,0.03,development,2,87,87,-0.0011732166103685,-0.0391072203456176,0.9246043032367164,0.5287356321839081,41,0.4712643678160919,46,0,0.0011001509267888,-0.000201346659798,0.0019985502744122,11.033333333333331,969,-0.0034518659096821,0.0022786492993136,187,-0.004746129020585,0.0035729124102165
shock_reversal:ETHUSDT:15:-1:0.02:0.025,shock_reversal,ETHUSDT,15,-1,0.02,0.025,development,1,97,97,0.0003154752554294,0.0157737627714739,1.028364568663499,0.4948453608247423,49,0.5051546391752577,48,0,0.0010993016044104,-0.0001449666970264,0.0009982310742999,11.55,1668,-0.0024294803129061,0.0027449555683354996,262,-0.0022731829115994,0.0025886581670288
shock_reversal:ETHUSDT:15:-1:0.02:0.025,shock_reversal,ETHUSDT,15,-1,0.02,0.025,development,2,97,97,-0.0006842320699382,-0.0342116034969134,0.9412093261570352,0.4948453608247423,49,0.5051546391752577,48,0,0.0010998511810779,-0.0001450392529308,0.0019974613789045,11.55,1668,-0.0034318912440105,0.0027476591740723,262,-0.0032754458800504,0.0025912138101121997
shock_reversal:ETHUSDT:15:-1:0.03:0.03,shock_reversal,ETHUSDT,15,-1,0.03,0.03,development,1,87,87,-0.0008025825207218,-0.0267527506907291,0.9478571432239604,0.5172413793103449,42,0.4827586206896552,45,0,0.0010999807403701,-0.0002623807108938,0.0009994652498662,17.633333333333333,969,-0.002449413665462,0.0016468311447402,187,-0.0037423712389486,0.0029397887182268
shock_reversal:ETHUSDT:15:-1:0.03:0.03,shock_reversal,ETHUSDT,15,-1,0.03,0.03,development,2,87,87,-0.0018034671707702,-0.0601155723590069,0.886504380211701,0.5172413793103449,42,0.4827586206896552,45,0,0.0011005309965137,-0.0002625120325709,0.001999930965448,17.633333333333333,969,-0.0034518659096821,0.0016483987389119001,187,-0.004746129020585,0.0029426618498147998
funding_squeeze:ETHUSDT:15:-1:0.02:0.025,funding_squeeze,ETHUSDT,15,-1,0.02,0.025,development,1,199,199,-0.0011458631955427,-0.057293159777137,0.9029100459612752,0.4623115577889447,107,0.5376884422110553,92,0,0.00110010762165,-0.000149920153418,0.0009996958278133,7.5,1668,-0.0024294803129061,0.0012836171173633997,262,-0.0022731829115994,0.0011273197160567
funding_squeeze:ETHUSDT:15:-1:0.02:0.025,funding_squeeze,ETHUSDT,15,-1,0.02,0.025,development,2,199,199,-0.002147035067857,-0.1073517533928521,0.8261734800527115,0.4623115577889447,107,0.5376884422110553,92,0,0.0011006580047384,-0.0001499951885298,0.002000392352151,7.5,1668,-0.0034318912440105,0.0012848561761535002,262,-0.0032754458800504,0.0011284108121934
funding_squeeze:ETHUSDT:15:-1:0.03:0.03,funding_squeeze,ETHUSDT,15,-1,0.03,0.03,development,1,170,169,0.0019430684996867,0.0647689499895571,1.1400658853353864,0.5621301775147929,74,0.4378698224852071,95,1,0.0010984660379959,-0.0002525127120942,0.0009967126218633,11.891666666666667,969,-0.002449413665462,0.0043924821651487,187,-0.0037423712389486,0.0056854397386353
funding_squeeze:ETHUSDT:15:-1:0.03:0.03,funding_squeeze,ETHUSDT,15,-1,0.03,0.03,development,2,170,169,0.0009449358095471,0.0314978603182368,1.0659790985685438,0.5621301775147929,74,0.4378698224852071,95,1,0.0010990147786786,-0.000252639094833,0.001994422954059,11.891666666666667,969,-0.0034518659096821,0.0043968017192292,187,-0.004746129020585,0.005691064830132099
compression_expansion:ETHUSDT:15:-1:0.02:0.025,compression_expansion,ETHUSDT,15,-1,0.02,0.025,development,1,26,26,0.004043263451157,0.2021631725578548,1.4339562469413574,0.5769230769230769,11,0.4230769230769231,15,0,0.0010972681484973,-0.000173528867519,0.000994535729403,9.375,1668,-0.0024294803129061,0.0064727437640631,262,-0.0022731829115994,0.0063164463627563994
compression_expansion:ETHUSDT:15:-1:0.02:0.025,compression_expansion,ETHUSDT,15,-1,0.02,0.025,development,2,26,26,0.0030472714995849,0.1523635749792476,1.3125529904568878,0.5769230769230769,11,0.4230769230769231,15,0,0.0010978156906906,-0.000173615718804,0.0019900669900668,9.375,1668,-0.0034318912440105,0.006479162743595401,262,-0.0032754458800504,0.0063227173796353
compression_expansion:ETHUSDT:15:-1:0.03:0.03,compression_expansion,ETHUSDT,15,-1,0.03,0.03,development,1,26,26,0.0028222968955137,0.0940765631837909,1.2099286707370107,0.5769230769230769,11,0.4230769230769231,15,0,0.0010980092738677,-0.0003008041106596,0.0009958825566628,12.616666666666667,969,-0.002449413665462,0.0052717105609757,187,-0.0037423712389486,0.0065646681344623
compression_expansion:ETHUSDT:15:-1:0.03:0.03,compression_expansion,ETHUSDT,15,-1,0.03,0.03,development,2,26,26,0.0018250197283327,0.0608339909444263,1.1314793129264684,0.5769230769230769,11,0.4230769230769231,15,0,0.0010985575575575,-0.0003009546632676,0.0019927619927618,12.616666666666667,969,-0.0034518659096821,0.0052768856380148,187,-0.004746129020585,0.006571148748917699
learned_leaf:ETHUSDT:15:-1:0.02:0.025,learned_leaf,ETHUSDT,15,-1,0.02,0.025,development,1,980,979,-0.0018714355323963,-0.0935717766198178,0.8462677018411207,0.4473953013278856,541,0.5526046986721144,438,1,0.0011004729274607,-8.890550547970908e-05,0.0010003596882661,4.575,1668,-0.0024294803129061,0.0005580447805097997,262,-0.0022731829115994,0.00040174737920309995
learned_leaf:ETHUSDT:15:-1:0.02:0.025,learned_leaf,ETHUSDT,15,-1,0.02,0.025,development,2,980,979,-0.002873302833039,-0.1436651416519546,0.7744227362959564,0.4473953013278856,541,0.5526046986721144,438,1,0.0011010236760378,-8.895000272969893e-05,0.0020017207375817,4.575,1668,-0.0034318912440105,0.0005585884109714999,262,-0.0032754458800504,0.00040214304701139975
learned_leaf:ETHUSDT:15:-1:0.03:0.03,learned_leaf,ETHUSDT,15,-1,0.03,0.03,development,1,610,609,-0.0020028336130346,-0.0667611204344894,0.8748065504160504,0.4991789819376026,305,0.5008210180623974,304,1,0.0011005757852423,-0.0001446244309611,0.0010005466089541,7.866666666666666,969,-0.002449413665462,0.0004465800524273999,187,-0.0037423712389486,0.001739537625914
learned_leaf:ETHUSDT:15:-1:0.03:0.03,learned_leaf,ETHUSDT,15,-1,0.03,0.03,development,2,610,609,-0.0030048602370323,-0.1001620079010798,0.8180408725633009,0.4991789819376026,305,0.5008210180623974,304,1,0.0011011266367287,-0.0001446968155612,0.0020020947660655,7.866666666666666,969,-0.0034518659096821,0.00044700567264980033,187,-0.004746129020585,0.0017412687835527
clock_control:ETHUSDT:15:-1:0.02:0.025,clock_control,ETHUSDT,15,-1,0.02,0.025,development,1,1669,1668,-0.0024294803129061,-0.121474015645308,0.8048597641569377,0.4358513189448441,941,0.5641486810551559,727,1,0.001100763529131,-5.951799999005637e-05,0.0010008877908882,3.8,1668,-0.0024294803129061,0.0,262,-0.0022731829115994,-0.0001562974013066998
clock_control:ETHUSDT:15:-1:0.02:0.025,clock_control,ETHUSDT,15,-1,0.02,0.025,development,2,1669,1668,-0.0034318912440105,-0.1715945622005289,0.736550933710733,0.4358513189448441,941,0.5641486810551559,727,1,0.0011013145684553,-5.954778877884019e-05,0.0020027774714571,3.8,1668,-0.0034318912440105,0.0,262,-0.0032754458800504,-0.0001564453639601002
clock_control:ETHUSDT:15:-1:0.03:0.03,clock_control,ETHUSDT,15,-1,0.03,0.03,development,1,970,969,-0.002449413665462,-0.0816471221820688,0.8493350124186346,0.4922600619195046,492,0.5077399380804953,477,1,0.0011007979802747,-0.0001022575416375,0.0010009503980277,7.066666666666666,969,-0.002449413665462,0.0,187,-0.0037423712389486,0.0012929575734866002
clock_control:ETHUSDT:15:-1:0.03:0.03,clock_control,ETHUSDT,15,-1,0.03,0.03,development,2,970,969,-0.0034518659096821,-0.1150621969894064,0.7942971013179306,0.4922600619195046,492,0.5077399380804953,477,1,0.0011013490540674,-0.0001023087215882,0.0020029027484058,7.066666666666666,969,-0.0034518659096821,0.0,187,-0.004746129020585,0.0012942631109028996
legacy_zone:ETHUSDT:15:-1:0.02:0.025,legacy_zone,ETHUSDT,15,-1,0.02,0.025,development,1,262,262,-0.0022731829115994,-0.1136591455799749,0.816482722895739,0.4389312977099237,147,0.5610687022900763,115,0,0.0011006868620378,-7.634401932768814e-05,0.0010007484658358,5.841666666666667,1668,-0.0024294803129061,0.0001562974013066998,262,-0.0022731829115994,0.0
legacy_zone:ETHUSDT:15:-1:0.02:0.025,legacy_zone,ETHUSDT,15,-1,0.02,0.025,development,2,262,262,-0.0032754458800504,-0.1637722940025237,0.747268894609393,0.4389312977099237,147,0.5610687022900763,115,0,0.0011012378246567,-7.638222954757187e-05,0.0020024986818878,5.841666666666667,1668,-0.0034318912440105,0.0001564453639601002,262,-0.0032754458800504,0.0
legacy_zone:ETHUSDT:15:-1:0.03:0.03,legacy_zone,ETHUSDT,15,-1,0.03,0.03,development,1,187,187,-0.0037423712389486,-0.1247457079649547,0.7792418128242822,0.4705882352941176,99,0.5294117647058824,88,0,0.0011015218344466,-0.0001261223166525,0.0010022658388016,8.95,969,-0.002449413665462,-0.0012929575734866002,187,-0.0037423712389486,0.0
legacy_zone:ETHUSDT:15:-1:0.03:0.03,legacy_zone,ETHUSDT,15,-1,0.03,0.03,development,2,187,187,-0.004746129020585,-0.1582043006861683,0.7287730251604372,0.4705882352941176,99,0.5294117647058824,88,0,0.0011020736324559,-0.0001261854409351,0.0020055349467113,8.95,969,-0.0034518659096821,-0.0012942631109028996,187,-0.004746129020585,0.0
trend_pullback:ETHUSDT:60:1:0.02:0.025,trend_pullback,ETHUSDT,60,1,0.02,0.025,development,1,68,68,-0.0017587036947612,-0.0879351847380605,0.8547865922816925,0.4558823529411764,37,0.5441176470588235,31,0,0.0010997330801511,0.00017366179843,0.0010000146985329,14.408333333333331,1435,-0.0018840640473062,0.00012536035254499985,196,-0.0052685811049936,0.0035098774102324
trend_pullback:ETHUSDT:60:1:0.02:0.025,trend_pullback,ETHUSDT,60,1,0.02,0.025,development,2,68,68,-0.0027570831748308,-0.1378541587415421,0.7819325360388143,0.4558823529411764,37,0.5441176470588235,31,0,0.0010991836215255,0.0001735750542749,0.0019990303813832,14.408333333333331,1435,-0.0028822657681438,0.00012518259331300002,196,-0.0062634369174263,0.0035063537425954997
trend_pullback:ETHUSDT:60:1:0.03:0.03,trend_pullback,ETHUSDT,60,1,0.03,0.03,development,1,60,60,-0.0024154393650832,-0.0805146455027735,0.8510579781466457,0.5,30,0.5,30,0,0.0010994502748625,0.0003164888403457,0.0009995002498749,25.05,890,-0.0020103312108474,-0.00040510815423579986,130,-0.0070094153315839,0.0045939759665007
trend_pullback:ETHUSDT:60:1:0.03:0.03,trend_pullback,ETHUSDT,60,1,0.03,0.03,development,2,60,60,-0.0034132338509148,-0.113774461697162,0.7956297234567156,0.5,30,0.5,30,0,0.001098901098901,0.0003163307540118,0.0019980019980018,25.05,890,-0.0030084291548974,-0.0004048046960173999,130,-0.0080026009469526,0.0045893670960378
shock_reversal:ETHUSDT:60:1:0.02:0.025,shock_reversal,ETHUSDT,60,1,0.02,0.025,development,1,26,26,-0.0015060546084911,-0.0753027304245573,0.873725055051023,0.4615384615384615,14,0.5384615384615384,12,0,0.0010998729289201,0.0001751433525807,0.0010002690962209,10.816666666666666,1435,-0.0018840640473062,0.00037800943881510004,196,-0.0052685811049936,0.0037625264965025
shock_reversal:ETHUSDT:60:1:0.02:0.025,shock_reversal,ETHUSDT,60,1,0.02,0.025,development,2,26,26,-0.0025046873522892,-0.1252343676144627,0.7988748758329997,0.4615384615384615,14,0.5384615384615384,12,0,0.0010993233305156,0.0001750558683886,0.0019995389226157,10.816666666666666,1435,-0.0028822657681438,0.00037757841585459983,196,-0.0062634369174263,0.0037587495651370995
shock_reversal:ETHUSDT:60:1:0.03:0.03,shock_reversal,ETHUSDT,60,1,0.03,0.03,development,1,26,26,-0.0046920710722277,-0.1564023690742593,0.7299612355746755,0.4615384615384615,14,0.5384615384615384,12,0,0.0010981823126898,0.0002890027410089,0.0009971937108367,25.633333333333333,890,-0.0020103312108474,-0.0026817398613803002,130,-0.0070094153315839,0.0023173442593561995
shock_reversal:ETHUSDT:60:1:0.03:0.03,shock_reversal,ETHUSDT,60,1,0.03,0.03,development,2,26,26,-0.0056875763199055,-0.1895858773301856,0.6822001873407928,0.4615384615384615,14,0.5384615384615384,12,0,0.0010976344040574,0.0002888583839954,0.0019933912241603,25.633333333333333,890,-0.0030084291548974,-0.0026791471650081003,130,-0.0080026009469526,0.0023150246270470997
funding_squeeze:ETHUSDT:60:1:0.02:0.025,funding_squeeze,ETHUSDT,60,1,0.02,0.025,development,1,17,17,0.0045894647943574,0.2294732397178743,1.5149967686982533,0.5882352941176471,7,0.4117647058823529,10,0,0.0011030055413469,-0.0002278497048433,0.0010059676044329,3.583333333333333,1435,-0.0018840640473062,0.0064735288416636,196,-0.0052685811049936,0.009858045899351
funding_squeeze:ETHUSDT:60:1:0.02:0.025,funding_squeeze,ETHUSDT,60,1,0.02,0.025,development,2,17,17,0.0035849410709778,0.1792470535488901,1.3848804006960709,0.5882352941176471,7,0.4117647058823529,10,0,0.0011024528118939,-0.0002277358938019,0.0020109302462242,3.583333333333333,1435,-0.0028822657681438,0.0064672068391216,196,-0.0062634369174263,0.0098483779884041
funding_squeeze:ETHUSDT:60:1:0.03:0.03,funding_squeeze,ETHUSDT,60,1,0.03,0.03,development,1,16,16,0.0020486031144897,0.0682867704829915,1.150480029695271,0.5625,7,0.4375,9,0,0.0011015107133933,-0.000403362203695,0.001003248375812,3.883333333333333,890,-0.0020103312108474,0.004058934325337099,130,-0.0070094153315839,0.0090580184460736
funding_squeeze:ETHUSDT:60:1:0.03:0.03,funding_squeeze,ETHUSDT,60,1,0.03,0.03,development,2,16,16,0.0010467067405564,0.0348902246852148,1.0745650511513691,0.5625,7,0.4375,9,0,0.0011009594780219,-0.0004031607240728,0.0020054945054944,3.883333333333333,890,-0.0030084291548974,0.0040551358954538,130,-0.0080026009469526,0.009049307687509
compression_expansion:ETHUSDT:60:1:0.02:0.025,compression_expansion,ETHUSDT,60,1,0.02,0.025,development,1,9,9,0.0027983859680455,0.139919298402277,1.284609638269746,0.5555555555555556,4,0.4444444444444444,5,0,0.0011021975262368,9.491875459321083e-05,0.0010044977511242,21.416666666666668,1435,-0.0018840640473062,0.0046824500153517,196,-0.0052685811049936,0.0080669670730391
compression_expansion:ETHUSDT:60:1:0.02:0.025,compression_expansion,ETHUSDT,60,1,0.02,0.025,development,2,9,9,0.0017954910449845,0.0897745522492276,1.1748795232506866,0.5555555555555556,4,0.4444444444444444,5,0,0.0011016456043956,9.487134262787957e-05,0.0020079920079918,21.416666666666668,1435,-0.0028822657681438,0.0046777568131283,196,-0.0062634369174263,0.008058927962410799
compression_expansion:ETHUSDT:60:1:0.03:0.03,compression_expansion,ETHUSDT,60,1,0.03,0.03,development,1,9,9,-0.0056145504435055,-0.1871516814501864,0.6865569862305381,0.4444444444444444,5,0.5555555555555556,4,0,0.0010976187739463,0.0001874297538505,0.0009961685823753,32.3,890,-0.0020103312108474,-0.0036042192326581,130,-0.0070094153315839,0.0013948648880783999
compression_expansion:ETHUSDT:60:1:0.03:0.03,compression_expansion,ETHUSDT,60,1,0.03,0.03,development,2,9,9,-0.0066090828858415,-0.2203027628613856,0.6417887979994111,0.4444444444444444,5,0.5555555555555556,4,0,0.0010970714285714,0.0001873361325948,0.0019913419913419,32.3,890,-0.0030084291548974,-0.0036006537309440996,130,-0.0080026009469526,0.0013935180611111004
learned_leaf:ETHUSDT:60:1:0.02:0.025,learned_leaf,ETHUSDT,60,1,0.02,0.025,development,1,328,328,-0.0006871477428297,-0.034357387141489,0.9405883752419488,0.4756097560975609,172,0.524390243902439,156,0,0.0011002208453699,-1.1536066180294034e-05,0.0010009019880302,6.758333333333334,1435,-0.0018840640473062,0.0011969163044765,196,-0.0052685811049936,0.004581433362163901
learned_leaf:ETHUSDT:60:1:0.02:0.025,learned_leaf,ETHUSDT,60,1,0.02,0.025,development,2,328,328,-0.0016865056448977,-0.0843252822448881,0.8603739699409294,0.4756097560975609,172,0.524390243902439,156,0,0.0010996708992227,-1.1530303909474704e-05,0.0020008040739747,6.758333333333334,1435,-0.0028822657681438,0.0011957601232461,196,-0.0062634369174263,0.0045769312725286
learned_leaf:ETHUSDT:60:1:0.03:0.03,learned_leaf,ETHUSDT,60,1,0.03,0.03,development,1,220,220,-0.0013097030610658,-0.0436567687021937,0.9160815065731248,0.5136363636363637,107,0.4863636363636364,113,0,0.0010998998250874,2.7667031353516854e-05,0.0010003180228066,13.691666666666666,890,-0.0020103312108474,0.0007006281497816001,130,-0.0070094153315839,0.0056997122705181
learned_leaf:ETHUSDT:60:1:0.03:0.03,learned_leaf,ETHUSDT,60,1,0.03,0.03,development,2,220,220,-0.0023084583201852,-0.076948610672842,0.8564181278358337,0.5136363636363637,107,0.4863636363636364,113,0,0.0010993501998001,2.765321165753609e-05,0.0019996367269093,13.691666666666666,890,-0.0030084291548974,0.0006999708347121998,130,-0.0080026009469526,0.005694142626767399
clock_control:ETHUSDT:60:1:0.02:0.025,clock_control,ETHUSDT,60,1,0.02,0.025,development,1,1436,1435,-0.0018840640473062,-0.094203202365312,0.8449839083065958,0.4508710801393728,788,0.5491289198606272,647,1,0.0010996063546748,6.873891957054556e-05,0.0009997841733134,5.05,1435,-0.0018840640473062,0.0,196,-0.0052685811049936,0.0033845170576874
clock_control:ETHUSDT:60:1:0.02:0.025,clock_control,ETHUSDT,60,1,0.02,0.025,development,2,1436,1435,-0.0028822657681438,-0.1441132884071945,0.7728949317474754,0.4508710801393728,788,0.5491289198606272,647,1,0.0010990570227114,6.870458444588497e-05,0.0019985695612391,5.05,1435,-0.0028822657681438,0.0,196,-0.0062634369174263,0.0033811711492824996
clock_control:ETHUSDT:60:1:0.03:0.03,clock_control,ETHUSDT,60,1,0.03,0.03,development,1,891,890,-0.0020103312108474,-0.0670110403615819,0.8740856907666894,0.503370786516854,442,0.4966292134831461,448,1,0.0010995615531523,0.0001135935709942,0.0009997026752508,8.316666666666666,890,-0.0020103312108474,0.0,130,-0.0070094153315839,0.0049990841207365
clock_control:ETHUSDT:60:1:0.03:0.03,clock_control,ETHUSDT,60,1,0.03,0.03,development,2,891,890,-0.0030084291548974,-0.100280971829915,0.81708520026504,0.503370786516854,442,0.4966292134831461,448,1,0.0010990122659681,0.0001135368309487,0.0019984066465304,8.316666666666666,890,-0.0030084291548974,0.0,130,-0.0080026009469526,0.0049941717920552
legacy_zone:ETHUSDT:60:1:0.02:0.025,legacy_zone,ETHUSDT,60,1,0.02,0.025,development,1,197,196,-0.0052685811049936,-0.2634290552496814,0.6183883181249443,0.3775510204081632,122,0.6224489795918368,74,1,0.0010977844790647,0.0001425767436497,0.0009964700151251,9.8,1435,-0.0018840640473062,-0.0033845170576874,196,-0.0052685811049936,0.0
legacy_zone:ETHUSDT:60:1:0.02:0.025,legacy_zone,ETHUSDT,60,1,0.02,0.025,development,2,197,196,-0.0062634369174263,-0.3131718458713166,0.5655452275386179,0.3775510204081632,122,0.6224489795918368,74,1,0.0010972369680674,0.0001425055264951,0.0019919445557098,9.8,1435,-0.0028822657681438,-0.0033811711492824996,196,-0.0062634369174263,0.0
legacy_zone:ETHUSDT:60:1:0.03:0.03,legacy_zone,ETHUSDT,60,1,0.03,0.03,development,1,131,130,-0.0070094153315839,-0.2336471777194662,0.6231096782542891,0.4230769230769231,75,0.5769230769230769,55,1,0.0010969032803975,0.0002821127739748,0.0009948670342398,19.616666666666667,890,-0.0020103312108474,-0.0049990841207365,130,-0.0070094153315839,0.0
legacy_zone:ETHUSDT:60:1:0.03:0.03,legacy_zone,ETHUSDT,60,1,0.03,0.03,development,2,131,130,-0.0080026009469526,-0.2667533648984232,0.5823212959155957,0.4230769230769231,75,0.5769230769230769,55,1,0.0010963566501589,0.0002819718585032,0.0019887401953186,19.616666666666667,890,-0.0030084291548974,-0.0049941717920552,130,-0.0080026009469526,0.0
trend_pullback:ETHUSDT:60:-1:0.02:0.025,trend_pullback,ETHUSDT,60,-1,0.02,0.025,development,1,85,85,0.0012845502141745,0.0642275107087289,1.1208509134507487,0.5176470588235295,41,0.4823529411764706,44,0,0.0010987366977606,-8.637374947152055e-05,0.0009972044845951,5.25,1428,-0.0020218794002104,0.0033064296143848998,221,-0.002876254189312,0.0041608044034865
trend_pullback:ETHUSDT:60:-1:0.02:0.025,trend_pullback,ETHUSDT,60,-1,0.02,0.025,development,2,85,85,0.0002858417455188,0.0142920872759448,1.0257001068648812,0.5176470588235295,41,0.4823529411764706,44,0,0.0010992857092386,-8.641697957636118e-05,0.0019954071718776,5.25,1428,-0.0030238872544087,0.0033097289999275002,221,-0.0038791252881842,0.004164967033703
trend_pullback:ETHUSDT:60:-1:0.03:0.03,trend_pullback,ETHUSDT,60,-1,0.03,0.03,development,1,79,79,-0.0015665605347364,-0.0522186844912163,0.9011602767658664,0.5063291139240507,39,0.4936708860759494,40,0,0.0011003412054128,-0.0001541541485544,0.001000120313321,10.516666666666667,890,-0.0022577880671653,0.0006912275324289,160,-0.0030845840513293,0.0015180235165929003
trend_pullback:ETHUSDT:60:-1:0.03:0.03,trend_pullback,ETHUSDT,60,-1,0.03,0.03,development,2,79,79,-0.002568155432053,-0.0856051810684363,0.8430128585580476,0.5063291139240507,39,0.4936708860759494,40,0,0.0011008918222019,-0.0001542313027829,0.002001241748077,10.516666666666667,890,-0.0032600542349079,0.0006918988028549,160,-0.0040876922609396,0.0015195368288866001
shock_reversal:ETHUSDT:60:-1:0.02:0.025,shock_reversal,ETHUSDT,60,-1,0.02,0.025,development,1,29,29,-0.0018099908676597,-0.0904995433829877,0.8510847387888146,0.4482758620689655,16,0.5517241379310345,13,0,0.0011004553526763,-0.0001183784419949,0.0010003277500818,7.95,1428,-0.0020218794002104,0.00021188853255069986,221,-0.002876254189312,0.0010662633216523
shock_reversal:ETHUSDT:60:-1:0.02:0.025,shock_reversal,ETHUSDT,60,-1,0.02,0.025,development,2,29,29,-0.0028118114293449,-0.1405905714672477,0.7789176200630991,0.4482758620689655,16,0.5517241379310345,13,0,0.0011010060836698,-0.0001184376904644,0.0020016568292429,7.95,1428,-0.0030238872544087,0.0002120758250638002,221,-0.0038791252881842,0.0010673138588392999
shock_reversal:ETHUSDT:60:-1:0.03:0.03,shock_reversal,ETHUSDT,60,-1,0.03,0.03,development,1,28,28,-0.0040496291512278,-0.1349876383742606,0.7638311852539889,0.4642857142857143,15,0.5357142857142857,13,0,0.0011017300257271,-0.0001976021965888,0.0010026441792323,15.333333333333334,890,-0.0022577880671653,-0.0017918410840625002,160,-0.0030845840513293,-0.0009650450998984999
shock_reversal:ETHUSDT:60:-1:0.03:0.03,shock_reversal,ETHUSDT,60,-1,0.03,0.03,development,2,28,28,-0.0050537300845939,-0.1684576694864643,0.7144795067754587,0.4642857142857143,15,0.5357142857142857,13,0,0.001102282032032,-0.0001977010965871,0.0020062920062918,15.333333333333334,890,-0.0032600542349079,-0.0017936758496859997,160,-0.0040876922609396,-0.0009660378236542996
funding_squeeze:ETHUSDT:60:-1:0.02:0.025,funding_squeeze,ETHUSDT,60,-1,0.02,0.025,development,1,191,191,-0.0009767315039394,-0.0488365751969719,0.9167222893005864,0.4659685863874345,102,0.5340314136125655,89,0,0.0011000170196354,-0.0001542303074635,0.000999531179202,8.366666666666667,1428,-0.0020218794002104,0.0010451478962709999,221,-0.002876254189312,0.0018995226853726
funding_squeeze:ETHUSDT:60:-1:0.02:0.025,funding_squeeze,ETHUSDT,60,-1,0.02,0.025,development,2,191,191,-0.0019777363149474,-0.098886815747372,0.8388729620344999,0.4659685863874345,102,0.5340314136125655,89,0,0.0011005673120764,-0.0001543074998096,0.0020000628901151,8.366666666666667,1428,-0.0030238872544087,0.0010461509394613,221,-0.0038791252881842,0.0019013889732367997
funding_squeeze:ETHUSDT:60:-1:0.03:0.03,funding_squeeze,ETHUSDT,60,-1,0.03,0.03,development,1,154,154,0.0008994512873812,0.0299817095793758,1.0620827264807828,0.5454545454545454,70,0.4545454545454545,84,0,0.0010990487743871,-0.0002689989475748,0.0009977716130791,15.866666666666667,890,-0.0022577880671653,0.0031572393545465,160,-0.0030845840513293,0.0039840353387105
funding_squeeze:ETHUSDT:60:-1:0.03:0.03,funding_squeeze,ETHUSDT,60,-1,0.03,0.03,development,2,154,154,-9.973378568447615e-05,-0.0033244595228158,0.9933319784189096,0.5454545454545454,70,0.4545454545454545,84,0,0.001099598098098,-0.0002691335816827,0.0019965419965418,15.866666666666667,890,-0.0032600542349079,0.003160320449223424,160,-0.0040876922609396,0.003987958475255124
compression_expansion:ETHUSDT:60:-1:0.02:0.025,compression_expansion,ETHUSDT,60,-1,0.02,0.025,development,1,13,13,-0.0080089767425104,-0.4004488371255223,0.4727224346291423,0.3076923076923077,9,0.6923076923076923,4,0,0.0011039382768307,-0.0002554648629075,0.0010066571747411,23.666666666666668,1428,-0.0020218794002104,-0.005987097342299999,221,-0.002876254189312,-0.0051327225531984
compression_expansion:ETHUSDT:60:-1:0.02:0.025,compression_expansion,ETHUSDT,60,-1,0.02,0.025,development,2,13,13,-0.0090170679374612,-0.4508533968730628,0.4327759363850744,0.3076923076923077,9,0.6923076923076923,4,0,0.0011044924924924,-0.0002555927231992,0.0020143220143218,23.666666666666668,1428,-0.0030238872544087,-0.005993180683052501,221,-0.0038791252881842,-0.0051379426492770015
compression_expansion:ETHUSDT:60:-1:0.03:0.03,compression_expansion,ETHUSDT,60,-1,0.03,0.03,development,1,13,13,-0.0087628476974214,-0.2920949232473819,0.5545798625360554,0.3846153846153846,8,0.6153846153846154,5,0,0.0011043617770423,-0.0002720177930159,0.0010074267903181,30.383333333333333,890,-0.0022577880671653,-0.006505059630256101,160,-0.0030845840513293,-0.005678263646092101
compression_expansion:ETHUSDT:60:-1:0.03:0.03,compression_expansion,ETHUSDT,60,-1,0.03,0.03,development,2,13,13,-0.0097717014172977,-0.3257233805765908,0.5188323849299489,0.3846153846153846,8,0.6153846153846154,5,0,0.0011049164164164,-0.0002721539380574,0.0020158620158618,30.383333333333333,890,-0.0032600542349079,-0.0065116471823898,160,-0.0040876922609396,-0.0056840091563581
learned_leaf:ETHUSDT:60:-1:0.02:0.025,learned_leaf,ETHUSDT,60,-1,0.02,0.025,development,1,835,834,-0.0014360754930455,-0.0718037746522798,0.8798866990542399,0.4568345323741007,453,0.5431654676258992,381,1,0.0011002386163765,-9.801108064244752e-05,0.0009999338810166,5.366666666666666,1428,-0.0020218794002104,0.0005858039071648998,221,-0.002876254189312,0.0014401786962665
learned_leaf:ETHUSDT:60:-1:0.02:0.025,learned_leaf,ETHUSDT,60,-1,0.02,0.025,development,2,835,834,-0.002437511768432,-0.1218755884216012,0.8051624539747089,0.4568345323741007,453,0.5431654676258992,381,1,0.0011007891305252,-9.806013523736365e-05,0.0020008686968493,5.366666666666666,1428,-0.0030238872544087,0.0005863754859766999,221,-0.0038791252881842,0.0014416135197521996
learned_leaf:ETHUSDT:60:-1:0.03:0.03,learned_leaf,ETHUSDT,60,-1,0.03,0.03,development,1,557,556,-0.0008671718815782,-0.0289057293859419,0.9436705956969768,0.5179856115107914,268,0.4820143884892086,288,1,0.0010999555076161,-0.0001518883826365,0.0009994193950589,9.316666666666666,890,-0.0022577880671653,0.0013906161855870998,160,-0.0030845840513293,0.0022174121697511
learned_leaf:ETHUSDT:60:-1:0.03:0.03,learned_leaf,ETHUSDT,60,-1,0.03,0.03,development,2,557,556,-0.0018680659071388,-0.0622688635712952,0.8824466763417442,0.5179856115107914,268,0.4820143884892086,288,1,0.0011005057385143,-0.000151964402848,0.0019998392099329,9.316666666666666,890,-0.0032600542349079,0.0013919883277691,160,-0.0040876922609396,0.0022196263538008
clock_control:ETHUSDT:60:-1:0.02:0.025,clock_control,ETHUSDT,60,-1,0.02,0.025,development,1,1429,1428,-0.0020218794002104,-0.1010939700105242,0.8349156040075939,0.4446778711484593,793,0.5553221288515406,635,1,0.0011005446699233,-6.897422124461855e-05,0.0010004900639194,5.033333333333333,1428,-0.0020218794002104,0.0,221,-0.002876254189312,0.0008543747891016002
clock_control:ETHUSDT:60:-1:0.02:0.025,clock_control,ETHUSDT,60,-1,0.02,0.025,development,2,1429,1428,-0.0030238872544087,-0.1511943627204391,0.7640432015333336,0.4446778711484593,793,0.5553221288515406,635,1,0.0011010954902788,-6.900874287687314e-05,0.0020019816193945,5.033333333333333,1428,-0.0030238872544087,0.0,221,-0.0038791252881842,0.0008552380337754997
clock_control:ETHUSDT:60:-1:0.03:0.03,clock_control,ETHUSDT,60,-1,0.03,0.03,development,1,891,890,-0.0022577880671653,-0.0752596022388457,0.8602179060615023,0.495505617977528,449,0.5044943820224719,441,1,0.0011006988502992,-0.0001135476908054,0.0010007702517816,8.316666666666666,890,-0.0022577880671653,0.0,160,-0.0030845840513293,0.0008267959841640003
clock_control:ETHUSDT:60:-1:0.03:0.03,clock_control,ETHUSDT,60,-1,0.03,0.03,development,2,891,890,-0.0032600542349079,-0.1086684744969326,0.8044758457460529,0.495505617977528,449,0.5044943820224719,441,1,0.0011012498249123,-0.0001136045214815,0.0020025422755872,8.316666666666666,890,-0.0032600542349079,0.0,160,-0.0040876922609396,0.0008276380260317001
legacy_zone:ETHUSDT:60:-1:0.02:0.025,legacy_zone,ETHUSDT,60,-1,0.02,0.025,development,1,221,221,-0.002876254189312,-0.1438127094656006,0.7733034548143586,0.4253393665158371,127,0.5746606334841629,94,0,0.0011010235989035,-8.58583250898759e-05,0.001001360408711,6.083333333333333,1428,-0.0020218794002104,-0.0008543747891016002,221,-0.002876254189312,0.0
legacy_zone:ETHUSDT:60:-1:0.02:0.025,legacy_zone,ETHUSDT,60,-1,0.02,0.025,development,2,221,221,-0.0038791252881842,-0.1939562644092139,0.7077877412654529,0.4253393665158371,127,0.5746606334841629,94,0,0.0011015748984278,-8.590129722455552e-05,0.0020037231801936,6.083333333333333,1428,-0.0030238872544087,-0.0008552380337754997,221,-0.0038791252881842,0.0
legacy_zone:ETHUSDT:60:-1:0.03:0.03,legacy_zone,ETHUSDT,60,-1,0.03,0.03,development,1,160,160,-0.0030845840513293,-0.1028194683776444,0.8143071161882649,0.48125,83,0.51875,77,0,0.001101169644197,-0.0001432114057741,0.0010016258129063,12.5,890,-0.0022577880671653,-0.0008267959841640003,160,-0.0030845840513293,0.0
legacy_zone:ETHUSDT:60:-1:0.03:0.03,legacy_zone,ETHUSDT,60,-1,0.03,0.03,development,2,160,160,-0.0040876922609396,-0.1362564086979874,0.7616031893381262,0.48125,83,0.51875,77,0,0.0011017210898398,-0.0001432830831543,0.0020042542542541,12.5,890,-0.0032600542349079,-0.0008276380260317001,160,-0.0040876922609396,0.0
trend_pullback:SOLUSDT:5:1:0.02:0.025,trend_pullback,SOLUSDT,5,1,0.02,0.025,development,1,79,79,-0.0048960595793713,-0.2448029789685687,0.6431464263439758,0.4050632911392405,47,0.5949367088607594,32,0,0.0010979283627764,3.1518082893228264e-05,0.0019944612349674,3.4,4704,-0.0029329168548561,-0.0019631427245152006,365,-0.0034291852412436,-0.0014668743381277003
trend_pullback:SOLUSDT:5:1:0.02:0.025,trend_pullback,SOLUSDT,5,1,0.02,0.025,development,2,79,79,-0.0068854136344667,-0.3442706817233372,0.5373333125920075,0.4050632911392405,47,0.5949367088607594,32,0,0.0010968335986255,3.148662772068013e-05,0.0039849415093862,3.4,4704,-0.0049261157524907,-0.0019592978819759996,365,-0.0054215012494014,-0.0014639123850652995
trend_pullback:SOLUSDT:5:1:0.03:0.03,trend_pullback,SOLUSDT,5,1,0.03,0.03,development,1,65,65,-0.0072324816735968,-0.2410827224532268,0.6162610807899829,0.4307692307692308,37,0.5692307692307692,28,0,0.0010966210481825,-7.688133519054186e-06,0.0019897026050871,7.133333333333334,2748,-0.002604127733793,-0.0046283539398038,260,-0.0032110942461408,-0.004021387427456
trend_pullback:SOLUSDT:5:1:0.03:0.03,trend_pullback,SOLUSDT,5,1,0.03,0.03,development,2,65,65,-0.0092171283370579,-0.3072376112352649,0.5379363937915563,0.4307692307692308,37,0.5692307692307692,28,0,0.001095528896054,-7.680460731110985e-06,0.0039754337478888,7.133333333333334,2748,-0.0045979261213737,-0.004619202215684201,260,-0.0052039016027065,-0.004013226734351401
shock_reversal:SOLUSDT:5:1:0.02:0.025,shock_reversal,SOLUSDT,5,1,0.02,0.025,development,1,296,296,-0.0051568811367674,-0.2578440568383728,0.62759081911814,0.3986486486486486,178,0.6013513513513513,118,0,0.0010977699175824,4.415914489795418e-06,0.0019938844938843,5.025,4704,-0.0029329168548561,-0.0022239642819113,365,-0.0034291852412436,-0.0017276958955237997
shock_reversal:SOLUSDT:5:1:0.02:0.025,shock_reversal,SOLUSDT,5,1,0.02,0.025,development,2,296,296,-0.0071456869666062,-0.3572843483303131,0.5243134143766967,0.3986486486486486,178,0.6013513513513513,118,0,0.0010966754700059,4.411507389506203e-06,0.0039837891783999,5.025,4704,-0.0049261157524907,-0.0022195712141154997,365,-0.0054215012494014,-0.0017241857172047995
shock_reversal:SOLUSDT:5:1:0.03:0.03,shock_reversal,SOLUSDT,5,1,0.03,0.03,development,1,271,271,-0.0065380334185462,-0.2179344472848748,0.6447898371388082,0.4428044280442804,151,0.5571955719557196,120,0,0.0010970174161631,1.813629906068264e-05,0.0019911453859792,8.35,2748,-0.002604127733793,-0.0039339056847532,260,-0.0032110942461408,-0.0033269391724054
shock_reversal:SOLUSDT:5:1:0.03:0.03,shock_reversal,SOLUSDT,5,1,0.03,0.03,development,2,271,271,-0.0085240934182649,-0.2841364472754973,0.5624905915023655,0.4428044280442804,151,0.5571955719557196,120,0,0.001095924472089,1.811819896181968e-05,0.0039783164298708,8.35,2748,-0.0045979261213737,-0.0039261672968912,260,-0.0052039016027065,-0.0033201918155584004
funding_squeeze:SOLUSDT:5:1:0.02:0.025,funding_squeeze,SOLUSDT,5,1,0.02,0.025,development,1,38,38,-0.0017479105492363,-0.0873955274618178,0.855559650947384,0.4736842105263157,20,0.5263157894736842,18,0,0.0010996233371891,-3.655426226788766e-05,0.0020006309479992,2.716666666666667,4704,-0.0029329168548561,0.0011850063056197998,365,-0.0034291852412436,0.0016812746920073002
funding_squeeze:SOLUSDT:5:1:0.02:0.025,funding_squeeze,SOLUSDT,5,1,0.02,0.025,development,2,38,38,-0.0037434865524702,-0.187174327623511,0.714873568758129,0.4736842105263157,20,0.5263157894736842,18,0,0.0010985251864691,-3.65177809682191e-05,0.0039972686206534,2.716666666666667,4704,-0.0049261157524907,0.0011826292000204999,365,-0.0054215012494014,0.0016780146969312
funding_squeeze:SOLUSDT:5:1:0.03:0.03,funding_squeeze,SOLUSDT,5,1,0.03,0.03,development,1,37,37,0.0009807908317157,0.032693027723857,1.0687782116007445,0.5675675675675675,16,0.4324324324324324,21,0,0.0011011263736263,-3.396515738990953e-05,0.0020061020061018,6.566666666666666,2748,-0.002604127733793,0.0035849185655087,260,-0.0032110942461408,0.0041918850778565
funding_squeeze:SOLUSDT:5:1:0.03:0.03,funding_squeeze,SOLUSDT,5,1,0.03,0.03,development,2,37,37,-0.0010202397223323,-0.0340079907444105,0.9324172853389858,0.5675675675675675,16,0.4324324324324324,21,0,0.0011000252198306,-3.3931260027244946e-05,0.004008199816583,6.566666666666666,2748,-0.0045979261213737,0.0035776863990414,260,-0.0052039016027065,0.0041836618803742
compression_expansion:SOLUSDT:5:1:0.02:0.025,compression_expansion,SOLUSDT,5,1,0.02,0.025,development,1,66,66,-0.0061020632043783,-0.3051031602189175,0.5746406659967664,0.3787878787878788,41,0.6212121212121212,25,0,0.0010972793456543,5.813959389800207e-05,0.0019920988102805,6.75,4704,-0.0029329168548561,-0.0031691463495222005,365,-0.0034291852412436,-0.0026728779631347
compression_expansion:SOLUSDT:5:1:0.02:0.025,compression_expansion,SOLUSDT,5,1,0.02,0.025,development,2,66,66,-0.0080890342785711,-0.404451713928558,0.48010247591291,0.3787878787878788,41,0.6212121212121212,25,0,0.0010961858782435,5.808157035119766e-05,0.0039802213754309,6.75,4704,-0.0049261157524907,-0.0031629185260804004,365,-0.0054215012494014,-0.0026675330291697002
compression_expansion:SOLUSDT:5:1:0.03:0.03,compression_expansion,SOLUSDT,5,1,0.03,0.03,development,1,63,63,-0.0046448270716443,-0.1548275690548105,0.7326031483132122,0.4761904761904761,33,0.5238095238095238,30,0,0.001098116954474,0.0001229909791654,0.0019951477094333,8.65,2748,-0.002604127733793,-0.0020406993378513,260,-0.0032110942461408,-0.0014337328255034998
compression_expansion:SOLUSDT:5:1:0.03:0.03,compression_expansion,SOLUSDT,5,1,0.03,0.03,development,2,63,63,-0.006634774563874,-0.2211591521291349,0.6390820567639385,0.4761904761904761,33,0.5238095238095238,30,0,0.0010970218135158,0.0001228682336772,0.0039863130881094,8.65,2748,-0.0045979261213737,-0.0020368484425003002,260,-0.0052039016027065,-0.0014308729611675003
learned_leaf:SOLUSDT:5:1:0.02:0.025,learned_leaf,SOLUSDT,5,1,0.02,0.025,development,1,560,560,-0.0027978351430463,-0.1398917571523166,0.7786847851245156,0.4482142857142857,309,0.5517857142857143,251,0,0.0010989942160518,-0.000129857160632,0.0019983409447694,2.208333333333333,4704,-0.0029329168548561,0.0001350817118097999,365,-0.0034291852412436,0.0006313500981973003
learned_leaf:SOLUSDT:5:1:0.02:0.025,learned_leaf,SOLUSDT,5,1,0.02,0.025,development,2,560,560,-0.0047912200875679,-0.2395610043783965,0.6507755451886882,0.4482142857142857,309,0.5517857142857143,251,0,0.0010978973223196,-0.0001297275626673,0.0039926931850584,2.208333333333333,4704,-0.0049261157524907,0.0001348956649228003,365,-0.0054215012494014,0.0006302811618335005
learned_leaf:SOLUSDT:5:1:0.03:0.03,learned_leaf,SOLUSDT,5,1,0.03,0.03,development,1,355,355,-0.0026425531034336,-0.0880851034477876,0.8378720778595341,0.504225352112676,176,0.4957746478873239,179,0,0.0010990402569261,-0.0002014745604516,0.0019985085337197,4.716666666666667,2748,-0.002604127733793,-3.8425369640600164e-05,260,-0.0032110942461408,0.0005685411427071999
learned_leaf:SOLUSDT:5:1:0.03:0.03,learned_leaf,SOLUSDT,5,1,0.03,0.03,development,2,355,355,-0.0046361766848575,-0.1545392228285864,0.7313553310483262,0.504225352112676,176,0.4957746478873239,179,0,0.001097943271204,-0.000201273488036,0.0039930280284501,4.716666666666667,2748,-0.0045979261213737,-3.825056348380051e-05,260,-0.0052039016027065,0.0005677249178489994
clock_control:SOLUSDT:5:1:0.02:0.025,clock_control,SOLUSDT,5,1,0.02,0.025,development,1,4705,4704,-0.0029329168548561,-0.1466458427428091,0.7691721385991321,0.4474914965986394,2601,0.5529336734693877,2103,1,0.0010989660214614,-4.601014582922164e-05,0.0019982383163578,1.3166666666666669,4704,-0.0029329168548561,0.0,365,-0.0034291852412436,0.0004962683863875004
clock_control:SOLUSDT:5:1:0.02:0.025,clock_control,SOLUSDT,5,1,0.02,0.025,development,2,4705,4704,-0.0049261157524907,-0.2463057876245383,0.6426564954692853,0.4474914965986394,2601,0.5529336734693877,2103,1,0.0010978691840622,-4.596422752001082e-05,0.0039924881330823,1.3166666666666669,4704,-0.0049261157524907,0.0,365,-0.0054215012494014,0.0004953854969107002
clock_control:SOLUSDT:5:1:0.03:0.03,clock_control,SOLUSDT,5,1,0.03,0.03,development,1,2749,2748,-0.002604127733793,-0.0868042577931025,0.8394773075844533,0.5065502183406113,1356,0.4934497816593886,1392,1,0.0010991153496936,-0.0001034427183276,0.0019987818716667,2.2666666666666666,2748,-0.002604127733793,0.0,260,-0.0032110942461408,0.0006069665123478
clock_control:SOLUSDT:5:1:0.03:0.03,clock_control,SOLUSDT,5,1,0.03,0.03,development,2,2749,2748,-0.0045979261213737,-0.1532642040457916,0.7323230355868419,0.5065502183406113,1356,0.4934497816593886,1392,1,0.0010980182139357,-0.0001033394820818,0.0039935741587594,2.2666666666666666,2748,-0.0045979261213737,0.0,260,-0.0052039016027065,0.0006059754813327999
legacy_zone:SOLUSDT:5:1:0.02:0.025,legacy_zone,SOLUSDT,5,1,0.02,0.025,development,1,366,365,-0.0034291852412436,-0.1714592620621823,0.7351240253206031,0.4383561643835616,205,0.5616438356164384,160,1,0.0010987527181652,6.264736897573129e-05,0.0019974618915832,2.675,4704,-0.0029329168548561,-0.0004962683863875004,365,-0.0034291852412436,0.0
legacy_zone:SOLUSDT:5:1:0.02:0.025,legacy_zone,SOLUSDT,5,1,0.02,0.025,development,2,366,365,-0.0054215012494014,-0.2710750624700738,0.6140105988838199,0.4383561643835616,205,0.5616438356164384,160,1,0.0010976563069473,6.25848466514042e-05,0.0039909368332833,2.675,4704,-0.0049261157524907,-0.0004953854969107002,365,-0.0054215012494014,0.0
legacy_zone:SOLUSDT:5:1:0.03:0.03,legacy_zone,SOLUSDT,5,1,0.03,0.03,development,1,261,260,-0.0032110942461408,-0.1070364748713602,0.8055568551747727,0.5,130,0.5,130,1,0.0010989033317002,0.0001182485511794,0.0019980101253987,4.9,2748,-0.002604127733793,-0.0006069665123478,260,-0.0032110942461408,0.0
legacy_zone:SOLUSDT:5:1:0.03:0.03,legacy_zone,SOLUSDT,5,1,0.03,0.03,development,2,261,260,-0.0052039016027065,-0.1734633867568837,0.7023749257734874,0.5,130,0.5,130,1,0.0010978066195555,0.0001181305386533,0.0039920322066352,4.9,2748,-0.0045979261213737,-0.0006059754813327999,260,-0.0052039016027065,0.0
trend_pullback:SOLUSDT:5:-1:0.02:0.025,trend_pullback,SOLUSDT,5,-1,0.02,0.025,development,1,95,95,-0.0060779684120703,-0.3038984206035182,0.5786349285614746,0.3789473684210526,59,0.6210526315789474,36,0,0.0011027253990832,1.9971952452951875e-05,0.0020079026394814,2.6,4601,-0.003525173208759,-0.0025527952033113,478,-0.0032309900698143,-0.002846978342256
trend_pullback:SOLUSDT:5:-1:0.02:0.025,trend_pullback,SOLUSDT,5,-1,0.02,0.025,development,2,95,95,-0.0080910214760842,-0.4045510738042119,0.4845160606914419,0.3789473684210526,59,0.6210526315789474,36,0,0.0011038319586541,1.9991964429357643e-05,0.004019829131948,2.6,4601,-0.0055330754225305,-0.0025579460535537,478,-0.0052382774987589,-0.0028527439773253
trend_pullback:SOLUSDT:5:-1:0.03:0.03,trend_pullback,SOLUSDT,5,-1,0.03,0.03,development,1,88,88,-0.0086136429310443,-0.2871214310348103,0.5613744895013582,0.4090909090909091,52,0.5909090909090909,36,0,0.0011041071071071,4.206835646983928e-05,0.0020129220129219,4.908333333333333,2748,-0.0036425218557089,-0.0049711210753354,357,-0.0024752843027251,-0.0061383586283192005
trend_pullback:SOLUSDT:5:-1:0.03:0.03,trend_pullback,SOLUSDT,5,-1,0.03,0.03,development,2,88,88,-0.0106317503342363,-0.3543916778078796,0.4903147505071255,0.4090909090909091,52,0.5909090909090909,36,0,0.0011052164328657,4.21105091316327e-05,0.0040298779376935,4.908333333333333,2748,-0.0056506147811104,-0.0049811355531259,357,-0.0044810143285922,-0.006150736005644101
shock_reversal:SOLUSDT:5:-1:0.02:0.025,shock_reversal,SOLUSDT,5,-1,0.02,0.025,development,1,301,301,-0.0033533101039548,-0.16766550519774,0.7418905948480566,0.4385382059800664,169,0.5614617940199336,132,0,0.0011012475731545,-1.625229565398915e-05,0.0020025340955572,3.5,4601,-0.003525173208759,0.0001718631048042,478,-0.0032309900698143,-0.00012232003414049987
shock_reversal:SOLUSDT:5:-1:0.02:0.025,shock_reversal,SOLUSDT,5,-1,0.02,0.025,development,2,301,301,-0.0053609446099812,-0.2680472304990612,0.6209006734320284,0.4385382059800664,169,0.5614617940199336,132,0,0.001102351174109,-1.626858051937391e-05,0.0040090812854945,3.5,4601,-0.0055330754225305,0.00017213081254929992,478,-0.0052382774987589,-0.00012266711122230038
shock_reversal:SOLUSDT:5:-1:0.03:0.03,shock_reversal,SOLUSDT,5,-1,0.03,0.03,development,1,269,269,-0.0033988898658477,-0.1132963288615904,0.7972026693703222,0.4944237918215613,136,0.5055762081784386,133,0,0.0011012854843691,-3.963992602583919e-05,0.0020026718167981,6.583333333333333,2748,-0.0036425218557089,0.00024363198986120018,357,-0.0024752843027251,-0.0009236055631225999
shock_reversal:SOLUSDT:5:-1:0.03:0.03,shock_reversal,SOLUSDT,5,-1,0.03,0.03,development,2,269,269,-0.0054066390105085,-0.1802213003502855,0.6963451311977811,0.4944237918215613,136,0.5055762081784386,133,0,0.001102389161222,-3.967964539059454e-05,0.0040093570039707,6.583333333333333,2748,-0.0056506147811104,0.00024397577060190044,357,-0.0044810143285922,-0.0009256246819163002
funding_squeeze:SOLUSDT:5:-1:0.02:0.025,funding_squeeze,SOLUSDT,5,-1,0.02,0.025,development,1,220,220,-0.0019776401670253,-0.0988820083512692,0.8389520065328139,0.4681818181818182,117,0.5318181818181819,103,0,0.0011005124249249,-5.455393958111357e-05,0.0019998634998633,3.591666666666667,4601,-0.003525173208759,0.0015475330417337,478,-0.0032309900698143,0.0012533499027890002
funding_squeeze:SOLUSDT:5:-1:0.02:0.025,funding_squeeze,SOLUSDT,5,-1,0.02,0.025,development,2,220,220,-0.0039825588752908,-0.1991279437645439,0.7020950286435257,0.4681818181818182,117,0.5318181818181819,103,0,0.0011016145541082,-5.4608602847226894e-05,0.0040037347422117,3.591666666666667,4601,-0.0055330754225305,0.0015505165472397007,478,-0.0052382774987589,0.0012557186234681003
funding_squeeze:SOLUSDT:5:-1:0.03:0.03,funding_squeeze,SOLUSDT,5,-1,0.03,0.03,development,1,195,195,-0.0037820625553781,-0.1260687518459371,0.7770743087371021,0.4871794871794871,100,0.5128205128205128,95,0,0.001101525025025,-9.223524241957342e-05,0.0020035420035418,6.966666666666667,2748,-0.0036425218557089,-0.0001395406996691998,357,-0.0024752843027251,-0.0013067782526529998
funding_squeeze:SOLUSDT:5:-1:0.03:0.03,funding_squeeze,SOLUSDT,5,-1,0.03,0.03,development,2,195,195,-0.0057906314094879,-0.1930210469829326,0.6787568298489804,0.4871794871794871,100,0.5128205128205128,95,0,0.0011026291814398,-9.232766250215817e-05,0.0040110991213195,6.966666666666667,2748,-0.0056506147811104,-0.00014001662837749996,357,-0.0044810143285922,-0.0013096170808957006
compression_expansion:SOLUSDT:5:-1:0.02:0.025,compression_expansion,SOLUSDT,5,-1,0.02,0.025,development,1,64,64,0.0007085642270667,0.0354282113533361,1.0650053419501635,0.53125,30,0.46875,34,0,0.0010989483624249,0.0001045557288267,0.0019941816816815,2.85,4601,-0.003525173208759,0.0042337374358257,478,-0.0032309900698143,0.003939554296881
compression_expansion:SOLUSDT:5:-1:0.02:0.025,compression_expansion,SOLUSDT,5,-1,0.02,0.025,development,2,64,64,-0.0012908175738706,-0.0645408786935349,0.8911601839345852,0.53125,30,0.46875,34,0,0.0011000473603456,0.0001046604940861,0.0039923597194388,2.85,4601,-0.0055330754225305,0.0042422578486599,478,-0.0052382774987589,0.0039474599248883
compression_expansion:SOLUSDT:5:-1:0.03:0.03,compression_expansion,SOLUSDT,5,-1,0.03,0.03,development,1,62,62,0.0016748324552456,0.0558277485081869,1.119858008926932,0.5806451612903226,26,0.4193548387096774,36,0,0.0010984344828699,7.312784376318555e-05,0.0019923148955405,6.066666666666666,2748,-0.0036425218557089,0.0053173543109545,357,-0.0024752843027251,0.0041501167579707
compression_expansion:SOLUSDT:5:-1:0.03:0.03,compression_expansion,SOLUSDT,5,-1,0.03,0.03,development,2,62,62,-0.0003226462988397,-0.0107548766279901,0.9782590331336052,0.5806451612903226,26,0.4193548387096774,36,0,0.0010995324520007,7.320111815573386e-05,0.0039886224061025,6.066666666666666,2748,-0.0056506147811104,0.005327968482270701,357,-0.0044810143285922,0.0041583680297525
learned_leaf:SOLUSDT:5:-1:0.02:0.025,learned_leaf,SOLUSDT,5,-1,0.02,0.025,development,1,1349,1348,-0.0027477735142374,-0.1373886757118748,0.7832001853733221,0.451780415430267,739,0.548219584569733,609,1,0.0011009199178803,-2.572436788279466e-05,0.0020013438121162,3.333333333333333,4601,-0.003525173208759,0.0007773996945216002,478,-0.0032309900698143,0.0004832165555769003
learned_leaf:SOLUSDT:5:-1:0.02:0.025,learned_leaf,SOLUSDT,5,-1,0.02,0.025,development,2,1349,1348,-0.0047542052044632,-0.23771026022316,0.6554233490473252,0.451780415430267,739,0.548219584569733,609,1,0.0011020228628669,-2.57501438025169e-05,0.004006698333275,3.333333333333333,4601,-0.0055330754225305,0.0007788702180673004,478,-0.0052382774987589,0.0004840722942957001
learned_leaf:SOLUSDT:5:-1:0.03:0.03,learned_leaf,SOLUSDT,5,-1,0.03,0.03,development,1,822,821,-0.0023003723053573,-0.0766790768452442,0.8575173411474868,0.51278928136419,400,0.48721071863581,421,1,0.0011006842805815,-4.445848716906618e-05,0.0020004878052185,5.525,2748,-0.0036425218557089,0.0013421495503516002,357,-0.0024752843027251,0.00017491199736780014
learned_leaf:SOLUSDT:5:-1:0.03:0.03,learned_leaf,SOLUSDT,5,-1,0.03,0.03,development,2,822,821,-0.0043059270298307,-0.1435309009943588,0.7489749498782508,0.51278928136419,400,0.48721071863581,421,1,0.0011017867538209,-4.450303475139991e-05,0.0040049846040349,5.525,2748,-0.0056506147811104,0.0013446877512797006,357,-0.0044810143285922,0.0001750872987614999
clock_control:SOLUSDT:5:-1:0.02:0.025,clock_control,SOLUSDT,5,-1,0.02,0.025,development,1,4602,4601,-0.003525173208759,-0.1762586604379541,0.7302400285010262,0.4359921756139969,2593,0.5635731362747229,2008,1,0.0011013000693003,6.011077516361334e-05,0.0020027247999285,1.3666666666666667,4601,-0.003525173208759,0.0,478,-0.0032309900698143,-0.0002941831389446999
clock_control:SOLUSDT:5:-1:0.02:0.025,clock_control,SOLUSDT,5,-1,0.02,0.025,development,2,4602,4601,-0.0055330754225305,-0.2766537711265261,0.6109676526533232,0.4359921756139969,2593,0.5635731362747229,2008,1,0.0011024037753524,6.017100640125221e-05,0.0040094630764102,1.3666666666666667,4601,-0.0055330754225305,0.0,478,-0.0052382774987589,-0.0002947979237716003
clock_control:SOLUSDT:5:-1:0.03:0.03,clock_control,SOLUSDT,5,-1,0.03,0.03,development,1,2749,2748,-0.0036425218557089,-0.1214173951902977,0.7839551012197346,0.4927219796215429,1394,0.507278020378457,1354,1,0.0011013402674093,0.0001043317530412,0.0020028708288415,2.2666666666666666,2748,-0.0036425218557089,0.0,357,-0.0024752843027251,-0.0011672375529838
clock_control:SOLUSDT:5:-1:0.03:0.03,clock_control,SOLUSDT,5,-1,0.03,0.03,development,2,2749,2748,-0.0056506147811104,-0.1883538260370144,0.6844779149057022,0.4916302765647743,1394,0.507278020378457,1354,1,0.0011024440539383,0.0001044362938759,0.0040097554268794,2.2666666666666666,2748,-0.0056506147811104,0.0,357,-0.0044810143285922,-0.0011696004525182007
legacy_zone:SOLUSDT:5:-1:0.02:0.025,legacy_zone,SOLUSDT,5,-1,0.02,0.025,development,1,478,478,-0.0032309900698143,-0.161549503490719,0.7500565285857869,0.4435146443514644,266,0.5564853556485355,212,0,0.0011011241597245,8.593913812966772e-05,0.002002085767776,3.15,4601,-0.003525173208759,0.0002941831389446999,478,-0.0032309900698143,0.0
legacy_zone:SOLUSDT:5:-1:0.02:0.025,legacy_zone,SOLUSDT,5,-1,0.02,0.025,development,2,478,478,-0.0052382774987589,-0.2619138749379468,0.627598124832642,0.4435146443514644,266,0.5564853556485355,212,0,0.0011022275136046,8.602524949051908e-05,0.0040081837314797,3.15,4601,-0.0055330754225305,0.0002947979237716003,478,-0.0052382774987589,0.0
legacy_zone:SOLUSDT:5:-1:0.03:0.03,legacy_zone,SOLUSDT,5,-1,0.03,0.03,development,1,357,357,-0.0024752843027251,-0.0825094767575034,0.8475266022849199,0.5126050420168067,174,0.4873949579831932,183,0,0.001100684301949,0.0001304146389437,0.0020004878828407,6.483333333333333,2748,-0.0036425218557089,0.0011672375529838,357,-0.0024752843027251,0.0
legacy_zone:SOLUSDT:5:-1:0.03:0.03,legacy_zone,SOLUSDT,5,-1,0.03,0.03,development,2,357,357,-0.0044810143285922,-0.1493671442864094,0.7401086218409652,0.5126050420168067,174,0.4873949579831932,183,0,0.0011017867752311,0.0001305453149347,0.0040049847594348,6.483333333333333,2748,-0.0056506147811104,0.0011696004525182007,357,-0.0044810143285922,0.0
trend_pullback:SOLUSDT:15:1:0.02:0.025,trend_pullback,SOLUSDT,15,1,0.02,0.025,development,1,64,64,-0.0062672053318915,-0.3133602665945788,0.5658135512549592,0.375,40,0.625,24,0,0.001097185782967,5.326130716637149e-05,0.0019917582417581,4.358333333333333,4070,-0.0028768747453381,-0.0033903305865534,320,-0.0035930475466848,-0.0026741577852067
trend_pullback:SOLUSDT:15:1:0.02:0.025,trend_pullback,SOLUSDT,15,1,0.02,0.025,development,2,64,64,-0.0082538415728279,-0.4126920786413973,0.4727662745043358,0.375,40,0.625,24,0,0.001096092502495,5.320815216919945e-05,0.0039795409181637,4.358333333333333,4070,-0.0048701920951576,-0.003383649477670299,320,-0.0055850353481514,-0.002668806224676499
trend_pullback:SOLUSDT:15:1:0.03:0.03,trend_pullback,SOLUSDT,15,1,0.03,0.03,development,1,56,56,-0.0053463253601392,-0.1782108453379747,0.698769515501525,0.4642857142857143,30,0.5357142857142857,26,0,0.0010977248822605,0.0001120227698724,0.001993720565149,9.708333333333334,2384,-0.0027852648850294,-0.0025610604751097996,237,-0.0038191268442466,-0.0015271985158925995
trend_pullback:SOLUSDT:15:1:0.03:0.03,trend_pullback,SOLUSDT,15,1,0.03,0.03,development,2,56,56,-0.0073348602863553,-0.2444953428785118,0.6095120892473246,0.4642857142857143,30,0.5357142857142857,26,0,0.0010966305246649,0.0001119109707009,0.0039834616481323,9.708333333333334,2384,-0.0047787238886427,-0.0025561363977126004,237,-0.0058107166028087,-0.0015241436835466
shock_reversal:SOLUSDT:15:1:0.02:0.025,shock_reversal,SOLUSDT,15,1,0.02,0.025,development,1,84,84,-0.0049258518669257,-0.2462925933462889,0.6414450176527914,0.4047619047619047,50,0.5952380952380952,34,0,0.0010979209183673,4.7782525552918565e-05,0.0019944341372911,5.183333333333334,4070,-0.0028768747453381,-0.0020489771215876,320,-0.0035930475466848,-0.0013328043202408997
shock_reversal:SOLUSDT:15:1:0.02:0.025,shock_reversal,SOLUSDT,15,1,0.02,0.025,development,2,84,84,-0.0069151626613273,-0.3457581330663654,0.5359132033474011,0.4047619047619047,50,0.5952380952380952,34,0,0.0010968261690903,4.7734838401668166e-05,0.0039848873681209,5.183333333333334,4070,-0.0048701920951576,-0.0020449705661697,320,-0.0055850353481514,-0.0013301273131758997
shock_reversal:SOLUSDT:15:1:0.03:0.03,shock_reversal,SOLUSDT,15,1,0.03,0.03,development,1,80,80,-0.0061535357038616,-0.2051178567953892,0.6612943824660249,0.45,44,0.55,36,0,0.0010972543956043,6.427331624938124e-05,0.0019920079920078,10.45,2384,-0.0027852648850294,-0.0033682708188322,237,-0.0038191268442466,-0.002334408859615
shock_reversal:SOLUSDT:15:1:0.03:0.03,shock_reversal,SOLUSDT,15,1,0.03,0.03,development,2,80,80,-0.0081404100694267,-0.2713470023142265,0.5767040687894053,0.45,44,0.55,36,0,0.0010961609780439,6.420917122318424e-05,0.0039800399201596,10.45,2384,-0.0047787238886427,-0.0033616861807839998,237,-0.0058107166028087,-0.0023296934666179993
funding_squeeze:SOLUSDT:15:1:0.02:0.025,funding_squeeze,SOLUSDT,15,1,0.02,0.025,development,1,29,29,0.001731982029531,0.0865991014765539,1.1679580894791377,0.5517241379310345,13,0.4482758620689655,16,0,0.0011015509662751,-1.35943137984933e-05,0.0020076475248887,3.0166666666666666,4070,-0.0028768747453381,0.0046088567748691,320,-0.0035930475466848,0.0053250295762158
funding_squeeze:SOLUSDT:15:1:0.02:0.025,funding_squeeze,SOLUSDT,15,1,0.02,0.025,development,2,29,29,-0.0002705697799141,-0.0135284889957069,0.9758150294407768,0.5517241379310345,13,0.4482758620689655,16,0,0.0011004489641406,-1.3580746619053682e-05,0.0040112877692889,3.0166666666666666,4070,-0.0048701920951576,0.0045996223152435,320,-0.0055850353481514,0.0053144655682373
funding_squeeze:SOLUSDT:15:1:0.03:0.03,funding_squeeze,SOLUSDT,15,1,0.03,0.03,development,1,29,29,-7.732816253531717e-06,-0.0002577605417843,0.99947694197034,0.5517241379310345,13,0.4482758620689655,16,0,0.0011006045850701,6.373813187736747e-06,0.0020042026938577,3.633333333333333,2384,-0.0027852648850294,0.0027775320687758683,237,-0.0038191268442466,0.0038113940279930684
funding_squeeze:SOLUSDT:15:1:0.03:0.03,funding_squeeze,SOLUSDT,15,1,0.03,0.03,development,2,29,29,-0.0020068286331827,-0.0668942877727596,0.871771849927926,0.5517241379310345,13,0.4482758620689655,16,0,0.0010995044738109,6.367452096731023e-06,0.0040044049831371,3.633333333333333,2384,-0.0047787238886427,0.00277189525546,237,-0.0058107166028087,0.0038038879696260003
compression_expansion:SOLUSDT:15:1:0.02:0.025,compression_expansion,SOLUSDT,15,1,0.02,0.025,development,1,25,25,0.0038464672857827,0.1923233642891383,1.4169534769118204,0.6,10,0.4,15,0,0.0011027434065934,3.880129563584191e-05,0.0020119880119879,4.583333333333333,4070,-0.0028768747453381,0.006723342031120801,320,-0.0035930475466848,0.007439514832467501
compression_expansion:SOLUSDT:15:1:0.02:0.025,compression_expansion,SOLUSDT,15,1,0.02,0.025,development,2,25,25,0.0018396383264156,0.0919819163207813,1.1838463881842316,0.6,10,0.4,15,0,0.001101639021956,3.876257178790195e-05,0.0040199600798403,4.583333333333333,4070,-0.0048701920951576,0.0067098304215732,320,-0.0055850353481514,0.007424673674567001
compression_expansion:SOLUSDT:15:1:0.03:0.03,compression_expansion,SOLUSDT,15,1,0.03,0.03,development,1,25,25,0.0004155667967346,0.0138522265578203,1.0285570635098262,0.56,11,0.44,14,0,0.0011008771428571,7.83612552135566e-05,0.0020051948051946,5.616666666666666,2384,-0.0027852648850294,0.0032008316817639998,237,-0.0038191268442466,0.0042346936409812
compression_expansion:SOLUSDT:15:1:0.03:0.03,compression_expansion,SOLUSDT,15,1,0.03,0.03,development,2,25,25,-0.0015844467629428,-0.0528148920980962,0.8971319378088147,0.56,11,0.44,14,0,0.0010997764870259,7.828305036803408e-05,0.0040063872255488,5.616666666666666,2384,-0.0047787238886427,0.0031942771256999,237,-0.0058107166028087,0.0042262698398659
learned_leaf:SOLUSDT:15:1:0.02:0.025,learned_leaf,SOLUSDT,15,1,0.02,0.025,development,1,566,566,-0.0031720843727697,-0.1586042186384865,0.752796161631326,0.4399293286219081,317,0.5600706713780919,249,0,0.0010987895730594,-0.0001274814558362,0.0019975960435323,2.2583333333333333,4070,-0.0028768747453381,-0.0002952096274316,320,-0.0035930475466848,0.0004209631739151001
learned_leaf:SOLUSDT:15:1:0.02:0.025,learned_leaf,SOLUSDT,15,1,0.02,0.025,development,2,566,566,-0.0051647239407981,-0.2582361970399057,0.6291250771059812,0.4399293286219081,317,0.5600706713780919,249,0,0.0010976930882052,-0.0001273542288344,0.0039912048694131,2.2583333333333333,4070,-0.0048701920951576,-0.0002945318456405001,320,-0.0055850353481514,0.0004203114073533
learned_leaf:SOLUSDT:15:1:0.03:0.03,learned_leaf,SOLUSDT,15,1,0.03,0.03,development,1,338,338,-0.0025482856096544,-0.0849428536551481,0.8430056420145867,0.5059171597633136,167,0.4940828402366864,171,0,0.0010990959750308,-0.0001944921274012,0.0019987113478236,5.383333333333334,2384,-0.0027852648850294,0.00023697927537500016,237,-0.0038191268442466,0.0012708412345922003
learned_leaf:SOLUSDT:15:1:0.03:0.03,learned_leaf,SOLUSDT,15,1,0.03,0.03,development,2,338,338,-0.0045421045205426,-0.1514034840180884,0.7357230451540973,0.5059171597633136,167,0.4940828402366864,171,0,0.0010979988779836,-0.0001942980234817,0.0039934332518395,5.383333333333334,2384,-0.0047787238886427,0.00023661936810009943,237,-0.0058107166028087,0.0012686120822660999
clock_control:SOLUSDT:15:1:0.02:0.025,clock_control,SOLUSDT,15,1,0.02,0.025,development,1,4071,4070,-0.0028768747453381,-0.1438437372669082,0.7731768252932006,0.4486486486486487,2245,0.5515970515970516,1825,1,0.0010990004273807,-3.953044434853256e-05,0.0019983635540293,1.75,4070,-0.0028768747453381,0.0,320,-0.0035930475466848,0.0007161728013467001
clock_control:SOLUSDT:15:1:0.02:0.025,clock_control,SOLUSDT,15,1,0.02,0.025,development,2,4071,4070,-0.0048701920951576,-0.2435096047578843,0.646059409007656,0.4486486486486487,2245,0.5515970515970516,1825,1,0.0010979035212383,-3.949099280726653e-05,0.0039927383584499,1.75,4070,-0.0048701920951576,0.0,320,-0.0055850353481514,0.0007148432529938001
clock_control:SOLUSDT:15:1:0.03:0.03,clock_control,SOLUSDT,15,1,0.03,0.03,development,1,2385,2384,-0.0027852648850294,-0.0928421628343155,0.8293748870251104,0.5037751677852349,1183,0.4962248322147651,1201,1,0.0010990280672605,-8.091361759651975e-05,0.0019984641632924,2.9,2384,-0.0027852648850294,0.0,237,-0.0038191268442466,0.0010338619592172
clock_control:SOLUSDT:15:1:0.03:0.03,clock_control,SOLUSDT,15,1,0.03,0.03,development,2,2385,2384,-0.0047787238886427,-0.15929079628809,0.7234983694230849,0.5037751677852349,1183,0.4962248322147651,1201,1,0.0010979311058934,-8.083286548314995e-05,0.0039929393761593,2.9,2384,-0.0047787238886427,0.0,237,-0.0058107166028087,0.0010319927141660004
legacy_zone:SOLUSDT:15:1:0.02:0.025,legacy_zone,SOLUSDT,15,1,0.02,0.025,development,1,321,320,-0.0035930475466848,-0.1796523773342435,0.7240904281123556,0.434375,181,0.565625,139,1,0.0010986620992048,6.18385471387775e-05,0.0019971320382374,2.9,4070,-0.0028768747453381,-0.0007161728013467001,320,-0.0035930475466848,0.0
legacy_zone:SOLUSDT:15:1:0.02:0.025,legacy_zone,SOLUSDT,15,1,0.02,0.025,development,2,321,320,-0.0055850353481514,-0.279251767407572,0.6045991764516436,0.434375,181,0.565625,139,1,0.0010975658690441,6.177683202187253e-05,0.0039902777849816,2.9,4070,-0.0048701920951576,-0.0007148432529938001,320,-0.0055850353481514,0.0
legacy_zone:SOLUSDT:15:1:0.03:0.03,legacy_zone,SOLUSDT,15,1,0.03,0.03,development,1,238,237,-0.0038191268442466,-0.1273042281415546,0.773240319602214,0.4894514767932489,121,0.510548523206751,116,1,0.0010985672190355,0.0001155033261968,0.0019967866740759,5.441666666666666,2384,-0.0027852648850294,-0.0010338619592172,237,-0.0038191268442466,0.0
legacy_zone:SOLUSDT:15:1:0.03:0.03,legacy_zone,SOLUSDT,15,1,0.03,0.03,development,2,238,237,-0.0058107166028087,-0.193690553426958,0.6740417641963934,0.4894514767932489,121,0.510548523206751,116,1,0.0010974711784459,0.0001153880534162,0.0039895877460082,5.441666666666666,2384,-0.0047787238886427,-0.0010319927141660004,237,-0.0058107166028087,0.0
trend_pullback:SOLUSDT:15:-1:0.02:0.025,trend_pullback,SOLUSDT,15,-1,0.02,0.025,development,1,82,82,-0.002800715703216,-0.1400357851608018,0.779822031247312,0.4512195121951219,45,0.5487804878048781,37,0,0.0011009330824727,3.2690339859540275e-06,0.0020013916355378,2.7666666666666666,4000,-0.0035901319739959,0.0007894162707799,403,-0.0024162373196067,-0.00038447838360929987
trend_pullback:SOLUSDT:15:-1:0.02:0.025,trend_pullback,SOLUSDT,15,-1,0.02,0.025,development,2,82,82,-0.0048072243905623,-0.2403612195281179,0.6527511797251481,0.4512195121951219,45,0.5487804878048781,37,0,0.0011020360538149,3.272309571110293e-06,0.0040067940759567,2.7666666666666666,4000,-0.0055981887754758,0.0007909643849135003,403,-0.0044218952188788,-0.0003853291716835001
trend_pullback:SOLUSDT:15:-1:0.03:0.03,trend_pullback,SOLUSDT,15,-1,0.03,0.03,development,1,77,77,-0.0035062202419638,-0.116874008065463,0.791670717374743,0.4935064935064935,39,0.5064935064935064,38,0,0.0011013158158158,1.2512033755815698e-05,0.0020027820027818,5.85,2384,-0.0034474268154568,-5.879342650699998e-05,321,-0.0018399269075703,-0.0016662933343935002
trend_pullback:SOLUSDT:15:-1:0.03:0.03,trend_pullback,SOLUSDT,15,-1,0.03,0.03,development,2,77,77,-0.0055141321106186,-0.1838044036872874,0.691556755031047,0.4935064935064935,39,0.5064935064935064,38,0,0.0011024195533924,1.2524570863787462e-05,0.0040095775967519,5.85,2384,-0.0054551462932476,-5.898581737099999e-05,321,-0.0038443730866492,-0.0016697590239694
shock_reversal:SOLUSDT:15:-1:0.02:0.025,shock_reversal,SOLUSDT,15,-1,0.02,0.025,development,1,80,80,0.0050824344530655,0.2541217226532796,1.585056201107582,0.625,30,0.375,50,0,0.0010966234046546,-3.979359345586415e-05,0.0019857357357356,3.283333333333333,4000,-0.0035901319739959,0.0086725664270614,403,-0.0024162373196067,0.007498671772672201
shock_reversal:SOLUSDT:15:-1:0.02:0.025,shock_reversal,SOLUSDT,15,-1,0.02,0.025,development,2,80,80,0.0030916648169964,0.1545832408498203,1.326993713412209,0.625,30,0.375,50,0,0.0010977177479959,-3.983346679600029e-05,0.0039754509018036,3.283333333333333,4000,-0.0055981887754758,0.0086898535924722,403,-0.0044218952188788,0.007513560035875199
shock_reversal:SOLUSDT:15:-1:0.03:0.03,shock_reversal,SOLUSDT,15,-1,0.03,0.03,development,1,79,79,0.0034198145220904,0.1139938174030161,1.2631257731590846,0.6075949367088608,31,0.3924050632911392,48,0,0.0010975433598155,-5.073936465446684e-05,0.0019890776852801,6.15,2384,-0.0034474268154568,0.0068672413375472,321,-0.0018399269075703,0.0052597414296607
shock_reversal:SOLUSDT:15:-1:0.03:0.03,shock_reversal,SOLUSDT,15,-1,0.03,0.03,development,2,79,79,0.001425705365134,0.0475235121711334,1.1032514562279596,0.6075949367088608,31,0.3924050632911392,48,0,0.0010986395449126,-5.079020570121481e-05,0.0039821414981862,6.15,2384,-0.0054551462932476,0.0068808516583816,321,-0.0038443730866492,0.0052700784517832
funding_squeeze:SOLUSDT:15:-1:0.02:0.025,funding_squeeze,SOLUSDT,15,-1,0.02,0.025,development,1,214,214,-0.0064508101903188,-0.3225405095159405,0.5574362739592291,0.3691588785046729,135,0.6308411214953271,79,0,0.0011029681492239,-4.8792911614791565e-05,0.0020087844854198,3.608333333333333,4000,-0.0035901319739959,-0.0028606782163229003,403,-0.0024162373196067,-0.0040345728707121
funding_squeeze:SOLUSDT:15:-1:0.02:0.025,funding_squeeze,SOLUSDT,15,-1,0.02,0.025,development,2,214,214,-0.0084646784508152,-0.4232339225407641,0.4665388016565812,0.3691588785046729,135,0.6308411214953271,79,0,0.001104075194782,-4.884180230779236e-05,0.0040215945910512,3.608333333333333,4000,-0.0055981887754758,-0.002866489675339399,403,-0.0044218952188788,-0.004042783231936399
funding_squeeze:SOLUSDT:15:-1:0.03:0.03,funding_squeeze,SOLUSDT,15,-1,0.03,0.03,development,1,184,184,-0.0062866031477316,-0.2095534382577209,0.6570081253622032,0.4456521739130434,102,0.5543478260869565,82,0,0.001102898169909,-8.569485679453235e-05,0.0020085302693997,6.55,2384,-0.0034474268154568,-0.0028391763322748002,321,-0.0018399269075703,-0.004446676240161301
funding_squeeze:SOLUSDT:15:-1:0.03:0.03,funding_squeeze,SOLUSDT,15,-1,0.03,0.03,development,2,184,184,-0.008300179566761,-0.2766726522253671,0.5737963375129339,0.4456521739130434,102,0.5543478260869565,82,0,0.0011040050753681,-8.578072338450686e-05,0.0040210856495599,6.55,2384,-0.0054551462932476,-0.0028450332735134006,321,-0.0038443730866492,-0.004455806480111801
compression_expansion:SOLUSDT:15:-1:0.02:0.025,compression_expansion,SOLUSDT,15,-1,0.02,0.025,development,1,22,22,-0.0046534094305173,-0.2326704715258692,0.6591218094690916,0.4090909090909091,13,0.5909090909090909,9,0,0.0011019778528528,-4.46645184314338e-05,0.0020051870051868,5.175,4000,-0.0035901319739959,-0.0010632774565213997,403,-0.0024162373196067,-0.0022371721109105997
compression_expansion:SOLUSDT:15:-1:0.02:0.025,compression_expansion,SOLUSDT,15,-1,0.02,0.025,development,2,22,22,-0.0066636751554888,-0.3331837577744445,0.5515983629158714,0.4090909090909091,13,0.5909090909090909,9,0,0.0011030829158316,-4.470927245791821e-05,0.004014392421206,5.175,4000,-0.0055981887754758,-0.0010654863800129994,403,-0.0044218952188788,-0.00224177993661
compression_expansion:SOLUSDT:15:-1:0.03:0.03,compression_expansion,SOLUSDT,15,-1,0.03,0.03,development,1,22,22,-0.0084832310360888,-0.2827743678696268,0.5664289399271795,0.4090909090909091,13,0.5909090909090909,9,0,0.0011041071071071,-8.834353848563568e-05,0.0020129220129218,8.875,2384,-0.0034474268154568,-0.005035804220631999,321,-0.0018399269075703,-0.0066433041285185
compression_expansion:SOLUSDT:15:-1:0.03:0.03,compression_expansion,SOLUSDT,15,-1,0.03,0.03,development,2,22,22,-0.0105012077660394,-0.3500402588679824,0.4948310776982323,0.4090909090909091,13,0.5909090909090909,9,0,0.0011052164328657,-8.843205906528062e-05,0.0040298779376935,8.875,2384,-0.0054551462932476,-0.005046061472791801,321,-0.0038443730866492,-0.006656834679390201
learned_leaf:SOLUSDT:15:-1:0.02:0.025,learned_leaf,SOLUSDT,15,-1,0.02,0.025,development,1,1329,1328,-0.0028167498534801,-0.1408374926740076,0.7784688705238355,0.4503012048192771,730,0.5496987951807228,598,1,0.0011009608101015,-3.1138414061494075e-05,0.0020014923625522,3.216666666666667,4000,-0.0035901319739959,0.0007733821205158,403,-0.0024162373196067,-0.0004005125338733999
learned_leaf:SOLUSDT:15:-1:0.02:0.025,learned_leaf,SOLUSDT,15,-1,0.02,0.025,development,2,1329,1328,-0.0048233250488085,-0.2411662524404294,0.6515180136469199,0.4503012048192771,730,0.5496987951807228,598,1,0.0011020638369547,-3.116961487718695e-05,0.0040069957318432,3.216666666666667,4000,-0.0055981887754758,0.0007748637266673008,403,-0.0044218952188788,-0.00040142982992969964
learned_leaf:SOLUSDT:15:-1:0.03:0.03,learned_leaf,SOLUSDT,15,-1,0.03,0.03,development,1,771,770,-0.0022932415585237,-0.0764413852841253,0.8579643981726107,0.512987012987013,375,0.487012987012987,395,1,0.0011006805796826,-4.485662598414953e-05,0.0020004743608486,6.233333333333333,2384,-0.0034474268154568,0.0011541852569331,321,-0.0018399269075703,-0.00045331465095340014
learned_leaf:SOLUSDT:15:-1:0.03:0.03,learned_leaf,SOLUSDT,15,-1,0.03,0.03,development,2,771,770,-0.0042987824053387,-0.1432927468446265,0.7493958140976754,0.512987012987013,375,0.487012987012987,395,1,0.0011017830455127,-4.490157250317171e-05,0.0040049576883526,6.233333333333333,2384,-0.0054551462932476,0.0011563638879088997,321,-0.0038443730866492,-0.0004544093186895004
clock_control:SOLUSDT:15:-1:0.02:0.025,clock_control,SOLUSDT,15,-1,0.02,0.025,development,1,4001,4000,-0.0035901319739959,-0.1795065986997999,0.7260353301795289,0.43425,2262,0.5655,1738,1,0.0011013492664642,3.557095432724378e-05,0.0020029035199863,1.8,4000,-0.0035901319739959,0.0,403,-0.0024162373196067,-0.0011738946543892
clock_control:SOLUSDT:15:-1:0.02:0.025,clock_control,SOLUSDT,15,-1,0.02,0.025,development,2,4001,4000,-0.0055981887754758,-0.2799094387737906,0.6074974736269703,0.43425,2262,0.5655,1738,1,0.0011024530710093,3.5606596566048633e-05,0.0040098208746822,1.8,4000,-0.0055981887754758,0.0,403,-0.0044218952188788,-0.0011762935565970004
clock_control:SOLUSDT:15:-1:0.03:0.03,clock_control,SOLUSDT,15,-1,0.03,0.03,development,1,2385,2384,-0.0034474268154568,-0.1149142271818948,0.7943052305674216,0.4958053691275167,1202,0.5041946308724832,1182,1,0.0011012424425299,8.719795491699079e-05,0.0020025154573785,2.9,2384,-0.0034474268154568,0.0,321,-0.0018399269075703,-0.0016074999078865002
clock_control:SOLUSDT:15:-1:0.03:0.03,clock_control,SOLUSDT,15,-1,0.03,0.03,development,2,2385,2384,-0.0054551462932476,-0.1818382097749219,0.6935822576602182,0.4949664429530201,1202,0.5041946308724832,1182,1,0.0011023460332128,8.728532761730843e-05,0.0040090439717861,2.9,2384,-0.0054551462932476,0.0,321,-0.0038443730866492,-0.0016107732065984
legacy_zone:SOLUSDT:15:-1:0.02:0.025,legacy_zone,SOLUSDT,15,-1,0.02,0.025,development,1,403,403,-0.0024162373196067,-0.1208118659803378,0.806910158087345,0.4615384615384615,217,0.5384615384615384,186,0,0.0011006771771771,8.432891119846615e-05,0.0020004620004618,3.6,4000,-0.0035901319739959,0.0011738946543892,403,-0.0024162373196067,0.0
legacy_zone:SOLUSDT:15:-1:0.02:0.025,legacy_zone,SOLUSDT,15,-1,0.02,0.025,development,2,403,403,-0.0044218952188788,-0.2210947609439439,0.6752416606137943,0.4615384615384615,217,0.5384615384615384,186,0,0.0011017796361954,8.441340910547863e-05,0.0040049329428087,3.6,4000,-0.0055981887754758,0.0011762935565970004,403,-0.0044218952188788,0.0
legacy_zone:SOLUSDT:15:-1:0.03:0.03,legacy_zone,SOLUSDT,15,-1,0.03,0.03,development,1,321,321,-0.0018399269075703,-0.0613308969190102,0.8841571236558281,0.5233644859813084,153,0.4766355140186916,168,0,0.001100328529464,0.0001422720798454,0.0019991954571392,6.566666666666666,2384,-0.0034474268154568,0.0016074999078865002,321,-0.0018399269075703,0.0
legacy_zone:SOLUSDT:15:-1:0.03:0.03,legacy_zone,SOLUSDT,15,-1,0.03,0.03,development,2,321,321,-0.0038443730866492,-0.1281457695549744,0.7720959509756304,0.5233644859813084,153,0.4766355140186916,168,0,0.0011014302904875,0.0001424146370397,0.0040023973180004,6.566666666666666,2384,-0.0054551462932476,0.0016107732065984,321,-0.0038443730866492,0.0
trend_pullback:SOLUSDT:60:1:0.02:0.025,trend_pullback,SOLUSDT,60,1,0.02,0.025,development,1,51,51,-0.0017067478755442,-0.0853373937772109,0.8604848157021006,0.4705882352941176,27,0.5294117647058824,24,0,0.0010995468648998,-0.0002166809897081,0.0020003525885877,5.2,3128,-0.0030685534035143,0.0013618055279701,243,-0.0024134062486557,0.0007066583731115
trend_pullback:SOLUSDT:60:1:0.02:0.025,trend_pullback,SOLUSDT,60,1,0.02,0.025,development,2,51,51,-0.0037022259949593,-0.1851112997479674,0.7209523231074443,0.4705882352941176,27,0.5294117647058824,24,0,0.0010984488669719,-0.0002164647412153,0.003996712457438,5.2,3128,-0.0050615138405711,0.0013592878456118,243,-0.0044077444992394,0.0007055185042800999
trend_pullback:SOLUSDT:60:1:0.03:0.03,trend_pullback,SOLUSDT,60,1,0.03,0.03,development,1,48,48,-0.0016784768160044,-0.0559492272001493,0.8942407088808151,0.5208333333333334,23,0.4791666666666667,25,0,0.0010995872252747,-0.0001716099097696,0.0020004995004994,9.8,1949,-0.0031963163370267,0.0015178395210223002,192,-0.0019399573040845,0.0002614804880800999
trend_pullback:SOLUSDT:60:1:0.03:0.03,trend_pullback,SOLUSDT,60,1,0.03,0.03,development,2,48,48,-0.0036740564923358,-0.1224685497445299,0.7812667088141847,0.5208333333333334,23,0.4791666666666667,25,0,0.0010984891467065,-0.0001714386423946,0.0039970059880239,9.8,1949,-0.0051890022515865,0.0015149457592506998,192,-0.003935276021845,0.0002612195295092004
shock_reversal:SOLUSDT:60:1:0.02:0.025,shock_reversal,SOLUSDT,60,1,0.02,0.025,development,1,15,15,-0.008063307463752,-0.4031653731876011,0.475494948067909,0.3333333333333333,10,0.6666666666666666,5,0,0.0010961565934065,-2.0861117666560176e-05,0.0019880119880119,2.9166666666666665,3128,-0.0030685534035143,-0.004994754060237701,243,-0.0024134062486557,-0.005649901215096301
shock_reversal:SOLUSDT:60:1:0.02:0.025,shock_reversal,SOLUSDT,60,1,0.02,0.025,development,2,15,15,-0.0100462809592972,-0.5023140479648621,0.3975317568730264,0.3333333333333333,10,0.6666666666666666,5,0,0.0010950653692614,-2.0840298187851025e-05,0.0039720558882235,2.9166666666666665,3128,-0.0050615138405711,-0.0049847671187261,243,-0.0044077444992394,-0.0056385364600578
shock_reversal:SOLUSDT:60:1:0.03:0.03,shock_reversal,SOLUSDT,60,1,0.03,0.03,development,1,15,15,-0.0050676366537418,-0.1689212217913964,0.7123731760145399,0.4666666666666667,8,0.5333333333333333,7,0,0.0010978032967032,-2.4172636967260168e-05,0.0019940059940058,6.15,1949,-0.0031963163370267,-0.0018713203167150996,192,-0.0019399573040845,-0.0031276793496573
shock_reversal:SOLUSDT:60:1:0.03:0.03,shock_reversal,SOLUSDT,60,1,0.03,0.03,development,2,15,15,-0.0070565922059837,-0.2352197401994598,0.6216260794943038,0.4666666666666667,8,0.5333333333333333,7,0,0.0010967087824351,-2.4148512579069277e-05,0.0039840319361277,6.15,1949,-0.0051890022515865,-0.0018675899543972004,192,-0.003935276021845,-0.0031213161841387
funding_squeeze:SOLUSDT:60:1:0.02:0.025,funding_squeeze,SOLUSDT,60,1,0.02,0.025,development,1,27,27,-0.0047437545573474,-0.2371877278673739,0.6523075001828433,0.4074074074074074,16,0.5925925925925926,11,0,0.0010979862637362,-1.557036772737889e-05,0.0019946719946718,1.6166666666666667,3128,-0.0030685534035143,-0.0016752011538331002,243,-0.0024134062486557,-0.0023303483086917
funding_squeeze:SOLUSDT:60:1:0.02:0.025,funding_squeeze,SOLUSDT,60,1,0.02,0.025,development,2,27,27,-0.0067333658302444,-0.336668291512224,0.5450710021542912,0.4074074074074074,16,0.5925925925925926,11,0,0.0010968913838988,-1.5554828438229807e-05,0.0039853626081171,1.6166666666666667,3128,-0.0050615138405711,-0.0016718519896733001,243,-0.0044077444992394,-0.0023256213310050003
funding_squeeze:SOLUSDT:60:1:0.03:0.03,funding_squeeze,SOLUSDT,60,1,0.03,0.03,development,1,27,27,-0.0041029122357056,-0.1367637411901874,0.7601631559336568,0.4814814814814814,14,0.5185185185185185,13,0,0.0010982912087912,-0.0001022720799785,0.0019957819957818,3.1,1949,-0.0031963163370267,-0.0009065958986789,192,-0.0019399573040845,-0.0021629549316211005
funding_squeeze:SOLUSDT:60:1:0.03:0.03,funding_squeeze,SOLUSDT,60,1,0.03,0.03,development,2,27,27,-0.0060937172135144,-0.2031239071171473,0.6635066980430094,0.4814814814814814,14,0.5185185185185185,13,0,0.0010971957196717,-0.0001021700120344,0.003987580394766,3.1,1949,-0.0051890022515865,-0.0009047149619279002,192,-0.003935276021845,-0.0021584411916693996
compression_expansion:SOLUSDT:60:1:0.02:0.025,compression_expansion,SOLUSDT,60,1,0.02,0.025,development,1,5,5,0.0218597643504261,1.0929882175213064,,1.0,0,0.0,5,0,0.0011126236263736,-2.034002475183093e-05,0.0020479520479519,4.533333333333333,3128,-0.0030685534035143,0.0249283177539404,243,-0.0024134062486557,0.0242731705990818
compression_expansion:SOLUSDT:60:1:0.02:0.025,compression_expansion,SOLUSDT,60,1,0.02,0.025,development,2,5,5,0.0198170038570622,0.9908501928531146,,1.0,0,0.0,5,0,0.001111499500998,-2.031972532593089e-05,0.0040918163672655,4.533333333333333,3128,-0.0050615138405711,0.024878517697633298,243,-0.0044077444992394,0.024224748356301597
compression_expansion:SOLUSDT:60:1:0.03:0.03,compression_expansion,SOLUSDT,60,1,0.03,0.03,development,1,5,5,0.0268922281782925,0.8964076059430861,,1.0,0,0.0,5,0,0.0011153681318681,-6.553836810267654e-05,0.0020579420579419,12.383333333333333,1949,-0.0031963163370267,0.0300885445153192,192,-0.0019399573040845,0.028832185482377
compression_expansion:SOLUSDT:60:1:0.03:0.03,compression_expansion,SOLUSDT,60,1,0.03,0.03,development,2,5,5,0.0248394579904898,0.8279819330163292,,1.0,0,0.0,5,0,0.001114238522954,-6.547296054967983e-05,0.0041117764471057,12.383333333333333,1949,-0.0051890022515865,0.0300284602420763,192,-0.003935276021845,0.0287747340123348
learned_leaf:SOLUSDT:60:1:0.02:0.025,learned_leaf,SOLUSDT,60,1,0.02,0.025,development,1,445,445,-0.0031496025210253,-0.1574801260512689,0.7541862997729514,0.4404494382022472,249,0.5595505617977528,196,0,0.0010988024200518,-0.0001266179865568,0.0019976428066314,3.0,3128,-0.0030685534035143,-8.10491175110002e-05,243,-0.0024134062486557,-0.0007361962723696001
learned_leaf:SOLUSDT:60:1:0.02:0.025,learned_leaf,SOLUSDT,60,1,0.02,0.025,development,2,445,445,-0.0051422878713992,-0.2571143935699613,0.6302077478609155,0.4404494382022472,249,0.5595505617977528,196,0,0.0010977059095292,-0.0001264916213008,0.0039912983022718,3.0,3128,-0.0050615138405711,-8.077403082810009e-05,243,-0.0044077444992394,-0.0007345433721598002
learned_leaf:SOLUSDT:60:1:0.03:0.03,learned_leaf,SOLUSDT,60,1,0.03,0.03,development,1,303,303,-0.0018241991149303,-0.0608066371643449,0.8846763834406646,0.5181518151815182,146,0.4818481848184818,157,0,0.0010994989119791,-0.0001863689259395,0.0020001780397818,5.416666666666667,1949,-0.0031963163370267,0.0013721172220964003,192,-0.0019399573040845,0.00011575818915419999
learned_leaf:SOLUSDT:60:1:0.03:0.03,learned_leaf,SOLUSDT,60,1,0.03,0.03,development,2,303,303,-0.00381947287819,-0.1273157626063335,0.771967080501923,0.5181518151815182,146,0.4818481848184818,157,0,0.0010984010098614,-0.0001861829290074,0.0039963637082271,5.416666666666667,1949,-0.0051890022515865,0.0013695293733964999,192,-0.003935276021845,0.00011580314365500048
clock_control:SOLUSDT:60:1:0.02:0.025,clock_control,SOLUSDT,60,1,0.02,0.025,development,1,3129,3128,-0.0030685534035143,-0.1534276701757158,0.7600089279924268,0.444693094629156,1737,0.555306905370844,1391,1,0.001098909288253,-1.3468151869198765e-05,0.0019980318072729,2.316666666666667,3128,-0.0030685534035143,0.0,243,-0.0024134062486557,-0.0006551471548585999
clock_control:SOLUSDT:60:1:0.02:0.025,clock_control,SOLUSDT,60,1,0.02,0.025,development,2,3129,3128,-0.0050615138405711,-0.2530756920285598,0.635083194727209,0.444693094629156,1737,0.555306905370844,1391,1,0.0010978125642071,-1.3454710599868228e-05,0.0039920755271063,2.316666666666667,3128,-0.0050615138405711,0.0,243,-0.0044077444992394,-0.0006537693413317001
clock_control:SOLUSDT:60:1:0.03:0.03,clock_control,SOLUSDT,60,1,0.03,0.03,development,1,1950,1949,-0.0031963163370267,-0.1065438779008921,0.8069829510717536,0.4976911236531555,979,0.5023088763468445,970,1,0.0010988283858996,-3.271950405102482e-05,0.0019977373224119,3.95,1949,-0.0031963163370267,0.0,192,-0.0019399573040845,-0.0012563590329422003
clock_control:SOLUSDT:60:1:0.03:0.03,clock_control,SOLUSDT,60,1,0.03,0.03,development,2,1950,1949,-0.0051890022515865,-0.1729667417195511,0.7039982634231869,0.4976911236531555,979,0.5023088763468445,970,1,0.0010977318234971,-3.268684985536513e-05,0.0039914871451785,3.95,1949,-0.0051890022515865,0.0,192,-0.003935276021845,-0.0012537262297414994
legacy_zone:SOLUSDT:60:1:0.02:0.025,legacy_zone,SOLUSDT,60,1,0.02,0.025,development,1,243,243,-0.0024134062486557,-0.1206703124327899,0.806165143678302,0.4609053497942387,131,0.5390946502057613,112,0,0.0010993076923076,5.535729760690932e-05,0.0019994819994818,3.1333333333333333,3128,-0.0030685534035143,0.0006551471548585999,243,-0.0024134062486557,0.0
legacy_zone:SOLUSDT:60:1:0.02:0.025,legacy_zone,SOLUSDT,60,1,0.02,0.025,development,2,243,243,-0.0044077444992394,-0.2203872249619711,0.6735897237747384,0.4609053497942387,131,0.5390946502057613,112,0,0.001098210172248,5.53020508029104e-05,0.0039949730169291,3.1333333333333333,3128,-0.0050615138405711,0.0006537693413317001,243,-0.0044077444992394,0.0
legacy_zone:SOLUSDT:60:1:0.03:0.03,legacy_zone,SOLUSDT,60,1,0.03,0.03,development,1,192,192,-0.0019399573040845,-0.0646652434694851,0.8777192063153173,0.5208333333333334,92,0.4791666666666667,100,0,0.0010995872252747,8.987057831044958e-05,0.0020004995004993,5.8,1949,-0.0031963163370267,0.0012563590329422003,192,-0.0019399573040845,0.0
legacy_zone:SOLUSDT:60:1:0.03:0.03,legacy_zone,SOLUSDT,60,1,0.03,0.03,development,2,192,192,-0.003935276021845,-0.1311758673948352,0.7656321627006974,0.5208333333333334,92,0.4791666666666667,100,0,0.0010984891467065,8.978088711453095e-05,0.0039970059880239,5.8,1949,-0.0051890022515865,0.0012537262297414994,192,-0.003935276021845,0.0
trend_pullback:SOLUSDT:60:-1:0.02:0.025,trend_pullback,SOLUSDT,60,-1,0.02,0.025,development,1,72,72,-0.0012102863967491,-0.0605143198374587,0.8983745165157095,0.4861111111111111,37,0.5138888888888888,35,0,0.0011000677865365,-1.3029638035490196e-05,0.0019982482482481,2.9,3177,-0.0033057015134574,0.0020954151167083,318,-0.0032513028478452,0.0020410164510961002
trend_pullback:SOLUSDT:60:-1:0.02:0.025,trend_pullback,SOLUSDT,60,-1,0.02,0.025,development,2,72,72,-0.00321362733377,-0.1606813666885034,0.7520608547468624,0.4861111111111111,37,0.5138888888888888,35,0,0.0011011690255511,-1.3042693785024747e-05,0.0040005010020039,2.9,3177,-0.0053132100897122,0.0020995827559422,318,-0.0052586159726976,0.0020449886389276
trend_pullback:SOLUSDT:60:-1:0.03:0.03,trend_pullback,SOLUSDT,60,-1,0.03,0.03,development,1,69,69,-0.002653330591027,-0.0884443530342352,0.8378814610698951,0.5072463768115942,34,0.4927536231884058,35,0,0.0011008614919267,-1.3879858552848402e-05,0.0020011315663488,4.95,1949,-0.0030037990397654,0.0003504684487383998,265,-0.0042404672410046,0.0015871366499776002
trend_pullback:SOLUSDT:60:-1:0.03:0.03,trend_pullback,SOLUSDT,60,-1,0.03,0.03,development,2,69,69,-0.0046595613614198,-0.1553187120473285,0.731982844277422,0.5072463768115942,34,0.4927536231884058,35,0,0.0011019643199442,-1.3893766226749046e-05,0.004006273416398,4.95,1949,-0.0050106840658662,0.00035112270444640024,265,-0.0062497456934525,0.0015901843320327005
shock_reversal:SOLUSDT:60:-1:0.02:0.025,shock_reversal,SOLUSDT,60,-1,0.02,0.025,development,1,21,21,-0.0081597603152498,-0.407988015762494,0.4728249293197848,0.3333333333333333,14,0.6666666666666666,7,0,0.0011038566066066,4.389169663136725e-05,0.0020120120120119,3.6666666666666665,3177,-0.0033057015134574,-0.0048540588017924,318,-0.0032513028478452,-0.004908457467404601
shock_reversal:SOLUSDT:60:-1:0.02:0.025,shock_reversal,SOLUSDT,60,-1,0.02,0.025,development,2,21,21,-0.0101769572193734,-0.508847860968675,0.3957808707216013,0.3333333333333333,14,0.6666666666666666,7,0,0.0011049654308617,4.393567628731051e-05,0.0040280561122244,3.6666666666666665,3177,-0.0053132100897122,-0.0048637471296612,318,-0.0052586159726976,-0.0049183412466758
shock_reversal:SOLUSDT:60:-1:0.03:0.03,shock_reversal,SOLUSDT,60,-1,0.03,0.03,development,1,21,21,-0.0074674232021006,-0.2489141067366879,0.6084316598666747,0.4285714285714285,12,0.5714285714285714,9,0,0.0011034629629629,6.76639428414667e-05,0.0020105820105819,5.983333333333333,1949,-0.0030037990397654,-0.0044636241623352,265,-0.0042404672410046,-0.0032269559610959998
shock_reversal:SOLUSDT:60:-1:0.03:0.03,shock_reversal,SOLUSDT,60,-1,0.03,0.03,development,2,21,21,-0.0094832102708689,-0.3161070090289651,0.5317393788646124,0.4285714285714285,12,0.5714285714285714,9,0,0.0011045709991411,6.773174238339203e-05,0.0040251932436301,5.983333333333333,1949,-0.0050106840658662,-0.004472526205002701,265,-0.0062497456934525,-0.0032334645774164004
funding_squeeze:SOLUSDT:60:-1:0.02:0.025,funding_squeeze,SOLUSDT,60,-1,0.02,0.025,development,1,196,195,-0.0044098619071115,-0.2204930953555789,0.6734971765694489,0.4153846153846154,114,0.5846153846153846,81,1,0.0011018509451205,-5.734380270746962e-05,0.0020047259835457,3.758333333333333,3177,-0.0033057015134574,-0.0011041603936540996,318,-0.0032513028478452,-0.0011585590592662997
funding_squeeze:SOLUSDT:60:-1:0.02:0.025,funding_squeeze,SOLUSDT,60,-1,0.02,0.025,development,2,196,195,-0.0064196527277871,-0.3209826363893569,0.5635094946582118,0.4153846153846154,114,0.5846153846153846,81,1,0.0011029557540293,-5.74012614276174e-05,0.0040134694540326,3.758333333333333,3177,-0.0053132100897122,-0.0011064426380749002,318,-0.0052586159726976,-0.0011610367550895003
funding_squeeze:SOLUSDT:60:-1:0.03:0.03,funding_squeeze,SOLUSDT,60,-1,0.03,0.03,development,1,174,173,-0.0032411555910768,-0.1080385197025605,0.8049967926455178,0.4971098265895953,87,0.5028901734104047,86,1,0.0011012331222509,-0.0001021179874178,0.002002481599313,6.291666666666667,1949,-0.0030037990397654,-0.00023735655131139994,265,-0.0042404672410046,0.0009993116499278005
funding_squeeze:SOLUSDT:60:-1:0.03:0.03,funding_squeeze,SOLUSDT,60,-1,0.03,0.03,development,2,174,173,-0.005248651428958,-0.1749550476319358,0.7029006699073045,0.4971098265895953,87,0.5028901734104047,86,1,0.0011023366942746,-0.0001022203100505,0.0040089761878033,6.291666666666667,1949,-0.0050106840658662,-0.00023796736309180007,265,-0.0062497456934525,0.0010010942644945002
compression_expansion:SOLUSDT:60:-1:0.02:0.025,compression_expansion,SOLUSDT,60,-1,0.02,0.025,development,1,7,7,-0.0037374610645467,-0.1868730532273386,0.7172154130424322,0.4285714285714285,4,0.5714285714285714,3,0,0.0011014947447447,-8.17513979155301e-05,0.0020034320034318,2.4,3177,-0.0033057015134574,-0.00043175955108929994,318,-0.0032513028478452,-0.00048615821670150005
compression_expansion:SOLUSDT:60:-1:0.02:0.025,compression_expansion,SOLUSDT,60,-1,0.02,0.025,development,2,7,7,-0.0057459301423384,-0.2872965071169224,0.6006022145036813,0.4285714285714285,4,0.5714285714285714,3,0,0.0011025988405382,-8.183331314390238e-05,0.0040108789006584,2.4,3177,-0.0053132100897122,-0.0004327200526262004,318,-0.0052586159726976,-0.0004873141696408005
compression_expansion:SOLUSDT:60:-1:0.03:0.03,compression_expansion,SOLUSDT,60,-1,0.03,0.03,development,1,7,7,0.0014764095985549,0.0492136532851651,1.1043526067029823,0.5714285714285714,3,0.4285714285714285,4,0,0.0010987392392392,-0.0002828565455018,0.0019934219934219,8.55,1949,-0.0030037990397654,0.0044802086383203,265,-0.0042404672410046,0.0057168768395595
compression_expansion:SOLUSDT:60:-1:0.03:0.03,compression_expansion,SOLUSDT,60,-1,0.03,0.03,development,2,7,7,-0.0005218223843838,-0.0173940794794621,0.9652909876084926,0.5714285714285714,3,0.4285714285714285,4,0,0.0010998378184941,-0.0002831399688941,0.0039908388204981,8.55,1949,-0.0050106840658662,0.0044888616814824,265,-0.0062497456934525,0.0057279233090687005
learned_leaf:SOLUSDT:60:-1:0.02:0.025,learned_leaf,SOLUSDT,60,-1,0.02,0.025,development,1,1108,1107,-0.0027576257481863,-0.1378812874093181,0.7826277628404681,0.4516711833785004,607,0.5483288166214996,500,1,0.0011009278540348,-3.030944201765553e-05,0.0020013726420301,3.95,3177,-0.0033057015134574,0.0005480757652711003,318,-0.0032513028478452,0.0004936770996589001
learned_leaf:SOLUSDT:60:-1:0.02:0.025,learned_leaf,SOLUSDT,60,-1,0.02,0.025,development,2,1108,1107,-0.0047640817477269,-0.2382040873863483,0.6550159305078092,0.4516711833785004,607,0.5483288166214996,500,1,0.0011020308149097,-3.0339812200037957e-05,0.0040067560508783,3.95,3177,-0.0053132100897122,0.0005491283419852997,318,-0.0052586159726976,0.0004945342249706997
learned_leaf:SOLUSDT:60:-1:0.03:0.03,learned_leaf,SOLUSDT,60,-1,0.03,0.03,development,1,696,695,-0.0025133310682958,-0.0837777022765284,0.8453721988985758,0.5093525179856115,341,0.4906474820143885,354,1,0.0011008015453792,-4.4825712127315455e-05,0.0020009137966733,6.716666666666667,1949,-0.0030037990397654,0.0004904679714695997,265,-0.0042404672410046,0.0017271361727088002
learned_leaf:SOLUSDT:60:-1:0.03:0.03,learned_leaf,SOLUSDT,60,-1,0.03,0.03,development,2,696,695,-0.0045193125047182,-0.1506437501572758,0.738311805495072,0.5093525179856115,341,0.4906474820143885,354,1,0.0011019042533834,-4.487062767052921e-05,0.0040058374406347,6.716666666666667,1949,-0.0050106840658662,0.0004913715611480005,265,-0.0062497456934525,0.0017304331887343007
clock_control:SOLUSDT:60:-1:0.02:0.025,clock_control,SOLUSDT,60,-1,0.02,0.025,development,1,3178,3177,-0.0033057015134574,-0.1652850756728728,0.7450838815872252,0.4403525338369531,1778,0.559647466163047,1399,1,0.0011012045727156,1.4364730385814892e-05,0.002002377886534,2.35,3177,-0.0033057015134574,0.0,318,-0.0032513028478452,-5.439866561220011e-05
clock_control:SOLUSDT:60:-1:0.02:0.025,clock_control,SOLUSDT,60,-1,0.02,0.025,development,2,3178,3177,-0.0053132100897122,-0.265660504485612,0.6235458949304522,0.4403525338369531,1778,0.559647466163047,1399,1,0.001102308087583,1.4379123903235552e-05,0.0040087685544041,2.35,3177,-0.0053132100897122,0.0,318,-0.0052586159726976,-5.459411701460009e-05
clock_control:SOLUSDT:60:-1:0.03:0.03,clock_control,SOLUSDT,60,-1,0.03,0.03,development,1,1950,1949,-0.0030037990397654,-0.1001266346588487,0.8182552236838906,0.5023088763468445,970,0.4976911236531555,979,1,0.001101028096665,3.350427933569147e-05,0.0020017367965308,3.95,1949,-0.0030037990397654,0.0,265,-0.0042404672410046,0.0012366682012392004
clock_control:SOLUSDT:60:-1:0.03:0.03,clock_control,SOLUSDT,60,-1,0.03,0.03,development,2,1950,1949,-0.0050106840658662,-0.1670228021955403,0.7146045827053862,0.5023088763468445,970,0.4976911236531555,979,1,0.0011021312582262,3.353785075787151e-05,0.0040074850896482,3.95,1949,-0.0050106840658662,0.0,265,-0.0062497456934525,0.0012390616275863003
legacy_zone:SOLUSDT:60:-1:0.02:0.025,legacy_zone,SOLUSDT,60,-1,0.02,0.025,development,1,318,318,-0.0032513028478452,-0.1625651423922612,0.7483835445177226,0.4433962264150943,177,0.5566037735849056,141,0,0.001101127096436,0.0001009095040298,0.0020020964360585,4.341666666666667,3177,-0.0033057015134574,5.439866561220011e-05,318,-0.0032513028478452,0.0
legacy_zone:SOLUSDT:60:-1:0.02:0.025,legacy_zone,SOLUSDT,60,-1,0.02,0.025,development,2,318,318,-0.0052586159726976,-0.2629307986348801,0.6260196348996186,0.4433962264150943,177,0.5566037735849056,141,0,0.0011022304561954,0.0001010106157573,0.0040082050894241,4.341666666666667,3177,-0.0053132100897122,5.459411701460009e-05,318,-0.0052586159726976,0.0
legacy_zone:SOLUSDT:60:-1:0.03:0.03,legacy_zone,SOLUSDT,60,-1,0.03,0.03,development,1,265,265,-0.0042404672410046,-0.1413489080334895,0.7535819554121487,0.4830188679245283,137,0.5169811320754717,128,0,0.0011016626003361,0.0001158949385136,0.0020040417776265,6.3,1949,-0.0030037990397654,-0.0012366682012392004,265,-0.0042404672410046,0.0
legacy_zone:SOLUSDT:60:-1:0.03:0.03,legacy_zone,SOLUSDT,60,-1,0.03,0.03,development,2,265,265,-0.0062497456934525,-0.2083248564484195,0.6580588363782973,0.4830188679245283,137,0.5169811320754717,128,0,0.0011027670321775,0.0001160110657065,0.0040120996710401,6.3,1949,-0.0050106840658662,-0.0012390616275863003,265,-0.0062497456934525,0.0
trend_pullback:BTCUSDT:5:1:0.02:0.025,trend_pullback,BTCUSDT,5,1,0.02,0.025,selection,1,61,61,-0.0075967204287248,-0.3798360214362447,0.491204577099077,0.3278688524590163,41,0.6721311475409836,20,0,0.0010965679127649,0.00025999390674,0.0009942569698756,6.733333333333333,598,-0.0012287279420353,-0.0063679924866895,134,-0.0013551068625795,-0.0062416135661453
trend_pullback:BTCUSDT:5:1:0.02:0.025,trend_pullback,BTCUSDT,5,1,0.02,0.025,selection,2,61,61,-0.0085893079727697,-0.4294653986384883,0.4489825265545848,0.3278688524590163,41,0.6721311475409836,20,0,0.0010960216177265,0.0002598640396537,0.0019875206760451,6.733333333333333,598,-0.002227650354499,-0.006361657618270701,134,-0.0023540084476751,-0.006235299525094601
trend_pullback:BTCUSDT:5:1:0.03:0.03,trend_pullback,BTCUSDT,5,1,0.03,0.03,selection,1,49,49,-0.0080453173792504,-0.2681772459750137,0.5803962115678671,0.4081632653061224,29,0.5918367346938775,20,0,0.0010964226917153,0.0004446978063838,0.0009939927995185,21.116666666666667,340,-0.0003521187006751,-0.0076931986785753,99,-0.001217882784375,-0.0068274345948754
trend_pullback:BTCUSDT:5:1:0.03:0.03,trend_pullback,BTCUSDT,5,1,0.03,0.03,selection,2,49,49,-0.009037548902303,-0.3012516300767678,0.5423193857074272,0.4081632653061224,29,0.5918367346938775,20,0,0.0010958765418255,0.0004444756796074,0.0019869925992373,21.116666666666667,340,-0.0013519929983159,-0.007685555903987101,99,-0.0022170318530051,-0.006820517049297901
shock_reversal:BTCUSDT:5:1:0.02:0.025,shock_reversal,BTCUSDT,5,1,0.02,0.025,selection,1,120,119,-0.0008583712202726,-0.0429185610136325,0.9259713915174688,0.4789915966386555,62,0.5210084033613446,57,1,0.0011002892904583,0.0002840645813453,0.0010010264958993,16.458333333333332,598,-0.0012287279420353,0.0003703567217627,134,-0.0013551068625795,0.0004967356423069
shock_reversal:BTCUSDT:5:1:0.02:0.025,shock_reversal,BTCUSDT,5,1,0.02,0.025,selection,2,120,119,-0.0018577057847442,-0.0928852892372124,0.8465802237789507,0.4789915966386555,62,0.5210084033613446,57,1,0.0010997392759001,0.000283922690945,0.0020010529653294,16.458333333333332,598,-0.002227650354499,0.00036994456975479985,134,-0.0023540084476751,0.0004963026629309
shock_reversal:BTCUSDT:5:1:0.03:0.03,shock_reversal,BTCUSDT,5,1,0.03,0.03,selection,1,102,101,0.002763324676521,0.0921108225507032,1.2069770067005714,0.594059405940594,41,0.4059405940594059,60,1,0.0011023973662122,0.0004931256159536,0.0010048612782977,27.20833333333333,340,-0.0003521187006751,0.0031154433771960997,99,-0.001217882784375,0.003981207460896
shock_reversal:BTCUSDT:5:1:0.03:0.03,shock_reversal,BTCUSDT,5,1,0.03,0.03,selection,2,102,101,0.0017602656937171,0.058675523123904,1.1280246304856674,0.594059405940594,41,0.4059405940594059,60,1,0.0011018452446307,0.0004928792994621,0.0020087186991746,27.20833333333333,340,-0.0013519929983159,0.003112258692033,99,-0.0022170318530051,0.0039772975467222
funding_squeeze:BTCUSDT:5:1:0.02:0.025,funding_squeeze,BTCUSDT,5,1,0.02,0.025,selection,1,4,4,0.0004953126449308,0.0247656322465444,1.0451244265990791,0.5,2,0.5,2,0,0.0011008239005497,-9.8135545980328e-05,0.0010019990004996,16.591666666666665,598,-0.0012287279420353,0.0017240405869660999,134,-0.0013551068625795,0.0018504195075103001
funding_squeeze:BTCUSDT:5:1:0.02:0.025,funding_squeeze,BTCUSDT,5,1,0.02,0.025,selection,2,4,4,-0.0005051838274192,-0.0252591913709613,0.9559392583034346,0.5,2,0.5,2,0,0.0011002733516483,-9.80865272260921e-05,0.0020029970029968,16.591666666666665,598,-0.002227650354499,0.0017224665270798,134,-0.0023540084476751,0.0018488246202559
funding_squeeze:BTCUSDT:5:1:0.03:0.03,funding_squeeze,BTCUSDT,5,1,0.03,0.03,selection,1,4,4,-0.0020553570126864,-0.0685119004228801,0.8717277389171175,0.5,2,0.5,2,0,0.0010994502748625,-4.3593512051160825e-05,0.0009995002498749,26.716666666666665,340,-0.0003521187006751,-0.0017032383120113,99,-0.001217882784375,-0.0008374742283113999
funding_squeeze:BTCUSDT:5:1:0.03:0.03,funding_squeeze,BTCUSDT,5,1,0.03,0.03,selection,2,4,4,-0.0030533313598328,-0.1017777119944294,0.8150325997331869,0.5,2,0.5,2,0,0.001098901098901,-4.3571737070116286e-05,0.0019980019980019,26.716666666666665,340,-0.0013519929983159,-0.0017013383615169001,99,-0.0022170318530051,-0.0008362995068277
compression_expansion:BTCUSDT:5:1:0.02:0.025,compression_expansion,BTCUSDT,5,1,0.02,0.025,selection,1,41,41,-0.0027242903227508,-0.1362145161375438,0.7852126028793894,0.4390243902439024,23,0.5609756097560976,18,0,0.0010993162626004,0.0003818151517998,0.0009992564693262,17.6,598,-0.0012287279420353,-0.0014955623807155,134,-0.0013551068625795,-0.0013691834601712999
compression_expansion:BTCUSDT:5:1:0.02:0.025,compression_expansion,BTCUSDT,5,1,0.02,0.025,selection,2,41,41,-0.0037218087749909,-0.1860904387495459,0.7187296119019134,0.4390243902439024,23,0.5609756097560976,18,0,0.0010987672205842,0.0003816244349407,0.0019975146804413,17.6,598,-0.002227650354499,-0.0014941584204919002,134,-0.0023540084476751,-0.0013678003273158
compression_expansion:BTCUSDT:5:1:0.03:0.03,compression_expansion,BTCUSDT,5,1,0.03,0.03,selection,1,39,39,0.0012116014428107,0.0403867147603597,1.084869440047359,0.5641025641025641,17,0.4358974358974359,22,0,0.0011015635451505,0.0005296443765873,0.0010033444816052,26.23333333333333,340,-0.0003521187006751,0.0015637201434858,99,-0.001217882784375,0.0024294842271857
compression_expansion:BTCUSDT:5:1:0.03:0.03,compression_expansion,BTCUSDT,5,1,0.03,0.03,selection,2,39,39,0.0002100751491522,0.0070025049717418,1.0142929019753542,0.5641025641025641,17,0.4358974358974359,22,0,0.0011010122569737,0.0005293798189566,0.0020056866210711,26.23333333333333,340,-0.0013519929983159,0.0015620681474681,99,-0.0022170318530051,0.0024271070021573
learned_leaf:BTCUSDT:5:1:0.02:0.025,learned_leaf,BTCUSDT,5,1,0.02,0.025,selection,1,99,98,-0.0038627758139439,-0.1931387906971996,0.7041377502997213,0.4081632653061224,58,0.5918367346938775,40,1,0.0010985194090698,7.227289545968207e-05,0.0009978069199504,12.433333333333334,598,-0.0012287279420353,-0.0026340478719085996,134,-0.0013551068625795,-0.0025076689513644
learned_leaf:BTCUSDT:5:1:0.02:0.025,learned_leaf,BTCUSDT,5,1,0.02,0.025,selection,2,99,98,-0.0048590015778769,-0.2429500788938455,0.6437407486161371,0.4081632653061224,58,0.5918367346938775,40,1,0.0010979711635094,7.223679511229961e-05,0.0019946170297911,12.433333333333334,598,-0.002227650354499,-0.0026313512233779,134,-0.0023540084476751,-0.0025049931302018
learned_leaf:BTCUSDT:5:1:0.03:0.03,learned_leaf,BTCUSDT,5,1,0.03,0.03,selection,1,63,62,-0.0041798748102215,-0.1393291603407194,0.7523953801867826,0.4677419354838709,33,0.532258064516129,29,1,0.0010984048686592,0.0001812311401644,0.0009975985604787,32.15,340,-0.0003521187006751,-0.0038277561095464005,99,-0.001217882784375,-0.0029619920258465004
learned_leaf:BTCUSDT:5:1:0.03:0.03,learned_leaf,BTCUSDT,5,1,0.03,0.03,selection,2,63,62,-0.0051758381126196,-0.1725279370873229,0.7026083632152328,0.4677419354838709,33,0.532258064516129,29,1,0.001097856737582,0.0001811406151194,0.001994200518999,32.15,340,-0.0013519929983159,-0.0038238451143036995,99,-0.0022170318530051,-0.0029588062596144996
clock_control:BTCUSDT:5:1:0.02:0.025,clock_control,BTCUSDT,5,1,0.02,0.025,selection,1,599,598,-0.0012287279420353,-0.0614363971017651,0.895926268780237,0.4682274247491639,318,0.5317725752508361,280,1,0.0011000392785722,0.0002001042494424,0.0010005717014365,7.15,598,-0.0012287279420353,0.0,134,-0.0013551068625795,0.00012637892054420002
clock_control:BTCUSDT:5:1:0.02:0.025,clock_control,BTCUSDT,5,1,0.02,0.025,selection,2,599,598,-0.002227650354499,-0.1113825177249514,0.8192890679374554,0.4682274247491639,318,0.5317725752508361,280,1,0.0010994895139011,0.0002000042972699,0.0020001438307439,7.15,598,-0.002227650354499,0.0,134,-0.0023540084476751,0.0001263580931761001
clock_control:BTCUSDT:5:1:0.03:0.03,clock_control,BTCUSDT,5,1,0.03,0.03,selection,1,341,340,-0.0003521187006751,-0.0117372900225039,0.9765668851084324,0.5352941176470588,158,0.4647058823529412,182,1,0.0011006050097073,0.0003515313406708,0.0010016008180586,14.766666666666667,340,-0.0003521187006751,0.0,99,-0.001217882784375,0.0008657640836999001
clock_control:BTCUSDT:5:1:0.03:0.03,clock_control,BTCUSDT,5,1,0.03,0.03,selection,2,341,340,-0.0013519929983159,-0.0450664332771981,0.9126501151172424,0.5352941176470588,158,0.4647058823529412,182,1,0.0011000546795875,0.0003513557505905,0.0020022010358995,14.766666666666667,340,-0.0013519929983159,0.0,99,-0.0022170318530051,0.0008650388546892001
legacy_zone:BTCUSDT:5:1:0.02:0.025,legacy_zone,BTCUSDT,5,1,0.02,0.025,selection,1,134,134,-0.0013551068625795,-0.0677553431289786,0.8861480122495654,0.4701492537313433,71,0.5298507462686567,63,0,0.0011000858330163,0.0004110810592499,0.0010006563882236,14.033333333333331,598,-0.0012287279420353,-0.00012637892054420002,134,-0.0013551068625795,0.0
legacy_zone:BTCUSDT:5:1:0.02:0.025,legacy_zone,BTCUSDT,5,1,0.02,0.025,selection,2,134,134,-0.0023540084476751,-0.1177004223837564,0.8104730481002167,0.4701492537313433,71,0.5298507462686567,63,0,0.001099536021814,0.0004108757240555,0.002000313119716,14.033333333333331,598,-0.002227650354499,-0.0001263580931761001,134,-0.0023540084476751,0.0
legacy_zone:BTCUSDT:5:1:0.03:0.03,legacy_zone,BTCUSDT,5,1,0.03,0.03,selection,1,99,99,-0.001217882784375,-0.0405960928125012,0.921565836714438,0.5252525252525253,47,0.4747474747474747,52,0,0.001100282775279,0.0006317368800545,0.0010010146441929,20.5,340,-0.0003521187006751,-0.0008657640836999001,99,-0.001217882784375,0.0
legacy_zone:BTCUSDT:5:1:0.03:0.03,legacy_zone,BTCUSDT,5,1,0.03,0.03,selection,2,99,99,-0.0022170318530051,-0.0739010617668368,0.8613216200043389,0.5252525252525253,47,0.4747474747474747,52,0,0.0010997327672327,0.0006314213271674,0.0020010292737564,20.5,340,-0.0013519929983159,-0.0008650388546892001,99,-0.0022170318530051,0.0
trend_pullback:BTCUSDT:5:-1:0.02:0.025,trend_pullback,BTCUSDT,5,-1,0.02,0.025,selection,1,45,45,-0.0019772190450521,-0.0988609522526062,0.8381915711427959,0.4444444444444444,25,0.5555555555555556,20,0,0.0011005502751375,-0.0001238314802103,0.0010005002501249,10.9,618,-0.003198155290653,0.0012209362456009,70,-0.0049956543498502,0.0030184353047980994
trend_pullback:BTCUSDT:5:-1:0.02:0.025,trend_pullback,BTCUSDT,5,-1,0.02,0.025,selection,2,45,45,-0.0029792096451747,-0.1489604822587393,0.7670180405253011,0.4444444444444444,25,0.5555555555555556,20,0,0.0011011011011011,-0.0001238934579281,0.0020020020020018,10.9,618,-0.0042014018465193,0.0012221922013446003,70,-0.0060006329211835,0.0030214232760087997
trend_pullback:BTCUSDT:5:-1:0.03:0.03,trend_pullback,BTCUSDT,5,-1,0.03,0.03,selection,1,37,37,-0.0043295647556961,-0.144318825189872,0.7486601111598277,0.4594594594594595,20,0.5405405405405406,17,0,0.0011018894514824,-0.0002076910276007,0.0010029338993819,17.716666666666665,340,-0.0038540456615874,-0.00047551909410869977,51,-0.0082756995355671,0.003946134779871001
trend_pullback:BTCUSDT:5:-1:0.03:0.03,trend_pullback,BTCUSDT,5,-1,0.03,0.03,selection,2,37,37,-0.0053339508092626,-0.1777983603087563,0.70006618739793,0.4594594594594595,20,0.5405405405405406,17,0,0.0011024416172929,-0.000207794977064,0.0020068717366013,17.716666666666665,340,-0.0048580280539895,-0.0004759227552731003,51,-0.0092840012201359,0.003950050410873299
shock_reversal:BTCUSDT:5:-1:0.02:0.025,shock_reversal,BTCUSDT,5,-1,0.02,0.025,selection,1,113,113,-0.003937023629135,-0.1968511814567526,0.7010629107617793,0.3982300884955752,68,0.6017699115044248,45,0,0.0011016952248248,-0.0002468985498746,0.0010025809364858,13.8,618,-0.003198155290653,-0.0007388683384819995,70,-0.0049956543498502,0.0010586307207151998
shock_reversal:BTCUSDT:5:-1:0.02:0.025,shock_reversal,BTCUSDT,5,-1,0.02,0.025,selection,2,113,113,-0.0049410365487807,-0.2470518274390394,0.6415659616912143,0.3982300884955752,68,0.6017699115044248,45,0,0.0011022471963113,-0.0002470221227224,0.0020061654574927,13.8,618,-0.0042014018465193,-0.0007396347022613995,70,-0.0060006329211835,0.0010595963724028
shock_reversal:BTCUSDT:5:-1:0.03:0.03,shock_reversal,BTCUSDT,5,-1,0.03,0.03,selection,1,91,91,-0.006544463400968,-0.2181487800322686,0.6454853968014597,0.4175824175824176,53,0.5824175824175825,38,0,0.0011032727764981,-0.0005093120994193,0.0010054477788343,23.366666666666667,340,-0.0038540456615874,-0.0026904177393806,51,-0.0082756995355671,0.0017312361345991007
shock_reversal:BTCUSDT:5:-1:0.03:0.03,shock_reversal,BTCUSDT,5,-1,0.03,0.03,selection,2,91,91,-0.0075512162729031,-0.2517072090967709,0.6038464961007661,0.4175824175824176,53,0.5824175824175825,38,0,0.0011038263263263,-0.00050956701038,0.0020119020119019,23.366666666666667,340,-0.0048580280539895,-0.0026931882189136,51,-0.0092840012201359,0.0017327849472327994
funding_squeeze:BTCUSDT:5:-1:0.02:0.025,funding_squeeze,BTCUSDT,5,-1,0.02,0.025,selection,1,40,40,-0.0083524840217995,-0.4176242010899786,0.455020198720746,0.3,28,0.7,12,0,0.0011041288519259,-0.0002586483318771,0.0010070035017507,15.0,618,-0.003198155290653,-0.0051543287311465,70,-0.0049956543498502,-0.0033568296719493004
funding_squeeze:BTCUSDT:5:-1:0.02:0.025,funding_squeeze,BTCUSDT,5,-1,0.02,0.025,selection,2,40,40,-0.0093609204877764,-0.4680460243888229,0.4164600061157794,0.3,28,0.7,12,0,0.0011046832582582,-0.0002587777854967,0.0020150150150148,15.0,618,-0.0042014018465193,-0.005159518641257099,70,-0.0060006329211835,-0.0033602875665928993
funding_squeeze:BTCUSDT:5:-1:0.03:0.03,funding_squeeze,BTCUSDT,5,-1,0.03,0.03,selection,1,34,34,-0.0086917845192097,-0.289726150640325,0.5550655153008565,0.3823529411764705,21,0.6176470588235294,13,0,0.0011044365123738,-0.0004790381274075,0.0010075626048317,26.40833333333333,340,-0.0038540456615874,-0.004837738857622301,51,-0.0082756995355671,-0.00041608498364260026
funding_squeeze:BTCUSDT:5:-1:0.03:0.03,funding_squeeze,BTCUSDT,5,-1,0.03,0.03,selection,2,34,34,-0.0097006706505418,-0.3233556883513958,0.5191092870511103,0.3823529411764705,21,0.6176470588235294,13,0,0.0011049912265206,-0.00047927788623,0.0020161337808395,26.40833333333333,340,-0.0048580280539895,-0.004842642596552301,51,-0.0092840012201359,-0.0004166694304059016
compression_expansion:BTCUSDT:5:-1:0.02:0.025,compression_expansion,BTCUSDT,5,-1,0.02,0.025,selection,1,33,33,-0.0027607061335854,-0.1380353066792727,0.7807428758191863,0.4242424242424242,19,0.5757575757575758,14,0,0.0011010507753876,-0.0002508453467,0.0010014097958068,14.883333333333333,618,-0.003198155290653,0.00043744915706760016,70,-0.0049956543498502,0.0022349482162647995
compression_expansion:BTCUSDT:5:-1:0.02:0.025,compression_expansion,BTCUSDT,5,-1,0.02,0.025,selection,2,33,33,-0.0037635441200933,-0.1881772060046652,0.7144413419936501,0.4242424242424242,19,0.5757575757575758,14,0,0.0011016021021021,-0.0002509708949216,0.0020038220038219,14.883333333333333,618,-0.0042014018465193,0.00043785772642600035,70,-0.0060006329211835,0.0022370888010901997
compression_expansion:BTCUSDT:5:-1:0.03:0.03,compression_expansion,BTCUSDT,5,-1,0.03,0.03,selection,1,32,32,-0.0054267408078624,-0.1808913602620815,0.6954136382447175,0.4375,18,0.5625,14,0,0.0011026148386693,-0.0004301261568697,0.0010042521260629,26.925,340,-0.0038540456615874,-0.0015726951462749997,51,-0.0082756995355671,0.0028489587277047007
compression_expansion:BTCUSDT:5:-1:0.03:0.03,compression_expansion,BTCUSDT,5,-1,0.03,0.03,selection,2,32,32,-0.006432335804513,-0.2144111934837674,0.6503630737378763,0.4375,18,0.5625,14,0,0.0011031677302302,-0.0004303414352265,0.0020095095095093,26.925,340,-0.0048580280539895,-0.0015743077505234997,51,-0.0092840012201359,0.0028516654156228996
learned_leaf:BTCUSDT:5:-1:0.02:0.025,learned_leaf,BTCUSDT,5,-1,0.02,0.025,selection,1,404,403,-0.0028670608814248,-0.1433530440712411,0.7731232029286715,0.4243176178660049,232,0.575682382133995,171,1,0.0011010505677837,-0.0001441129295517,0.0010014094185338,7.8,618,-0.003198155290653,0.00033109440922820003,70,-0.0049956543498502,0.0021285934684253994
learned_leaf:BTCUSDT:5:-1:0.02:0.025,learned_leaf,BTCUSDT,5,-1,0.02,0.025,selection,2,404,403,-0.0038699519097024,-0.1934975954851216,0.707408599618384,0.4243176178660049,232,0.575682382133995,171,1,0.0011016018942904,-0.0001441850581451,0.0020038212488981,7.8,618,-0.0042014018465193,0.00033144993681690025,70,-0.0060006329211835,0.0021306810114810996
learned_leaf:BTCUSDT:5:-1:0.03:0.03,learned_leaf,BTCUSDT,5,-1,0.03,0.03,selection,1,233,232,-0.0030923094335277,-0.1030769811175932,0.8128350622196255,0.4784482758620689,121,0.521551724137931,111,1,0.0011012512269993,-0.0002838999740873,0.0010017740711449,15.283333333333331,340,-0.0038540456615874,0.0007617362280596999,51,-0.0082756995355671,0.005183390102039401
learned_leaf:BTCUSDT:5:-1:0.03:0.03,learned_leaf,BTCUSDT,5,-1,0.03,0.03,selection,2,233,232,-0.0040954957167081,-0.1365165238902704,0.7599040451681834,0.4784482758620689,121,0.521551724137931,111,1,0.0011018027542657,-0.0002840420661664,0.0020045509191379,15.283333333333331,340,-0.0048580280539895,0.0007625323372813997,51,-0.0092840012201359,0.005188505503427799
clock_control:BTCUSDT:5:-1:0.02:0.025,clock_control,BTCUSDT,5,-1,0.02,0.025,selection,1,619,618,-0.003198155290653,-0.1599077645326539,0.7503615539469858,0.4158576051779935,361,0.5841423948220065,257,1,0.0011012592490428,-0.0001926476726616,0.0010017886493894,6.816666666666666,618,-0.003198155290653,0.0,70,-0.0049956543498502,0.0017974990591971994
clock_control:BTCUSDT:5:-1:0.02:0.025,clock_control,BTCUSDT,5,-1,0.02,0.025,selection,2,619,618,-0.0042014018465193,-0.2100700923259678,0.6866683936485444,0.4158576051779935,361,0.5841423948220065,257,1,0.0011018107843353,-0.0001927440929182,0.0020045800902198,6.816666666666666,618,-0.0042014018465193,0.0,70,-0.0060006329211835,0.0017992310746641994
clock_control:BTCUSDT:5:-1:0.03:0.03,clock_control,BTCUSDT,5,-1,0.03,0.03,selection,1,341,340,-0.0038540456615874,-0.1284681887195802,0.7728305555561117,0.4647058823529412,182,0.5352941176470588,158,1,0.0011017073217632,-0.000351883047865,0.0010026029199276,14.766666666666667,340,-0.0038540456615874,0.0,51,-0.0082756995355671,0.0044216538739797005
clock_control:BTCUSDT:5:-1:0.03:0.03,clock_control,BTCUSDT,5,-1,0.03,0.03,selection,2,341,340,-0.0048580280539895,-0.1619342684663193,0.7226563886805696,0.4647058823529412,182,0.5352941176470588,158,1,0.0011022593053527,-0.0003520591655066,0.0020062094463818,14.766666666666667,340,-0.0048580280539895,0.0,51,-0.0092840012201359,0.004425973166146399
legacy_zone:BTCUSDT:5:-1:0.02:0.025,legacy_zone,BTCUSDT,5,-1,0.02,0.025,selection,1,71,70,-0.0049956543498502,-0.2497827174925145,0.6349755137067539,0.3714285714285714,44,0.6285714285714286,26,1,0.0011021743481973,-5.988035711761606e-05,0.0010034516345414,11.316666666666666,618,-0.003198155290653,-0.0017974990591971994,70,-0.0049956543498502,0.0
legacy_zone:BTCUSDT:5:-1:0.02:0.025,legacy_zone,BTCUSDT,5,-1,0.02,0.025,selection,2,71,70,-0.0060006329211835,-0.3000316460591778,0.580938015631727,0.3714285714285714,44,0.6285714285714286,26,1,0.0011027267990471,-5.991032726632357e-05,0.0020079077251735,11.316666666666666,618,-0.0042014018465193,-0.0017992310746641994,70,-0.0060006329211835,0.0
legacy_zone:BTCUSDT:5:-1:0.03:0.03,legacy_zone,BTCUSDT,5,-1,0.03,0.03,selection,1,52,51,-0.0082756995355671,-0.275856651185572,0.5664007564158104,0.392156862745098,31,0.6078431372549019,20,1,0.0011040229244314,-0.0001427314459848,0.0010068110025557,20.5,340,-0.0038540456615874,-0.0044216538739797005,51,-0.0082756995355671,0.0
legacy_zone:BTCUSDT:5:-1:0.03:0.03,legacy_zone,BTCUSDT,5,-1,0.03,0.03,selection,2,52,51,-0.0092840012201359,-0.3094667073378656,0.529190431154989,0.392156862745098,31,0.6078431372549019,20,1,0.0011045772247831,-0.0001428028831449,0.0020146298239329,20.5,340,-0.0048580280539895,-0.004425973166146399,51,-0.0092840012201359,0.0
trend_pullback:BTCUSDT:15:1:0.02:0.025,trend_pullback,BTCUSDT,15,1,0.02,0.025,selection,1,51,51,-0.0091093663463911,-0.4554683173195551,0.4199798849611407,0.2941176470588235,36,0.7058823529411765,15,0,0.0010957334053561,0.0002561881340267,0.0009927389246552,10.216666666666669,553,-0.0011617356899562,-0.0079476306564349,129,-0.0022776376580619,-0.0068317286883292005
trend_pullback:BTCUSDT:15:1:0.02:0.025,trend_pullback,BTCUSDT,15,1,0.02,0.025,selection,2,51,51,-0.0101004400968204,-0.5050220048410203,0.3839521165925059,0.2941176470588235,36,0.7058823529411765,15,0,0.0010951879444085,0.0002560601679258,0.001984486102133,10.216666666666669,553,-0.002160731539317,-0.0079397085575034,129,-0.0032756170749322,-0.006824823021888199
trend_pullback:BTCUSDT:15:1:0.03:0.03,trend_pullback,BTCUSDT,15,1,0.03,0.03,selection,1,43,43,-0.0087746600889096,-0.292488669630323,0.5510680164468009,0.3953488372093023,26,0.6046511627906976,17,0,0.0010960002382529,0.0004063657651414,0.0009932243180734,21.016666666666666,331,-0.0004527798081279,-0.0083218802807817,92,-0.0014588710749982,-0.0073157890139114
trend_pullback:BTCUSDT:15:1:0.03:0.03,trend_pullback,BTCUSDT,15,1,0.03,0.03,selection,2,43,43,-0.0097661434673472,-0.3255381155782421,0.5148670996841526,0.3953488372093023,26,0.6046511627906976,17,0,0.0010954545106056,0.0004061627852387,0.0019854564040609,21.016666666666666,331,-0.0014525577538436,-0.0083135857135036,92,-0.0024577945312219,-0.007308348936125301
shock_reversal:BTCUSDT:15:1:0.02:0.025,shock_reversal,BTCUSDT,15,1,0.02,0.025,selection,1,52,52,0.0001029409073702,0.005147045368512,1.0091918474763892,0.5,26,0.5,26,0,0.0011008239005497,0.0002942361915803,0.0010019990004996,15.35,553,-0.0011617356899562,0.0012646765973263999,129,-0.0022776376580619,0.0023805785654321
shock_reversal:BTCUSDT:15:1:0.02:0.025,shock_reversal,BTCUSDT,15,1,0.02,0.025,selection,2,52,52,-0.0008973595751009,-0.044867978755047,0.9232242982720704,0.5,26,0.5,26,0,0.0011002733516483,0.0002940892204556,0.0020029970029968,15.35,553,-0.002160731539317,0.0012633719642160999,129,-0.0032756170749322,0.0023782574998313
shock_reversal:BTCUSDT:15:1:0.03:0.03,shock_reversal,BTCUSDT,15,1,0.03,0.03,selection,1,46,46,-0.0014049011176282,-0.0468300372542733,0.9106271057379368,0.5217391304347826,22,0.4782608695652174,24,0,0.0011001669491341,0.0006082780487279,0.001000803945853,27.425,331,-0.0004527798081279,-0.0009521213095003,92,-0.0014588710749982,5.3969957369999965e-05
shock_reversal:BTCUSDT:15:1:0.03:0.03,shock_reversal,BTCUSDT,15,1,0.03,0.03,selection,2,46,46,-0.0024038515318725,-0.0801283843957503,0.8514519111028049,0.5217391304347826,22,0.4782608695652174,24,0,0.0010996170568561,0.0006079742135388,0.0020006080875644,27.425,331,-0.0014525577538436,-0.0009512937780289,92,-0.0024577945312219,5.394299934940007e-05
funding_squeeze:BTCUSDT:15:1:0.02:0.025,funding_squeeze,BTCUSDT,15,1,0.02,0.025,selection,1,3,3,-0.0070085661453608,-0.3504283072680441,0.5211258085904853,0.3333333333333333,2,0.6666666666666666,1,0,0.0010967030234882,-8.263962675301047e-05,0.0009945027486255,14.816666666666666,553,-0.0011617356899562,-0.0058468304554046,129,-0.0022776376580619,-0.0047309284872989
funding_squeeze:BTCUSDT:15:1:0.02:0.025,funding_squeeze,BTCUSDT,15,1,0.02,0.025,selection,2,3,3,-0.0080015702332003,-0.4000785116600187,0.4765953025578329,0.3333333333333333,2,0.6666666666666666,1,0,0.0010961565934065,-8.259834821816883e-05,0.0019880119880118,14.816666666666666,553,-0.002160731539317,-0.005840838693883301,129,-0.0032756170749322,-0.004725953158268101
funding_squeeze:BTCUSDT:15:1:0.03:0.03,funding_squeeze,BTCUSDT,15,1,0.03,0.03,selection,1,2,2,-0.0319752591779872,-1.0658419725995754,0.0,0.0,2,1.0,0,0,0.0010829667666166,-7.722283100821688e-05,0.0009695152423787,64.14166666666667,331,-0.0004527798081279,-0.0315224793698593,92,-0.0014588710749982,-0.030516388102989
funding_squeeze:BTCUSDT:15:1:0.03:0.03,funding_squeeze,BTCUSDT,15,1,0.03,0.03,selection,2,2,2,-0.0329433117458303,-1.098110391527679,0.0,0.0,2,1.0,0,0,0.001082434065934,-7.718425816555545e-05,0.0019380619380618,64.14166666666667,331,-0.0014525577538436,-0.031490753991986704,92,-0.0024577945312219,-0.030485517214608404
compression_expansion:BTCUSDT:15:1:0.02:0.025,compression_expansion,BTCUSDT,15,1,0.02,0.025,selection,1,16,16,0.0001516627190238,0.0075831359511914,1.0135694022709538,0.5,8,0.5,8,0,0.0011008239005497,0.0002455143799267,0.0010019990004995,9.966666666666669,553,-0.0011617356899562,0.00131339840898,129,-0.0022776376580619,0.0024293003770857
compression_expansion:BTCUSDT:15:1:0.02:0.025,compression_expansion,BTCUSDT,15,1,0.02,0.025,selection,2,16,16,-0.0008486621000166,-0.0424331050008321,0.9272517678659548,0.5,8,0.5,8,0,0.0011002733516483,0.0002453917453713,0.0020029970029968,9.966666666666669,553,-0.002160731539317,0.0013120694393003998,129,-0.0032756170749322,0.0024269549749156
compression_expansion:BTCUSDT:15:1:0.03:0.03,compression_expansion,BTCUSDT,15,1,0.03,0.03,selection,1,15,15,-0.0005039244518942,-0.016797481729807,0.9667101127783748,0.5333333333333333,7,0.4666666666666667,8,0,0.0011005491754122,0.0004018760261072,0.0010014992503747,22.383333333333333,331,-0.0004527798081279,-5.114464376630002e-05,92,-0.0014588710749982,0.000954946623104
compression_expansion:BTCUSDT:15:1:0.03:0.03,compression_expansion,BTCUSDT,15,1,0.03,0.03,selection,2,15,15,-0.0015036721919282,-0.0501224063976069,0.9035434451505664,0.5333333333333333,7,0.4666666666666667,8,0,0.0010999989010989,0.0004016752888314,0.0020019980019978,22.383333333333333,331,-0.0014525577538436,-5.111443808460017e-05,92,-0.0024577945312219,0.0009541223392936999
learned_leaf:BTCUSDT:15:1:0.02:0.025,learned_leaf,BTCUSDT,15,1,0.02,0.025,selection,1,87,86,-0.0034116537402619,-0.1705826870130972,0.7338209985903397,0.4186046511627907,50,0.5813953488372093,36,1,0.0010987740165373,8.381888249493279e-05,0.0009982700741957,14.516666666666667,553,-0.0011617356899562,-0.0022499180503057,129,-0.0022776376580619,-0.0011340160822000001
learned_leaf:BTCUSDT:15:1:0.02:0.025,learned_leaf,BTCUSDT,15,1,0.02,0.025,selection,2,87,86,-0.0044083361740419,-0.2204168087020991,0.6707882837336387,0.4186046511627907,50,0.5813953488372093,36,1,0.0010982255164965,8.3777014921259e-05,0.0019955428755902,14.516666666666667,553,-0.002160731539317,-0.0022476046347249005,129,-0.0032756170749322,-0.0011327190991097004
learned_leaf:BTCUSDT:15:1:0.03:0.03,learned_leaf,BTCUSDT,15,1,0.03,0.03,selection,1,65,64,-0.0053866454801608,-0.1795548493386959,0.6957650611328398,0.453125,35,0.546875,29,1,0.0010977358035105,0.0001721887867743,0.0009963814698449,28.933333333333334,331,-0.0004527798081279,-0.0049338656720329,92,-0.0014588710749982,-0.0039277744051626
learned_leaf:BTCUSDT:15:1:0.03:0.03,learned_leaf,BTCUSDT,15,1,0.03,0.03,selection,2,65,64,-0.006381398093191,-0.2127132697730356,0.6501762977320049,0.453125,35,0.546875,29,1,0.0010971883411644,0.0001721027783893,0.0019917675536062,28.933333333333334,331,-0.0014525577538436,-0.0049288403393474,92,-0.0024577945312219,-0.0039236035619691
clock_control:BTCUSDT:15:1:0.02:0.025,clock_control,BTCUSDT,15,1,0.02,0.025,selection,1,554,553,-0.0011617356899562,-0.0580867844978147,0.9014034943664968,0.4701627486437613,293,0.5298372513562387,260,1,0.001100083274405,0.0002130604248008,0.001000651733876,8.025,553,-0.0011617356899562,0.0,129,-0.0022776376580619,0.0011159019681057
clock_control:BTCUSDT:15:1:0.02:0.025,clock_control,BTCUSDT,15,1,0.02,0.025,selection,2,554,553,-0.002160731539317,-0.1080365769658544,0.8243552578824613,0.4701627486437613,293,0.5298372513562387,260,1,0.0010995334657601,0.0002129540010121,0.0020003038156704,8.025,553,-0.002160731539317,0.0,129,-0.0032756170749322,0.0011148855356152001
clock_control:BTCUSDT:15:1:0.03:0.03,clock_control,BTCUSDT,15,1,0.03,0.03,selection,1,332,331,-0.0004527798081279,-0.0150926602709315,0.9700613216124154,0.5347432024169184,154,0.4652567975830816,177,1,0.0011005543030271,0.0003600491908985,0.0010015085779746,14.35,331,-0.0004527798081279,0.0,92,-0.0014588710749982,0.0010060912668703
clock_control:BTCUSDT:15:1:0.03:0.03,clock_control,BTCUSDT,15,1,0.03,0.03,selection,2,332,331,-0.0014525577538436,-0.0484185917947895,0.9067404936124592,0.5347432024169184,154,0.4652567975830816,177,1,0.0011000040235887,0.0003598693461478,0.0020020166478795,14.35,331,-0.0014525577538436,0.0,92,-0.0024577945312219,0.0010052367773783
legacy_zone:BTCUSDT:15:1:0.02:0.025,legacy_zone,BTCUSDT,15,1,0.02,0.025,selection,1,129,129,-0.0022776376580619,-0.1138818829030954,0.8153961995044685,0.4496124031007752,71,0.5503875968992248,58,0,0.0010995780539962,0.0004108850518069,0.0009997326917935,14.383333333333333,553,-0.0011617356899562,-0.0011159019681057,129,-0.0022776376580619,0.0
legacy_zone:BTCUSDT:15:1:0.02:0.025,legacy_zone,BTCUSDT,15,1,0.02,0.025,selection,2,129,129,-0.0032756170749322,-0.1637808537466141,0.7456060152261512,0.4496124031007752,71,0.5503875968992248,58,0,0.0010990287503194,0.0004106798145183,0.0019984666496293,14.383333333333333,553,-0.002160731539317,-0.0011148855356152001,129,-0.0032756170749322,0.0
legacy_zone:BTCUSDT:15:1:0.03:0.03,legacy_zone,BTCUSDT,15,1,0.03,0.03,selection,1,92,92,-0.0014588710749982,-0.0486290358332754,0.9068571020489408,0.5217391304347826,44,0.4782608695652174,48,0,0.0011001669491341,0.000662248006098,0.001000803945853,21.291666666666668,331,-0.0004527798081279,-0.0010060912668703,92,-0.0014588710749982,0.0
legacy_zone:BTCUSDT:15:1:0.03:0.03,legacy_zone,BTCUSDT,15,1,0.03,0.03,selection,2,92,92,-0.0024577945312219,-0.081926484374064,0.8475835124569335,0.5217391304347826,44,0.4782608695652174,48,0,0.0010996170568561,0.0006619172128881,0.0020006080875645,21.291666666666668,331,-0.0014525577538436,-0.0010052367773783,92,-0.0024577945312219,0.0
trend_pullback:BTCUSDT:15:-1:0.02:0.025,trend_pullback,BTCUSDT,15,-1,0.02,0.025,selection,1,40,40,-0.0006000506152258,-0.0300025307612928,0.9480126652238438,0.475,21,0.525,19,0,0.0010997932685092,-0.0001238672155644,0.000999124562281,10.708333333333334,582,-0.0030296704745999,0.0024296198593741,65,-0.0054259936505532,0.0048259430353274
trend_pullback:BTCUSDT:15:-1:0.02:0.025,trend_pullback,BTCUSDT,15,-1,0.02,0.025,selection,2,40,40,-0.0016006633751683,-0.080033168758419,0.8674816634870415,0.475,21,0.525,19,0,0.001100343337087,-0.0001239292111678,0.0019992492492491,10.708333333333334,582,-0.0040327532323293,0.002432089857161,65,-0.006431405297487,0.0048307419223187
trend_pullback:BTCUSDT:15:-1:0.03:0.03,trend_pullback,BTCUSDT,15,-1,0.03,0.03,selection,1,34,34,-0.0036445963112654,-0.1214865437088497,0.784065496752587,0.4705882352941176,18,0.5294117647058824,16,0,0.0011015218344466,-0.0002238972443357,0.0010022658388016,22.3,331,-0.003753089944694,0.00010849363342859981,49,-0.0085451558860514,0.004900559574785999
trend_pullback:BTCUSDT:15:-1:0.03:0.03,trend_pullback,BTCUSDT,15,-1,0.03,0.03,selection,2,34,34,-0.0046483051565016,-0.1549435052167212,0.733233052515997,0.4705882352941176,18,0.5294117647058824,16,0,0.0011020736324559,-0.0002240093050186,0.0020055349467113,22.3,331,-0.0047569755940139,0.00010867043751229977,49,-0.0095537241809634,0.0049054190244618
shock_reversal:BTCUSDT:15:-1:0.02:0.025,shock_reversal,BTCUSDT,15,-1,0.02,0.025,selection,1,41,41,-0.004310552194703,-0.2155276097351501,0.6764390903631452,0.3902439024390244,25,0.6097560975609756,16,0,0.0011018930806866,-0.000233305770865,0.0010029404946374,11.65,582,-0.0030296704745999,-0.0012808817201030998,65,-0.0054259936505532,0.0011154414558502005
shock_reversal:BTCUSDT:15:-1:0.02:0.025,shock_reversal,BTCUSDT,15,-1,0.02,0.025,selection,2,41,41,-0.005314932033566,-0.2657466016783023,0.6188747712779215,0.3902439024390244,25,0.6097560975609756,16,0,0.0011024452501281,-0.0002334225405201,0.0020068849337141,11.65,582,-0.0040327532323293,-0.0012821788012367004,65,-0.006431405297487,0.0011164732639209994
shock_reversal:BTCUSDT:15:-1:0.03:0.03,shock_reversal,BTCUSDT,15,-1,0.03,0.03,selection,1,37,37,-0.0074031455878294,-0.246771519594316,0.6070722283814018,0.4054054054054054,22,0.5945945945945946,15,0,0.0011036750199424,-0.0003823838728466,0.001006178765058,21.75,331,-0.003753089944694,-0.0036500556431353997,49,-0.0085451558860514,0.0011420102982219998
shock_reversal:BTCUSDT:15:-1:0.03:0.03,shock_reversal,BTCUSDT,15,-1,0.03,0.03,selection,2,37,37,-0.008410694107792,-0.2803564702597336,0.5676743868312988,0.4054054054054054,22,0.5945945945945946,15,0,0.0011042289722154,-0.0003825752561664,0.0020133647160673,21.75,331,-0.0047569755940139,-0.003653718513778101,49,-0.0095537241809634,0.0011430300731713992
funding_squeeze:BTCUSDT:15:-1:0.02:0.025,funding_squeeze,BTCUSDT,15,-1,0.02,0.025,selection,1,39,39,-0.0057108086401916,-0.2855404320095838,0.5937181010619207,0.358974358974359,25,0.6410256410256411,14,0,0.0011026677761957,-0.000242361310168,0.00100434832801,14.216666666666669,582,-0.0030296704745999,-0.0026811381655916997,65,-0.0054259936505532,-0.00028481498963839943
funding_squeeze:BTCUSDT:15:-1:0.02:0.025,funding_squeeze,BTCUSDT,15,-1,0.02,0.025,selection,2,39,39,-0.0067165939644514,-0.335829698222571,0.5434427272509563,0.358974358974359,25,0.6410256410256411,14,0,0.0011032207207207,-0.000242482612125,0.0020097020097018,14.216666666666669,582,-0.0040327532323293,-0.0026838407321220998,65,-0.006431405297487,-0.00028518866696439996
funding_squeeze:BTCUSDT:15:-1:0.03:0.03,funding_squeeze,BTCUSDT,15,-1,0.03,0.03,selection,1,35,35,-0.0059376156913993,-0.1979205230466461,0.6723391100972772,0.4285714285714285,20,0.5714285714285714,15,0,0.0011029097763167,-0.0004557964789713,0.0010047881083397,23.866666666666667,331,-0.003753089944694,-0.0021845257467053,49,-0.0085451558860514,0.0026075401946520993
funding_squeeze:BTCUSDT:15:-1:0.03:0.03,funding_squeeze,BTCUSDT,15,-1,0.03,0.03,selection,2,35,35,-0.0069437346539218,-0.231457821797396,0.6288931458859972,0.4285714285714285,20,0.5714285714285714,15,0,0.0011034629629629,-0.0004560246053372,0.0020105820105818,23.866666666666667,331,-0.0047569755940139,-0.0021867590599079006,49,-0.0095537241809634,0.0026099895270415997
compression_expansion:BTCUSDT:15:-1:0.02:0.025,compression_expansion,BTCUSDT,15,-1,0.02,0.025,selection,1,17,17,-0.0007779484759433,-0.0388974237971698,0.9332797697926166,0.4705882352941176,9,0.5294117647058824,8,0,0.0010999025689315,-0.0001448066957599,0.0009993231910071,13.55,582,-0.0030296704745999,0.0022517219986566,65,-0.0054259936505532,0.0046480451746099
compression_expansion:BTCUSDT:15:-1:0.02:0.025,compression_expansion,BTCUSDT,15,-1,0.02,0.025,selection,2,17,17,-0.0017787496925744,-0.0889374846287243,0.8542120632836345,0.4705882352941176,9,0.5294117647058824,8,0,0.0011004527468645,-0.0001448791715837,0.0019996467055289,13.55,582,-0.0040327532323293,0.0022540035397548997,65,-0.006431405297487,0.0046526556049125995
compression_expansion:BTCUSDT:15:-1:0.03:0.03,compression_expansion,BTCUSDT,15,-1,0.03,0.03,selection,1,15,15,0.0002085934680221,0.0069531156007384,1.0140358348285194,0.5333333333333333,7,0.4666666666666667,8,0,0.0010994491745872,-0.0003065418922341,0.0009984992496246,23.866666666666667,331,-0.003753089944694,0.0039616834127161,49,-0.0085451558860514,0.0087537493540735
compression_expansion:BTCUSDT:15:-1:0.03:0.03,compression_expansion,BTCUSDT,15,-1,0.03,0.03,selection,2,15,15,-0.0007913015802921,-0.0263767193430709,0.9484261459296682,0.5333333333333333,7,0.4666666666666667,8,0,0.0010999988988988,-0.0003066953166046,0.0019979979979978,23.866666666666667,331,-0.0047569755940139,0.0039656740137217995,49,-0.0095537241809634,0.0087624226006713
learned_leaf:BTCUSDT:15:-1:0.02:0.025,learned_leaf,BTCUSDT,15,-1,0.02,0.025,selection,1,388,387,-0.0028537291000123,-0.1426864550006181,0.7740463731040892,0.4237726098191214,223,0.5762273901808785,164,1,0.0011010585991965,-0.0001720553111635,0.0010014240138049,9.858333333333333,582,-0.0030296704745999,0.0001759413745876003,65,-0.0054259936505532,0.0025722645505409005
learned_leaf:BTCUSDT:15:-1:0.02:0.025,learned_leaf,BTCUSDT,15,-1,0.02,0.025,selection,2,388,387,-0.0038566207610304,-0.1928310380515229,0.7082667997765174,0.4237726098191214,223,0.5762273901808785,164,1,0.0011016099337387,-0.0001721414249329,0.0020038504540502,9.858333333333333,582,-0.0040327532323293,0.00017613247129889993,65,-0.006431405297487,0.0025747845364565997
learned_leaf:BTCUSDT:15:-1:0.03:0.03,learned_leaf,BTCUSDT,15,-1,0.03,0.03,selection,1,225,224,-0.0030755516613528,-0.1025183887117621,0.8140508209769324,0.4776785714285714,117,0.5223214285714286,107,1,0.001101266876704,-0.0003291274045473,0.0010018025109336,16.5,331,-0.003753089944694,0.0006775382833412,49,-0.0085451558860514,0.0054696042246985994
learned_leaf:BTCUSDT:15:-1:0.03:0.03,learned_leaf,BTCUSDT,15,-1,0.03,0.03,selection,2,225,224,-0.004078743792096,-0.1359581264032025,0.7611466821958309,0.4776785714285714,117,0.5223214285714286,107,1,0.0011018184196279,-0.000329292132978,0.0020046078271835,16.5,331,-0.0047569755940139,0.0006782318019178998,49,-0.0095537241809634,0.0054749803888674
clock_control:BTCUSDT:15:-1:0.02:0.025,clock_control,BTCUSDT,15,-1,0.02,0.025,selection,1,583,582,-0.0030296704745999,-0.151483523729997,0.7618779687882985,0.4192439862542955,338,0.5807560137457045,244,1,0.001101171878598,-0.0002021897640279,0.0010016298734232,7.216666666666667,582,-0.0030296704745999,0.0,65,-0.0054259936505532,0.0023963231759533002
clock_control:BTCUSDT:15:-1:0.02:0.025,clock_control,BTCUSDT,15,-1,0.02,0.025,selection,2,583,582,-0.0040327532323293,-0.2016376616164674,0.6971819686274271,0.4192439862542955,338,0.5807560137457045,244,1,0.0011017233264762,-0.0002022909601059,0.0020042623793524,7.216666666666667,582,-0.0040327532323293,0.0,65,-0.006431405297487,0.0023986520651577
clock_control:BTCUSDT:15:-1:0.03:0.03,clock_control,BTCUSDT,15,-1,0.03,0.03,selection,1,332,331,-0.003753089944694,-0.1251029981564677,0.778700875869656,0.4652567975830816,177,0.5347432024169184,154,1,0.0011016565135682,-0.000360409420204,0.0010025105875574,14.35,331,-0.003753089944694,0.0,49,-0.0085451558860514,0.0047920659413574
clock_control:BTCUSDT:15:-1:0.03:0.03,clock_control,BTCUSDT,15,-1,0.03,0.03,selection,2,332,331,-0.0047569755940139,-0.1585658531337987,0.7283205650552718,0.4652567975830816,177,0.5347432024169184,154,1,0.0011022084463241,-0.0003605898052992,0.0020060246892166,14.35,331,-0.0047569755940139,0.0,49,-0.0095537241809634,0.0047967485869495
legacy_zone:BTCUSDT:15:-1:0.02:0.025,legacy_zone,BTCUSDT,15,-1,0.02,0.025,selection,1,65,65,-0.0054259936505532,-0.2712996825276644,0.6104619930583116,0.3692307692307692,41,0.6307692307692307,24,0,0.0011024136760688,-6.492196879474104e-05,0.0010038865586638,11.7,582,-0.0030296704745999,-0.0023963231759533002,65,-0.0054259936505532,0.0
legacy_zone:BTCUSDT:15:-1:0.02:0.025,legacy_zone,BTCUSDT,15,-1,0.02,0.025,selection,2,65,65,-0.006431405297487,-0.3215702648743517,0.5587067595743299,0.3692307692307692,41,0.6307692307692307,24,0,0.0011029663663663,-6.495446227261629e-05,0.0020087780087779,11.7,582,-0.0040327532323293,-0.0023986520651577,65,-0.006431405297487,0.0
legacy_zone:BTCUSDT:15:-1:0.03:0.03,legacy_zone,BTCUSDT,15,-1,0.03,0.03,selection,1,50,49,-0.0085451558860514,-0.2848385295350475,0.5555333666418771,0.3877551020408163,30,0.6122448979591837,19,1,0.001104167766731,-0.000136769573509,0.0010070742205824,18.541666666666668,331,-0.003753089944694,-0.0047920659413574,49,-0.0085451558860514,0.0
legacy_zone:BTCUSDT:15:-1:0.03:0.03,legacy_zone,BTCUSDT,15,-1,0.03,0.03,selection,2,50,49,-0.0095537241809634,-0.3184574726987821,0.519064669987637,0.3877551020408163,30,0.6122448979591837,19,1,0.0011047222119976,-0.000136838026749,0.0020151565234678,18.541666666666668,331,-0.0047569755940139,-0.0047967485869495,49,-0.0095537241809634,0.0
trend_pullback:BTCUSDT:60:1:0.02:0.025,trend_pullback,BTCUSDT,60,1,0.02,0.025,selection,1,41,41,-0.0059489999663769,-0.2974499983188486,0.5791117288097862,0.3658536585365853,26,0.6341463414634146,15,0,0.0010975070970612,0.0003189420715439,0.000995965431918,13.933333333333334,497,-0.0012399054070053,-0.0047090945593716,110,-0.0020703050406026,-0.0038786949257743003
trend_pullback:BTCUSDT:60:1:0.02:0.025,trend_pullback,BTCUSDT,60,1,0.02,0.025,selection,2,41,41,-0.0069432638823558,-0.347163194117793,0.5294142417159993,0.3658536585365853,26,0.6341463414634146,15,0,0.0010969598633074,0.0003187827598199,0.0019909358933748,13.933333333333334,497,-0.0022388274773533,-0.0047044364050025,110,-0.0030684988420081,-0.0038747650403477
trend_pullback:BTCUSDT:60:1:0.03:0.03,trend_pullback,BTCUSDT,60,1,0.03,0.03,selection,1,37,36,-0.0060012859777859,-0.2000428659261979,0.6616455500694989,0.4444444444444444,20,0.5555555555555556,16,1,0.001097628702412,0.0005922071153918,0.0009961866431615,19.25,318,-0.0007683002728769,-0.005232985704909,77,-0.0017186611655614,-0.0042826248122245
trend_pullback:BTCUSDT:60:1:0.03:0.03,trend_pullback,BTCUSDT,60,1,0.03,0.03,selection,2,37,36,-0.0069956342664474,-0.2331878088815816,0.6174467398881065,0.4444444444444444,20,0.5555555555555556,16,1,0.0010970813471135,0.0005919113076419,0.0019913780948714,19.25,318,-0.0017677597672338,-0.0052278744992136006,77,-0.002717387203097,-0.0042782470633504
shock_reversal:BTCUSDT:60:1:0.02:0.025,shock_reversal,BTCUSDT,60,1,0.02,0.025,selection,1,16,16,0.0001860976554759,0.0093048827737974,1.0166948746047388,0.5,8,0.5,8,0,0.0011008239005497,0.0002110794434746,0.0010019990004996,9.65,497,-0.0012399054070053,0.0014260030624812,110,-0.0020703050406026,0.0022564026960784998
shock_reversal:BTCUSDT:60:1:0.02:0.025,shock_reversal,BTCUSDT,60,1,0.02,0.025,selection,2,16,16,-0.0008142443638325,-0.0407122181916258,0.9300232890252506,0.5,8,0.5,8,0,0.0011002733516483,0.0002109740091871,0.0020029970029969,9.65,497,-0.0022388274773533,0.0014245831135208,110,-0.0030684988420081,0.0022542544781756
shock_reversal:BTCUSDT:60:1:0.03:0.03,shock_reversal,BTCUSDT,60,1,0.03,0.03,selection,1,15,15,0.0036310573115996,0.1210352437199897,1.2804978915313188,0.6,6,0.4,9,0,0.0011027469765117,0.0002606984605143,0.0010054972513741,26.08333333333333,318,-0.0007683002728769,0.0043993575844765,77,-0.0017186611655614,0.005349718477161
shock_reversal:BTCUSDT:60:1:0.03:0.03,shock_reversal,BTCUSDT,60,1,0.03,0.03,selection,2,15,15,0.0026272472430124,0.0875749081004153,1.1970604885640277,0.6,6,0.4,9,0,0.0011021945054945,0.0002605682415031,0.0020099900099898,26.08333333333333,318,-0.0017677597672338,0.0043950070102462,77,-0.002717387203097,0.0053446344461094
funding_squeeze:BTCUSDT:60:1:0.02:0.025,funding_squeeze,BTCUSDT,60,1,0.02,0.025,selection,1,2,2,0.0004422074701902,0.0221103735095105,1.040207249525503,0.5,1,0.5,1,0,0.0011008239005497,-4.503037123967783e-05,0.0010019990004996,14.483333333333333,497,-0.0012399054070053,0.0016821128771955,110,-0.0020703050406026,0.0025125125107928
funding_squeeze:BTCUSDT:60:1:0.02:0.025,funding_squeeze,BTCUSDT,60,1,0.02,0.025,selection,2,2,2,-0.0005582624760985,-0.0279131238049298,0.9514014167166348,0.5,1,0.5,1,0,0.0011002733516483,-4.500787854675092e-05,0.0020029970029968,14.483333333333333,497,-0.0022388274773533,0.0016805650012548003,110,-0.0030684988420081,0.0025102363659096003
funding_squeeze:BTCUSDT:60:1:0.03:0.03,funding_squeeze,BTCUSDT,60,1,0.03,0.03,selection,1,1,1,-0.0319297395163236,-1.064324650544123,0.0,0.0,1,1.0,0,0,0.0010829667666166,-0.0001227424926717,0.0009695152423787,63.23333333333333,318,-0.0007683002728769,-0.0311614392434467,77,-0.0017186611655614,-0.0302110783507622
funding_squeeze:BTCUSDT:60:1:0.03:0.03,funding_squeeze,BTCUSDT,60,1,0.03,0.03,selection,2,1,1,-0.0328978148212604,-1.0965938273753495,0.0,0.0,1,1.0,0,0,0.001082434065934,-0.0001226811827353,0.0019380619380617,63.23333333333333,318,-0.0017677597672338,-0.031130055054026596,77,-0.002717387203097,-0.030180427618163398
compression_expansion:BTCUSDT:60:1:0.02:0.025,compression_expansion,BTCUSDT,60,1,0.02,0.025,selection,1,9,9,0.0075673441262944,0.3783672063147239,2.000034214112239,0.6666666666666666,3,0.3333333333333333,6,0,0.0011049447776111,0.0003182158437205,0.0010094952523737,19.08333333333333,497,-0.0012399054070053,0.0088072495332997,110,-0.0020703050406026,0.009637649166897
compression_expansion:BTCUSDT:60:1:0.02:0.025,compression_expansion,BTCUSDT,60,1,0.02,0.025,selection,2,9,9,0.0065595709773802,0.3279785488690125,1.831064180118653,0.6666666666666666,3,0.3333333333333333,6,0,0.0011043901098901,0.0003180568947476,0.0020179820179819,19.08333333333333,497,-0.0022388274773533,0.0087983984547335,110,-0.0030684988420081,0.0096280698193883
compression_expansion:BTCUSDT:60:1:0.03:0.03,compression_expansion,BTCUSDT,60,1,0.03,0.03,selection,1,9,9,0.0073931042808859,0.2464368093628651,1.6723177291161553,0.6666666666666666,3,0.3333333333333333,6,0,0.0011049447776111,0.0004924556891291,0.0010094952523737,33.21666666666667,318,-0.0007683002728769,0.0081614045537628,77,-0.0017186611655614,0.0091117654464473
compression_expansion:BTCUSDT:60:1:0.03:0.03,compression_expansion,BTCUSDT,60,1,0.03,0.03,selection,2,9,9,0.0063854181648615,0.2128472721620509,1.564134736316953,0.6666666666666666,3,0.3333333333333333,6,0,0.0011043901098901,0.0004922097072664,0.0020179820179819,33.21666666666667,318,-0.0017677597672338,0.0081531779320953,77,-0.002717387203097,0.009102805367958499
learned_leaf:BTCUSDT:60:1:0.02:0.025,learned_leaf,BTCUSDT,60,1,0.02,0.025,selection,1,85,85,-0.0036491967319724,-0.1824598365986245,0.7194524434551063,0.4117647058823529,50,0.5882352941176471,35,0,0.0010986422597524,8.193584035952759e-05,0.0009980303965663,13.816666666666666,497,-0.0012399054070053,-0.0024092913249671,110,-0.0020703050406026,-0.0015788916913698002
learned_leaf:BTCUSDT:60:1:0.02:0.025,learned_leaf,BTCUSDT,60,1,0.02,0.025,selection,2,85,85,-0.0046456407998327,-0.2322820399916377,0.6579733323258015,0.4117647058823529,50,0.5882352941176471,35,0,0.0010980938914027,8.189491336634101e-05,0.0019950637597695,13.816666666666666,497,-0.0022388274773533,-0.0024068133224794002,110,-0.0030684988420081,-0.0015771419578246002
learned_leaf:BTCUSDT:60:1:0.03:0.03,learned_leaf,BTCUSDT,60,1,0.03,0.03,selection,1,65,64,-0.0053455864244702,-0.1781862141490073,0.6975776372608621,0.453125,35,0.546875,29,1,0.0010977498338111,0.0001566253381863,0.0009964069922435,23.05,318,-0.0007683002728769,-0.004577286151593299,77,-0.0017186611655614,-0.0036269252589088
learned_leaf:BTCUSDT:60:1:0.03:0.03,learned_leaf,BTCUSDT,60,1,0.03,0.03,selection,2,65,64,-0.0063403722943291,-0.2113457431443061,0.6518599910598981,0.453125,35,0.546875,29,1,0.0010972023574417,0.0001565471037516,0.0019918185729065,23.05,318,-0.0017677597672338,-0.0045726125270953,77,-0.002717387203097,-0.0036229850912320996
clock_control:BTCUSDT:60:1:0.02:0.025,clock_control,BTCUSDT,60,1,0.02,0.025,selection,1,498,497,-0.0012399054070053,-0.061995270350267,0.8950731641364006,0.4688128772635815,264,0.5311871227364185,233,1,0.0011000450468789,0.0002217637764148,0.0010005821945134,9.908333333333331,497,-0.0012399054070053,0.0,110,-0.0020703050406026,0.0008303996335973
clock_control:BTCUSDT:60:1:0.02:0.025,clock_control,BTCUSDT,60,1,0.02,0.025,selection,2,498,497,-0.0022388274773533,-0.1119413738676672,0.8185311114845278,0.4688128772635815,264,0.5311871227364185,233,1,0.0010994952764424,0.0002216530052977,0.002000164806415,9.908333333333331,497,-0.0022388274773533,0.0,110,-0.0030684988420081,0.0008296713646548
clock_control:BTCUSDT:60:1:0.03:0.03,clock_control,BTCUSDT,60,1,0.03,0.03,selection,1,319,318,-0.0007683002728769,-0.0256100090958972,0.9496092575835816,0.5283018867924528,150,0.4716981132075472,168,1,0.0011003772721466,0.0003538723582548,0.0010011865426287,15.783333333333331,318,-0.0007683002728769,0.0,77,-0.0017186611655614,0.0009503608926844999
clock_control:BTCUSDT:60:1:0.03:0.03,clock_control,BTCUSDT,60,1,0.03,0.03,selection,2,319,318,-0.0017677597672338,-0.0589253255744609,0.88744021377027,0.5283018867924528,150,0.4716981132075472,168,1,0.0010998271696506,0.0003536955988351,0.0020013728989012,15.783333333333331,318,-0.0017677597672338,0.0,77,-0.002717387203097,0.0009496274358632001
legacy_zone:BTCUSDT:60:1:0.02:0.025,legacy_zone,BTCUSDT,60,1,0.02,0.025,selection,1,110,110,-0.0020703050406026,-0.10351525203013,0.8307793643421894,0.4545454545454545,60,0.5454545454545454,50,0,0.0010997000249875,0.0004251959019901,0.0009999545681703,15.216666666666669,497,-0.0012399054070053,-0.0008303996335973,110,-0.0020703050406026,0.0
legacy_zone:BTCUSDT:60:1:0.02:0.025,legacy_zone,BTCUSDT,60,1,0.02,0.025,selection,2,110,110,-0.0030684988420081,-0.1534249421004083,0.759667171262697,0.4545454545454545,60,0.5454545454545454,50,0,0.0010991505994005,0.0004249835164247,0.0019989101807282,15.216666666666669,497,-0.0022388274773533,-0.0008296713646548,110,-0.0030684988420081,0.0
legacy_zone:BTCUSDT:60:1:0.03:0.03,legacy_zone,BTCUSDT,60,1,0.03,0.03,selection,1,77,77,-0.0017186611655614,-0.0572887055187159,0.8910793233558016,0.5194805194805194,37,0.4805194805194805,40,0,0.0011000924894695,0.0007867313480028,0.0010006684969202,23.516666666666666,318,-0.0007683002728769,-0.0009503608926844999,77,-0.0017186611655614,0.0
legacy_zone:BTCUSDT:60:1:0.03:0.03,legacy_zone,BTCUSDT,60,1,0.03,0.03,selection,2,77,77,-0.002717387203097,-0.0905795734365671,0.8327141763987942,0.5194805194805194,37,0.4805194805194805,40,0,0.0010995426716141,0.0007863383753015,0.0020003373250125,23.516666666666666,318,-0.0017677597672338,-0.0009496274358632001,77,-0.002717387203097,0.0
trend_pullback:BTCUSDT:60:-1:0.02:0.025,trend_pullback,BTCUSDT,60,-1,0.02,0.025,selection,1,38,38,0.0016839736926308,0.0841986846315414,1.1614880022514484,0.5263157894736842,18,0.4736842105263157,20,0,0.0010985219320186,-9.509929490552982e-05,0.0009968141965718,11.375,514,-0.002617150119436,0.0043011238120668,57,-0.0050661058685876,0.0067500795612184
trend_pullback:BTCUSDT:60:-1:0.02:0.025,trend_pullback,BTCUSDT,60,-1,0.02,0.025,selection,2,38,38,0.0006856604846902,0.0342830242345117,1.0628355812235992,0.5263157894736842,18,0.4736842105263157,20,0,0.0010990707286233,-9.51468921502273e-05,0.0019946262051524,11.375,514,-0.0036198247512411,0.0043054852359313,57,-0.0060711581809298,0.00675681866562
trend_pullback:BTCUSDT:60:-1:0.03:0.03,trend_pullback,BTCUSDT,60,-1,0.03,0.03,selection,1,35,35,-0.0027457797636643,-0.0915259921221434,0.8328115855954482,0.4857142857142857,18,0.5142857142857142,17,0,0.0011010221753734,-0.0002137430906198,0.0010013578217679,20.616666666666667,318,-0.0034369674058892,0.0006911876422248998,41,-0.0069280058641731,0.0041822261005088
trend_pullback:BTCUSDT:60:-1:0.03:0.03,trend_pullback,BTCUSDT,60,-1,0.03,0.03,selection,2,35,35,-0.0037485842651905,-0.1249528088396843,0.7788969255106909,0.4857142857142857,18,0.5142857142857142,17,0,0.0011015734734734,-0.0002138500691436,0.0020037180037178,20.616666666666667,318,-0.0044405334875863,0.0006919492223958004,41,-0.0079349607370663,0.0041863764718758
shock_reversal:BTCUSDT:60:-1:0.02:0.025,shock_reversal,BTCUSDT,60,-1,0.02,0.025,selection,1,13,13,0.0023887718396365,0.1194385919818268,1.2377567797339455,0.5384615384615384,6,0.4615384615384615,7,0,0.0010982210239735,-0.0002524909972921,0.0009962673644513,11.516666666666667,514,-0.002617150119436,0.0050059219590725,57,-0.0050661058685876,0.0074548777082240995
shock_reversal:BTCUSDT:60:-1:0.02:0.025,shock_reversal,BTCUSDT,60,-1,0.02,0.025,selection,2,13,13,0.0013910850868804,0.0695542543440244,1.1322478151996291,0.5384615384615384,6,0.4615384615384615,7,0,0.0010987695195195,-0.0002526173691626,0.0019935319935319,11.516666666666667,514,-0.0036198247512411,0.0050109098381215,57,-0.0060711581809298,0.0074622432678102
shock_reversal:BTCUSDT:60:-1:0.03:0.03,shock_reversal,BTCUSDT,60,-1,0.03,0.03,selection,1,13,13,0.0006065698115108,0.0202189937170269,1.0415220552357345,0.5384615384615384,6,0.4615384615384615,7,0,0.0010992797745026,-0.000396348681715,0.0009981914033939,33.15,318,-0.0034369674058892,0.0040435372174,41,-0.0069280058641731,0.0075345756756839
shock_reversal:BTCUSDT:60:-1:0.03:0.03,shock_reversal,BTCUSDT,60,-1,0.03,0.03,selection,2,13,13,-0.0003929719645902,-0.0130990654863417,0.9739488361014425,0.5384615384615384,6,0.4615384615384615,7,0,0.0010998293293293,-0.0003965470544286,0.0019973819973818,33.15,318,-0.0044405334875863,0.0040475615229961,41,-0.0079349607370663,0.0075419887724761
funding_squeeze:BTCUSDT:60:-1:0.02:0.025,funding_squeeze,BTCUSDT,60,-1,0.02,0.025,selection,1,35,35,-0.003848033665233,-0.1924016832616503,0.7074888864350383,0.4,21,0.6,14,0,0.0011016513756878,-0.00025611896108,0.0010025012506251,15.033333333333331,514,-0.002617150119436,-0.001230883545797,57,-0.0050661058685876,0.0012180722033545998
funding_squeeze:BTCUSDT:60:-1:0.02:0.025,funding_squeeze,BTCUSDT,60,-1,0.02,0.025,selection,2,35,35,-0.0048519621605609,-0.2425981080280486,0.6476006993903595,0.4,21,0.6,14,0,0.0011022033033033,-0.0002562471487482,0.0020060060060058,15.033333333333331,514,-0.0036198247512411,-0.0012321374093198002,57,-0.0060711581809298,0.0012191960203688998
funding_squeeze:BTCUSDT:60:-1:0.03:0.03,funding_squeeze,BTCUSDT,60,-1,0.03,0.03,selection,1,33,33,-0.0025857510292683,-0.0861917009756103,0.841892379482874,0.4848484848484848,17,0.5151515151515151,16,0,0.0011010507753876,-0.0004258004510171,0.0010014097958068,26.516666666666666,318,-0.0034369674058892,0.0008512163766209,41,-0.0069280058641731,0.0043422548349048
funding_squeeze:BTCUSDT:60:-1:0.03:0.03,funding_squeeze,BTCUSDT,60,-1,0.03,0.03,selection,2,33,33,-0.0035885014506588,-0.1196167150219619,0.7874861489723897,0.4848484848484848,17,0.5151515151515151,16,0,0.0011016021021021,-0.000426013564356,0.0020038220038218,26.516666666666666,318,-0.0044405334875863,0.0008520320369275005,41,-0.0079349607370663,0.004346459286407501
compression_expansion:BTCUSDT:60:-1:0.02:0.025,compression_expansion,BTCUSDT,60,-1,0.02,0.025,selection,1,6,6,0.0013879020080098,0.0693951004004919,1.1337656841232715,0.5,3,0.5,3,0,0.0010991738994497,-0.0009850749069591,0.0009979989994996,39.125,514,-0.002617150119436,0.0040050521274458,57,-0.0050661058685876,0.0064540078765974
compression_expansion:BTCUSDT:60:-1:0.02:0.025,compression_expansion,BTCUSDT,60,-1,0.02,0.025,selection,2,6,6,0.0003888475920979,0.0194423796048972,1.035718913296295,0.5,3,0.5,3,0,0.0010997233483483,-0.0009855679374431,0.0019969969969968,39.125,514,-0.0036198247512411,0.004008672343339,57,-0.0060711581809298,0.0064600057730277
compression_expansion:BTCUSDT:60:-1:0.03:0.03,compression_expansion,BTCUSDT,60,-1,0.03,0.03,selection,1,6,6,0.0092604744222139,0.3086824807404642,1.894544278426135,0.6666666666666666,2,0.3333333333333333,4,0,0.0010950447723861,-0.0013460144422238,0.0009904952476237,58.9,318,-0.0034369674058892,0.0126974418281031,41,-0.0069280058641731,0.016188480286387003
compression_expansion:BTCUSDT:60:-1:0.03:0.03,compression_expansion,BTCUSDT,60,-1,0.03,0.03,selection,2,6,6,0.0082691160510539,0.2756372017017975,1.7731017155360855,0.6666666666666666,2,0.3333333333333333,4,0,0.00109559009009,-0.0013466881231258,0.0019819819819818,58.9,318,-0.0044405334875863,0.012709649538640202,41,-0.0079349607370663,0.0162040767881202
learned_leaf:BTCUSDT:60:-1:0.02:0.025,learned_leaf,BTCUSDT,60,-1,0.02,0.025,selection,1,346,345,-0.0018289294202714,-0.091446471013574,0.8491136086546285,0.4463768115942029,191,0.553623188405797,154,1,0.0011004931162986,-0.000168138784428,0.0010003963768998,10.266666666666667,514,-0.002617150119436,0.0007882206991646002,57,-0.0050661058685876,0.0032371764483161997
learned_leaf:BTCUSDT:60:-1:0.02:0.025,learned_leaf,BTCUSDT,60,-1,0.02,0.025,selection,2,346,345,-0.0028307938101764,-0.1415396905088205,0.7768464208293702,0.4463768115942029,191,0.553623188405797,154,1,0.0011010438850746,-0.0001682229379737,0.0020017941515744,10.266666666666667,514,-0.0036198247512411,0.0007890309410646997,57,-0.0060711581809298,0.0032403643707533997
learned_leaf:BTCUSDT:60:-1:0.03:0.03,learned_leaf,BTCUSDT,60,-1,0.03,0.03,selection,1,221,220,-0.002347634788869,-0.078254492962301,0.8543316300731464,0.4909090909090909,112,0.509090909090909,108,1,0.0011008447232561,-0.0002890704000269,0.0010010353427941,18.116666666666667,318,-0.0034369674058892,0.0010893326170201998,41,-0.0069280058641731,0.0045803710753041
learned_leaf:BTCUSDT:60:-1:0.03:0.03,learned_leaf,BTCUSDT,60,-1,0.03,0.03,selection,2,221,220,-0.0033500786097226,-0.1116692869907548,0.7987190933196713,0.4909090909090909,112,0.509090909090909,108,1,0.0011013958438151,-0.0002892150799068,0.0020030727229685,18.116666666666667,318,-0.0044405334875863,0.0010904548778637004,41,-0.0079349607370663,0.0045848821273437
clock_control:BTCUSDT:60:-1:0.02:0.025,clock_control,BTCUSDT,60,-1,0.02,0.025,selection,1,515,514,-0.002617150119436,-0.1308575059718007,0.7909061099348186,0.4280155642023346,294,0.5719844357976653,220,1,0.0011009501754376,-0.000211391760779,0.0010012269782155,8.75,514,-0.002617150119436,0.0,57,-0.0050661058685876,0.0024489557491515998
clock_control:BTCUSDT:60:-1:0.02:0.025,clock_control,BTCUSDT,60,-1,0.02,0.025,selection,2,515,514,-0.0036198247512411,-0.1809912375620552,0.7236786363306692,0.4280155642023346,294,0.5719844357976653,220,1,0.0011015014015017,-0.0002114975624611,0.0020034561856386,8.75,514,-0.0036198247512411,0.0,57,-0.0060711581809298,0.0024513334296887
clock_control:BTCUSDT:60:-1:0.03:0.03,clock_control,BTCUSDT,60,-1,0.03,0.03,selection,1,319,318,-0.0034369674058892,-0.1145655801963072,0.7946812961741992,0.4716981132075472,168,0.5283018867924528,150,1,0.0011014791282715,-0.0003538358525507,0.001002188230015,15.783333333333331,318,-0.0034369674058892,0.0,41,-0.0069280058641731,0.0034910384582839005
clock_control:BTCUSDT:60:-1:0.03:0.03,clock_control,BTCUSDT,60,-1,0.03,0.03,selection,2,319,318,-0.0044405334875863,-0.1480177829195436,0.7431178689190379,0.4716981132075472,168,0.5283018867924528,150,1,0.0011020308835533,-0.000354012947572,0.0020053796514516,15.783333333333331,318,-0.0044405334875863,0.0,41,-0.0079349607370663,0.0034944272494799996
legacy_zone:BTCUSDT:60:-1:0.02:0.025,legacy_zone,BTCUSDT,60,-1,0.02,0.025,selection,1,58,57,-0.0050661058685876,-0.2533052934293803,0.6301721126413989,0.3684210526315789,36,0.631578947368421,21,1,0.0011022166528959,-6.638877698928133e-05,0.0010035285137356,9.608333333333333,514,-0.002617150119436,-0.0024489557491515998,57,-0.0050661058685876,0.0
legacy_zone:BTCUSDT:60:-1:0.02:0.025,legacy_zone,BTCUSDT,60,-1,0.02,0.025,selection,2,58,57,-0.0060711581809298,-0.3035579090464915,0.576419017289336,0.3684210526315789,36,0.631578947368421,21,1,0.0011027691460717,-6.642200460539207e-05,0.0020080615605182,9.608333333333333,514,-0.0036198247512411,-0.0024513334296887,57,-0.0060711581809298,0.0
legacy_zone:BTCUSDT:60:-1:0.03:0.03,legacy_zone,BTCUSDT,60,-1,0.03,0.03,selection,1,42,41,-0.0069280058641731,-0.2309335288057728,0.6216093809180525,0.4146341463414634,24,0.5853658536585366,17,1,0.0011032838119627,-0.0001458451528004,0.0010054678332882,19.633333333333333,318,-0.0034369674058892,-0.0034910384582839005,41,-0.0069280058641731,0.0
legacy_zone:BTCUSDT:60:-1:0.03:0.03,legacy_zone,BTCUSDT,60,-1,0.03,0.03,selection,2,42,41,-0.0079349607370663,-0.264498691235546,0.5806645068613485,0.4146341463414634,24,0.5853658536585366,17,1,0.0011038373728319,-0.0001459181483723,0.0020119421408842,19.633333333333333,318,-0.0044405334875863,-0.0034944272494799996,41,-0.0079349607370663,0.0
trend_pullback:ETHUSDT:5:1:0.02:0.025,trend_pullback,ETHUSDT,5,1,0.02,0.025,selection,1,58,58,-0.0029085964663305,-0.1454298233165284,0.7701124454635938,0.4310344827586206,33,0.5689655172413793,25,0,0.0010991187100415,0.0002071323772544,0.0009988971031724,8.5,833,-0.002107388436554,-0.0008012080297765001,142,-0.0024741271105066,-0.0004344693558239001
trend_pullback:ETHUSDT:5:1:0.02:0.025,trend_pullback,ETHUSDT,5,1,0.02,0.025,selection,2,58,58,-0.003905843363011,-0.1952921681505545,0.7042966329015218,0.4310344827586206,33,0.5689655172413793,25,0,0.0010985698654793,0.0002070289145285,0.001996796307141,8.5,833,-0.0031054071101823,-0.0008004362528287001,142,-0.0034718747034078,-0.00043396865960320004
trend_pullback:ETHUSDT:5:1:0.03:0.03,trend_pullback,ETHUSDT,5,1,0.03,0.03,selection,1,47,46,-0.0040707128920068,-0.1356904297335601,0.7597343244398302,0.4782608695652174,24,0.5217391304347826,22,1,0.0010985629476986,0.0003593275782005,0.0009978861206941,18.83333333333333,460,-0.0013517005816361,-0.0027190123103707,106,-0.0003666616850791,-0.0037040512069276997
trend_pullback:ETHUSDT:5:1:0.03:0.03,trend_pullback,ETHUSDT,5,1,0.03,0.03,selection,2,47,46,-0.0050668743500874,-0.1688958116695822,0.7097619917364012,0.4782608695652174,24,0.5217391304347826,22,1,0.0010980146586213,0.0003591480938957,0.0019947753521569,18.83333333333333,460,-0.0023505356586169,-0.0027163386914704998,106,-0.0013666098588929,-0.0037002644911945
shock_reversal:ETHUSDT:5:1:0.02:0.025,shock_reversal,ETHUSDT,5,1,0.02,0.025,selection,1,138,138,-0.0010702948888365,-0.0535147444418279,0.9088728754032328,0.4710144927536231,73,0.5289855072463768,65,0,0.0011001072262781,0.0001651445319498,0.0010006953045215,9.558333333333334,833,-0.002107388436554,0.0010370935477175,142,-0.0024741271105066,0.0014038322216701
shock_reversal:ETHUSDT:5:1:0.02:0.025,shock_reversal,ETHUSDT,5,1,0.02,0.025,selection,2,138,138,-0.0020693581753881,-0.1034679087694097,0.8312433970422436,0.4710144927536231,73,0.5289855072463768,65,0,0.0010995573936932,0.0001650620421736,0.0020003909134342,9.558333333333334,833,-0.0031054071101823,0.0010360489347941999,142,-0.0034718747034078,0.0014025165280197
shock_reversal:ETHUSDT:5:1:0.03:0.03,shock_reversal,ETHUSDT,5,1,0.03,0.03,selection,1,125,125,0.0007422346933473,0.0247411564449101,1.0513756213796304,0.552,56,0.448,69,0,0.0011011645597201,0.0002739820562779,0.0010026186906545,17.266666666666666,460,-0.0013517005816361,0.0020939352749833997,106,-0.0003666616850791,0.0011088963784263999
shock_reversal:ETHUSDT:5:1:0.03:0.03,shock_reversal,ETHUSDT,5,1,0.03,0.03,selection,2,125,125,-0.0002586946366693,-0.008623154555645,0.9826155918712696,0.552,56,0.448,69,0,0.0011006136703296,0.000273845202104,0.0020042357642356,17.266666666666666,460,-0.0023505356586169,0.0020918410219476,106,-0.0013666098588929,0.0011079152222235999
funding_squeeze:ETHUSDT:5:1:0.02:0.025,funding_squeeze,ETHUSDT,5,1,0.02,0.025,selection,1,0,0,,,,,0,,0,0,,,,,833,-0.002107388436554,,142,-0.0024741271105066,
funding_squeeze:ETHUSDT:5:1:0.02:0.025,funding_squeeze,ETHUSDT,5,1,0.02,0.025,selection,2,0,0,,,,,0,,0,0,,,,,833,-0.0031054071101823,,142,-0.0034718747034078,
funding_squeeze:ETHUSDT:5:1:0.03:0.03,funding_squeeze,ETHUSDT,5,1,0.03,0.03,selection,1,0,0,,,,,0,,0,0,,,,,460,-0.0013517005816361,,106,-0.0003666616850791,
funding_squeeze:ETHUSDT:5:1:0.03:0.03,funding_squeeze,ETHUSDT,5,1,0.03,0.03,selection,2,0,0,,,,,0,,0,0,,,,,460,-0.0023505356586169,,106,-0.0013666098588929,
compression_expansion:ETHUSDT:5:1:0.02:0.025,compression_expansion,ETHUSDT,5,1,0.02,0.025,selection,1,37,37,-0.0016224754778234,-0.0811237738911714,0.865429673329958,0.4594594594594595,20,0.5405405405405406,17,0,0.0010998215250482,0.0001981540405691,0.0010001755878816,13.716666666666669,833,-0.002107388436554,0.0004849129587306,142,-0.0024741271105066,0.0008516516326832
compression_expansion:ETHUSDT:5:1:0.02:0.025,compression_expansion,ETHUSDT,5,1,0.02,0.025,selection,2,37,37,-0.0026210033642251,-0.1310501682112576,0.7917407541000562,0.4594594594594595,20,0.5405405405405406,17,0,0.0010992719780219,0.0001980550625269,0.0019993519993518,13.716666666666669,833,-0.0031054071101823,0.0004844037459572001,142,-0.0034718747034078,0.0008508713391827002
compression_expansion:ETHUSDT:5:1:0.03:0.03,compression_expansion,ETHUSDT,5,1,0.03,0.03,selection,1,35,35,-0.0033193269687464,-0.1106442322915495,0.8016437288309883,0.4857142857142857,18,0.5142857142857142,17,0,0.0010989793174841,0.0003645612587444,0.000998643535375,19.4,460,-0.0013517005816361,-0.0019676263871103,106,-0.0003666616850791,-0.0029526652836673
compression_expansion:ETHUSDT:5:1:0.03:0.03,compression_expansion,ETHUSDT,5,1,0.03,0.03,selection,2,35,35,-0.004316242054462,-0.1438747351487365,0.7495199256078624,0.4857142857142857,18,0.5142857142857142,17,0,0.0010984306122448,0.0003643791602135,0.0019962894248607,19.4,460,-0.0023505356586169,-0.0019657063958450995,106,-0.0013666098588929,-0.0029496321955690998
learned_leaf:ETHUSDT:5:1:0.02:0.025,learned_leaf,ETHUSDT,5,1,0.02,0.025,selection,1,81,81,0.0022671148219079,0.1133557410953951,1.2244861936300286,0.5432098765432098,37,0.4567901234567901,44,0,0.0011018922760841,7.149487324456706e-05,0.0010039424732077,13.016666666666667,833,-0.002107388436554,0.0043745032584618995,142,-0.0024741271105066,0.0047412419324145
learned_leaf:ETHUSDT:5:1:0.02:0.025,learned_leaf,ETHUSDT,5,1,0.02,0.025,selection,2,81,81,0.0012647626167021,0.0632381308351085,1.1199298145126255,0.5432098765432098,37,0.4567901234567901,44,0,0.0011013406593406,7.145916151966969e-05,0.0020068820068818,13.016666666666667,833,-0.0031054071101823,0.0043701697268844,142,-0.0034718747034078,0.0047366373201099005
learned_leaf:ETHUSDT:5:1:0.03:0.03,learned_leaf,ETHUSDT,5,1,0.03,0.03,selection,1,54,53,-0.0006548243017815,-0.0218274767260507,0.9564390408701,0.5283018867924528,25,0.4716981132075472,28,1,0.0011003093910071,0.0001170440147555,0.0010010630606341,21.35,460,-0.0013517005816361,0.0006968762798545999,106,-0.0003666616850791,-0.0002881626167024
learned_leaf:ETHUSDT:5:1:0.03:0.03,learned_leaf,ETHUSDT,5,1,0.03,0.03,selection,2,54,53,-0.0016542788012256,-0.0551426267075224,0.8932645756420443,0.5283018867924528,25,0.4716981132075472,28,1,0.0010997593563584,0.0001169855512116,0.0020011260582708,21.35,460,-0.0023505356586169,0.0006962568573913,106,-0.0013666098588929,-0.0002876689423327002
clock_control:ETHUSDT:5:1:0.02:0.025,clock_control,ETHUSDT,5,1,0.02,0.025,selection,1,834,833,-0.002107388436554,-0.1053694218277024,0.8280514915844197,0.4477791116446579,460,0.5522208883553421,373,1,0.001099527665213,0.0001490702495919,0.0009996410299931,5.183333333333334,833,-0.002107388436554,0.0,142,-0.0024741271105066,0.0003667386739526
clock_control:ETHUSDT:5:1:0.02:0.025,clock_control,ETHUSDT,5,1,0.02,0.025,selection,2,834,833,-0.0031054071101823,-0.1552703555091185,0.757323705071192,0.4477791116446579,460,0.5522208883553421,373,1,0.0010989784118998,0.0001489957889278,0.0019982834175987,5.183333333333334,833,-0.0031054071101823,0.0,142,-0.0034718747034078,0.00036646759322550007
clock_control:ETHUSDT:5:1:0.03:0.03,clock_control,ETHUSDT,5,1,0.03,0.03,selection,1,461,460,-0.0013517005816361,-0.0450566860545371,0.9132391572063188,0.5173913043478261,222,0.4826086956521739,238,1,0.0011000107612552,0.0002712557390311,0.0010005198258314,10.633333333333333,460,-0.0013517005816361,0.0,106,-0.0003666616850791,-0.0009850388965569998
clock_control:ETHUSDT:5:1:0.03:0.03,clock_control,ETHUSDT,5,1,0.03,0.03,selection,2,461,460,-0.0023505356586169,-0.0783511886205659,0.8535296377726573,0.5173913043478261,222,0.4826086956521739,238,1,0.0010994610250872,0.000271120246654,0.0020000401313574,10.633333333333333,460,-0.0023505356586169,0.0,106,-0.0013666098588929,-0.0009839257997240002
legacy_zone:ETHUSDT:5:1:0.02:0.025,legacy_zone,ETHUSDT,5,1,0.02,0.025,selection,1,142,142,-0.0024741271105066,-0.1237063555253332,0.8015902536905857,0.4436619718309859,79,0.5563380281690141,63,0,0.0010994309280219,0.0003400198586748,0.0009994650562041,8.875,833,-0.002107388436554,-0.0003667386739526,142,-0.0024741271105066,0.0
legacy_zone:ETHUSDT:5:1:0.02:0.025,legacy_zone,ETHUSDT,5,1,0.02,0.025,selection,2,142,142,-0.0034718747034078,-0.1735937351703905,0.7332156088943348,0.4436619718309859,79,0.5563380281690141,63,0,0.0010988817713976,0.0003398500185856,0.0019979316458188,8.875,833,-0.0031054071101823,-0.00036646759322550007,142,-0.0034718747034078,0.0
legacy_zone:ETHUSDT:5:1:0.03:0.03,legacy_zone,ETHUSDT,5,1,0.03,0.03,selection,1,106,106,-0.0003666616850791,-0.0122220561693047,0.975738427979731,0.5377358490566038,49,0.4622641509433962,57,0,0.0011006943132207,0.0005283550459459,0.0010017632693086,17.416666666666668,460,-0.0013517005816361,0.0009850388965569998,106,-0.0003666616850791,0.0
legacy_zone:ETHUSDT:5:1:0.03:0.03,legacy_zone,ETHUSDT,5,1,0.03,0.03,selection,2,106,106,-0.0013666098588929,-0.045553661963099,0.9121726636289212,0.5377358490566038,49,0.4622641509433962,57,0,0.001100143893842,0.0005280911323366,0.0020025257761105,17.416666666666668,460,-0.0023505356586169,0.0009839257997240002,106,-0.0013666098588929,0.0
trend_pullback:ETHUSDT:5:-1:0.02:0.025,trend_pullback,ETHUSDT,5,-1,0.02,0.025,selection,1,44,44,-0.0036054327575752,-0.1802716378787608,0.7236631109290081,0.4090909090909091,26,0.5909090909090909,18,0,0.0011014261505752,-8.89944389775012e-05,0.0010020919550683,9.241666666666667,812,-0.0026078878652514,-0.0009975448923237999,128,-0.0021928529939543,-0.0014125797636209002
trend_pullback:ETHUSDT:5:-1:0.02:0.025,trend_pullback,ETHUSDT,5,-1,0.02,0.025,selection,2,44,44,-0.00460903496821,-0.2304517484105036,0.6623710846488988,0.4090909090909091,26,0.5909090909090909,18,0,0.0011019778528528,-8.90389807387512e-05,0.0020051870051868,9.241666666666667,812,-0.0036105236763891,-0.0009985112918208996,128,-0.0031950436586515,-0.0014139913095584998
trend_pullback:ETHUSDT:5:-1:0.03:0.03,trend_pullback,ETHUSDT,5,-1,0.03,0.03,selection,1,38,38,-0.0066114145483098,-0.2203804849436619,0.6430246536339811,0.4210526315789473,22,0.5789473684210527,16,0,0.0011031581448619,-0.0002338251636512,0.001005239461836,21.816666666666663,460,-0.0028511913438081,-0.0037602232045017,100,-0.0016998185227048,-0.004911596025605
trend_pullback:ETHUSDT:5:-1:0.03:0.03,trend_pullback,ETHUSDT,5,-1,0.03,0.03,selection,2,38,38,-0.0076180966613812,-0.2539365553793757,0.6015252527960275,0.4210526315789473,22,0.5789473684210527,16,0,0.001103711580001,-0.0002339421932627,0.0020114851693797,21.816666666666663,460,-0.0038541302017338,-0.0037639664596474,100,-0.0027015437850127,-0.0049165528763685
shock_reversal:ETHUSDT:5:-1:0.02:0.025,shock_reversal,ETHUSDT,5,-1,0.02,0.025,selection,1,120,120,-0.0027826552840226,-0.1391327642011348,0.7792975113091558,0.425,69,0.575,51,0,0.0011010320066283,-0.0001947524104494,0.0010013756878438,9.458333333333334,812,-0.0026078878652514,-0.00017476741877119973,128,-0.0021928529939543,-0.0005898022900683001
shock_reversal:ETHUSDT:5:-1:0.02:0.025,shock_reversal,ETHUSDT,5,-1,0.02,0.025,selection,2,120,120,-0.0037854871841898,-0.1892743592094935,0.713129792183389,0.425,69,0.575,51,0,0.0011015833145645,-0.0001948498841283,0.0020037537537536,9.458333333333334,812,-0.0036105236763891,-0.0001749635078006997,128,-0.0031950436586515,-0.0005904435255382999
shock_reversal:ETHUSDT:5:-1:0.03:0.03,shock_reversal,ETHUSDT,5,-1,0.03,0.03,selection,1,106,105,-0.0036157375427523,-0.1205245847584114,0.785234550490976,0.4666666666666667,56,0.5333333333333333,49,1,0.0011015429249581,-0.0002911234880052,0.0010023041660226,17.916666666666668,460,-0.0028511913438081,-0.0007645461989442002,100,-0.0016998185227048,-0.0019159190200475
shock_reversal:ETHUSDT:5:-1:0.03:0.03,shock_reversal,ETHUSDT,5,-1,0.03,0.03,selection,2,106,105,-0.0046194511279076,-0.1539817042635867,0.7342232381879131,0.4666666666666667,56,0.5333333333333333,49,1,0.0011020947440686,-0.0002912691954566,0.0020056116395189,17.916666666666668,460,-0.0038541302017338,-0.0007653209261738003,100,-0.0027015437850127,-0.0019179073428949004
funding_squeeze:ETHUSDT:5:-1:0.02:0.025,funding_squeeze,ETHUSDT,5,-1,0.02,0.025,selection,1,40,40,0.0039747205782213,0.1987360289110687,1.4247723223629731,0.575,17,0.425,23,0,0.0010973157922711,-0.0001916586816479,0.0009946223111554,6.841666666666667,812,-0.0026078878652514,0.0065826084434727,128,-0.0021928529939543,0.006167573572175599
funding_squeeze:ETHUSDT:5:-1:0.02:0.025,funding_squeeze,ETHUSDT,5,-1,0.02,0.025,selection,2,40,40,0.0029786509845417,0.1489325492270894,1.3042028024058,0.575,17,0.425,23,0,0.0010978633821321,-0.000191754606914,0.0019902402402401,6.841666666666667,812,-0.0036105236763891,0.0065891746609308,128,-0.0031950436586515,0.0061736946431932005
funding_squeeze:ETHUSDT:5:-1:0.03:0.03,funding_squeeze,ETHUSDT,5,-1,0.03,0.03,selection,1,34,34,0.0017650372539302,0.0588345751310095,1.125887800125593,0.5588235294117647,15,0.4411764705882353,19,0,0.0010986071565194,-0.0003312017185154,0.0009969690727715,10.366666666666667,460,-0.0028511913438081,0.0046162285977383,100,-0.0016998185227048,0.003464855776635
funding_squeeze:ETHUSDT:5:-1:0.03:0.03,funding_squeeze,ETHUSDT,5,-1,0.03,0.03,selection,2,34,34,0.0007666870988727,0.0255562366290933,1.0529627054069293,0.5588235294117647,15,0.4411764705882353,19,0,0.0010991560383913,-0.0003313674851412,0.001994936112583,10.366666666666667,460,-0.0038541302017338,0.0046208173006065,100,-0.0027015437850127,0.0034682308838854
compression_expansion:ETHUSDT:5:-1:0.02:0.025,compression_expansion,ETHUSDT,5,-1,0.02,0.025,selection,1,25,25,-0.0039550777703228,-0.1977538885161412,0.700421377829332,0.4,15,0.6,10,0,0.0011016513756878,-0.0001490748559902,0.0010025012506252,13.933333333333334,812,-0.0026078878652514,-0.0013471899050713997,128,-0.0021928529939543,-0.0017622247763685
compression_expansion:ETHUSDT:5:-1:0.02:0.025,compression_expansion,ETHUSDT,5,-1,0.02,0.025,selection,2,25,25,-0.0049590598412789,-0.2479529920639453,0.6410472058244614,0.4,15,0.6,10,0,0.0011022033033033,-0.0001491494680302,0.0020060060060058,13.933333333333334,812,-0.0036105236763891,-0.0013485361648897997,128,-0.0031950436586515,-0.0017640161826274
compression_expansion:ETHUSDT:5:-1:0.03:0.03,compression_expansion,ETHUSDT,5,-1,0.03,0.03,selection,1,24,24,0.0007758247971552,0.0258608265718406,1.0531977832163009,0.5416666666666666,11,0.4583333333333333,13,0,0.0010991738994497,-0.0003729976961046,0.0009979989994996,24.808333333333334,460,-0.0028511913438081,0.0036270161409633,100,-0.0016998185227048,0.00247564331986
compression_expansion:ETHUSDT:5:-1:0.03:0.03,compression_expansion,ETHUSDT,5,-1,0.03,0.03,selection,2,24,24,-0.000223535963707,-0.0074511987902349,0.985153778098632,0.5416666666666666,11,0.4583333333333333,13,0,0.0010997233483483,-0.0003731843816381,0.0019969969969968,24.808333333333334,460,-0.0038541302017338,0.0036305942380268,100,-0.0027015437850127,0.0024780078213057
learned_leaf:ETHUSDT:5:-1:0.02:0.025,learned_leaf,ETHUSDT,5,-1,0.02,0.025,selection,1,516,515,-0.0011946434986445,-0.0597321749322292,0.8990150063568091,0.4621359223300971,277,0.537864077669903,238,1,0.0011001128607852,-0.0001106707898144,0.0009997053487531,6.291666666666667,812,-0.0026078878652514,0.0014132443666069001,128,-0.0021928529939543,0.0009982094953097998
learned_leaf:ETHUSDT:5:-1:0.02:0.025,learned_leaf,ETHUSDT,5,-1,0.02,0.025,selection,2,516,515,-0.0021958445509971,-0.1097922275498572,0.8226369524599951,0.4621359223300971,277,0.537864077669903,238,1,0.0011006632491153,-0.0001107261806001,0.0020004114035612,6.291666666666667,812,-0.0036105236763891,0.001414679125392,128,-0.0031950436586515,0.0009991991076543998
learned_leaf:ETHUSDT:5:-1:0.03:0.03,learned_leaf,ETHUSDT,5,-1,0.03,0.03,selection,1,290,289,-0.0004985884787672,-0.0166196159589074,0.9671901713706318,0.5224913494809689,138,0.4775086505190311,151,1,0.0010997913881488,-0.0002219086345551,0.0009991211451524,10.616666666666667,460,-0.0028511913438081,0.0023526028650408997,100,-0.0016998185227048,0.0012012300439376
learned_leaf:ETHUSDT:5:-1:0.03:0.03,learned_leaf,ETHUSDT,5,-1,0.03,0.03,selection,2,290,289,-0.0014991487465001,-0.0499716248833373,0.9044361716654968,0.5224913494809689,138,0.4775086505190311,151,1,0.0011003414548453,-0.0002220196999378,0.0019992424115715,10.616666666666667,460,-0.0038541302017338,0.0023549814552337,100,-0.0027015437850127,0.0012023950385126
clock_control:ETHUSDT:5:-1:0.02:0.025,clock_control,ETHUSDT,5,-1,0.02,0.025,selection,1,813,812,-0.0026078878652514,-0.1303943932625737,0.7918744933445708,0.4298029556650246,463,0.5701970443349754,349,1,0.0011009125927319,-0.0001522842400304,0.0010011586801723,5.65,812,-0.0026078878652514,0.0,128,-0.0021928529939543,-0.00041503487129710033
clock_control:ETHUSDT:5:-1:0.02:0.025,clock_control,ETHUSDT,5,-1,0.02,0.025,selection,2,813,812,-0.0036105236763891,-0.1805261838194576,0.7246740529553812,0.4298029556650246,463,0.5701970443349754,349,1,0.0011014637811944,-0.0001523604583688,0.0020033195211858,5.65,812,-0.0036105236763891,0.0,128,-0.0031950436586515,-0.0004154800177376002
clock_control:ETHUSDT:5:-1:0.03:0.03,clock_control,ETHUSDT,5,-1,0.03,0.03,selection,1,461,460,-0.0028511913438081,-0.0950397114602718,0.8266131710919484,0.4826086956521739,238,0.5173913043478261,222,1,0.0011011118836248,-0.0002715271304659,0.0010015208461674,10.633333333333333,460,-0.0028511913438081,0.0,100,-0.0016998185227048,-0.0011513728211032998
clock_control:ETHUSDT:5:-1:0.03:0.03,clock_control,ETHUSDT,5,-1,0.03,0.03,selection,2,461,460,-0.0038541302017338,-0.1284710067244604,0.7729776791510544,0.4826086956521739,238,0.5173913043478261,222,1,0.0011016632714781,-0.0002716630299306,0.0020040442157045,10.633333333333333,460,-0.0038541302017338,0.0,100,-0.0027015437850127,-0.0011525864167211
legacy_zone:ETHUSDT:5:-1:0.02:0.025,legacy_zone,ETHUSDT,5,-1,0.02,0.025,selection,1,129,128,-0.0021928529939543,-0.109642649697716,0.8216085800908143,0.4375,72,0.5625,56,1,0.0011006515730157,-9.247678956484116e-05,0.0010006843360423,9.2,812,-0.0026078878652514,0.00041503487129710033,128,-0.0021928529939543,0.0
legacy_zone:ETHUSDT:5:-1:0.02:0.025,legacy_zone,ETHUSDT,5,-1,0.02,0.025,selection,2,129,128,-0.0031950436586515,-0.1597521829325771,0.7516060656241889,0.4375,72,0.5625,56,1,0.0011012025003279,-9.252307424430308e-05,0.0020023703581069,9.2,812,-0.0036105236763891,0.0004154800177376002,128,-0.0031950436586515,0.0
legacy_zone:ETHUSDT:5:-1:0.03:0.03,legacy_zone,ETHUSDT,5,-1,0.03,0.03,selection,1,101,100,-0.0016998185227048,-0.0566606174234952,0.8925146396236767,0.5,50,0.5,50,1,0.0011004112031108,-0.0001482347000755,0.0010002475182604,15.083333333333334,460,-0.0028511913438081,0.0011513728211032998,100,-0.0016998185227048,0.0
legacy_zone:ETHUSDT:5:-1:0.03:0.03,legacy_zone,ETHUSDT,5,-1,0.03,0.03,selection,2,101,100,-0.0027015437850127,-0.090051459500424,0.834518136340255,0.5,50,0.5,50,1,0.0011009618899326,-0.0001483088916171,0.0020014962852879,15.083333333333334,460,-0.0038541302017338,0.0011525864167211,100,-0.0027015437850127,0.0
trend_pullback:ETHUSDT:15:1:0.02:0.025,trend_pullback,ETHUSDT,15,1,0.02,0.025,selection,1,50,50,-0.0025755740493551,-0.128778702467756,0.7940184170265134,0.44,28,0.56,22,0,0.0010993403848075,0.0002769333147224,0.0009993003498249,10.216666666666669,776,-0.0020241677743513,-0.0005514062750038001,134,-0.0029532006466765,0.00037762659732140007
trend_pullback:ETHUSDT:15:1:0.02:0.025,trend_pullback,ETHUSDT,15,1,0.02,0.025,selection,2,50,50,-0.0035731887026771,-0.1786594351338559,0.7262240741362499,0.44,28,0.56,22,0,0.0010987913186813,0.0002767949863934,0.0019976023976022,10.216666666666669,776,-0.0030222745514854,-0.0005509141511916998,134,-0.0039504657308958,0.00037727702821870003
trend_pullback:ETHUSDT:15:1:0.03:0.03,trend_pullback,ETHUSDT,15,1,0.03,0.03,selection,1,42,41,-0.0062144840673381,-0.2071494689112702,0.6535473448102926,0.4390243902439024,23,0.5609756097560976,18,1,0.0010974302803833,0.0004448363020609,0.0009958256953626,18.366666666666667,453,-0.0019270235934581,-0.004287460473879999,101,-0.002932745645087,-0.0032817384222510997
trend_pullback:ETHUSDT:15:1:0.03:0.03,trend_pullback,ETHUSDT,15,1,0.03,0.03,selection,2,42,41,-0.0072085455789058,-0.2402848526301956,0.6101616356588947,0.4390243902439024,23,0.5609756097560976,18,1,0.0010968831234078,0.0004446141061058,0.0019906565598609,18.366666666666667,453,-0.002925284581117,-0.0042832609977888,101,-0.0039301334512899,-0.0032784121276159
shock_reversal:ETHUSDT:15:1:0.02:0.025,shock_reversal,ETHUSDT,15,1,0.02,0.025,selection,1,46,46,0.0002410937105706,0.0120546855285304,1.0216989646564074,0.5,23,0.5,23,0,0.0011008239005497,0.0001560833883799,0.0010019990004996,7.558333333333334,776,-0.0020241677743513,0.0022652614849219,134,-0.0029532006466765,0.0031942943572471003
shock_reversal:ETHUSDT:15:1:0.02:0.025,shock_reversal,ETHUSDT,15,1,0.02,0.025,selection,2,46,46,-0.0007592757792947,-0.0379637889647383,0.9345440500898736,0.5,23,0.5,23,0,0.0011002733516483,0.0001560054246494,0.0020029970029968,7.558333333333334,776,-0.0030222745514854,0.0022629987721907,134,-0.0039504657308958,0.0031911899516010997
shock_reversal:ETHUSDT:15:1:0.03:0.03,shock_reversal,ETHUSDT,15,1,0.03,0.03,selection,1,43,43,0.0052537893672701,0.1751263122423396,1.4359633701524523,0.627906976744186,16,0.3720930232558139,27,0,0.0011036669862743,0.0003097914179187,0.0010071708331879,18.25,453,-0.0019270235934581,0.0071808129607282,101,-0.002932745645087,0.0081865350123571
shock_reversal:ETHUSDT:15:1:0.03:0.03,shock_reversal,ETHUSDT,15,1,0.03,0.03,selection,2,43,43,0.0042483328302863,0.1416110943428783,1.3423005991350137,0.627906976744186,16,0.3720930232558139,27,0,0.0011031135957066,0.0003096366769507,0.0020133355017074,18.25,453,-0.002925284581117,0.0071736174114033005,101,-0.0039301334512899,0.0081784662815762
funding_squeeze:ETHUSDT:15:1:0.02:0.025,funding_squeeze,ETHUSDT,15,1,0.02,0.025,selection,1,0,0,,,,,0,,0,0,,,,,776,-0.0020241677743513,,134,-0.0029532006466765,
funding_squeeze:ETHUSDT:15:1:0.02:0.025,funding_squeeze,ETHUSDT,15,1,0.02,0.025,selection,2,0,0,,,,,0,,0,0,,,,,776,-0.0030222745514854,,134,-0.0039504657308958,
funding_squeeze:ETHUSDT:15:1:0.03:0.03,funding_squeeze,ETHUSDT,15,1,0.03,0.03,selection,1,0,0,,,,,0,,0,0,,,,,453,-0.0019270235934581,,101,-0.002932745645087,
funding_squeeze:ETHUSDT:15:1:0.03:0.03,funding_squeeze,ETHUSDT,15,1,0.03,0.03,selection,2,0,0,,,,,0,,0,0,,,,,453,-0.002925284581117,,101,-0.0039301334512899,
compression_expansion:ETHUSDT:15:1:0.02:0.025,compression_expansion,ETHUSDT,15,1,0.02,0.025,selection,1,26,26,-0.0033356535792276,-0.1667826789613811,0.7418964878595133,0.4230769230769231,15,0.5769230769230769,11,0,0.0010989219572905,0.0002766539684561,0.0009985391919424,9.691666666666666,776,-0.0020241677743513,-0.0013114858048763,134,-0.0029532006466765,-0.00038245293255109985
compression_expansion:ETHUSDT:15:1:0.02:0.025,compression_expansion,ETHUSDT,15,1,0.02,0.025,selection,2,26,26,-0.0043325083928167,-0.2166254196408359,0.6787840191827647,0.4230769230769231,15,0.5769230769230769,11,0,0.0010983733093829,0.0002765157796607,0.0019960808422345,9.691666666666666,776,-0.0030222745514854,-0.0013102338413312998,134,-0.0039504657308958,-0.0003820426619209
compression_expansion:ETHUSDT:15:1:0.03:0.03,compression_expansion,ETHUSDT,15,1,0.03,0.03,selection,1,25,25,-0.0037315583914338,-0.1243852797144619,0.7794569346740073,0.48,13,0.52,12,0,0.0010987909345327,0.000434466607326,0.000998300849575,15.183333333333334,453,-0.0019270235934581,-0.0018045347979757,101,-0.002932745645087,-0.0007988127463468002
compression_expansion:ETHUSDT:15:1:0.03:0.03,compression_expansion,ETHUSDT,15,1,0.03,0.03,selection,2,25,25,-0.0047280964042253,-0.1576032134741791,0.7286306478153978,0.48,13,0.52,12,0,0.0010982424175824,0.0004342495910386,0.0019956043956042,15.183333333333334,453,-0.002925284581117,-0.0018028118231083004,101,-0.0039301334512899,-0.0007979629529354
learned_leaf:ETHUSDT:15:1:0.02:0.025,learned_leaf,ETHUSDT,15,1,0.02,0.025,selection,1,84,84,-0.0018083356271898,-0.0904167813594929,0.8506939405048045,0.4523809523809524,46,0.5476190476190477,38,0,0.0010996465071035,6.597476297917015e-05,0.0009998572142499,10.191666666666666,776,-0.0020241677743513,0.0002158321471615,134,-0.0029532006466765,0.0011448650194867001
learned_leaf:ETHUSDT:15:1:0.02:0.025,learned_leaf,ETHUSDT,15,1,0.02,0.025,selection,2,84,84,-0.0028066116565611,-0.1403305828280581,0.778083590030185,0.4523809523809524,46,0.5476190476190477,38,0,0.0010990971350078,6.594180855210763e-05,0.001998715570144,10.191666666666666,776,-0.0030222745514854,0.00021566289492430018,134,-0.0039504657308958,0.0011438540743347
learned_leaf:ETHUSDT:15:1:0.03:0.03,learned_leaf,ETHUSDT,15,1,0.03,0.03,selection,1,57,56,-0.0002787948810725,-0.0092931627024181,0.9812579625314116,0.5357142857142857,26,0.4642857142857143,30,1,0.0011005140544758,0.0001129253280966,0.0010014353621824,15.816666666666666,453,-0.0019270235934581,0.0016482287123856,101,-0.002932745645087,0.0026539507640145
learned_leaf:ETHUSDT:15:1:0.03:0.03,learned_leaf,ETHUSDT,15,1,0.03,0.03,selection,2,57,56,-0.0012786231628601,-0.0426207720953369,0.9166164753005592,0.5357142857142857,26,0.4642857142857143,30,1,0.0010999638152658,0.0001128689218389,0.0020018702894377,15.816666666666666,453,-0.002925284581117,0.0016466614182568998,101,-0.0039301334512899,0.0026515102884298
clock_control:ETHUSDT:15:1:0.02:0.025,clock_control,ETHUSDT,15,1,0.02,0.025,selection,1,777,776,-0.0020241677743513,-0.1012083887175661,0.8343292690431412,0.4497422680412371,427,0.5502577319587629,349,1,0.0010995788815743,0.0001589190278686,0.0009997341972336,6.433333333333334,776,-0.0020241677743513,0.0,134,-0.0029532006466765,0.0009290328723252001
clock_control:ETHUSDT:15:1:0.02:0.025,clock_control,ETHUSDT,15,1,0.02,0.025,selection,2,777,776,-0.0030222745514854,-0.1511137275742738,0.7630835633856744,0.4497422680412371,427,0.5502577319587629,349,1,0.0010990295770703,0.0001588396477348,0.0019984696590055,6.433333333333334,776,-0.0030222745514854,0.0,134,-0.0039504657308958,0.0009281911794103998
clock_control:ETHUSDT:15:1:0.03:0.03,clock_control,ETHUSDT,15,1,0.03,0.03,selection,1,454,453,-0.0019270235934581,-0.0642341197819395,0.878855024811275,0.5077262693156733,223,0.4922737306843267,230,1,0.0010996952011455,0.0002731486570219,0.0009999457931611,11.041666666666666,453,-0.0019270235934581,0.0,101,-0.002932745645087,0.0010057220516288998
clock_control:ETHUSDT:15:1:0.03:0.03,clock_control,ETHUSDT,15,1,0.03,0.03,selection,2,454,453,-0.002925284581117,-0.0975094860372357,0.8214585601864542,0.5077262693156733,223,0.4922737306843267,230,1,0.0010991457803801,0.0002730122191312,0.0019988926394761,11.041666666666666,453,-0.002925284581117,0.0,101,-0.0039301334512899,0.0010048488701729003
legacy_zone:ETHUSDT:15:1:0.02:0.025,legacy_zone,ETHUSDT,15,1,0.02,0.025,selection,1,134,134,-0.0029532006466765,-0.1476600323338259,0.7674502882427371,0.4328358208955223,76,0.5671641791044776,58,0,0.0010991632485995,0.0003326712154966,0.0009989781228787,9.433333333333334,776,-0.0020241677743513,-0.0009290328723252001,134,-0.0029532006466765,0.0
legacy_zone:ETHUSDT:15:1:0.02:0.025,legacy_zone,ETHUSDT,15,1,0.02,0.025,selection,2,134,134,-0.0039504657308958,-0.1975232865447916,0.7019374500361482,0.4328358208955223,76,0.5671641791044776,58,0,0.001098614359521,0.0003325050460583,0.0019969582656148,9.433333333333334,776,-0.0030222745514854,-0.0009281911794103998,134,-0.0039504657308958,0.0
legacy_zone:ETHUSDT:15:1:0.03:0.03,legacy_zone,ETHUSDT,15,1,0.03,0.03,selection,1,101,101,-0.002932745645087,-0.0977581881695667,0.8219343869873995,0.495049504950495,51,0.504950495049505,50,0,0.0010992870718106,0.0005372255016934,0.0009992033686126,17.616666666666667,453,-0.0019270235934581,-0.0010057220516288998,101,-0.002932745645087,0.0
legacy_zone:ETHUSDT:15:1:0.03:0.03,legacy_zone,ETHUSDT,15,1,0.03,0.03,selection,2,101,101,-0.0039301334512899,-0.131004448376331,0.768252462003637,0.495049504950495,51,0.504950495049505,50,0,0.0010987380589707,0.000536957157287,0.0019974085320618,17.616666666666667,453,-0.002925284581117,-0.0010048488701729003,101,-0.0039301334512899,0.0
trend_pullback:ETHUSDT:15:-1:0.02:0.025,trend_pullback,ETHUSDT,15,-1,0.02,0.025,selection,1,40,40,-0.0017608264061111,-0.0880413203055598,0.8550065915572274,0.45,22,0.55,18,0,0.0011004126375687,-8.983635652002232e-05,0.0010002501250624,9.775,778,-0.0022738015620002,0.0005129751558891,122,-0.003072148498435,0.0013113220923239
trend_pullback:ETHUSDT:15:-1:0.02:0.025,trend_pullback,ETHUSDT,15,-1,0.02,0.025,selection,2,40,40,-0.0027625835076658,-0.1381291753832907,0.7825819299189083,0.45,22,0.55,18,0,0.0011009633258258,-8.988131966142372e-05,0.0020015015015014,9.775,778,-0.0032761057279636,0.0005135222202978002,122,-0.0040752158845656,0.0013126323768997998
trend_pullback:ETHUSDT:15:-1:0.03:0.03,trend_pullback,ETHUSDT,15,-1,0.03,0.03,selection,1,38,38,-0.0019076091954892,-0.0635869731829754,0.8809089746298194,0.5,19,0.5,19,0,0.0011005502751375,-0.0001934413297732,0.0010005002501249,20.65,453,-0.0022740860464896,0.00036647685100040027,90,-0.0026158472927407,0.0007082380972515
trend_pullback:ETHUSDT:15:-1:0.03:0.03,trend_pullback,ETHUSDT,15,-1,0.03,0.03,selection,2,38,38,-0.0029095649558473,-0.0969854985282449,0.8240264729233758,0.5,19,0.5,19,0,0.0011011011011011,-0.0001935381472556,0.0020020020020019,20.65,453,-0.0032764484575385,0.0003668835016912,90,-0.0036184913771381,0.0007089264212907999
shock_reversal:ETHUSDT:15:-1:0.02:0.025,shock_reversal,ETHUSDT,15,-1,0.02,0.025,selection,1,62,62,-0.0052153992831129,-0.2607699641556474,0.6210831712522856,0.3709677419354839,39,0.6290322580645161,23,0,0.0011023706429827,-0.0001972313285637,0.0010038083557906,9.025,778,-0.0022738015620002,-0.0029415977211127,122,-0.003072148498435,-0.0021432507846779
shock_reversal:ETHUSDT:15:-1:0.02:0.025,shock_reversal,ETHUSDT,15,-1,0.02,0.025,selection,2,62,62,-0.0062206663849369,-0.3110333192468483,0.5682137579169977,0.3709677419354839,39,0.6290322580645161,23,0,0.0011029232902257,-0.0001973300429424,0.0020086215247504,9.025,778,-0.0032761057279636,-0.0029445606569732997,122,-0.0040752158845656,-0.0021454505003713
shock_reversal:ETHUSDT:15:-1:0.03:0.03,shock_reversal,ETHUSDT,15,-1,0.03,0.03,selection,1,58,58,-0.00700220692905,-0.2334068976350025,0.6248757636696222,0.4137931034482758,34,0.5862068965517241,24,0,0.0011033979489744,-0.0002792800644465,0.0010056752514186,18.85,453,-0.0022740860464896,-0.0047281208825603995,90,-0.0026158472927407,-0.0043863596363093
shock_reversal:ETHUSDT:15:-1:0.03:0.03,shock_reversal,ETHUSDT,15,-1,0.03,0.03,selection,2,58,58,-0.0080093027576535,-0.2669767585884517,0.584392421609382,0.4137931034482758,34,0.5862068965517241,24,0,0.0011039516240378,-0.0002794198442586,0.0020123571847708,18.85,453,-0.0032764484575385,-0.0047328543001150004,90,-0.0036184913771381,-0.0043908113805154
funding_squeeze:ETHUSDT:15:-1:0.02:0.025,funding_squeeze,ETHUSDT,15,-1,0.02,0.025,selection,1,37,37,0.0012328428275619,0.0616421413780973,1.1155067541164905,0.5135135135135135,18,0.4864864864864865,19,0,0.0010988391053634,-0.0002209644120026,0.0009973905871853,8.8,778,-0.0022738015620002,0.0035066443895621,122,-0.003072148498435,0.0043049913259969
funding_squeeze:ETHUSDT:15:-1:0.02:0.025,funding_squeeze,ETHUSDT,15,-1,0.02,0.025,selection,2,37,37,0.0002340153302622,0.0117007665131105,1.0209493533675988,0.5135135135135135,18,0.4864864864864865,19,0,0.0010993882193003,-0.0002210750048015,0.001995779563347,8.8,778,-0.0032761057279636,0.0035101210582258,122,-0.0040752158845656,0.0043092312148278
funding_squeeze:ETHUSDT:15:-1:0.03:0.03,funding_squeeze,ETHUSDT,15,-1,0.03,0.03,selection,1,30,30,0.0002751826591645,0.0091727553054848,1.0185350917420313,0.5333333333333333,14,0.4666666666666667,16,0,0.0010994491745872,-0.0003731310833765,0.0009984992496247,15.408333333333331,453,-0.0022740860464896,0.0025492687056541,90,-0.0026158472927407,0.0028910299519052
funding_squeeze:ETHUSDT:15:-1:0.03:0.03,funding_squeeze,ETHUSDT,15,-1,0.03,0.03,selection,2,30,30,-0.0007246790612262,-0.024155968707541,0.9527223462689328,0.5333333333333333,14,0.4666666666666667,16,0,0.0010999988988988,-0.0003733178356705,0.0019979979979978,15.408333333333331,453,-0.0032764484575385,0.0025517693963123,90,-0.0036184913771381,0.0028938123159119
compression_expansion:ETHUSDT:15:-1:0.02:0.025,compression_expansion,ETHUSDT,15,-1,0.02,0.025,selection,1,11,11,0.0025690051921108,0.1284502596055439,1.2569818447848335,0.5454545454545454,5,0.4545454545454545,6,0,0.0010980477738869,-0.0001175509422585,0.0009959525217153,3.75,778,-0.0022738015620002,0.004842806754111,122,-0.003072148498435,0.0056411536905458005
compression_expansion:ETHUSDT:15:-1:0.02:0.025,compression_expansion,ETHUSDT,15,-1,0.02,0.025,selection,2,11,11,0.0015715662330205,0.078578311651029,1.1502253497452235,0.5454545454545454,5,0.4545454545454545,6,0,0.001098596096096,-0.000117609776564,0.0019929019929018,3.75,778,-0.0032761057279636,0.0048476719609841,122,-0.0040752158845656,0.0056467821175861
compression_expansion:ETHUSDT:15:-1:0.03:0.03,compression_expansion,ETHUSDT,15,-1,0.03,0.03,selection,1,11,11,0.0007800652206239,0.0260021740207983,1.0537520636453417,0.5454545454545454,5,0.4545454545454545,6,0,0.0010990487743871,-0.0001496128808175,0.0009977716130791,5.85,453,-0.0022740860464896,0.0030541512671135003,90,-0.0026158472927407,0.0033959125133646
compression_expansion:ETHUSDT:15:-1:0.03:0.03,compression_expansion,ETHUSDT,15,-1,0.03,0.03,selection,2,11,11,-0.0002191796052279,-0.0073059868409305,0.9853698622794622,0.5454545454545454,5,0.4545454545454545,6,0,0.001099598098098,-0.0001496877621392,0.0019965419965418,5.85,453,-0.0032764484575385,0.0030572688523106003,90,-0.0036184913771381,0.0033993117719102
learned_leaf:ETHUSDT:15:-1:0.02:0.025,learned_leaf,ETHUSDT,15,-1,0.02,0.025,selection,1,501,500,-0.0009162565369839,-0.0458128268491966,0.9216223839025248,0.468,266,0.532,234,1,0.0010999644149042,-0.0001190077039008,0.0009994355820348,6.283333333333333,778,-0.0022738015620002,0.0013575450250163002,122,-0.003072148498435,0.0021558919614511
learned_leaf:ETHUSDT:15:-1:0.02:0.025,learned_leaf,ETHUSDT,15,-1,0.02,0.025,selection,2,501,500,-0.0019171832314315,-0.0958591615715754,0.8432767487476079,0.468,266,0.532,234,1,0.0011005146547142,-0.0001190672673161,0.0019998716000878,6.283333333333333,778,-0.0032761057279636,0.0013589224965321,122,-0.0040752158845656,0.0021580326531340996
learned_leaf:ETHUSDT:15:-1:0.03:0.03,learned_leaf,ETHUSDT,15,-1,0.03,0.03,selection,1,274,273,-0.0003970579655905,-0.0132352655196847,0.9737766850333626,0.5238095238095238,130,0.4761904761904761,143,1,0.0010997478890844,-0.000244306440717,0.0009990420954693,11.233333333333333,453,-0.0022740860464896,0.0018770280808991001,90,-0.0026158472927407,0.0022187893271502
learned_leaf:ETHUSDT:15:-1:0.03:0.03,learned_leaf,ETHUSDT,15,-1,0.03,0.03,selection,2,274,273,-0.0013975278508774,-0.0465842616959158,0.9105927998302348,0.5238095238095238,130,0.4761904761904761,143,1,0.0011002979122601,-0.0002444287162129,0.0019990842330764,11.233333333333333,453,-0.0032764484575385,0.0018789206066611001,90,-0.0036184913771381,0.0022209635262607002
clock_control:ETHUSDT:15:-1:0.02:0.025,clock_control,ETHUSDT,15,-1,0.02,0.025,selection,1,779,778,-0.0022738015620002,-0.113690078100014,0.8160497896931457,0.4370179948586118,438,0.5629820051413882,340,1,0.0011007318139571,-0.000157501083213,0.0010008301557532,5.866666666666666,778,-0.0022738015620002,0.0,122,-0.003072148498435,0.0007983469364348
clock_control:ETHUSDT:15:-1:0.02:0.025,clock_control,ETHUSDT,15,-1,0.02,0.025,selection,2,779,778,-0.0032761057279636,-0.1638052863981841,0.7467372839864821,0.4370179948586118,438,0.5629820051413882,340,1,0.0011012828215504,-0.000157579912584,0.0020026621434943,5.866666666666666,778,-0.0032761057279636,0.0,122,-0.0040752158845656,0.0007991101566019996
clock_control:ETHUSDT:15:-1:0.03:0.03,clock_control,ETHUSDT,15,-1,0.03,0.03,selection,1,454,453,-0.0022740860464896,-0.0758028682163211,0.8592286757875002,0.4922737306843267,230,0.5077262693156733,223,1,0.0011007956917633,-0.0002734219423215,0.0010009462391773,11.041666666666666,453,-0.0022740860464896,0.0,90,-0.0026158472927407,0.0003417612462510997
clock_control:ETHUSDT:15:-1:0.03:0.03,clock_control,ETHUSDT,15,-1,0.03,0.03,selection,2,454,453,-0.0032764484575385,-0.1092149485846175,0.8035382071188448,0.4922737306843267,230,0.5077262693156733,223,1,0.0011013467632664,-0.0002735587901405,0.0020028944265421,11.041666666666666,453,-0.0032764484575385,0.0,90,-0.0036184913771381,0.0003420429195995999
legacy_zone:ETHUSDT:15:-1:0.02:0.025,legacy_zone,ETHUSDT,15,-1,0.02,0.025,selection,1,123,122,-0.003072148498435,-0.1536074249217541,0.7584485167599668,0.4180327868852459,71,0.5819672131147541,51,1,0.00110113160571,-8.64480346969335e-05,0.001001556686584,9.516666666666667,778,-0.0022738015620002,-0.0007983469364348,122,-0.003072148498435,0.0
legacy_zone:ETHUSDT:15:-1:0.02:0.025,legacy_zone,ETHUSDT,15,-1,0.02,0.025,selection,2,123,122,-0.0040752158845656,-0.2037607942282808,0.693785290036727,0.4180327868852459,71,0.5819672131147541,51,1,0.0011016830132952,-8.649130198156659e-05,0.0020041159324139,9.516666666666667,778,-0.0032761057279636,-0.0007991101566019996,122,-0.0040752158845656,0.0
legacy_zone:ETHUSDT:15:-1:0.03:0.03,legacy_zone,ETHUSDT,15,-1,0.03,0.03,selection,1,90,90,-0.0026158472927407,-0.0871949097580248,0.8397519651160532,0.4888888888888889,46,0.5111111111111111,44,0,0.0011009173086543,-0.0001529039328719,0.0010011672502916,17.8,453,-0.0022740860464896,-0.0003417612462510997,90,-0.0026158472927407,0.0
legacy_zone:ETHUSDT:15:-1:0.03:0.03,legacy_zone,ETHUSDT,15,-1,0.03,0.03,selection,2,90,90,-0.0036184913771381,-0.1206163792379394,0.7852681770431403,0.4888888888888889,46,0.5111111111111111,44,0,0.0011014685018351,-0.0001529804613668,0.0020033366700032,17.8,453,-0.0032764484575385,-0.0003420429195995999,90,-0.0036184913771381,0.0
trend_pullback:ETHUSDT:60:1:0.02:0.025,trend_pullback,ETHUSDT,60,1,0.02,0.025,selection,1,43,43,-0.0045601487997237,-0.2280074399861875,0.6620169346788384,0.3953488372093023,26,0.6046511627906976,17,0,0.0010982363730925,0.0002553180494013,0.0009972920516484,14.966666666666669,712,-0.0023641307002081,-0.0021960180995155994,114,-0.0030717147156866,-0.0014884340840370996
trend_pullback:ETHUSDT:60:1:0.02:0.025,trend_pullback,ETHUSDT,60,1,0.02,0.025,selection,2,43,43,-0.0055557690614575,-0.2777884530728753,0.6055125010728083,0.3953488372093023,26,0.6046511627906976,17,0,0.0010976884104267,0.0002551905179081,0.0019935878075411,14.966666666666669,712,-0.0033618998051804,-0.0021938692562771,114,-0.0040688529536434,-0.0014869161078141001
trend_pullback:ETHUSDT:60:1:0.03:0.03,trend_pullback,ETHUSDT,60,1,0.03,0.03,selection,1,37,36,-0.0013435135992711,-0.0447837866423725,0.9128921545526814,0.5277777777777778,17,0.4722222222222222,19,1,0.0011001050873228,0.0004344763716395,0.0010006914135663,19.03333333333333,420,-0.0029670144479841,0.001623500848713,79,0.0014545551869201,-0.0027980687861911997
trend_pullback:ETHUSDT:60:1:0.03:0.03,trend_pullback,ETHUSDT,60,1,0.03,0.03,selection,2,37,36,-0.0023424384695041,-0.0780812823168042,0.8526283186740764,0.5277777777777778,17,0.4722222222222222,19,1,0.0010995552568758,0.0004342593504748,0.0020003831354109,19.03333333333333,420,-0.0039642387746139,0.0016218003051098,79,0.0004527422633894,-0.0027951807328935
shock_reversal:ETHUSDT:60:1:0.02:0.025,shock_reversal,ETHUSDT,60,1,0.02,0.025,selection,1,19,19,-0.0009571897092063,-0.0478594854603186,0.9185064055585233,0.4736842105263157,10,0.5263157894736842,9,0,0.0011001732357505,0.0001719905653572,0.0010008153817826,10.033333333333331,712,-0.0023641307002081,0.0014069409910018001,114,-0.0030717147156866,0.0021145250064802997
shock_reversal:ETHUSDT:60:1:0.02:0.025,shock_reversal,ETHUSDT,60,1,0.02,0.025,selection,2,19,19,-0.0019563694674882,-0.0978184733744102,0.8404298908353383,0.4736842105263157,10,0.5263157894736842,9,0,0.0010996233371891,0.0001719046559839,0.0020006309479992,10.033333333333331,712,-0.0033618998051804,0.0014055303376922,114,-0.0040688529536434,0.0021124834861552
shock_reversal:ETHUSDT:60:1:0.03:0.03,shock_reversal,ETHUSDT,60,1,0.03,0.03,selection,1,17,16,-0.0029621507146668,-0.0987383571555612,0.8125357607436822,0.5,8,0.5,8,1,0.0010992430921181,0.0004867114737323,0.0009991233655338,17.516666666666666,420,-0.0029670144479841,4.8637333173000286e-06,79,0.0014545551869201,-0.0044167059015869
shock_reversal:ETHUSDT:60:1:0.03:0.03,shock_reversal,ETHUSDT,60,1,0.03,0.03,selection,2,17,16,-0.003959483873454,-0.1319827957818024,0.7573087979145547,0.5,8,0.5,8,1,0.0010986941232359,0.000486468361108,0.0019972486058275,17.516666666666666,420,-0.0039642387746139,4.754901159900217e-06,79,0.0004527422633894,-0.0044122261368433995
funding_squeeze:ETHUSDT:60:1:0.02:0.025,funding_squeeze,ETHUSDT,60,1,0.02,0.025,selection,1,1,1,-0.0220679715142427,-1.1033985757121374,0.0,0.0,1,1.0,0,0,0.0010884612693653,0.0,0.0009795102448774,0.7833333333333333,712,-0.0023641307002081,-0.0197038408140346,114,-0.0030717147156866,-0.0189962567985561
funding_squeeze:ETHUSDT:60:1:0.02:0.025,funding_squeeze,ETHUSDT,60,1,0.02,0.025,selection,2,1,1,-0.0230459650349649,-1.1522982517482463,0.0,0.0,1,1.0,0,0,0.001087923076923,0.0,0.0019580419580418,0.7833333333333333,712,-0.0033618998051804,-0.0196840652297845,114,-0.0040688529536434,-0.018977112081321502
funding_squeeze:ETHUSDT:60:1:0.03:0.03,funding_squeeze,ETHUSDT,60,1,0.03,0.03,selection,1,1,1,0.0279042800014053,0.930142666713512,,1.0,0,0.0,1,0,0.0011159337831084,-4.9699041884899737e-05,0.0010294852573711,3.15,420,-0.0029670144479841,0.0308712944493894,79,0.0014545551869201,0.0264497248144852
funding_squeeze:ETHUSDT:60:1:0.03:0.03,funding_squeeze,ETHUSDT,60,1,0.03,0.03,selection,2,1,1,0.0268763640273784,0.8958788009126157,,1.0,0,0.0,1,0,0.0011153681318681,-4.967421718865353e-05,0.002057942057942,3.15,420,-0.0039642387746139,0.0308406028019923,79,0.0004527422633894,0.026423621763989002
compression_expansion:ETHUSDT:60:1:0.02:0.025,compression_expansion,ETHUSDT,60,1,0.02,0.025,selection,1,10,10,0.0047135267012964,0.2356763350648248,1.534064200525716,0.6,4,0.4,6,0,0.0011032964267866,0.0001766801202927,0.001006496751624,13.15,712,-0.0023641307002081,0.007077657401504501,114,-0.0030717147156866,0.007785241416983
compression_expansion:ETHUSDT:60:1:0.02:0.025,compression_expansion,ETHUSDT,60,1,0.02,0.025,selection,2,10,10,0.0037086767129342,0.1854338356467118,1.4023749993032848,0.6,4,0.4,6,0,0.0011027434065934,0.0001765918684843,0.0020119880119878,13.15,712,-0.0033618998051804,0.0070705765181146,114,-0.0040688529536434,0.0077775296665776004
compression_expansion:ETHUSDT:60:1:0.03:0.03,compression_expansion,ETHUSDT,60,1,0.03,0.03,selection,1,10,10,0.0035395325688259,0.117984418960864,1.2750581133915586,0.6,4,0.4,6,0,0.0011027469765117,0.0003522232032881,0.0010054972513741,20.141666666666666,420,-0.0029670144479841,0.00650654701681,79,0.0014545551869201,0.0020849773819058004
compression_expansion:ETHUSDT:60:1:0.03:0.03,compression_expansion,ETHUSDT,60,1,0.03,0.03,selection,2,10,10,0.0025357682168934,0.0845256072297825,1.1912994684121536,0.6,4,0.4,6,0,0.0011021945054945,0.0003520472676221,0.0020099900099898,20.141666666666666,420,-0.0039642387746139,0.0065000069915073,79,0.0004527422633894,0.0020830259535039998
learned_leaf:ETHUSDT:60:1:0.02:0.025,learned_leaf,ETHUSDT,60,1,0.02,0.025,selection,1,78,78,-0.0013982421181859,-0.0699121059092951,0.8825938987924874,0.4615384615384615,42,0.5384615384615384,36,0,0.0010998729289201,6.733086227544958e-05,0.001000269096221,12.716666666666669,712,-0.0023641307002081,0.0009658885820222002,114,-0.0030717147156866,0.0016734725975007
learned_leaf:ETHUSDT:60:1:0.02:0.025,learned_leaf,ETHUSDT,60,1,0.02,0.025,selection,2,78,78,-0.0023969287143767,-0.1198464357188387,0.8072596243344715,0.4615384615384615,42,0.5384615384615384,36,0,0.0010993233305156,6.729723047611121e-05,0.0019995389226157,12.716666666666669,712,-0.0033618998051804,0.0009649710908036999,114,-0.0040688529536434,0.0016719242392666997
learned_leaf:ETHUSDT:60:1:0.03:0.03,learned_leaf,ETHUSDT,60,1,0.03,0.03,selection,1,49,48,-0.0025269979606068,-0.0842332653535618,0.842982280587397,0.5,24,0.5,24,1,0.0010992880349755,0.000133228063033,0.0009992051206976,22.53333333333333,420,-0.0029670144479841,0.0004400164873773001,79,0.0014545551869201,-0.0039815531475269
learned_leaf:ETHUSDT:60:1:0.03:0.03,learned_leaf,ETHUSDT,60,1,0.03,0.03,selection,2,49,48,-0.0035245893131041,-0.1174863104368066,0.7875202660782707,0.5,24,0.5,24,1,0.0010987390211729,0.0001331615155489,0.0019974120344815,22.53333333333333,420,-0.0039642387746139,0.0004396494615098003,79,0.0004527422633894,-0.003977331576493499
clock_control:ETHUSDT:60:1:0.02:0.025,clock_control,ETHUSDT,60,1,0.02,0.025,selection,1,713,712,-0.0023641307002081,-0.1182065350104078,0.8091145094368546,0.4424157303370786,397,0.5575842696629213,315,1,0.0010993941334934,0.0001631611003253,0.0009993981235953,6.683333333333334,712,-0.0023641307002081,0.0,114,-0.0030717147156866,0.0007075840154784998
clock_control:ETHUSDT:60:1:0.02:0.025,clock_control,ETHUSDT,60,1,0.02,0.025,selection,2,713,712,-0.0033618998051804,-0.1680949902590223,0.7400117588998468,0.4424157303370786,397,0.5575842696629213,315,1,0.0010988450136453,0.0001630796012742,0.0019977978474668,6.683333333333334,712,-0.0033618998051804,0.0,114,-0.0040688529536434,0.0007069531484629999
clock_control:ETHUSDT:60:1:0.03:0.03,clock_control,ETHUSDT,60,1,0.03,0.03,selection,1,421,420,-0.0029670144479841,-0.0989004815994701,0.8196971461106605,0.4904761904761904,214,0.5095238095238095,206,1,0.0010991259847754,0.0002787698730371,0.000998910336578,11.333333333333334,420,-0.0029670144479841,0.0,79,0.0014545551869201,-0.0044215696349042
clock_control:ETHUSDT:60:1:0.03:0.03,clock_control,ETHUSDT,60,1,0.03,0.03,selection,2,421,420,-0.0039642387746139,-0.1321412924871315,0.7661224692720868,0.4904761904761904,214,0.5095238095238095,206,1,0.0010985771329421,0.0002786306273463,0.0019968227607319,11.333333333333334,420,-0.0039642387746139,0.0,79,0.0004527422633894,-0.0044169810380033
legacy_zone:ETHUSDT:60:1:0.02:0.025,legacy_zone,ETHUSDT,60,1,0.02,0.025,selection,1,114,114,-0.0030717147156866,-0.1535857357843315,0.7593987692460338,0.4298245614035088,65,0.5701754385964912,49,0,0.0010990887944185,0.0003158885005048,0.000998842683921,10.216666666666669,712,-0.0023641307002081,-0.0007075840154784998,114,-0.0030717147156866,0.0
legacy_zone:ETHUSDT:60:1:0.02:0.025,legacy_zone,ETHUSDT,60,1,0.02,0.025,selection,2,114,114,-0.0040688529536434,-0.2034426476821729,0.6946306212276145,0.4298245614035088,65,0.5701754385964912,49,0,0.001098539979757,0.000315730714041,0.0019966875230032,10.216666666666669,712,-0.0033618998051804,-0.0007069531484629999,114,-0.0040688529536434,0.0
legacy_zone:ETHUSDT:60:1:0.03:0.03,legacy_zone,ETHUSDT,60,1,0.03,0.03,selection,1,79,79,0.0014545551869201,0.0484851728973388,1.103201811592453,0.569620253164557,34,0.430379746835443,45,0,0.0011017454468968,0.0006172391785554,0.001003675377501,19.133333333333333,420,-0.0029670144479841,0.0044215696349042,79,0.0014545551869201,0.0
legacy_zone:ETHUSDT:60:1:0.03:0.03,legacy_zone,ETHUSDT,60,1,0.03,0.03,selection,2,79,79,0.0004527422633894,0.015091408779649,1.031200486771575,0.569620253164557,34,0.430379746835443,45,0,0.0011011939769091,0.0006169308672774,0.0020063480822973,19.133333333333333,420,-0.0039642387746139,0.0044169810380033,79,0.0004527422633894,0.0
trend_pullback:ETHUSDT:60:-1:0.02:0.025,trend_pullback,ETHUSDT,60,-1,0.02,0.025,selection,1,34,34,-0.0074538338411161,-0.3726916920558062,0.4996622776432605,0.3235294117647059,23,0.6764705882352942,11,0,0.0011035459163405,-9.683269435737356e-05,0.0010059441485447,8.658333333333333,723,-0.0018327467632796,-0.005621087077836501,107,-0.0045993970072521,-0.0028544368338640005
trend_pullback:ETHUSDT:60:-1:0.02:0.025,trend_pullback,ETHUSDT,60,-1,0.02,0.025,selection,2,34,34,-0.0084612902990534,-0.4230645149526716,0.4572263273736921,0.3235294117647059,23,0.6764705882352942,11,0,0.0011040997394453,-9.688115916936426e-05,0.0020128952481892,8.658333333333333,723,-0.0028346077476357,-0.0056266825514177,107,-0.0056039902600364,-0.002857300039017
trend_pullback:ETHUSDT:60:-1:0.03:0.03,trend_pullback,ETHUSDT,60,-1,0.03,0.03,selection,1,34,34,-0.007253622907951,-0.2417874302650358,0.6142090603968119,0.4117647058823529,20,0.5882352941176471,14,0,0.0011034649530647,-0.0001497567083275,0.001005797016155,14.516666666666667,420,-0.0012308780464823,-0.0060227448614687,75,-0.0028930218799586,-0.0043606010279924005
trend_pullback:ETHUSDT:60:-1:0.03:0.03,trend_pullback,ETHUSDT,60,-1,0.03,0.03,selection,2,34,34,-0.0082609055167196,-0.27536351722399,0.574378112161635,0.4117647058823529,20,0.5882352941176471,14,0,0.0011040186951657,-0.000149831661635,0.0020126008361301,14.516666666666667,420,-0.0022321995405656,-0.006028705976154,75,-0.0038959420632328,-0.0043649634534868
shock_reversal:ETHUSDT:60:-1:0.02:0.025,shock_reversal,ETHUSDT,60,-1,0.02,0.025,selection,1,16,16,-0.0051247431550323,-0.2562371577516156,0.6282518629354052,0.375,10,0.625,6,0,0.0011022707447473,-0.0001061544031216,0.0010036268134065,8.966666666666667,723,-0.0018327467632796,-0.0032919963917527,107,-0.0045993970072521,-0.0005253461477801999
shock_reversal:ETHUSDT:60:-1:0.02:0.025,shock_reversal,ETHUSDT,60,-1,0.02,0.025,selection,2,16,16,-0.0061298740168466,-0.3064937008423305,0.575031726494095,0.375,10,0.625,6,0,0.001102823292042,-0.0001062075334535,0.0020082582582581,8.966666666666667,723,-0.0028346077476357,-0.0032952662692109,107,-0.0056039902600364,-0.0005258837568102
shock_reversal:ETHUSDT:60:-1:0.03:0.03,shock_reversal,ETHUSDT,60,-1,0.03,0.03,selection,1,16,16,-0.0093376694809223,-0.3112556493640775,0.5321194041558808,0.375,10,0.625,6,0,0.0011046794022011,-0.0002750139232796,0.0010080040020008,18.775,420,-0.0012308780464823,-0.00810679143444,75,-0.0028930218799586,-0.0064446476009637
shock_reversal:ETHUSDT:60:-1:0.03:0.03,shock_reversal,ETHUSDT,60,-1,0.03,0.03,selection,2,16,16,-0.0103470998084903,-0.344903326949677,0.4977716486753777,0.375,10,0.625,6,0,0.0011052343593593,-0.0002751515678859,0.0020170170170168,18.775,420,-0.0022321995405656,-0.0081149002679247,75,-0.0038959420632328,-0.006451157745257499
funding_squeeze:ETHUSDT:60:-1:0.02:0.025,funding_squeeze,ETHUSDT,60,-1,0.02,0.025,selection,1,38,38,-0.0006130583333114,-0.0306529166655714,0.9470303124081436,0.4736842105263157,20,0.5263157894736842,18,0,0.0010998258668808,-0.0001701618623125,0.0009991838024274,7.375,723,-0.0018327467632796,0.0012196884299682,107,-0.0045993970072521,0.0039863386739407
funding_squeeze:ETHUSDT:60:-1:0.02:0.025,funding_squeeze,ETHUSDT,60,-1,0.02,0.025,selection,2,38,38,-0.0016137072548206,-0.0806853627410325,0.8667642033400674,0.4736842105263157,20,0.5263157894736842,18,0,0.0011003759680733,-0.0001702470284098,0.0019993677888413,7.375,723,-0.0028346077476357,0.0012209004928151002,107,-0.0056039902600364,0.0039902830052158
funding_squeeze:ETHUSDT:60:-1:0.03:0.03,funding_squeeze,ETHUSDT,60,-1,0.03,0.03,selection,1,33,33,-0.0008245078366978,-0.027483594556594,0.9463852326464928,0.5151515151515151,16,0.4848484848484848,17,0,0.0011000497748874,-0.0003660417335417,0.0009995907044429,18.08333333333333,420,-0.0012308780464823,0.00040637020978449997,75,-0.0028930218799586,0.0020685140432608
funding_squeeze:ETHUSDT:60:-1:0.03:0.03,funding_squeeze,ETHUSDT,60,-1,0.03,0.03,selection,2,33,33,-0.0018254662535785,-0.0608488751192839,0.8850366980997985,0.5151515151515151,16,0.4848484848484848,17,0,0.0011006001001001,-0.0003662249376125,0.0020001820001818,18.08333333333333,420,-0.0022321995405656,0.00040673328698709993,75,-0.0038959420632328,0.0020704758096542998
compression_expansion:ETHUSDT:60:-1:0.02:0.025,compression_expansion,ETHUSDT,60,-1,0.02,0.025,selection,1,7,7,-0.0089880930350422,-0.4494046517521109,0.4258199786751613,0.2857142857142857,5,0.7142857142857143,2,0,0.0011044827771028,-0.0002668935654007,0.001007646680483,8.033333333333333,723,-0.0018327467632796,-0.007155346271762601,107,-0.0045993970072521,-0.004388696027790101
compression_expansion:ETHUSDT:60:-1:0.02:0.025,compression_expansion,ETHUSDT,60,-1,0.02,0.025,selection,2,7,7,-0.0099971695509326,-0.4998584775466348,0.3898129494271889,0.2857142857142857,5,0.7142857142857143,2,0,0.0011050375375375,-0.0002670271457638,0.0020163020163018,8.033333333333333,723,-0.0028346077476357,-0.0071625618032969,107,-0.0056039902600364,-0.0043931792908962
compression_expansion:ETHUSDT:60:-1:0.03:0.03,compression_expansion,ETHUSDT,60,-1,0.03,0.03,selection,1,7,7,-0.0143815315220159,-0.4793843840671973,0.3622367111467079,0.2857142857142857,5,0.7142857142857143,2,0,0.001107628778675,-0.0005966039385713,0.0010133638247694,30.633333333333333,420,-0.0012308780464823,-0.0131506534755336,75,-0.0028930218799586,-0.0114885096420573
compression_expansion:ETHUSDT:60:-1:0.03:0.03,compression_expansion,ETHUSDT,60,-1,0.03,0.03,selection,2,7,7,-0.0153961690324302,-0.5132056344143405,0.3388504757220283,0.2857142857142857,5,0.7142857142857143,2,0,0.0011081866866866,-0.0005969025391412,0.0020277420277419,30.633333333333333,420,-0.0022321995405656,-0.0131639694918646,75,-0.0038959420632328,-0.0115002269691974
learned_leaf:ETHUSDT:60:-1:0.02:0.025,learned_leaf,ETHUSDT,60,-1,0.02,0.025,selection,1,445,444,-0.0001552978228624,-0.00776489114312,0.9862939900456814,0.4842342342342342,229,0.5157657657657657,215,1,0.0010995470303744,-0.0001206680701052,0.0009986770803223,7.766666666666667,723,-0.0018327467632796,0.0016774489404172,107,-0.0045993970072521,0.0044440991843897
learned_leaf:ETHUSDT:60:-1:0.02:0.025,learned_leaf,ETHUSDT,60,-1,0.02,0.025,selection,2,445,444,-0.0011554640077288,-0.0577732003864409,0.9025466338681088,0.4842342342342342,229,0.5157657657657657,215,1,0.0011000968525908,-0.0001207284645346,0.0019983538374018,7.766666666666667,723,-0.0028346077476357,0.0016791437399069002,107,-0.0056039902600364,0.0044485262523076
learned_leaf:ETHUSDT:60:-1:0.03:0.03,learned_leaf,ETHUSDT,60,-1,0.03,0.03,selection,1,268,267,0.0011872192255091,0.0395739741836379,1.0830423200154773,0.550561797752809,120,0.449438202247191,147,1,0.0010988688829396,-0.0002295116351365,0.0009974447011759,12.016666666666667,420,-0.0012308780464823,0.0024180972719914,75,-0.0028930218799586,0.0040802411054677
learned_leaf:ETHUSDT:60:-1:0.03:0.03,learned_leaf,ETHUSDT,60,-1,0.03,0.03,selection,2,268,267,0.0001883418081475,0.0062780602715865,1.012761453830642,0.550561797752809,120,0.449438202247191,147,1,0.001099418026669,-0.0002296265058247,0.0019958878454964,12.016666666666667,420,-0.0022321995405656,0.0024205413487131,75,-0.0038959420632328,0.0040842838713803
clock_control:ETHUSDT:60:-1:0.02:0.025,clock_control,ETHUSDT,60,-1,0.02,0.025,selection,1,724,723,-0.0018327467632796,-0.0916373381639823,0.8490957520559584,0.4467496542185339,400,0.5532503457814661,323,1,0.001100487271772,-0.0001536891849924,0.0010003857557984,6.841666666666667,723,-0.0018327467632796,0.0,107,-0.0045993970072521,0.0027666502439725
clock_control:ETHUSDT:60:-1:0.02:0.025,clock_control,ETHUSDT,60,-1,0.02,0.025,selection,2,724,723,-0.0028346077476357,-0.1417303873817894,0.776973734438857,0.4467496542185339,400,0.5532503457814661,323,1,0.0011010380347006,-0.0001537661065064,0.00200177289874,6.841666666666667,723,-0.0028346077476357,0.0,107,-0.0056039902600364,0.0027693825124007
clock_control:ETHUSDT:60:-1:0.03:0.03,clock_control,ETHUSDT,60,-1,0.03,0.03,selection,1,421,420,-0.0012308780464823,-0.0410292682160797,0.9210428198897542,0.5095238095238095,206,0.4904761904761904,214,1,0.0011002253358211,-0.0002790487823648,0.0009999097466196,11.333333333333334,420,-0.0012308780464823,0.0,75,-0.0028930218799586,0.0016621438334763
clock_control:ETHUSDT:60:-1:0.03:0.03,clock_control,ETHUSDT,60,-1,0.03,0.03,selection,2,421,420,-0.0022321995405656,-0.0744066513521881,0.8613035741993141,0.5095238095238095,206,0.4904761904761904,214,1,0.0011007758366826,-0.0002791884464201,0.0020008204038966,11.333333333333334,420,-0.0022321995405656,0.0,75,-0.0038959420632328,0.0016637425226672
legacy_zone:ETHUSDT:60:-1:0.02:0.025,legacy_zone,ETHUSDT,60,-1,0.02,0.025,selection,1,108,107,-0.0045993970072521,-0.2299698503626064,0.6583974577591925,0.3831775700934579,66,0.616822429906542,41,1,0.001101968770662,-8.215478538176169e-05,0.0010030780439998,10.183333333333334,723,-0.0018327467632796,-0.0027666502439725,107,-0.0045993970072521,0.0
legacy_zone:ETHUSDT:60:-1:0.02:0.025,legacy_zone,ETHUSDT,60,-1,0.02,0.025,selection,2,108,107,-0.0056039902600364,-0.28019951300182,0.6022367720149933,0.3831775700934579,66,0.616822429906542,41,1,0.0011025210158314,-8.219590389296377e-05,0.0020071601701259,10.183333333333334,723,-0.0028346077476357,-0.0027693825124007,107,-0.0056039902600364,0.0
legacy_zone:ETHUSDT:60:-1:0.03:0.03,legacy_zone,ETHUSDT,60,-1,0.03,0.03,selection,1,76,75,-0.0028930218799586,-0.096434062665289,0.8235145032993179,0.48,39,0.52,36,1,0.0011010683356566,-0.0001504749223668,0.0010014417076127,20.941666666666663,420,-0.0012308780464823,-0.0016621438334763,75,-0.0028930218799586,0.0
legacy_zone:ETHUSDT:60:-1:0.03:0.03,legacy_zone,ETHUSDT,60,-1,0.03,0.03,selection,2,76,75,-0.0038959420632328,-0.1298647354410941,0.7697704694801142,0.48,39,0.52,36,1,0.0011016196799401,-0.0001505502351407,0.0020038858593773,20.941666666666663,420,-0.0022321995405656,-0.0016637425226672,75,-0.0038959420632328,0.0
trend_pullback:SOLUSDT:5:1:0.02:0.025,trend_pullback,SOLUSDT,5,1,0.02,0.025,selection,1,62,62,-0.0057678203962497,-0.2883910198124876,0.5932961933968063,0.3870967741935484,38,0.6129032258064516,24,0,0.0010974845799361,9.684479120969165e-05,0.0019928458638134,3.475,1707,-0.0030920437991491,-0.0026757765971006,249,-0.004436185763047,-0.0013316346332026994
trend_pullback:SOLUSDT:5:1:0.02:0.025,trend_pullback,SOLUSDT,5,1,0.02,0.025,selection,2,62,62,-0.0077554979948499,-0.3877748997424985,0.495703612871439,0.3870967741935484,38,0.6129032258064516,24,0,0.001096390702466,9.674813972145842e-05,0.0039817139913721,3.475,1707,-0.0050850521855401,-0.0026704458093097993,249,-0.0064265646628579,-0.0013289333319919999
trend_pullback:SOLUSDT:5:1:0.03:0.03,trend_pullback,SOLUSDT,5,1,0.03,0.03,selection,1,57,57,-0.0080008127013949,-0.2666937567131657,0.5836333867079959,0.4210526315789473,33,0.5789473684210527,24,0,0.0010963010410641,0.0001791317770562,0.0019885377780113,7.183333333333334,986,-0.0026311765915457,-0.0053696361098492,187,-0.0038179866696474,-0.0041828260317475
trend_pullback:SOLUSDT:5:1:0.03:0.03,trend_pullback,SOLUSDT,5,1,0.03,0.03,selection,2,57,57,-0.009984111055144,-0.3328037018381365,0.5090152559205817,0.4210526315789473,33,0.5789473684210527,24,0,0.0010952095283117,0.0001789530028276,0.0039731064187414,7.183333333333334,986,-0.004625165594347,-0.005358945460797001,187,-0.0058097042291423,-0.0041744068260017005
shock_reversal:SOLUSDT:5:1:0.02:0.025,shock_reversal,SOLUSDT,5,1,0.02,0.025,selection,1,105,105,-0.004761716443235,-0.2380858221617506,0.6516929518894353,0.4095238095238095,62,0.5904761904761905,43,0,0.0010980385400313,9.738705119854669e-05,0.0019948622805764,4.883333333333334,1707,-0.0030920437991491,-0.0016696726440859001,249,-0.004436185763047,-0.00032553068018799976
shock_reversal:SOLUSDT:5:1:0.02:0.025,shock_reversal,SOLUSDT,5,1,0.02,0.025,selection,2,105,105,-0.006751404785821,-0.3375702392910503,0.5445687833698698,0.4095238095238095,62,0.5904761904761905,43,0,0.0010969435557456,9.728985853267984e-05,0.003985742800114,4.883333333333334,1707,-0.0050850521855401,-0.0016663526002809,249,-0.0064265646628579,-0.0003248401229631005
shock_reversal:SOLUSDT:5:1:0.03:0.03,shock_reversal,SOLUSDT,5,1,0.03,0.03,selection,1,93,93,-0.0087545265894677,-0.2918175529822572,0.5550319272111328,0.4086021505376344,55,0.5913978494623656,38,0,0.0010958909961006,0.0001877194127735,0.0019870452128515,9.216666666666669,986,-0.0026311765915457,-0.006123349997922,187,-0.0038179866696474,-0.004936539919820301
shock_reversal:SOLUSDT:5:1:0.03:0.03,shock_reversal,SOLUSDT,5,1,0.03,0.03,selection,2,93,93,-0.0107363276060065,-0.3578775868668856,0.4842669876200192,0.4086021505376344,55,0.5913978494623656,38,0,0.0010948003026205,0.0001875320680502,0.0039701242675938,9.216666666666669,986,-0.004625165594347,-0.0061111620116595005,187,-0.0058097042291423,-0.0049266233768642
funding_squeeze:SOLUSDT:5:1:0.02:0.025,funding_squeeze,SOLUSDT,5,1,0.02,0.025,selection,1,8,8,0.0049729479949631,0.2486473997481585,1.575517328898317,0.625,3,0.375,5,0,0.0011033609203296,3.445532047145877e-05,0.0020142357642356,5.666666666666667,1707,-0.0030920437991491,0.0080649917941122,249,-0.004436185763047,0.0094091337580101
funding_squeeze:SOLUSDT:5:1:0.02:0.025,funding_squeeze,SOLUSDT,5,1,0.02,0.025,selection,2,8,8,0.0029638726663752,0.1481936333187615,1.3162061333537969,0.625,3,0.375,5,0,0.0011022553018962,3.442093392408207e-05,0.0040244510978044,5.666666666666667,1707,-0.0050850521855401,0.008048924851915301,249,-0.0064265646628579,0.0093904373292331
funding_squeeze:SOLUSDT:5:1:0.03:0.03,funding_squeeze,SOLUSDT,5,1,0.03,0.03,selection,1,8,8,0.0118045896966598,0.3934863232219955,2.431312213577079,0.75,2,0.25,6,0,0.0011071346153846,6.030365998362777e-05,0.0020279720279719,10.025,986,-0.0026311765915457,0.0144357662882055,187,-0.0038179866696474,0.015622576366307199
funding_squeeze:SOLUSDT:5:1:0.03:0.03,funding_squeeze,SOLUSDT,5,1,0.03,0.03,selection,2,8,8,0.0097818388586391,0.326061295287972,2.1203982910349453,0.75,2,0.25,6,0,0.0011060214570858,6.0243476690230914e-05,0.0040518962075847,10.025,986,-0.004625165594347,0.014407004452986101,187,-0.0058097042291423,0.0155915430877814
compression_expansion:SOLUSDT:5:1:0.02:0.025,compression_expansion,SOLUSDT,5,1,0.02,0.025,selection,1,24,24,-0.0025980886851445,-0.1299044342572293,0.7934215923597452,0.4583333333333333,13,0.5416666666666666,11,0,0.0010992441620879,0.000124593773806,0.0019992507492506,7.991666666666666,1707,-0.0030920437991491,0.0004939551140046,249,-0.004436185763047,0.0018380970779025003
compression_expansion:SOLUSDT:5:1:0.02:0.025,compression_expansion,SOLUSDT,5,1,0.02,0.025,selection,2,24,24,-0.0045921271757284,-0.2296063587864217,0.6631999897063136,0.4583333333333333,13,0.5416666666666666,11,0,0.001098146768962,0.0001244694287223,0.0039945109780439,7.991666666666666,1707,-0.0050850521855401,0.0004929250098117,249,-0.0064265646628579,0.0018344374871294995
compression_expansion:SOLUSDT:5:1:0.03:0.03,compression_expansion,SOLUSDT,5,1,0.03,0.03,selection,1,24,24,-0.0008620619403297,-0.0287353980109903,0.9434726652406747,0.5416666666666666,11,0.4583333333333333,13,0,0.0011002733516483,0.0002587915856844,0.0020029970029969,12.025,986,-0.0026311765915457,0.001769114651216,187,-0.0038179866696474,0.0029559247293177
compression_expansion:SOLUSDT:5:1:0.03:0.03,compression_expansion,SOLUSDT,5,1,0.03,0.03,selection,2,24,24,-0.0028597032208285,-0.0953234406942836,0.8227777884364952,0.5416666666666666,11,0.4583333333333333,13,0,0.0010991739021956,0.0002585333106488,0.004001996007984,12.025,986,-0.004625165594347,0.0017654623735185002,187,-0.0058097042291423,0.0029500010083138004
learned_leaf:SOLUSDT:5:1:0.02:0.025,learned_leaf,SOLUSDT,5,1,0.02,0.025,selection,1,147,147,-0.0032078975161989,-0.1603948758099467,0.750499575755731,0.4421768707482993,82,0.5578231292517006,65,0,0.0010988450885848,9.2134910404906e-06,0.0019977981202469,5.016666666666667,1707,-0.0030920437991491,-0.00011585371704980014,249,-0.004436185763047,0.0012282882468481002
learned_leaf:SOLUSDT:5:1:0.02:0.025,learned_leaf,SOLUSDT,5,1,0.02,0.025,selection,2,147,147,-0.0052006022245722,-0.2600301112286116,0.6271098997448739,0.4421768707482993,82,0.5578231292517006,65,0,0.0010977484928102,9.20429593965179e-06,0.0039916086194957,5.016666666666667,1707,-0.0050850521855401,-0.00011555003903209946,249,-0.0064265646628579,0.0012259624382857
learned_leaf:SOLUSDT:5:1:0.03:0.03,learned_leaf,SOLUSDT,5,1,0.03,0.03,selection,1,93,93,-0.0015194837435254,-0.050649458117514,0.902765075104746,0.5268817204301075,44,0.4731182795698925,49,0,0.0010997864232541,3.137596420806455e-05,0.0020012245818696,10.266666666666667,986,-0.0026311765915457,0.0011116928480202999,187,-0.0038179866696474,0.002298502926122
learned_leaf:SOLUSDT:5:1:0.03:0.03,learned_leaf,SOLUSDT,5,1,0.03,0.03,selection,2,93,93,-0.0035155840752475,-0.1171861358415864,0.7874692138297241,0.5268817204301075,44,0.4731182795698925,49,0,0.0010986879466872,3.1344650870531554e-05,0.0039984547034962,10.266666666666667,986,-0.004625165594347,0.0011095815190995,187,-0.0058097042291423,0.0022941201538948003
clock_control:SOLUSDT:5:1:0.02:0.025,clock_control,SOLUSDT,5,1,0.02,0.025,selection,1,1708,1707,-0.0030920437991491,-0.154602189957456,0.7584153957375097,0.4463971880492091,945,0.5536028119507909,762,1,0.0010989485758462,8.141494384633025e-05,0.0019981748142552,2.3666666666666667,1707,-0.0030920437991491,0.0,249,-0.004436185763047,0.0013441419638979004
clock_control:SOLUSDT:5:1:0.02:0.025,clock_control,SOLUSDT,5,1,0.02,0.025,selection,2,1708,1707,-0.0050850521855401,-0.2542526092770053,0.6336606509503087,0.4463971880492091,945,0.5536028119507909,762,1,0.0010978517733035,8.133369140736187e-05,0.0039923612556279,2.3666666666666667,1707,-0.0050850521855401,0.0,249,-0.0064265646628579,0.0013415124773177994
clock_control:SOLUSDT:5:1:0.03:0.03,clock_control,SOLUSDT,5,1,0.03,0.03,selection,1,987,986,-0.0026311765915457,-0.0877058863848588,0.8379313375485115,0.5101419878296146,483,0.4898580121703854,503,1,0.0010992351008664,0.0001412157932468,0.0019992177663713,4.8,986,-0.0026311765915457,0.0,187,-0.0038179866696474,0.0011868100781017
clock_control:SOLUSDT:5:1:0.03:0.03,clock_control,SOLUSDT,5,1,0.03,0.03,selection,2,987,986,-0.004625165594347,-0.1541721864782344,0.7308273606532957,0.5101419878296146,483,0.4898580121703854,503,1,0.0010981377258449,0.0001410748593214,0.0039944450781195,4.8,986,-0.004625165594347,0.0,187,-0.0058097042291423,0.0011845386347953003
legacy_zone:SOLUSDT:5:1:0.02:0.025,legacy_zone,SOLUSDT,5,1,0.02,0.025,selection,1,249,249,-0.004436185763047,-0.2218092881523519,0.671704767708069,0.4176706827309236,145,0.5823293172690763,104,0,0.0010982397722759,0.0001375319469836,0.0019955947666789,3.583333333333333,1707,-0.0030920437991491,-0.0013441419638979004,249,-0.004436185763047,0.0
legacy_zone:SOLUSDT:5:1:0.02:0.025,legacy_zone,SOLUSDT,5,1,0.02,0.025,selection,2,249,249,-0.0064265646628579,-0.3213282331428985,0.5613273911926222,0.4176706827309236,145,0.5823293172690763,104,0,0.0010971443859269,0.0001373946895515,0.003987206310271,3.583333333333333,1707,-0.0050850521855401,-0.0013415124773177994,249,-0.0064265646628579,0.0
legacy_zone:SOLUSDT:5:1:0.03:0.03,legacy_zone,SOLUSDT,5,1,0.03,0.03,selection,1,187,187,-0.0038179866696474,-0.1272662223215817,0.7745323859794814,0.4919786096256685,95,0.5080213903743316,92,0,0.0010986369219016,0.0002410259325237,0.0019970403927622,6.183333333333334,986,-0.0026311765915457,-0.0011868100781017,187,-0.0038179866696474,0.0
legacy_zone:SOLUSDT:5:1:0.03:0.03,legacy_zone,SOLUSDT,5,1,0.03,0.03,selection,2,187,187,-0.0058097042291423,-0.1936568076380781,0.6757172233890238,0.4919786096256685,95,0.5080213903743316,92,0,0.0010975407420453,0.0002407853876808,0.0039900946769562,6.183333333333334,986,-0.004625165594347,-0.0011845386347953003,187,-0.0058097042291423,0.0
trend_pullback:SOLUSDT:5:-1:0.02:0.025,trend_pullback,SOLUSDT,5,-1,0.02,0.025,selection,1,55,55,-0.0034023109646282,-0.1701155482314139,0.7383682940728733,0.4363636363636363,31,0.5636363636363636,24,0,0.0011013015015015,-6.535690323945288e-05,0.0020027300027298,3.7666666666666666,1790,-0.0031334338872709,-0.0002688770773573001,158,-0.0034265753209813,2.4264356353099776e-05
trend_pullback:SOLUSDT:5:-1:0.02:0.025,trend_pullback,SOLUSDT,5,-1,0.02,0.025,selection,2,55,55,-0.0054100926753781,-0.270504633768909,0.6178790453901732,0.4363636363636363,31,0.5636363636363636,24,0,0.0011024052104208,-6.542239111845033e-05,0.0040094734924394,3.7666666666666666,1790,-0.0051406897056014,-0.0002694029697767001,158,-0.0054343657699218,2.427309454370013e-05
trend_pullback:SOLUSDT:5:-1:0.03:0.03,trend_pullback,SOLUSDT,5,-1,0.03,0.03,selection,1,48,48,-0.0004698877674213,-0.0156629255807113,0.9690120885164764,0.5416666666666666,22,0.4583333333333333,26,0,0.0010997233483483,-0.0001268325779239,0.0019969969969968,7.683333333333334,986,-0.0035717710537813,0.0031018832863599997,114,-0.0014808000380937,0.0010109122706724
trend_pullback:SOLUSDT:5:-1:0.03:0.03,trend_pullback,SOLUSDT,5,-1,0.03,0.03,selection,2,48,48,-0.0024718602251042,-0.0823953408368073,0.8465737611049162,0.5416666666666666,22,0.4583333333333333,26,0,0.0011008238977955,-0.0001269596646753,0.0039979959919839,7.683333333333334,986,-0.0055799680455583,0.0031081078204540998,114,-0.0034847088399462,0.001012848614842
shock_reversal:SOLUSDT:5:-1:0.02:0.025,shock_reversal,SOLUSDT,5,-1,0.02,0.025,selection,1,102,102,-0.0049428296239956,-0.2471414811997835,0.6420326767562815,0.4019607843137255,61,0.5980392156862745,41,0,0.0011021546767355,-7.69191173926732e-05,0.0020058293587704,3.925,1790,-0.0031334338872709,-0.0018093957367247,158,-0.0034265753209813,-0.0015162543030143001
shock_reversal:SOLUSDT:5:-1:0.02:0.025,shock_reversal,SOLUSDT,5,-1,0.02,0.025,selection,2,102,102,-0.0069537070245974,-0.3476853512298727,0.5374171516344319,0.4019607843137255,61,0.5980392156862745,41,0,0.0011032600937168,-7.699619065659372e-05,0.0040156784156548,3.925,1790,-0.0051406897056014,-0.0018130173189959999,158,-0.0054343657699218,-0.0015193412546755996
shock_reversal:SOLUSDT:5:-1:0.03:0.03,shock_reversal,SOLUSDT,5,-1,0.03,0.03,selection,1,94,94,-0.0035775920489712,-0.1192530682990402,0.7879964126190668,0.4893617021276595,48,0.5106382978723404,46,0,0.0011014528677613,-0.0001654385667508,0.0020032798756202,8.625,986,-0.0035717710537813,-5.820995189900237e-06,114,-0.0014808000380937,-0.0020967920108775
shock_reversal:SOLUSDT:5:-1:0.03:0.03,shock_reversal,SOLUSDT,5,-1,0.03,0.03,selection,2,94,94,-0.0055858247553692,-0.1861941585123087,0.6884777190590756,0.4893617021276595,48,0.5106382978723404,46,0,0.0011025568797168,-0.0001656043368577,0.0040105743401697,8.625,986,-0.0055799680455583,-5.856709810900425e-06,114,-0.0034847088399462,-0.002101115915423
funding_squeeze:SOLUSDT:5:-1:0.02:0.025,funding_squeeze,SOLUSDT,5,-1,0.02,0.025,selection,1,37,37,-0.0059629012850968,-0.2981450642548408,0.5837320229325335,0.3783783783783784,23,0.6216216216216216,14,0,0.00110273950978,-0.0001207650975018,0.0020079538998456,6.033333333333333,1790,-0.0031334338872709,-0.0028294673978259,158,-0.0034265753209813,-0.0025363259641155
funding_squeeze:SOLUSDT:5:-1:0.02:0.025,funding_squeeze,SOLUSDT,5,-1,0.02,0.025,selection,2,37,37,-0.0079758647213626,-0.3987932360681335,0.4886355583641942,0.3783783783783784,23,0.6216216216216216,14,0,0.0011038460976006,-0.0001208861046136,0.0040199317554027,6.033333333333333,1790,-0.0051406897056014,-0.002835175015761201,158,-0.0054343657699218,-0.002541498951440801
funding_squeeze:SOLUSDT:5:-1:0.03:0.03,funding_squeeze,SOLUSDT,5,-1,0.03,0.03,selection,1,31,31,-0.0096204027088633,-0.3206800902954458,0.5232028614318784,0.3870967741935484,19,0.6129032258064516,12,0,0.0011048343666246,-0.0002741891571961,0.0020155639510477,12.3,986,-0.0035717710537813,-0.0060486316550819996,114,-0.0014808000380937,-0.008139602670769599
funding_squeeze:SOLUSDT:5:-1:0.03:0.03,funding_squeeze,SOLUSDT,5,-1,0.03,0.03,selection,2,31,31,-0.0116408419093281,-0.3880280636442706,0.457152949635448,0.3870967741935484,19,0.6129032258064516,12,0,0.0011059451483612,-0.0002744638958305,0.0040351671084103,12.3,986,-0.0055799680455583,-0.0060608738637698,114,-0.0034847088399462,-0.008156133069381899
compression_expansion:SOLUSDT:5:-1:0.02:0.025,compression_expansion,SOLUSDT,5,-1,0.02,0.025,selection,1,26,26,0.0029460797809327,0.1473039890466387,1.3014034237444396,0.5769230769230769,11,0.4230769230769231,15,0,0.0010978156906906,-7.242400015191881e-05,0.0019900669900669,6.025,1790,-0.0031334338872709,0.0060795136682036,158,-0.0034265753209813,0.0063726551019139994
compression_expansion:SOLUSDT:5:-1:0.02:0.025,compression_expansion,SOLUSDT,5,-1,0.02,0.025,selection,2,26,26,0.0009510005194984,0.0475500259749241,1.0893741479318373,0.5769230769230769,11,0.4230769230769231,15,0,0.0010989124209958,-7.249656929034759e-05,0.0039841220903344,6.025,1790,-0.0051406897056014,0.0060916902250998,158,-0.0054343657699218,0.0063853662894202
compression_expansion:SOLUSDT:5:-1:0.03:0.03,compression_expansion,SOLUSDT,5,-1,0.03,0.03,selection,1,24,24,0.0045425281970992,0.151417606569975,1.3662070417112804,0.625,9,0.375,15,0,0.0010969678428428,-0.0001264830269289,0.0019869869869868,10.433333333333334,986,-0.0035717710537813,0.0081142992508805,114,-0.0014808000380937,0.0060233282351929
compression_expansion:SOLUSDT:5:-1:0.03:0.03,compression_expansion,SOLUSDT,5,-1,0.03,0.03,selection,2,24,24,0.0025505909758537,0.0850196991951254,1.193527536721697,0.625,9,0.375,15,0,0.0010980628757515,-0.0001266097634289,0.0039779559118236,10.433333333333334,986,-0.0055799680455583,0.008130559021412,114,-0.0034847088399462,0.0060352998157999
learned_leaf:SOLUSDT:5:-1:0.02:0.025,learned_leaf,SOLUSDT,5,-1,0.02,0.025,selection,1,950,949,-0.002204114562823,-0.1102057281411529,0.8222422575845264,0.4625922023182297,510,0.5374077976817703,439,1,0.0011006446118737,-6.855163776865215e-05,0.0020003436994778,2.683333333333333,1790,-0.0031334338872709,0.0009293193244479,158,-0.0034265753209813,0.0012224607581583
learned_leaf:SOLUSDT:5:-1:0.02:0.025,learned_leaf,SOLUSDT,5,-1,0.02,0.025,selection,2,950,949,-0.0042095006719162,-0.2104750335958133,0.6881520189965091,0.4625922023182297,510,0.5374077976817703,439,1,0.0011017470056961,-6.862032678445241e-05,0.0040046961037644,2.683333333333333,1790,-0.0051406897056014,0.0009311890336851994,158,-0.0054343657699218,0.0012248650980055996
learned_leaf:SOLUSDT:5:-1:0.03:0.03,learned_leaf,SOLUSDT,5,-1,0.03,0.03,selection,1,567,566,-0.0022230001278922,-0.0741000042630761,0.8618893592021439,0.5123674911660777,276,0.4876325088339223,290,1,0.0011006833161371,-0.0001200761649117,0.0020004843016515,5.133333333333334,986,-0.0035717710537813,0.0013487709258890998,114,-0.0014808000380937,-0.0007422000897985
learned_leaf:SOLUSDT:5:-1:0.03:0.03,learned_leaf,SOLUSDT,5,-1,0.03,0.03,selection,2,567,566,-0.0042284755706305,-0.1409491856876848,0.7527504598565378,0.5123674911660777,276,0.4876325088339223,290,1,0.0011017857874456,-0.0001201964817102,0.0040049775898798,5.133333333333334,986,-0.0055799680455583,0.0013514924749277995,114,-0.0034847088399462,-0.0007437667306843003
clock_control:SOLUSDT:5:-1:0.02:0.025,clock_control,SOLUSDT,5,-1,0.02,0.025,selection,1,1791,1790,-0.0031334338872709,-0.1566716943635467,0.7566910294082995,0.4418994413407821,999,0.5581005586592179,791,1,0.0011011605172446,-7.775798392548633e-05,0.0020022178448629,2.35,1790,-0.0031334338872709,0.0,158,-0.0034265753209813,0.00029314143371039986
clock_control:SOLUSDT:5:-1:0.02:0.025,clock_control,SOLUSDT,5,-1,0.02,0.025,selection,2,1791,1790,-0.0051406897056014,-0.2570344852800749,0.633339980039682,0.4418994413407821,999,0.5581005586592179,791,1,0.0011022639439126,-7.783589773703491e-05,0.004008448150337,2.35,1790,-0.0051406897056014,0.0,158,-0.0054343657699218,0.00029367606432040023
clock_control:SOLUSDT:5:-1:0.03:0.03,clock_control,SOLUSDT,5,-1,0.03,0.03,selection,1,987,986,-0.0035717710537813,-0.1190590351260456,0.7879628246365316,0.4898580121703854,503,0.5101419878296146,483,1,0.0011014364417503,-0.0001413776612499,0.0020032202043421,4.8,986,-0.0035717710537813,0.0,114,-0.0014808000380937,-0.0020909710156875997
clock_control:SOLUSDT:5:-1:0.03:0.03,clock_control,SOLUSDT,5,-1,0.03,0.03,selection,2,987,986,-0.0055799680455583,-0.1859989348519465,0.6882795758966515,0.4898580121703854,503,0.5101419878296146,483,1,0.0011025404208208,-0.0001415193222331,0.0040104548780318,4.8,986,-0.0055799680455583,0.0,114,-0.0034847088399462,-0.0020952592056120998
legacy_zone:SOLUSDT:5:-1:0.02:0.025,legacy_zone,SOLUSDT,5,-1,0.02,0.025,selection,1,158,158,-0.0034265753209813,-0.1713287660490684,0.7369698873147147,0.4367088607594936,89,0.5632911392405063,69,0,0.0011012929400919,-2.5517786366377677e-05,0.0020026989014329,3.683333333333333,1790,-0.0031334338872709,-0.00029314143371039986,158,-0.0034265753209813,0.0
legacy_zone:SOLUSDT:5:-1:0.02:0.025,legacy_zone,SOLUSDT,5,-1,0.02,0.025,selection,2,158,158,-0.0054343657699218,-0.2717182884960937,0.6167719186121912,0.4367088607594936,89,0.5632911392405063,69,0,0.0011023966318713,-2.554335529059248e-05,0.0040094112275183,3.683333333333333,1790,-0.0051406897056014,-0.00029367606432040023,158,-0.0054343657699218,0.0
legacy_zone:SOLUSDT:5:-1:0.03:0.03,legacy_zone,SOLUSDT,5,-1,0.03,0.03,selection,1,114,114,-0.0014808000380937,-0.0493600012697919,0.9056857400956276,0.5263157894736842,54,0.4736842105263157,60,0,0.0011002309414677,-3.932448116221208e-05,0.0019988409462092,6.825,986,-0.0035717710537813,0.0020909710156875997,114,-0.0014808000380937,0.0
legacy_zone:SOLUSDT:5:-1:0.03:0.03,legacy_zone,SOLUSDT,5,-1,0.03,0.03,selection,2,114,114,-0.0034847088399462,-0.1161569613315405,0.7910839433053298,0.5263157894736842,54,0.4736842105263157,60,0,0.0011013325071195,-3.936388444994977e-05,0.0040016875856977,6.825,986,-0.0055799680455583,0.0020952592056120998,114,-0.0034847088399462,0.0
trend_pullback:SOLUSDT:15:1:0.02:0.025,trend_pullback,SOLUSDT,15,1,0.02,0.025,selection,1,58,58,-0.0084403141879499,-0.4220157093974978,0.457273067877135,0.3275862068965517,39,0.6724137931034483,19,0,0.0010960146362258,9.818359871168704e-05,0.0019874952633572,4.55,1605,-0.0031963503751076,-0.0052439638128422995,223,-0.0052865126762606,-0.0031538015116893
trend_pullback:SOLUSDT:15:1:0.02:0.025,trend_pullback,SOLUSDT,15,1,0.02,0.025,selection,2,58,58,-0.0104226534667562,-0.5211326733378118,0.3819908754387491,0.3275862068965517,39,0.6724137931034483,19,0,0.001094923695712,9.80856110882223e-05,0.0039710234703007,4.55,1605,-0.0051891530590036,-0.0052335004077526,223,-0.0072752095333232,-0.003147443933433
trend_pullback:SOLUSDT:15:1:0.03:0.03,trend_pullback,SOLUSDT,15,1,0.03,0.03,selection,1,56,56,-0.0107819450805494,-0.3593981693516496,0.4812782874873977,0.375,35,0.625,21,0,0.0010947843406593,0.0002041437568732,0.0019830169830168,8.583333333333334,950,-0.002889298095797,-0.0078926469847524,162,-0.0070735681588982,-0.0037083769216512
trend_pullback:SOLUSDT:15:1:0.03:0.03,trend_pullback,SOLUSDT,15,1,0.03,0.03,selection,2,56,56,-0.0127597117271758,-0.4253237242391939,0.4198460314921697,0.375,35,0.625,21,0,0.0010936958582834,0.0002039400205889,0.0039620758483033,8.583333333333334,950,-0.0048827732906193,-0.0078769384365565,162,-0.0090588224155594,-0.0037008893116164
shock_reversal:SOLUSDT:15:1:0.02:0.025,shock_reversal,SOLUSDT,15,1,0.02,0.025,selection,1,33,33,-0.0041147601693933,-0.2057380084696688,0.6909269928980244,0.4242424242424242,19,0.5757575757575758,14,0,0.001098402097902,0.0001110815298511,0.0019961856325491,4.283333333333333,1605,-0.0031963503751076,-0.0009184097942857,223,-0.0052865126762606,0.0011717525068672997
shock_reversal:SOLUSDT:15:1:0.02:0.025,shock_reversal,SOLUSDT,15,1,0.02,0.025,selection,2,33,33,-0.0061057548289958,-0.3052877414497916,0.5770956908962082,0.4242424242424242,19,0.5757575757575758,14,0,0.0010973063872255,0.0001109706700409,0.0039883868626383,4.283333333333333,1605,-0.0051891530590036,-0.0009166017699921997,223,-0.0072752095333232,0.0011694547043274005
shock_reversal:SOLUSDT:15:1:0.03:0.03,shock_reversal,SOLUSDT,15,1,0.03,0.03,selection,1,33,33,-0.0023883182494759,-0.0796106083158633,0.8517544364055611,0.5151515151515151,16,0.4848484848484848,17,0,0.0010994000999,0.000198190695212,0.0019998183634546,7.85,950,-0.002889298095797,0.0005009798463210999,162,-0.0070735681588982,0.0046852499094223
shock_reversal:SOLUSDT:15:1:0.03:0.03,shock_reversal,SOLUSDT,15,1,0.03,0.03,selection,2,33,33,-0.0043828494597151,-0.1460949819905044,0.7429071402870583,0.5151515151515151,16,0.4848484848484848,17,0,0.0010983023952095,0.000197992900107,0.0039956450734893,7.85,950,-0.0048827732906193,0.0004999238309042007,162,-0.0090588224155594,0.004675972955844301
funding_squeeze:SOLUSDT:15:1:0.02:0.025,funding_squeeze,SOLUSDT,15,1,0.02,0.025,selection,1,8,8,0.0049939828467975,0.2496991423398782,1.577426670034393,0.625,3,0.375,5,0,0.0011033609203296,1.342046863703862e-05,0.0020142357642356,4.45,1605,-0.0031963503751076,0.0081903332219051,223,-0.0052865126762606,0.010280495523058101
funding_squeeze:SOLUSDT:15:1:0.02:0.025,funding_squeeze,SOLUSDT,15,1,0.02,0.025,selection,2,8,8,0.0029848865253436,0.1492443262671802,1.318181605856887,0.625,3,0.375,5,0,0.0011022553018962,1.3407074955764132e-05,0.0040244510978043,4.45,1605,-0.0051891530590036,0.0081740395843472,223,-0.0072752095333232,0.0102600960586668
funding_squeeze:SOLUSDT:15:1:0.03:0.03,funding_squeeze,SOLUSDT,15,1,0.03,0.03,selection,1,8,8,0.0118739768245894,0.3957992274863138,2.4397141027056986,0.75,2,0.25,6,0,0.0011071346153846,-9.083467945965188e-06,0.0020279720279719,7.433333333333334,950,-0.002889298095797,0.014763274920386399,162,-0.0070735681588982,0.0189475449834876
funding_squeeze:SOLUSDT:15:1:0.03:0.03,funding_squeeze,SOLUSDT,15,1,0.03,0.03,selection,2,8,8,0.009851156737938,0.3283718912646013,2.128329482670632,0.75,2,0.25,6,0,0.0011060214570858,-9.074402608693774e-06,0.0040518962075848,7.433333333333334,950,-0.0048827732906193,0.014733930028557302,162,-0.0090588224155594,0.018909979153497403
compression_expansion:SOLUSDT:15:1:0.02:0.025,compression_expansion,SOLUSDT,15,1,0.02,0.025,selection,1,8,8,-0.0062830982723527,-0.3141549136176363,0.5659106075689204,0.375,5,0.625,3,0,0.001097185782967,6.915424762747068e-05,0.0019917582417581,8.633333333333333,1605,-0.0031963503751076,-0.0030867478972451,223,-0.0052865126762606,-0.0009965855960921005
compression_expansion:SOLUSDT:15:1:0.02:0.025,compression_expansion,SOLUSDT,15,1,0.02,0.025,selection,2,8,8,-0.008269718652071,-0.4134859326035501,0.4730916476252224,0.375,5,0.625,3,0,0.001096092502495,6.908523141227359e-05,0.0039795409181636,8.633333333333333,1605,-0.0051891530590036,-0.0030805655930674003,223,-0.0072752095333232,-0.0009945091187478
compression_expansion:SOLUSDT:15:1:0.03:0.03,compression_expansion,SOLUSDT,15,1,0.03,0.03,selection,1,8,8,-0.003160013686952,-0.1053337895650692,0.8091797239393718,0.5,4,0.5,4,0,0.001098901098901,6.311059004904932e-05,0.0019980019980019,9.3,950,-0.002889298095797,-0.0002707155911550003,162,-0.0070735681588982,0.0039135544719462
compression_expansion:SOLUSDT:15:1:0.03:0.03,compression_expansion,SOLUSDT,15,1,0.03,0.03,selection,2,8,8,-0.0051528679647097,-0.1717622654903239,0.7059984911557654,0.5,4,0.5,4,0,0.0010978043912175,6.304760542824188e-05,0.0039920159680639,9.3,950,-0.0048827732906193,-0.00027009467409040006,162,-0.0090588224155594,0.0039059544508497
learned_leaf:SOLUSDT:15:1:0.02:0.025,learned_leaf,SOLUSDT,15,1,0.02,0.025,selection,1,143,143,-0.0039093562303096,-0.1954678115154809,0.7043389778102638,0.4265734265734265,82,0.5734265734265734,61,0,0.0010984596749404,1.030553799501447e-05,0.0019963952131783,5.366666666666666,1605,-0.0031963503751076,-0.0007130058552019996,223,-0.0052865126762606,0.0013771564459510001
learned_leaf:SOLUSDT:15:1:0.02:0.025,learned_leaf,SOLUSDT,15,1,0.02,0.025,selection,2,143,143,-0.0059006605120195,-0.2950330256009758,0.5885849763190131,0.4265734265734265,82,0.5734265734265734,61,0,0.0010973638492246,1.0295253026955573e-05,0.003988805605572,5.366666666666666,1605,-0.0051891530590036,-0.0007115074530159001,223,-0.0072752095333232,0.0013745490213037002
learned_leaf:SOLUSDT:15:1:0.03:0.03,learned_leaf,SOLUSDT,15,1,0.03,0.03,selection,1,99,99,-0.0004069954814626,-0.0135665160487564,0.9728884702839492,0.5454545454545454,45,0.4545454545454545,54,0,0.0011003981018981,3.0419012477255348e-05,0.00200345109436,9.066666666666666,950,-0.002889298095797,0.0024823026143344,162,-0.0070735681588982,0.0066665726774356
learned_leaf:SOLUSDT:15:1:0.03:0.03,learned_leaf,SOLUSDT,15,1,0.03,0.03,selection,2,99,99,-0.0024053176144426,-0.0801772538147559,0.8486325739369218,0.5454545454545454,45,0.4545454545454545,54,0,0.0010992984031936,3.038865418136986e-05,0.0040029032843404,9.066666666666666,950,-0.0048827732906193,0.0024774556761767005,162,-0.0090588224155594,0.006653504801116801
clock_control:SOLUSDT:15:1:0.02:0.025,clock_control,SOLUSDT,15,1,0.02,0.025,selection,1,1606,1605,-0.0031963503751076,-0.159817518755382,0.7513498297493179,0.4442367601246106,892,0.5557632398753894,713,1,0.0010988926629421,8.411760702383863e-05,0.0019979712910806,2.6166666666666667,1605,-0.0031963503751076,0.0,223,-0.0052865126762606,0.0020901623011529997
clock_control:SOLUSDT:15:1:0.02:0.025,clock_control,SOLUSDT,15,1,0.02,0.025,selection,2,1606,1605,-0.0051891530590036,-0.2594576529501819,0.6277709755675022,0.4442367601246106,892,0.5557632398753894,713,1,0.0010977959721137,8.403365731622998e-05,0.0039919546155127,2.6166666666666667,1605,-0.0051891530590036,0.0,223,-0.0072752095333232,0.0020860564743196003
clock_control:SOLUSDT:15:1:0.03:0.03,clock_control,SOLUSDT,15,1,0.03,0.03,selection,1,951,950,-0.002889298095797,-0.0963099365265691,0.8237615634242207,0.5063157894736842,469,0.4936842105263158,481,1,0.0010990941126764,0.0001431361220438,0.0019987045688465,4.966666666666667,950,-0.002889298095797,0.0,162,-0.0070735681588982,0.0041842700631012
clock_control:SOLUSDT:15:1:0.03:0.03,clock_control,SOLUSDT,15,1,0.03,0.03,selection,2,951,950,-0.0048827732906193,-0.162759109687311,0.7185651843664154,0.5063157894736842,469,0.4936842105263158,481,1,0.0010979970193501,0.0001429932716226,0.0039934197074162,4.966666666666667,950,-0.0048827732906193,0.0,162,-0.0090588224155594,0.0041760491249401
legacy_zone:SOLUSDT:15:1:0.02:0.025,legacy_zone,SOLUSDT,15,1,0.02,0.025,selection,1,223,223,-0.0052865126762606,-0.2643256338130314,0.6209206506594029,0.3991031390134529,134,0.600896860986547,89,0,0.0010977811437441,0.0001544474309678,0.0019939253571539,3.966666666666667,1605,-0.0031963503751076,-0.0020901623011529997,223,-0.0052865126762606,0.0
legacy_zone:SOLUSDT:15:1:0.02:0.025,legacy_zone,SOLUSDT,15,1,0.02,0.025,selection,2,223,223,-0.0072752095333232,-0.3637604766661634,0.5188083697057285,0.3991031390134529,134,0.600896860986547,89,0,0.0010966866737377,0.0001542932918152,0.0039838708233756,3.966666666666667,1605,-0.0051891530590036,-0.0020860564743196003,223,-0.0072752095333232,0.0
legacy_zone:SOLUSDT:15:1:0.03:0.03,legacy_zone,SOLUSDT,15,1,0.03,0.03,selection,1,162,162,-0.0070735681588982,-0.2357856052966078,0.6223132460285137,0.4382716049382716,91,0.5617283950617284,71,0,0.0010968681318681,0.0002823943327245,0.0019906019906018,7.958333333333333,950,-0.002889298095797,-0.0041842700631012,162,-0.0070735681588982,0.0
legacy_zone:SOLUSDT:15:1:0.03:0.03,legacy_zone,SOLUSDT,15,1,0.03,0.03,selection,2,162,162,-0.0090588224155594,-0.3019607471853155,0.5428156993477589,0.4382716049382716,91,0.5617283950617284,71,0,0.0010957754860649,0.0002821125020531,0.0039772307237377,7.958333333333333,950,-0.0048827732906193,-0.0041760491249401,162,-0.0090588224155594,0.0
trend_pullback:SOLUSDT:15:-1:0.02:0.025,trend_pullback,SOLUSDT,15,-1,0.02,0.025,selection,1,37,37,0.0025287881261586,0.1264394063079338,1.2534781816030962,0.5675675675675675,16,0.4324324324324324,21,0,0.0010980477031085,-7.720511747421341e-05,0.0019909098287475,4.066666666666666,1649,-0.0027628022683662,0.0052915903945248005,133,-0.0031177905099501,0.0056465786361087
trend_pullback:SOLUSDT:15:-1:0.02:0.025,trend_pullback,SOLUSDT,15,-1,0.02,0.025,selection,2,37,37,0.0005328686631966,0.0266434331598323,1.0490597805830446,0.5675675675675675,16,0.4324324324324324,21,0,0.0010991448979039,-7.728247731136194e-05,0.0039858094567513,4.066666666666666,1649,-0.004769318902454,0.0053021875656506,133,-0.0051249602546112,0.0056578289178077995
trend_pullback:SOLUSDT:15:-1:0.03:0.03,trend_pullback,SOLUSDT,15,-1,0.03,0.03,selection,1,34,34,0.0023323622713105,0.0777454090436862,1.1714242795833718,0.5882352941176471,14,0.4117647058823529,20,0,0.0010981835070364,-0.0001278312991618,0.0019914031678736,8.483333333333333,950,-0.0033122148947957,0.0056445771661061996,102,-0.0007067207391816,0.0030390830104921
trend_pullback:SOLUSDT:15:-1:0.03:0.03,trend_pullback,SOLUSDT,15,-1,0.03,0.03,selection,2,34,34,0.0003359989363236,0.0111999645441207,1.023241287650807,0.5882352941176471,14,0.4117647058823529,20,0,0.0010992809737121,-0.000127959386636,0.003986797123659,8.483333333333333,950,-0.0053198942986062,0.0056558932349298,102,-0.0027090779390265,0.0030450768753501
shock_reversal:SOLUSDT:15:-1:0.02:0.025,shock_reversal,SOLUSDT,15,-1,0.02,0.025,selection,1,39,39,-0.0034149878238515,-0.1707493911925787,0.7377957158178552,0.4358974358974359,22,0.5641025641025641,17,0,0.001101313063063,-7.371262659875448e-05,0.0020027720027718,4.4,1649,-0.0027628022683662,-0.0006521855554853001,133,-0.0031177905099501,-0.0002971973139014
shock_reversal:SOLUSDT:15:-1:0.02:0.025,shock_reversal,SOLUSDT,15,-1,0.02,0.025,selection,2,39,39,-0.0054228032694899,-0.2711401634744956,0.6175462200816131,0.4358974358974359,22,0.5641025641025641,17,0,0.0011024167951287,-7.37864869460478e-05,0.0040095575766918,4.4,1649,-0.004769318902454,-0.0006534843670359001,133,-0.0051249602546112,-0.0002978430148787006
shock_reversal:SOLUSDT:15:-1:0.03:0.03,shock_reversal,SOLUSDT,15,-1,0.03,0.03,selection,1,36,36,-0.0045874840784669,-0.1529161359488986,0.7362848357785162,0.4722222222222222,19,0.5277777777777778,17,0,0.0011020196029362,-0.0001865408631412,0.0020053386720052,6.516666666666667,950,-0.0033122148947957,-0.0012752691836711997,102,-0.0007067207391816,-0.0038807633392852997
shock_reversal:SOLUSDT:15:-1:0.03:0.03,shock_reversal,SOLUSDT,15,-1,0.03,0.03,selection,2,36,36,-0.0065977596971161,-0.2199253232372059,0.6431053953821992,0.4722222222222222,19,0.5277777777777778,17,0,0.0011031247494989,-0.0001867277778337,0.0040146960587842,6.516666666666667,950,-0.0053198942986062,-0.0012778653985099,102,-0.0027090779390265,-0.0038886817580896
funding_squeeze:SOLUSDT:15:-1:0.02:0.025,funding_squeeze,SOLUSDT,15,-1,0.02,0.025,selection,1,37,37,-0.0071890761817939,-0.3594538090896991,0.519360693576208,0.3513513513513513,24,0.6486486486486487,13,0,0.0011034097678759,-0.0001139115424165,0.0020103887671453,5.516666666666667,1649,-0.0027628022683662,-0.0044262739134277,133,-0.0031177905099501,-0.0040712856718438
funding_squeeze:SOLUSDT:15:-1:0.02:0.025,funding_squeeze,SOLUSDT,15,-1,0.02,0.025,selection,2,37,37,-0.0092044875740035,-0.4602243787001795,0.4347947021419204,0.3513513513513513,24,0.6486486486486487,13,0,0.0011045176975572,-0.0001140256822386,0.0040248063694957,5.516666666666667,1649,-0.004769318902454,-0.0044351686715495,133,-0.0051249602546112,-0.0040795273193923
funding_squeeze:SOLUSDT:15:-1:0.03:0.03,funding_squeeze,SOLUSDT,15,-1,0.03,0.03,selection,1,28,28,-0.0113879748824513,-0.3795991627483788,0.4616396346122796,0.3571428571428571,18,0.6428571428571429,10,0,0.0011058248248248,-0.0003084405329639,0.0020191620191619,12.975,950,-0.0033122148947957,-0.0080757599876556,102,-0.0007067207391816,-0.0106812541432697
funding_squeeze:SOLUSDT:15:-1:0.03:0.03,funding_squeeze,SOLUSDT,15,-1,0.03,0.03,selection,2,28,28,-0.0134119870244751,-0.4470662341491709,0.4034315706306779,0.3571428571428571,18,0.6428571428571429,10,0,0.0011069375894646,-0.0003087495916142,0.0040423704551961,12.975,950,-0.0053198942986062,-0.008092092725868898,102,-0.0027090779390265,-0.0107029090854486
compression_expansion:SOLUSDT:15:-1:0.02:0.025,compression_expansion,SOLUSDT,15,-1,0.02,0.025,selection,1,10,10,-0.0003448011213095,-0.0172400560654784,0.9696903832350648,0.5,5,0.5,5,0,0.0010997233483483,-0.0002519192240356,0.0019969969969968,7.391666666666667,1649,-0.0027628022683662,0.0024180011470567,133,-0.0031177905099501,0.0027729893886406
compression_expansion:SOLUSDT:15:-1:0.02:0.025,compression_expansion,SOLUSDT,15,-1,0.02,0.025,selection,2,10,10,-0.0023466482416717,-0.1173324120835873,0.8107449054660741,0.5,5,0.5,5,0,0.0011008238977955,-0.0002521716481078,0.0039979959919839,7.391666666666667,1649,-0.004769318902454,0.0024226706607823004,133,-0.0051249602546112,0.0027783120129395
compression_expansion:SOLUSDT:15:-1:0.03:0.03,compression_expansion,SOLUSDT,15,-1,0.03,0.03,selection,1,10,10,-0.0088464484646378,-0.2948816154879292,0.5508484803403919,0.4,6,0.6,4,0,0.0011044077077077,-0.0002719732570837,0.0020140140140138,10.641666666666667,950,-0.0033122148947957,-0.0055342335698421,102,-0.0007067207391816,-0.0081397277254562
compression_expansion:SOLUSDT:15:-1:0.03:0.03,compression_expansion,SOLUSDT,15,-1,0.03,0.03,selection,2,10,10,-0.0108653359881496,-0.362177866271656,0.481023814124521,0.4,6,0.6,4,0,0.0011055176352705,-0.0002722457753774,0.0040320641282565,10.641666666666667,950,-0.0053198942986062,-0.005545441689543401,102,-0.0027090779390265,-0.008156258049123101
learned_leaf:SOLUSDT:15:-1:0.02:0.025,learned_leaf,SOLUSDT,15,-1,0.02,0.025,selection,1,885,884,-0.0020873637763374,-0.1043681888168737,0.8308851583887257,0.4649321266968326,473,0.5350678733031674,411,1,0.0011005825982003,-7.248827711755856e-05,0.0020001184204899,2.8666666666666667,1649,-0.0027628022683662,0.0006754384920288001,133,-0.0031177905099501,0.0010304267336127002
learned_leaf:SOLUSDT:15:-1:0.02:0.025,learned_leaf,SOLUSDT,15,-1,0.02,0.025,selection,2,885,884,-0.0040925200863016,-0.2046260043150847,0.695429721831119,0.4649321266968326,473,0.5350678733031674,411,1,0.001101684867871,-7.256091066176453e-05,0.0040042450943277,2.8666666666666667,1649,-0.004769318902454,0.0006767988161524002,133,-0.0051249602546112,0.0010324401683095997
learned_leaf:SOLUSDT:15:-1:0.03:0.03,learned_leaf,SOLUSDT,15,-1,0.03,0.03,selection,1,521,520,-0.0013386414730773,-0.044621382435913,0.9142727158147316,0.5269230769230769,246,0.473076923076923,274,1,0.0011002023278581,-0.0001294296877264,0.0019987370006651,5.533333333333333,950,-0.0033122148947957,0.0019735734217184,102,-0.0007067207391816,-0.0006319207338957
learned_leaf:SOLUSDT:15:-1:0.03:0.03,learned_leaf,SOLUSDT,15,-1,0.03,0.03,selection,2,521,520,-0.0033423557780152,-0.1114118592671748,0.7985463962203653,0.5269230769230769,246,0.473076923076923,274,1,0.0011013038362252,-0.0001295593767923,0.0040014794863017,5.533333333333333,950,-0.0053198942986062,0.001977538520591,102,-0.0027090779390265,-0.0006332778389886999
clock_control:SOLUSDT:15:-1:0.02:0.025,clock_control,SOLUSDT,15,-1,0.02,0.025,selection,1,1650,1649,-0.0027628022683662,-0.1381401134183117,0.7822867234356883,0.4499696785930867,907,0.5500303214069133,742,1,0.0011009583334194,-8.05804640427347e-05,0.0020014833654324,2.566666666666667,1649,-0.0027628022683662,0.0,133,-0.0031177905099501,0.0003549882415839001
clock_control:SOLUSDT:15:-1:0.02:0.025,clock_control,SOLUSDT,15,-1,0.02,0.025,selection,2,1650,1649,-0.004769318902454,-0.2384659451227009,0.6547831778471506,0.4499696785930867,907,0.5500303214069133,742,1,0.0011020613553142,-8.066120599067332e-05,0.0040069777195733,2.566666666666667,1649,-0.004769318902454,0.0,133,-0.0051249602546112,0.0003556413521571995
clock_control:SOLUSDT:15:-1:0.03:0.03,clock_control,SOLUSDT,15,-1,0.03,0.03,selection,1,951,950,-0.0033122148947957,-0.1104071631598598,0.8018782256096665,0.4936842105263158,481,0.5063157894736842,469,1,0.0011012948884779,-0.0001434226808467,0.0020027059793948,4.966666666666667,950,-0.0033122148947957,0.0,102,-0.0007067207391816,-0.0026054941556141
clock_control:SOLUSDT:15:-1:0.03:0.03,clock_control,SOLUSDT,15,-1,0.03,0.03,selection,2,951,950,-0.0053198942986062,-0.1773298099535428,0.7005176792498726,0.4936842105263158,481,0.5063157894736842,469,1,0.0011023985841579,-0.0001435663909477,0.0040094253976263,4.966666666666667,950,-0.0053198942986062,0.0,102,-0.0027090779390265,-0.0026108163595797
legacy_zone:SOLUSDT:15:-1:0.02:0.025,legacy_zone,SOLUSDT,15,-1,0.02,0.025,selection,1,133,133,-0.0031177905099501,-0.1558895254975094,0.757698705227678,0.4436090225563909,74,0.556390977443609,59,0,0.0011011218191876,-2.300255943486599e-05,0.002002077265235,4.65,1649,-0.0027628022683662,-0.0003549882415839001,133,-0.0031177905099501,0.0
legacy_zone:SOLUSDT:15:-1:0.02:0.025,legacy_zone,SOLUSDT,15,-1,0.02,0.025,selection,2,133,133,-0.0051249602546112,-0.2562480127305615,0.6341005893948843,0.4436090225563909,74,0.556390977443609,59,0,0.0011022251683818,-2.302560809161435e-05,0.0040081667093585,4.65,1649,-0.004769318902454,-0.0003556413521571995,133,-0.0051249602546112,0.0
legacy_zone:SOLUSDT:15:-1:0.03:0.03,legacy_zone,SOLUSDT,15,-1,0.03,0.03,selection,1,102,102,-0.0007067207391816,-0.0235573579727231,0.9537327390922816,0.5392156862745098,47,0.4607843137254901,55,0,0.0010998043926279,-3.743388603165228e-05,0.001997291409056,7.058333333333334,950,-0.0033122148947957,0.0026054941556141,102,-0.0007067207391816,0.0
legacy_zone:SOLUSDT:15:-1:0.03:0.03,legacy_zone,SOLUSDT,15,-1,0.03,0.03,selection,2,102,102,-0.0027090779390265,-0.0903025979675518,0.8330545831489121,0.5392156862745098,47,0.4607843137254901,55,0,0.0011009051043262,-3.7471394935491605e-05,0.0039985854061063,7.058333333333334,950,-0.0053198942986062,0.0026108163595797,102,-0.0027090779390265,0.0
trend_pullback:SOLUSDT:60:1:0.02:0.025,trend_pullback,SOLUSDT,60,1,0.02,0.025,selection,1,38,38,-0.0101444531683405,-0.5072226584170262,0.3831109841567193,0.2894736842105263,27,0.7105263157894737,11,0,0.0010950732359745,9.162715882382278e-05,0.0019840685630157,4.116666666666666,1384,-0.0036704263201955,-0.006474026848145001,174,-0.0066972468115351,-0.0034472063568054007
trend_pullback:SOLUSDT:60:1:0.02:0.025,trend_pullback,SOLUSDT,60,1,0.02,0.025,selection,2,38,38,-0.0121233810108031,-0.606169050540159,0.320139716444192,0.2894736842105263,27,0.7105263157894737,11,0,0.001093984176384,9.153571455353952e-05,0.0039641769093392,4.116666666666666,1384,-0.0056622811250172,-0.006461099885785901,174,-0.008683131416204,-0.0034402495945991002
trend_pullback:SOLUSDT:60:1:0.03:0.03,trend_pullback,SOLUSDT,60,1,0.03,0.03,selection,1,36,36,-0.0082521914244684,-0.2750730474822821,0.5733489279009133,0.4166666666666667,21,0.5833333333333334,15,0,0.0010961565934065,0.00016802284305,0.0019880119880118,7.116666666666666,855,-0.0033460727213795,-0.004906118703088901,142,-0.0088392848214758,0.0005870933970073995
trend_pullback:SOLUSDT:60:1:0.03:0.03,trend_pullback,SOLUSDT,60,1,0.03,0.03,selection,2,36,36,-0.0102349764130669,-0.3411658804355648,0.4999855177427227,0.4166666666666667,21,0.5833333333333334,15,0,0.0010950653692614,0.0001678551555819,0.0039720558882235,7.116666666666666,855,-0.0053386363162054,-0.0048963400968615,142,-0.0108209921853071,0.0005860157722401994
shock_reversal:SOLUSDT:60:1:0.02:0.025,shock_reversal,SOLUSDT,60,1,0.02,0.025,selection,1,9,9,0.0017556615199613,0.0877830759980659,1.1700964217453085,0.5555555555555556,4,0.4444444444444444,5,0,0.0011016456043956,0.0001347008676511,0.0020079920079918,2.5,1384,-0.0036704263201955,0.0054260878401568,174,-0.0066972468115351,0.0084529083314964
shock_reversal:SOLUSDT:60:1:0.02:0.025,shock_reversal,SOLUSDT,60,1,0.02,0.025,selection,2,9,9,-0.0002470858967254,-0.0123542948362704,0.9779180847865856,0.5555555555555556,4,0.4444444444444444,5,0,0.0011005434131736,0.0001345664356475,0.0040119760479041,2.5,1384,-0.0056622811250172,0.0054151952282918,174,-0.008683131416204,0.0084360455194786
shock_reversal:SOLUSDT:60:1:0.03:0.03,shock_reversal,SOLUSDT,60,1,0.03,0.03,selection,1,9,9,-0.0132543882579012,-0.4418129419300416,0.4010529107807559,0.3333333333333333,6,0.6666666666666666,3,0,0.001093412087912,0.0001829541919672,0.0019780219780218,6.433333333333334,855,-0.0033460727213795,-0.0099083155365217,142,-0.0088392848214758,-0.004415103436425399
shock_reversal:SOLUSDT:60:1:0.03:0.03,shock_reversal,SOLUSDT,60,1,0.03,0.03,selection,2,9,9,-0.015227193758642,-0.5075731252880668,0.3497686981490451,0.3333333333333333,6,0.6666666666666666,3,0,0.0010923263473053,0.0001827716029533,0.0039520958083832,6.433333333333334,855,-0.0053386363162054,-0.0098885574424366,142,-0.0108209921853071,-0.004406201573334901
funding_squeeze:SOLUSDT:60:1:0.02:0.025,funding_squeeze,SOLUSDT,60,1,0.02,0.025,selection,1,8,8,-0.0006055031670037,-0.0302751583501863,0.9475024851794076,0.5,4,0.5,4,0,0.0011002733516483,2.2328123583652027e-06,0.0020029970029969,6.275,1384,-0.0036704263201955,0.0030649231531918,174,-0.0066972468115351,0.0060917436445314
funding_squeeze:SOLUSDT:60:1:0.02:0.025,funding_squeeze,SOLUSDT,60,1,0.02,0.025,selection,2,8,8,-0.0026034004941824,-0.1301700247091216,0.7919020661803321,0.5,4,0.5,4,0,0.0010991739021956,2.230584002718137e-06,0.004001996007984,6.275,1384,-0.0056622811250172,0.0030588806308347997,174,-0.008683131416204,0.0060797309220216
funding_squeeze:SOLUSDT:60:1:0.03:0.03,funding_squeeze,SOLUSDT,60,1,0.03,0.03,selection,1,7,7,0.0097535479833464,0.3251182661115495,2.0322745596086027,0.7142857142857143,2,0.2857142857142857,5,0,0.0011059583987441,-2.60541200667839e-05,0.002023690595119,7.6,855,-0.0033460727213795,0.0130996207047259,142,-0.0088392848214758,0.0185928328048222
funding_squeeze:SOLUSDT:60:1:0.03:0.03,funding_squeeze,SOLUSDT,60,1,0.03,0.03,selection,2,7,7,0.0077349814969073,0.2578327165635781,1.7734279792709844,0.7142857142857143,2,0.2857142857142857,5,0,0.0011048475905332,-2.602811795094878e-05,0.0040433418876532,7.6,855,-0.0053386363162054,0.013073617813112701,142,-0.0108209921853071,0.0185559736822144
compression_expansion:SOLUSDT:60:1:0.02:0.025,compression_expansion,SOLUSDT,60,1,0.02,0.025,selection,1,10,10,0.0037076031840608,0.1853801592030415,1.3999059958896964,0.6,4,0.4,6,0,0.0011027434065934,0.0001776653973577,0.0020119880119879,7.408333333333333,1384,-0.0036704263201955,0.007378029504256299,174,-0.0066972468115351,0.0104048499955959
compression_expansion:SOLUSDT:60:1:0.02:0.025,compression_expansion,SOLUSDT,60,1,0.02,0.025,selection,2,10,10,0.0017009128116215,0.0850456405810759,1.1692053615543825,0.6,4,0.4,6,0,0.001101639021956,0.0001774880865819,0.0040199600798403,7.408333333333333,1384,-0.0056622811250172,0.007363193936638699,174,-0.008683131416204,0.0103840442278255
compression_expansion:SOLUSDT:60:1:0.03:0.03,compression_expansion,SOLUSDT,60,1,0.03,0.03,selection,1,10,10,0.0025841447372312,0.0861381579077087,1.1933282535476677,0.6,4,0.4,6,0,0.0011021945054945,0.0003036707472843,0.0020099900099899,14.041666666666666,855,-0.0033460727213795,0.0059302174586106995,142,-0.0088392848214758,0.011423429558707
compression_expansion:SOLUSDT:60:1:0.03:0.03,compression_expansion,SOLUSDT,60,1,0.03,0.03,selection,2,10,10,0.0005795730358965,0.0193191011965522,1.0409890301667617,0.6,4,0.4,6,0,0.0011010912175648,0.0003033676826662,0.0040159680638723,14.041666666666666,855,-0.0053386363162054,0.0059182093521019,142,-0.0108209921853071,0.011400565221203598
learned_leaf:SOLUSDT:60:1:0.02:0.025,learned_leaf,SOLUSDT,60,1,0.02,0.025,selection,1,127,127,-0.0015086224676509,-0.0754311233825454,0.8740993278978272,0.4803149606299212,66,0.5196850393700787,61,0,0.0010997871203599,2.178145630011474e-05,0.0020012271193372,6.516666666666667,1384,-0.0036704263201955,0.0021618038525446,174,-0.0066972468115351,0.0051886243438842
learned_leaf:SOLUSDT:60:1:0.02:0.025,learned_leaf,SOLUSDT,60,1,0.02,0.025,selection,2,127,127,-0.0035047349057402,-0.175236745287014,0.7303554303527885,0.4803149606299212,66,0.5196850393700787,61,0,0.0010986886424002,2.1759718319775307e-05,0.0039984597733666,6.516666666666667,1384,-0.0056622811250172,0.0021575462192769995,174,-0.008683131416204,0.0051783965104638
learned_leaf:SOLUSDT:60:1:0.03:0.03,learned_leaf,SOLUSDT,60,1,0.03,0.03,selection,1,87,87,-0.0020955598659343,-0.0698519955311449,0.8686082997390422,0.5172413793103449,42,0.4827586206896552,45,0,0.0010994689276241,3.0504800310431026e-05,0.0020000688966205,11.516666666666667,855,-0.0033460727213795,0.0012505128554452,142,-0.0088392848214758,0.0067437249555415
learned_leaf:SOLUSDT:60:1:0.03:0.03,learned_leaf,SOLUSDT,60,1,0.03,0.03,selection,2,87,87,-0.0040905083229476,-0.1363502774315872,0.7577025801264472,0.5172413793103449,42,0.4827586206896552,45,0,0.0010983710854153,3.047435639794556e-05,0.0039961456397549,11.516666666666667,855,-0.0053386363162054,0.0012481279932578006,142,-0.0108209921853071,0.0067304838623594996
clock_control:SOLUSDT:60:1:0.02:0.025,clock_control,SOLUSDT,60,1,0.02,0.025,selection,1,1384,1384,-0.0036704263201955,-0.1835213160097761,0.7199120847779752,0.4335260115606936,784,0.5664739884393064,600,0,0.0010986314076097,8.344511209732369e-05,0.0019970203207196,3.2916666666666665,1384,-0.0036704263201955,0.0,174,-0.0066972468115351,0.0030268204913396
clock_control:SOLUSDT:60:1:0.02:0.025,clock_control,SOLUSDT,60,1,0.02,0.025,selection,2,1384,1384,-0.0056622811250172,-0.2831140562508621,0.601552490982945,0.4335260115606936,784,0.5664739884393064,600,0,0.001097535238771,8.336183354233635e-05,0.003990054572935,3.2916666666666665,1384,-0.0056622811250172,0.0,174,-0.008683131416204,0.0030208502911868006
clock_control:SOLUSDT:60:1:0.03:0.03,clock_control,SOLUSDT,60,1,0.03,0.03,selection,1,855,855,-0.0033460727213795,-0.1115357573793181,0.7989953487834158,0.4982456140350877,429,0.5017543859649123,426,0,0.001098843319838,0.0001441745616446,0.001997791682002,5.333333333333333,855,-0.0033460727213795,0.0,142,-0.0088392848214758,0.0054932121000963
clock_control:SOLUSDT:60:1:0.03:0.03,clock_control,SOLUSDT,60,1,0.03,0.03,selection,2,855,855,-0.0053386363162054,-0.1779545438735157,0.6969545740664704,0.4982456140350877,429,0.5017543859649123,426,0,0.0010977467275974,0.0001440306748565,0.0039915957558567,5.333333333333333,855,-0.0053386363162054,0.0,142,-0.0108209921853071,0.005482355869101699
legacy_zone:SOLUSDT:60:1:0.02:0.025,legacy_zone,SOLUSDT,60,1,0.02,0.025,selection,1,174,174,-0.0066972468115351,-0.334862340576756,0.5434051355189133,0.367816091954023,110,0.632183908045977,64,0,0.001097008336491,0.0001608502770351,0.0019911123359398,4.416666666666667,1384,-0.0036704263201955,-0.0030268204913396,174,-0.0066972468115351,0.0
legacy_zone:SOLUSDT:60:1:0.02:0.025,legacy_zone,SOLUSDT,60,1,0.02,0.025,selection,2,174,174,-0.008683131416204,-0.4341565708102,0.4539736724915285,0.367816091954023,110,0.632183908045977,64,0,0.0010959154105581,0.0001606897478165,0.0039782503957601,4.416666666666667,1384,-0.0056622811250172,-0.0030208502911868006,174,-0.008683131416204,0.0
legacy_zone:SOLUSDT:60:1:0.03:0.03,legacy_zone,SOLUSDT,60,1,0.03,0.03,selection,1,142,142,-0.0088392848214758,-0.2946428273825299,0.5510783231717542,0.4084507042253521,84,0.5915492957746479,58,0,0.0010958860083578,0.0002634140091896,0.0019870270574494,8.65,855,-0.0033460727213795,-0.0054932121000963,142,-0.0088392848214758,0.0
legacy_zone:SOLUSDT:60:1:0.03:0.03,legacy_zone,SOLUSDT,60,1,0.03,0.03,selection,2,142,142,-0.0108209921853071,-0.3606997395102386,0.4805946092369379,0.4084507042253521,84,0.5915492957746479,58,0,0.0010947953248432,0.0002631511209569,0.003970087993028,8.65,855,-0.0053386363162054,-0.005482355869101699,142,-0.0108209921853071,0.0
trend_pullback:SOLUSDT:60:-1:0.02:0.025,trend_pullback,SOLUSDT,60,-1,0.02,0.025,selection,1,38,38,-0.0064879101559148,-0.3243955077957436,0.5558018609481852,0.3684210526315789,24,0.631578947368421,14,0,0.0011029864469732,-4.497987885665368e-05,0.0020088509562192,4.366666666666666,1334,-0.0026017035475288,-0.0038862066083859997,108,-0.005596604642841,-0.0008913055130737998
trend_pullback:SOLUSDT:60:-1:0.02:0.025,trend_pullback,SOLUSDT,60,-1,0.02,0.025,selection,2,38,38,-0.008501848877725,-0.4250924438862516,0.4652548739344581,0.3684210526315789,24,0.631578947368421,14,0,0.0011040935291635,-4.502494887554813e-05,0.004021727665858,4.366666666666666,1334,-0.0046079019269434,-0.0038939469507816,108,-0.0076087268669321,-0.0008931220107929001
trend_pullback:SOLUSDT:60:-1:0.03:0.03,trend_pullback,SOLUSDT,60,-1,0.03,0.03,selection,1,37,37,-0.0037980740078675,-0.1266024669289181,0.7763643151931255,0.4864864864864865,19,0.5135135135135135,18,0,0.0011015479398317,-0.0001179099896433,0.0020036252468683,8.883333333333333,855,-0.0028538529877131,-0.0009442210201543997,90,-0.0050905478269838,0.0012924738191163
trend_pullback:SOLUSDT:60:-1:0.03:0.03,trend_pullback,SOLUSDT,60,-1,0.03,0.03,selection,2,37,37,-0.0058067005918001,-0.1935566863933371,0.6782074408104323,0.4864864864864865,19,0.5135135135135135,18,0,0.001102652142122,-0.0001180281359256,0.0040112657747928,8.883333333333333,855,-0.0048606150437603,-0.0009460855480398003,90,-0.007101661702562,0.0012949611107619004
shock_reversal:SOLUSDT:60:-1:0.02:0.025,shock_reversal,SOLUSDT,60,-1,0.02,0.025,selection,1,12,12,-0.0118409142617317,-0.5920457130865873,0.3167821189676969,0.25,9,0.75,3,0,0.0011059232357357,-3.4528493523347635e-05,0.0020195195195193,2.191666666666667,1334,-0.0026017035475288,-0.0092392107142029,108,-0.005596604642841,-0.0062443096188907
shock_reversal:SOLUSDT:60:-1:0.02:0.025,shock_reversal,SOLUSDT,60,-1,0.02,0.025,selection,2,12,12,-0.0138655592785272,-0.6932779639263645,0.265070087055884,0.25,9,0.75,3,0,0.0011070361973947,-3.456309121224878e-05,0.0040430861723447,2.191666666666667,1334,-0.0046079019269434,-0.009257657351583801,108,-0.0076087268669321,-0.006256832411595101
shock_reversal:SOLUSDT:60:-1:0.03:0.03,shock_reversal,SOLUSDT,60,-1,0.03,0.03,selection,1,12,12,-0.007999490362789,-0.2666496787596351,0.5857069158400307,0.4166666666666667,7,0.5833333333333334,5,0,0.0011038566066066,-0.0001163782558294,0.0020120120120118,7.091666666666667,855,-0.0028538529877131,-0.0051456373750759,90,-0.0050905478269838,-0.0029089425358052
shock_reversal:SOLUSDT:60:-1:0.03:0.03,shock_reversal,SOLUSDT,60,-1,0.03,0.03,selection,2,12,12,-0.0100165266757779,-0.3338842225259321,0.5117383006750348,0.4166666666666667,7,0.5833333333333334,5,0,0.0011049654308617,-0.0001164948673082,0.0040280561122244,7.091666666666667,855,-0.0048606150437603,-0.005155911632017601,90,-0.007101661702562,-0.0029148649732159
funding_squeeze:SOLUSDT:60:-1:0.02:0.025,funding_squeeze,SOLUSDT,60,-1,0.02,0.025,selection,1,40,40,-0.0095469667302837,-0.4773483365141877,0.4092582583566521,0.3,28,0.7,12,0,0.0011046832582582,-7.273154298941822e-05,0.0020150150150149,4.016666666666667,1334,-0.0026017035475288,-0.0069452631827549,108,-0.005596604642841,-0.0039503620874427004
funding_squeeze:SOLUSDT:60:-1:0.02:0.025,funding_squeeze,SOLUSDT,60,-1,0.02,0.025,selection,2,40,40,-0.0115670574534605,-0.5783528726730255,0.3425573289418082,0.3,28,0.7,12,0,0.0011057937374749,-7.280442028700281e-05,0.0040340681362725,4.016666666666667,1334,-0.0046079019269434,-0.006959155526517101,108,-0.0076087268669321,-0.003958330586528401
funding_squeeze:SOLUSDT:60:-1:0.03:0.03,funding_squeeze,SOLUSDT,60,-1,0.03,0.03,selection,1,32,32,-0.0085094641409538,-0.2836488046984606,0.5657559131644776,0.40625,19,0.59375,13,0,0.0011042010447947,-0.0002330001671041,0.0020132632632631,12.116666666666667,855,-0.0028538529877131,-0.0056556111532407,90,-0.0050905478269838,-0.0034189163139700003
funding_squeeze:SOLUSDT:60:-1:0.03:0.03,funding_squeeze,SOLUSDT,60,-1,0.03,0.03,selection,2,32,32,-0.0105276380466562,-0.3509212682218763,0.494432616894219,0.40625,19,0.59375,13,0,0.0011053105586172,-0.0002332336342054,0.0040305611222444,12.116666666666667,855,-0.0048606150437603,-0.005667023002895901,90,-0.007101661702562,-0.0034259763440942
compression_expansion:SOLUSDT:60:-1:0.02:0.025,compression_expansion,SOLUSDT,60,-1,0.02,0.025,selection,1,4,4,0.0106652108735435,0.5332605436771762,2.8373326788308217,0.75,1,0.25,3,0,0.0010935234609609,1.6791191021118847e-05,0.0019744744744744,5.141666666666667,1334,-0.0026017035475288,0.0132669144210723,108,-0.005596604642841,0.0162618155163845
compression_expansion:SOLUSDT:60:-1:0.02:0.025,compression_expansion,SOLUSDT,60,-1,0.02,0.025,selection,2,4,4,0.0086856745743184,0.4342837287159218,2.3750648978561446,0.75,1,0.25,3,0,0.0010946115981963,1.6808015861821373e-05,0.0039529058116233,5.141666666666667,1334,-0.0046079019269434,0.013293576501261799,108,-0.0076087268669321,0.016294401441250498
compression_expansion:SOLUSDT:60:-1:0.03:0.03,compression_expansion,SOLUSDT,60,-1,0.03,0.03,selection,1,4,4,0.0119661165162289,0.3988705505409665,2.439773964250857,0.75,1,0.25,3,0,0.0010928345845845,-3.092307278550181e-05,0.0019719719719719,8.641666666666667,855,-0.0028538529877131,0.014819969503942002,90,-0.0050905478269838,0.0170566643432127
compression_expansion:SOLUSDT:60:-1:0.03:0.03,compression_expansion,SOLUSDT,60,-1,0.03,0.03,selection,2,4,4,0.0099891369235598,0.3329712307853274,2.1315344324309584,0.75,1,0.25,3,0,0.0010939213426853,-3.095405782837305e-05,0.0039478957915831,8.641666666666667,855,-0.0048606150437603,0.0148497519673201,90,-0.007101661702562,0.0170907986261218
learned_leaf:SOLUSDT:60:-1:0.02:0.025,learned_leaf,SOLUSDT,60,-1,0.02,0.025,selection,1,721,720,-0.0020711268418228,-0.1035563420911402,0.8320834256153047,0.4652777777777778,385,0.5347222222222222,335,1,0.0011005777596615,-7.99230297603009e-05,0.0020001008433803,3.5166666666666666,1334,-0.0026017035475288,0.0005305767057060002,108,-0.005596604642841,0.0035254778010182
learned_leaf:SOLUSDT:60:-1:0.02:0.025,learned_leaf,SOLUSDT,60,-1,0.02,0.025,selection,2,721,720,-0.004076258080114,-0.2038129040057029,0.6964230209448125,0.4652777777777778,385,0.5347222222222222,335,1,0.0011016800196453,-8.000311295645352e-05,0.0040042099048839,3.5166666666666666,1334,-0.0046079019269434,0.0005316438468294,108,-0.0076087268669321,0.0035324687868181
learned_leaf:SOLUSDT:60:-1:0.03:0.03,learned_leaf,SOLUSDT,60,-1,0.03,0.03,selection,1,473,472,-0.0016781455430088,-0.0559381847669616,0.893808931382314,0.5211864406779662,226,0.4788135593220339,246,1,0.0011003907488911,-0.0001326977351615,0.0019994214835748,6.133333333333334,855,-0.0028538529877131,0.0011757074447043,90,-0.0050905478269838,0.003412402283975
learned_leaf:SOLUSDT:60:-1:0.03:0.03,learned_leaf,SOLUSDT,60,-1,0.03,0.03,selection,2,473,472,-0.0036825428051891,-0.1227514268396373,0.7806809087435098,0.5211864406779662,226,0.4788135593220339,246,1,0.0011014926344782,-0.000132830698824,0.0040028498238304,6.133333333333334,855,-0.0048606150437603,0.0011780722385711997,90,-0.007101661702562,0.0034191188973729005
clock_control:SOLUSDT:60:-1:0.02:0.025,clock_control,SOLUSDT,60,-1,0.02,0.025,selection,1,1335,1334,-0.0026017035475288,-0.1300851773764418,0.7936221331005295,0.4535232383808096,729,0.5464767616191905,605,1,0.0011008721227979,-8.484638963974607e-05,0.0020011701854431,3.4833333333333334,1334,-0.0026017035475288,0.0,108,-0.005596604642841,0.0029949010953122
clock_control:SOLUSDT:60:-1:0.02:0.025,clock_control,SOLUSDT,60,-1,0.02,0.025,selection,2,1335,1334,-0.0046079019269434,-0.2303950963471716,0.6642549881609396,0.4535232383808096,729,0.5464767616191905,605,1,0.0011019749720984,-8.493140606223079e-05,0.0040063507319796,3.4833333333333334,1334,-0.0046079019269434,0.0,108,-0.0076087268669321,0.0030008249399886998
clock_control:SOLUSDT:60:-1:0.03:0.03,clock_control,SOLUSDT,60,-1,0.03,0.03,selection,1,855,855,-0.0028538529877131,-0.09512843292377,0.8266888221866519,0.5017543859649123,426,0.4982456140350877,429,0,0.0011010430904588,-0.0001437182098,0.002001791264949,5.333333333333333,855,-0.0028538529877131,0.0,90,-0.0050905478269838,0.0022366948392707
clock_control:SOLUSDT:60:-1:0.03:0.03,clock_control,SOLUSDT,60,-1,0.03,0.03,selection,2,855,855,-0.0048606150437603,-0.16202050145868,0.7221968282110544,0.5017543859649123,426,0.4982456140350877,429,0,0.0011021462820377,-0.0001438622160223,0.0040075941356397,5.333333333333333,855,-0.0048606150437603,0.0,90,-0.007101661702562,0.0022410466588017007
legacy_zone:SOLUSDT:60:-1:0.02:0.025,legacy_zone,SOLUSDT,60,-1,0.02,0.025,selection,1,108,108,-0.005596604642841,-0.2798302321420528,0.604239938635281,0.3888888888888889,66,0.6111111111111112,42,0,0.0011024788538538,-1.2881218019698944e-05,0.0020070070070068,4.166666666666667,1334,-0.0026017035475288,-0.0029949010953122,108,-0.005596604642841,0.0
legacy_zone:SOLUSDT:60:-1:0.02:0.025,legacy_zone,SOLUSDT,60,-1,0.02,0.025,selection,2,108,108,-0.0076087268669321,-0.3804363433466096,0.5056861900737039,0.3888888888888889,66,0.6111111111111112,42,0,0.0011035849198396,-1.2894125051782811e-05,0.0040180360721442,4.166666666666667,1334,-0.0046079019269434,-0.0030008249399886998,108,-0.0076087268669321,0.0
legacy_zone:SOLUSDT:60:-1:0.03:0.03,legacy_zone,SOLUSDT,60,-1,0.03,0.03,selection,1,90,90,-0.0050905478269838,-0.1696849275661278,0.7122036941121268,0.4666666666666667,48,0.5333333333333333,42,0,0.0011022033033033,-1.7661482325380874e-05,0.0020060060060059,6.7,855,-0.0028538529877131,-0.0022366948392707,90,-0.0050905478269838,0.0
legacy_zone:SOLUSDT:60:-1:0.03:0.03,legacy_zone,SOLUSDT,60,-1,0.03,0.03,selection,2,90,90,-0.007101661702562,-0.2367220567520694,0.6220629106557635,0.4666666666666667,48,0.5333333333333333,42,0,0.0011033088176352,-1.7679179201458405e-05,0.0040160320641282,6.7,855,-0.0048606150437603,-0.0022410466588017007,90,-0.007101661702562,0.0
trend_pullback:BTCUSDT:5:1:0.02:0.025,trend_pullback,BTCUSDT,5,1,0.02,0.025,evaluation,1,45,45,0.0006959863134795,0.0347993156739764,1.0639572448711114,0.5111111111111111,22,0.4888888888888889,23,0,0.0011010986256871,0.0002004163102086,0.0010024987506245,18.883333333333333,398,-0.0025566930177039,0.0032526793311834,61,-0.0002417581429819,0.0009377444564613999
trend_pullback:BTCUSDT:5:1:0.02:0.025,trend_pullback,BTCUSDT,5,1,0.02,0.025,evaluation,2,45,45,-0.0003048600083553,-0.0152430004177677,0.973164061133392,0.5111111111111111,22,0.4888888888888889,23,0,0.0011005478021978,0.0002003162021616,0.0020039960039958,18.883333333333333,398,-0.0035542521362547,0.0032493921278994,61,-0.0012417023074509,0.0009368422990955999
trend_pullback:BTCUSDT:5:1:0.03:0.03,trend_pullback,BTCUSDT,5,1,0.03,0.03,evaluation,1,36,35,-0.0034119635782944,-0.1137321192764807,0.7922586313570117,0.4857142857142857,18,0.5142857142857142,17,1,0.0010989018647943,0.0003164522487416,0.000998502641856,25.825,219,-0.0022665278610981,-0.0011454357171963,48,-0.001214438047196,-0.0021975255310984
trend_pullback:BTCUSDT:5:1:0.03:0.03,trend_pullback,BTCUSDT,5,1,0.03,0.03,evaluation,2,36,35,-0.0044087620191323,-0.1469587339710778,0.7396744104501481,0.4857142857142857,18,0.5142857142857142,17,1,0.0010983532369691,0.0003162941806853,0.0019960077785754,25.825,219,-0.0032644293329854,-0.0011443326861469002,48,-0.0022134564660036,-0.0021953055531287002
shock_reversal:BTCUSDT:5:1:0.02:0.025,shock_reversal,BTCUSDT,5,1,0.02,0.025,evaluation,1,108,107,-0.0009468197432,-0.0473409871600005,0.9188226483786576,0.4766355140186916,56,0.5233644859813084,51,1,0.0011001895740265,0.0001913102174853,0.0010008451025995,18.6,398,-0.0025566930177039,0.0016098732745039,61,-0.0002417581429819,-0.0007050616002181
shock_reversal:BTCUSDT:5:1:0.02:0.025,shock_reversal,BTCUSDT,5,1,0.02,0.025,evaluation,2,108,107,-0.0019460195261015,-0.0973009763050767,0.8402256259050844,0.4766355140186916,56,0.5233644859813084,51,1,0.001099639659135,0.0001912146579361,0.0020006903599417,18.6,398,-0.0035542521362547,0.0016082326101532001,61,-0.0012417023074509,-0.0007043172186506001
shock_reversal:BTCUSDT:5:1:0.03:0.03,shock_reversal,BTCUSDT,5,1,0.03,0.03,evaluation,1,90,89,-0.0028165068866487,-0.093883562888291,0.8273710321274925,0.4943820224719101,45,0.5056179775280899,44,1,0.0010992332326919,0.0003231512757629,0.0009991054303368,25.891666666666666,219,-0.0022665278610981,-0.0005499790255506002,48,-0.001214438047196,-0.0016020688394527002
shock_reversal:BTCUSDT:5:1:0.03:0.03,shock_reversal,BTCUSDT,5,1,0.03,0.03,evaluation,2,90,89,-0.0038139038364113,-0.1271301278803791,0.773121146786035,0.4943820224719101,45,0.5056179775280899,44,1,0.0010986842736643,0.0003229898615393,0.0019972127533508,25.891666666666666,219,-0.0032644293329854,-0.0005494745034259002,48,-0.0022134564660036,-0.0016004473704077002
funding_squeeze:BTCUSDT:5:1:0.02:0.025,funding_squeeze,BTCUSDT,5,1,0.02,0.025,evaluation,1,1,1,0.0228351412836607,1.1417570641830386,,1.0,0,0.0,1,0,0.0011131865317341,2.718442848337509e-05,0.0010244877561216,12.966666666666669,398,-0.0025566930177039,0.0253918343013646,61,-0.0002417581429819,0.023076899426642598
funding_squeeze:BTCUSDT:5:1:0.02:0.025,funding_squeeze,BTCUSDT,5,1,0.02,0.025,evaluation,2,1,1,0.0218122534758265,1.0906126737913289,,1.0,0,0.0,1,0,0.0011126236263736,2.717084984776901e-05,0.0020479520479519,12.966666666666669,398,-0.0035542521362547,0.0253665056120812,61,-0.0012417023074509,0.0230539557832774
funding_squeeze:BTCUSDT:5:1:0.03:0.03,funding_squeeze,BTCUSDT,5,1,0.03,0.03,evaluation,1,1,1,0.027827396531037,0.9275798843679028,,1.0,0,0.0,1,0,0.0011159337831084,2.718442848337509e-05,0.0010294852573711,13.433333333333334,219,-0.0022665278610981,0.0300939243921351,48,-0.001214438047196,0.029041834578233
funding_squeeze:BTCUSDT:5:1:0.03:0.03,funding_squeeze,BTCUSDT,5,1,0.03,0.03,evaluation,2,1,1,0.0267995189603422,0.8933172986780757,,1.0,0,0.0,1,0,0.0011153681318681,2.717084984776901e-05,0.0020579420579418,13.433333333333334,219,-0.0032644293329854,0.0300639482933276,48,-0.0022134564660036,0.0290129754263458
compression_expansion:BTCUSDT:5:1:0.02:0.025,compression_expansion,BTCUSDT,5,1,0.02,0.025,evaluation,1,40,40,7.998526788986493e-05,0.0039992633944932,1.007124858959379,0.5,20,0.5,20,0,0.0011008239005497,0.0003171918310607,0.0010019990004996,28.791666666666668,398,-0.0025566930177039,0.002636678285593765,61,-0.0002417581429819,0.00032174341087176493
compression_expansion:BTCUSDT:5:1:0.02:0.025,compression_expansion,BTCUSDT,5,1,0.02,0.025,evaluation,2,40,40,-0.0009203037482279,-0.0460151874113979,0.921443116391542,0.5,20,0.5,20,0,0.0011002733516483,0.0003170333935826,0.0020029970029969,28.791666666666668,398,-0.0035542521362547,0.0026339483880268,61,-0.0012417023074509,0.0003213985592229999
compression_expansion:BTCUSDT:5:1:0.03:0.03,compression_expansion,BTCUSDT,5,1,0.03,0.03,evaluation,1,38,38,-0.0041404804660572,-0.1380160155352412,0.7588949649840107,0.4736842105263157,20,0.5263157894736842,18,0,0.0010985827217969,0.0004650282842534,0.0009979220915856,58.94166666666667,219,-0.0022665278610981,-0.0018739526049591,48,-0.001214438047196,-0.0029260424188612003
compression_expansion:BTCUSDT:5:1:0.03:0.03,compression_expansion,BTCUSDT,5,1,0.03,0.03,evaluation,2,38,38,-0.0051366250417747,-0.1712208347258257,0.7095040756676738,0.4736842105263157,20,0.5263157894736842,18,0,0.0010980344129554,0.0004647960023932,0.001994847258005,58.94166666666667,219,-0.0032644293329854,-0.0018721957087893,48,-0.0022134564660036,-0.0029231685757711
learned_leaf:BTCUSDT:5:1:0.02:0.025,learned_leaf,BTCUSDT,5,1,0.02,0.025,evaluation,1,133,132,-0.0020665728974229,-0.1033286448711497,0.8300642463590799,0.4469696969696969,73,0.553030303030303,59,1,0.0010995121438995,8.004966179842501e-05,0.0009996127953058,16.383333333333333,398,-0.0025566930177039,0.0004901201202810001,61,-0.0002417581429819,-0.0018248147544409998
learned_leaf:BTCUSDT:5:1:0.02:0.025,learned_leaf,BTCUSDT,5,1,0.02,0.025,evaluation,2,133,132,-0.0030645978559021,-0.1532298927951062,0.7587916065112791,0.4469696969696969,73,0.553030303030303,59,1,0.0010989629060999,8.000967695237184e-05,0.0019982269764306,16.383333333333333,398,-0.0035542521362547,0.0004896542803526,61,-0.0012417023074509,-0.0018228955484512002
learned_leaf:BTCUSDT:5:1:0.03:0.03,learned_leaf,BTCUSDT,5,1,0.03,0.03,evaluation,1,93,92,-0.0029876785132566,-0.0995892837752201,0.8175526816297173,0.4891304347826087,47,0.5108695652173914,45,1,0.0010990468813873,0.000155688699734,0.0009987664402879,27.08333333333333,219,-0.0022665278610981,-0.0007211506521585002,48,-0.001214438047196,-0.0017732404660606002
learned_leaf:BTCUSDT:5:1:0.03:0.03,learned_leaf,BTCUSDT,5,1,0.03,0.03,evaluation,2,93,92,-0.0039848206455202,-0.1328273548506763,0.7638679195543299,0.4891304347826087,47,0.5108695652173914,45,1,0.0010984981086179,0.0001556109331507,0.0019965351119042,27.08333333333333,219,-0.0032644293329854,-0.0007203913125348,48,-0.0022134564660036,-0.0017713641795166
clock_control:BTCUSDT:5:1:0.02:0.025,clock_control,BTCUSDT,5,1,0.02,0.025,evaluation,1,399,398,-0.0025566930177039,-0.1278346508851987,0.7949390630564908,0.4371859296482412,224,0.5628140703517588,174,1,0.0010992688830758,0.0001281206361745,0.0009991702816422,11.25,398,-0.0025566930177039,0.0,61,-0.0002417581429819,-0.002314934874722
clock_control:BTCUSDT:5:1:0.02:0.025,clock_control,BTCUSDT,5,1,0.02,0.025,evaluation,2,399,398,-0.0035542521362547,-0.1777126068127389,0.7270050259916426,0.4371859296482412,224,0.5628140703517588,174,1,0.0010987198884156,0.0001280566398528,0.001997342391175,11.25,398,-0.0035542521362547,0.0,61,-0.0012417023074509,-0.0023125498288038004
clock_control:BTCUSDT:5:1:0.03:0.03,clock_control,BTCUSDT,5,1,0.03,0.03,evaluation,1,220,219,-0.0022665278610981,-0.0755509287032729,0.8591629238227085,0.502283105022831,109,0.4977168949771689,110,1,0.0010994861597348,0.0002327866737891,0.0009995655277361,19.3,219,-0.0022665278610981,0.0,48,-0.001214438047196,-0.0010520898139021
clock_control:BTCUSDT:5:1:0.03:0.03,clock_control,BTCUSDT,5,1,0.03,0.03,evaluation,2,220,219,-0.0032644293329854,-0.1088143110995147,0.8030779586075626,0.502283105022831,109,0.4977168949771689,110,1,0.0010989369479064,0.0002326703967293,0.0019981324885117,19.3,219,-0.0032644293329854,0.0,48,-0.0022134564660036,-0.0010509728669818
legacy_zone:BTCUSDT:5:1:0.02:0.025,legacy_zone,BTCUSDT,5,1,0.02,0.025,evaluation,1,61,61,-0.0002417581429819,-0.012087907149099,0.9787454973623092,0.4918032786885246,31,0.5081967213114754,30,0,0.0011006212344647,0.0002706541171261,0.0010016303323746,26.133333333333333,398,-0.0025566930177039,0.002314934874722,61,-0.0002417581429819,0.0
legacy_zone:BTCUSDT:5:1:0.02:0.025,legacy_zone,BTCUSDT,5,1,0.02,0.025,evaluation,2,61,61,-0.0012417023074509,-0.0620851153725461,0.8954036839380136,0.4918032786885246,31,0.5081967213114754,30,0,0.0011000708881282,0.0002705189252594,0.0020022600350468,26.133333333333333,398,-0.0035542521362547,0.0023125498288038004,61,-0.0012417023074509,0.0
legacy_zone:BTCUSDT:5:1:0.03:0.03,legacy_zone,BTCUSDT,5,1,0.03,0.03,evaluation,1,48,48,-0.001214438047196,-0.0404812682398695,0.9219351681560256,0.5208333333333334,23,0.4791666666666667,25,0,0.0011001370877061,0.0003635513343026,0.0010007496251872,38.06666666666667,219,-0.0022665278610981,0.0010520898139021,48,-0.001214438047196,0.0
legacy_zone:BTCUSDT:5:1:0.03:0.03,legacy_zone,BTCUSDT,5,1,0.03,0.03,evaluation,2,48,48,-0.0022134564660036,-0.073781882200123,0.8618362443555656,0.5208333333333334,23,0.4791666666666667,25,0,0.0010995872252747,0.0003633697402295,0.0020004995004993,38.06666666666667,219,-0.0032644293329854,0.0010509728669818,48,-0.0022134564660036,0.0
trend_pullback:BTCUSDT:5:-1:0.02:0.025,trend_pullback,BTCUSDT,5,-1,0.02,0.025,evaluation,1,42,42,-0.0004558384672654,-0.0227919233632711,0.9602849335313745,0.4761904761904761,22,0.5238095238095238,20,0,0.0010997637747445,-0.000214424842961,0.0009990709640533,20.383333333333333,395,-0.0019113816347742,0.0014555431675088,108,-0.0027981964025965,0.0023423579353311
trend_pullback:BTCUSDT:5:-1:0.02:0.025,trend_pullback,BTCUSDT,5,-1,0.02,0.025,evaluation,2,42,42,-0.001456352221682,-0.0728176110841022,0.8787691136353804,0.4761904761904761,22,0.5238095238095238,20,0,0.0011003138138138,-0.0002145321627022,0.0019991419991419,20.383333333333333,395,-0.002913308855672,0.0014569566339900002,108,-0.0038010152154439,0.0023446629937619
trend_pullback:BTCUSDT:5:-1:0.03:0.03,trend_pullback,BTCUSDT,5,-1,0.03,0.03,evaluation,1,38,37,-0.0008476734831174,-0.0282557827705811,0.9438044687373968,0.5135135135135135,18,0.4864864864864865,19,1,0.00110002728641,-0.0003019654579763,0.0009995498367361,26.95833333333333,219,-0.0019334427483955,0.0010857692652781,75,0.0001664860498952,-0.0010141595330126
trend_pullback:BTCUSDT:5:-1:0.03:0.03,trend_pullback,BTCUSDT,5,-1,0.03,0.03,evaluation,2,38,37,-0.0018486230390909,-0.0616207679696982,0.8812944552040829,0.5135135135135135,18,0.4864864864864865,19,1,0.0011005775891229,-0.0003021165918391,0.0020001002238596,26.95833333333333,219,-0.0029354441443762,0.0010868211052853,75,-0.0008334114211844,-0.0010152116179065
shock_reversal:BTCUSDT:5:-1:0.02:0.025,shock_reversal,BTCUSDT,5,-1,0.02,0.025,evaluation,1,105,104,-0.0040899050472035,-0.2044952523601791,0.6896942786297051,0.3942307692307692,63,0.6057692307692307,41,1,0.0011017437725055,-0.0001823341899278,0.001002669160884,17.133333333333333,395,-0.0019113816347742,-0.0021785234124293003,108,-0.0027981964025965,-0.001291708644607
shock_reversal:BTCUSDT:5:-1:0.02:0.025,shock_reversal,BTCUSDT,5,-1,0.02,0.025,evaluation,2,105,104,-0.0050940386426267,-0.2547019321313365,0.6306914876381678,0.3942307692307692,63,0.6057692307692307,41,1,0.001102295792564,-0.0001824254482811,0.0020063419946019,17.133333333333333,395,-0.002913308855672,-0.0021807297869546995,108,-0.0038010152154439,-0.0012930234271827995
shock_reversal:BTCUSDT:5:-1:0.03:0.03,shock_reversal,BTCUSDT,5,-1,0.03,0.03,evaluation,1,86,85,-0.006246384561678,-0.2082128187226007,0.6558346824144023,0.4235294117647059,49,0.5764705882352941,36,1,0.0011029997230013,-0.0003106569819292,0.0010049515660374,33.00833333333333,219,-0.0019334427483955,-0.0043129418132825,75,0.0001664860498952,-0.0064128706115732
shock_reversal:BTCUSDT:5:-1:0.03:0.03,shock_reversal,BTCUSDT,5,-1,0.03,0.03,evaluation,2,86,85,-0.0072527398779021,-0.241757995930073,0.6129261402492189,0.4235294117647059,49,0.5764705882352941,36,1,0.0011035529996392,-0.0003108124659042,0.0020109090895986,33.00833333333333,219,-0.0029354441443762,-0.0043172957335259,75,-0.0008334114211844,-0.0064193284567177
funding_squeeze:BTCUSDT:5:-1:0.02:0.025,funding_squeeze,BTCUSDT,5,-1,0.02,0.025,evaluation,1,35,34,-0.0057646348909631,-0.2882317445481585,0.5801564319052566,0.3529411764705882,22,0.6470588235294118,12,1,0.0011027301506638,-0.0003020055576269,0.001004461679458,26.6,395,-0.0019113816347742,-0.0038532532561889004,108,-0.0027981964025965,-0.0029664384883666003
funding_squeeze:BTCUSDT:5:-1:0.02:0.025,funding_squeeze,BTCUSDT,5,-1,0.02,0.025,evaluation,2,35,34,-0.0067705038905658,-0.3385251945282935,0.5298712729991096,0.3529411764705882,22,0.6470588235294118,12,1,0.0011032831575944,-0.0003021567115596,0.0020099288260628,26.6,395,-0.002913308855672,-0.0038571950348937995,108,-0.0038010152154439,-0.0029694886751218995
funding_squeeze:BTCUSDT:5:-1:0.03:0.03,funding_squeeze,BTCUSDT,5,-1,0.03,0.03,evaluation,1,29,28,-0.0059982545681185,-0.1999418189372837,0.6631045114302628,0.4285714285714285,16,0.5714285714285714,12,1,0.0011029575477955,-0.0004820626079975,0.0010048749221671,42.06666666666667,219,-0.0019334427483955,-0.004064811819723,75,0.0001664860498952,-0.0061647406180137
funding_squeeze:BTCUSDT:5:-1:0.03:0.03,funding_squeeze,BTCUSDT,5,-1,0.03,0.03,evaluation,2,29,28,-0.0070044473329537,-0.233481577765126,0.6195015128088671,0.4285714285714285,16,0.5714285714285714,12,1,0.0011035107822372,-0.0004823038805741,0.0020107557251373,42.06666666666667,219,-0.0029354441443762,-0.0040690031885775,75,-0.0008334114211844,-0.0061710359117693
compression_expansion:BTCUSDT:5:-1:0.02:0.025,compression_expansion,BTCUSDT,5,-1,0.02,0.025,evaluation,1,41,41,-0.0044303814378041,-0.2215190718902083,0.6699850075267668,0.3902439024390244,25,0.6097560975609756,16,0,0.0011018930806866,-0.0001134765277638,0.0010029404946374,18.35,395,-0.0019113816347742,-0.0025189998030299,108,-0.0027981964025965,-0.0016321850352075998
compression_expansion:BTCUSDT:5:-1:0.02:0.025,compression_expansion,BTCUSDT,5,-1,0.02,0.025,evaluation,2,41,41,-0.0054348212512633,-0.2717410625631677,0.6131243872347595,0.3902439024390244,25,0.6097560975609756,16,0,0.0011024452501281,-0.0001135333228228,0.002006884933714,18.35,395,-0.002913308855672,-0.0025215123955913002,108,-0.0038010152154439,-0.0016338060358194002
compression_expansion:BTCUSDT:5:-1:0.03:0.03,compression_expansion,BTCUSDT,5,-1,0.03,0.03,evaluation,1,37,36,-0.0064429336291536,-0.2147644543051203,0.643666724641279,0.4166666666666667,21,0.5833333333333334,15,1,0.001103157202303,-0.0004005913968091,0.001005237748949,31.166666666666668,219,-0.0019334427483955,-0.004509490880758101,75,0.0001664860498952,-0.006609419679048801
compression_expansion:BTCUSDT:5:-1:0.03:0.03,compression_expansion,BTCUSDT,5,-1,0.03,0.03,evaluation,2,37,36,-0.0074495305600972,-0.2483176853365756,0.6009232769890246,0.4166666666666667,21,0.5833333333333334,15,1,0.0011037106364991,-0.0004007918930037,0.0020114817418912,31.166666666666668,219,-0.0029354441443762,-0.004514086415721,75,-0.0008334114211844,-0.0066161191389128
learned_leaf:BTCUSDT:5:-1:0.02:0.025,learned_leaf,BTCUSDT,5,-1,0.02,0.025,evaluation,1,346,345,-0.0026607040933229,-0.133035204666149,0.7877370724526053,0.4289855072463768,197,0.5710144927536231,148,1,0.0011009256974362,-0.0001233078518609,0.0010011824950001,10.8,395,-0.0019113816347742,-0.0007493224585487001,108,-0.0027981964025965,0.00013749230927360013
learned_leaf:BTCUSDT:5:-1:0.02:0.025,learned_leaf,BTCUSDT,5,-1,0.02,0.025,evaluation,2,346,345,-0.0036633782589351,-0.1831689129467574,0.72071215177826,0.4289855072463768,197,0.5710144927536231,148,1,0.00110147689901,-0.0001233695675025,0.00200336717468,10.8,395,-0.002913308855672,-0.0007500694032630999,108,-0.0038010152154439,0.00013763695650880012
learned_leaf:BTCUSDT:5:-1:0.03:0.03,learned_leaf,BTCUSDT,5,-1,0.03,0.03,evaluation,1,198,197,-0.002366403598841,-0.0788801199613689,0.8536693222210954,0.4923857868020304,100,0.5076142131979695,97,1,0.001100819438768,-0.0002243045090426,0.001000989393972,21.666666666666668,219,-0.0019334427483955,-0.00043296085044549986,75,0.0001664860498952,-0.0025328896487361997
learned_leaf:BTCUSDT:5:-1:0.03:0.03,learned_leaf,BTCUSDT,5,-1,0.03,0.03,evaluation,2,198,197,-0.0033688338149414,-0.112294460498048,0.7982483769627049,0.4923857868020304,100,0.5076142131979695,97,1,0.0011013705340299,-0.0002244167735616,0.0020029807793294,21.666666666666668,219,-0.0029354441443762,-0.0004333896705651999,75,-0.0008334114211844,-0.002535422393757
clock_control:BTCUSDT:5:-1:0.02:0.025,clock_control,BTCUSDT,5,-1,0.02,0.025,evaluation,1,396,395,-0.0019113816347742,-0.0955690817387135,0.8429899031390761,0.4455696202531645,219,0.5544303797468354,176,1,0.001100516823228,-0.0001288137848221,0.0010004394588668,11.225,395,-0.0019113816347742,0.0,108,-0.0027981964025965,0.0008868147678223002
clock_control:BTCUSDT:5:-1:0.02:0.025,clock_control,BTCUSDT,5,-1,0.02,0.025,evaluation,2,396,395,-0.002913308855672,-0.1456654427836033,0.7713049781448525,0.4455696202531645,219,0.5544303797468354,176,1,0.0011010676157228,-0.0001288782561859,0.0020018803586335,11.225,395,-0.002913308855672,0.0,108,-0.0038010152154439,0.0008877063597719
clock_control:BTCUSDT:5:-1:0.03:0.03,clock_control,BTCUSDT,5,-1,0.03,0.03,evaluation,1,220,219,-0.0019334427483955,-0.0644480916131861,0.8789565760852209,0.4977168949771689,110,0.502283105022831,109,1,0.0011005862318514,-0.0002330195769144,0.0010005655932966,19.3,219,-0.0019334427483955,0.0,75,0.0001664860498952,-0.0020999287982907
clock_control:BTCUSDT:5:-1:0.03:0.03,clock_control,BTCUSDT,5,-1,0.03,0.03,evaluation,2,220,219,-0.0029354441443762,-0.0978481381458743,0.8219771231195467,0.4977168949771689,110,0.502283105022831,109,1,0.0011011370937896,-0.0002331362033293,0.0020021327537539,19.3,219,-0.0029354441443762,0.0,75,-0.0008334114211844,-0.0021020327231918
legacy_zone:BTCUSDT:5:-1:0.02:0.025,legacy_zone,BTCUSDT,5,-1,0.02,0.025,evaluation,1,108,108,-0.0027981964025965,-0.1399098201298256,0.7785098560176121,0.4259259259259259,62,0.5740740740740741,46,0,0.0011010090670335,-0.0001374799981037,0.0010013340003333,14.991666666666667,395,-0.0019113816347742,-0.0008868147678223002,108,-0.0027981964025965,0.0
legacy_zone:BTCUSDT:5:-1:0.02:0.025,legacy_zone,BTCUSDT,5,-1,0.02,0.025,evaluation,2,108,108,-0.0038010152154439,-0.1900507607721994,0.7124848200684928,0.4259259259259259,62,0.5740740740740741,46,0,0.0011015603520186,-0.0001375488069115,0.0020036703370035,14.991666666666667,395,-0.002913308855672,-0.0008877063597719,108,-0.0038010152154439,0.0
legacy_zone:BTCUSDT:5:-1:0.03:0.03,legacy_zone,BTCUSDT,5,-1,0.03,0.03,evaluation,1,76,75,0.0001664860498952,0.0055495349965071,1.0113192879806996,0.5333333333333333,35,0.4666666666666667,40,1,0.0010994286686555,-0.0002271304558924,0.0009984619847448,22.866666666666667,219,-0.0019334427483955,0.0020999287982907,75,0.0001664860498952,0.0
legacy_zone:BTCUSDT:5:-1:0.03:0.03,legacy_zone,BTCUSDT,5,-1,0.03,0.03,evaluation,2,76,75,-0.0008334114211844,-0.0277803807061495,0.9451105031779872,0.5333333333333333,35,0.4666666666666667,40,1,0.0010999783724509,-0.0002272441347992,0.001997923430936,22.866666666666667,219,-0.0029354441443762,0.0021020327231918,75,-0.0008334114211844,0.0
trend_pullback:BTCUSDT:15:1:0.02:0.025,trend_pullback,BTCUSDT,15,1,0.02,0.025,evaluation,1,41,41,0.000749774464278,0.0374887232139017,1.0689641874106446,0.5121951219512195,20,0.4878048780487805,21,0,0.0011011254281395,0.0001953330886528,0.0010025475067343,22.016666666666666,382,-0.0026684312855269,0.0034182057498049,63,-0.0016235603859909,0.0023733348502689
trend_pullback:BTCUSDT:15:1:0.02:0.025,trend_pullback,BTCUSDT,15,1,0.02,0.025,evaluation,2,41,41,-0.0002511230772418,-0.0125561538620934,0.977872583211353,0.5121951219512195,20,0.4878048780487805,21,0,0.0011005745778611,0.0001952355196775,0.0020040934675079,22.016666666666666,382,-0.0036658807678257,0.0034147576905839,63,-0.0026221070056068,0.002370983928365
trend_pullback:BTCUSDT:15:1:0.03:0.03,trend_pullback,BTCUSDT,15,1,0.03,0.03,evaluation,1,36,35,-0.0002058304100763,-0.006861013669212,0.9860104805838392,0.5428571428571428,16,0.4571428571428571,19,1,0.0011007028825804,0.0003830958556247,0.0010017788577568,50.583333333333336,230,-0.002126087547433,0.0019202571373567,47,-0.0030855182000414,0.0028796877899651
trend_pullback:BTCUSDT:15:1:0.03:0.03,trend_pullback,BTCUSDT,15,1,0.03,0.03,evaluation,2,36,35,-0.0012058667052386,-0.0401955568412874,0.920514080244334,0.5428571428571428,16,0.4571428571428571,19,1,0.0011001524546366,0.0003829044990534,0.0020025569374342,50.583333333333336,230,-0.0031241227357682,0.0019182560305295998,47,-0.0040826593264108,0.0028767926211722
shock_reversal:BTCUSDT:15:1:0.02:0.025,shock_reversal,BTCUSDT,15,1,0.02,0.025,evaluation,1,48,47,-0.0011274789282192,-0.0563739464109614,0.9024558203183978,0.4680851063829787,25,0.5319148936170213,22,1,0.0011000711096186,0.0001566980343379,0.0010006296050181,13.583333333333334,382,-0.0026684312855269,0.0015409523573077,63,-0.0016235603859909,0.0004960814577717001
shock_reversal:BTCUSDT:15:1:0.02:0.025,shock_reversal,BTCUSDT,15,1,0.02,0.025,evaluation,2,48,47,-0.0021264808360297,-0.1063240418014865,0.8237916036414848,0.4680851063829787,25,0.5319148936170213,22,1,0.0010995213131323,0.0001566197635915,0.0020002595800613,13.583333333333334,382,-0.0036658807678257,0.001539399931796,63,-0.0026221070056068,0.0004956261695771001
shock_reversal:BTCUSDT:15:1:0.03:0.03,shock_reversal,BTCUSDT,15,1,0.03,0.03,evaluation,1,43,42,-0.0009499411197665,-0.0316647039922169,0.9371403640434292,0.5238095238095238,20,0.4761904761904761,22,1,0.0011002710788402,0.0003425406595837,0.0010009933673022,32.55,230,-0.002126087547433,0.0011761464276665,47,-0.0030855182000414,0.0021355770802749
shock_reversal:BTCUSDT:15:1:0.03:0.03,shock_reversal,BTCUSDT,15,1,0.03,0.03,evaluation,2,43,42,-0.0019492133981086,-0.064973779936955,0.874747226595885,0.5238095238095238,20,0.4761904761904761,22,1,0.0010997210824846,0.0003423695603531,0.0020009867412305,32.55,230,-0.0031241227357682,0.0011749093376596,47,-0.0040826593264108,0.0021334459283022
funding_squeeze:BTCUSDT:15:1:0.02:0.025,funding_squeeze,BTCUSDT,15,1,0.02,0.025,evaluation,1,1,1,0.0228351017435566,1.141755087177832,,1.0,0,0.0,1,0,0.0011131865317341,2.7223968587282194e-05,0.0010244877561218,12.783333333333331,382,-0.0026684312855269,0.0255035330290835,63,-0.0016235603859909,0.0244586621295475
funding_squeeze:BTCUSDT:15:1:0.02:0.025,funding_squeeze,BTCUSDT,15,1,0.02,0.025,evaluation,2,1,1,0.0218122139554731,1.0906106977736596,,1.0,0,0.0,1,0,0.0011126236263736,2.7210370201374468e-05,0.0020479520479517,12.783333333333331,382,-0.0036658807678257,0.0254780947232988,63,-0.0026221070056068,0.0244343209610799
funding_squeeze:BTCUSDT:15:1:0.03:0.03,funding_squeeze,BTCUSDT,15,1,0.03,0.03,evaluation,1,1,1,0.0278273569909329,0.9275785663644318,,1.0,0,0.0,1,0,0.0011159337831084,2.7223968587282194e-05,0.0010294852573713,13.266666666666667,230,-0.002126087547433,0.0299534445383659,47,-0.0030855182000414,0.030912875190974298
funding_squeeze:BTCUSDT:15:1:0.03:0.03,funding_squeeze,BTCUSDT,15,1,0.03,0.03,evaluation,2,1,1,0.0267994794399886,0.8933159813329556,,1.0,0,0.0,1,0,0.0011153681318681,2.7210370201374468e-05,0.0020579420579418,13.266666666666667,230,-0.0031241227357682,0.0299236021757568,47,-0.0040826593264108,0.0308821387663994
compression_expansion:BTCUSDT:15:1:0.02:0.025,compression_expansion,BTCUSDT,15,1,0.02,0.025,evaluation,1,24,24,0.0019303337869259,0.0965166893462959,1.1881133639206347,0.5416666666666666,11,0.4583333333333333,13,0,0.001101854119815,0.0003389390297907,0.0010038730634681,29.433333333333334,382,-0.0026684312855269,0.0045987650724528,63,-0.0016235603859909,0.0035538941729168
compression_expansion:BTCUSDT:15:1:0.02:0.025,compression_expansion,BTCUSDT,15,1,0.02,0.025,evaluation,2,24,24,0.0009281844724719,0.0464092236235959,1.0866674925690951,0.5416666666666666,11,0.4583333333333333,13,0,0.0011013025412087,0.000338769729576,0.0020067432567431,29.433333333333334,382,-0.0036658807678257,0.0045940652402976,63,-0.0026221070056068,0.0035502914780787
compression_expansion:BTCUSDT:15:1:0.03:0.03,compression_expansion,BTCUSDT,15,1,0.03,0.03,evaluation,1,22,21,-0.0041078793081724,-0.1369293102724164,0.7520741554191519,0.4761904761904761,11,0.5238095238095238,10,1,0.0010986374340962,0.0005318493218631,0.0009980216182568,39.325,230,-0.002126087547433,-0.0019817917607394,47,-0.0030855182000414,-0.001022361108131
compression_expansion:BTCUSDT:15:1:0.03:0.03,compression_expansion,BTCUSDT,15,1,0.03,0.03,evaluation,2,22,21,-0.0051040898793072,-0.1701363293102432,0.701481538135807,0.4761904761904761,11,0.5238095238095238,10,1,0.0010980890705697,0.0005315836628612,0.00199504621192,39.325,230,-0.0031241227357682,-0.001979967143539,47,-0.0040826593264108,-0.0010214305528964
learned_leaf:BTCUSDT:15:1:0.02:0.025,learned_leaf,BTCUSDT,15,1,0.02,0.025,evaluation,1,139,138,-0.0013318031863739,-0.0665901593186966,0.8872089262835757,0.463768115942029,74,0.5362318840579711,64,1,0.0010999185061855,8.371410847849214e-05,0.0010003520054308,16.533333333333335,382,-0.0026684312855269,0.0013366280991530001,63,-0.0016235603859909,0.00029175719961700014
learned_leaf:BTCUSDT:15:1:0.02:0.025,learned_leaf,BTCUSDT,15,1,0.02,0.025,evaluation,2,139,138,-0.0023305643799541,-0.116528218997706,0.8110686725650328,0.463768115942029,74,0.5362318840579711,64,1,0.0010993688622265,8.367229323949191e-05,0.0019997046582091,16.533333333333335,382,-0.0036658807678257,0.0013353163878715999,63,-0.0026221070056068,0.0002915426256526999
learned_leaf:BTCUSDT:15:1:0.03:0.03,learned_leaf,BTCUSDT,15,1,0.03,0.03,evaluation,1,88,87,-0.0027097263234374,-0.0903242107812492,0.8329131232768611,0.4942528735632184,44,0.5057471264367817,43,1,0.0010992154479319,0.0001840525699144,0.0009990730782334,24.183333333333334,230,-0.002126087547433,-0.0005836387760044001,47,-0.0030855182000414,0.0003757918766039998
learned_leaf:BTCUSDT:15:1:0.03:0.03,learned_leaf,BTCUSDT,15,1,0.03,0.03,evaluation,2,88,87,-0.0037071604510653,-0.1235720150355124,0.7781828996058003,0.4942528735632184,44,0.5057471264367817,43,1,0.0010986665066801,0.0001839606355638,0.0019971480814636,24.183333333333334,230,-0.0031241227357682,-0.0005830377152971,47,-0.0040826593264108,0.00037549887534550023
clock_control:BTCUSDT:15:1:0.02:0.025,clock_control,BTCUSDT,15,1,0.02,0.025,evaluation,1,383,382,-0.0026684312855269,-0.1334215642763459,0.7867952100180118,0.4345549738219895,216,0.5654450261780105,166,1,0.0010992096453001,0.0001322130950024,0.000999062522716,12.1,382,-0.0026684312855269,0.0,63,-0.0016235603859909,-0.001044870899536
clock_control:BTCUSDT:15:1:0.02:0.025,clock_control,BTCUSDT,15,1,0.02,0.025,evaluation,2,383,382,-0.0036658807678257,-0.1832940383912872,0.7195111223112006,0.4345549738219895,216,0.5654450261780105,166,1,0.001098660709848,0.0001321470544954,0.0019971269809738,12.1,382,-0.0036658807678257,0.0,63,-0.0026221070056068,-0.0010437737622189
clock_control:BTCUSDT:15:1:0.03:0.03,clock_control,BTCUSDT,15,1,0.03,0.03,evaluation,1,231,230,-0.002126087547433,-0.0708695849144363,0.8672846543728601,0.5043478260869565,114,0.4956521739130435,116,1,0.0010995561212638,0.0002194791786962,0.0009996927941494,18.216666666666665,230,-0.002126087547433,0.0,47,-0.0030855182000414,0.0009594306526083999
clock_control:BTCUSDT:15:1:0.03:0.03,clock_control,BTCUSDT,15,1,0.03,0.03,evaluation,2,231,230,-0.0031241227357682,-0.1041374245256073,0.8106800989290717,0.5043478260869565,114,0.4956521739130435,116,1,0.0010990068395088,0.0002193695487368,0.001998386894199,18.216666666666665,230,-0.0031241227357682,0.0,47,-0.0040826593264108,0.0009585365906426002
legacy_zone:BTCUSDT:15:1:0.02:0.025,legacy_zone,BTCUSDT,15,1,0.02,0.025,evaluation,1,63,63,-0.0016235603859909,-0.0811780192995452,0.8652400916576909,0.4603174603174603,34,0.5396825396825397,29,0,0.0010998427393446,0.0002377891823071,0.0010002141786248,24.98333333333333,382,-0.0026684312855269,0.001044870899536,63,-0.0016235603859909,0.0
legacy_zone:BTCUSDT:15:1:0.02:0.025,legacy_zone,BTCUSDT,15,1,0.02,0.025,evaluation,2,63,63,-0.0026221070056068,-0.1311053502803433,0.7914914445022511,0.4603174603174603,34,0.5396825396825397,29,0,0.0010992931711146,0.0002376704064917,0.0019994291422861,24.98333333333333,382,-0.0036658807678257,0.0010437737622189,63,-0.0026221070056068,0.0
legacy_zone:BTCUSDT:15:1:0.03:0.03,legacy_zone,BTCUSDT,15,1,0.03,0.03,evaluation,1,47,47,-0.0030855182000414,-0.1028506066680496,0.8138666199606698,0.4893617021276595,24,0.5106382978723404,23,0,0.0010990995619211,0.0003492584947878,0.000998862270992,37.96666666666667,230,-0.002126087547433,-0.0009594306526083999,47,-0.0030855182000414,0.0
legacy_zone:BTCUSDT:15:1:0.03:0.03,legacy_zone,BTCUSDT,15,1,0.03,0.03,evaluation,2,47,47,-0.0040826593264108,-0.136088644213695,0.7608440924511699,0.4893617021276595,24,0.5106382978723404,23,0,0.0010985507364975,0.0003490840399952,0.0019967266775776,37.96666666666667,230,-0.0031241227357682,-0.0009585365906426002,47,-0.0040826593264108,0.0
trend_pullback:BTCUSDT:15:-1:0.02:0.025,trend_pullback,BTCUSDT,15,-1,0.02,0.025,evaluation,1,39,39,0.0011760161879976,0.0588008093998821,1.109825992994095,0.5128205128205128,19,0.4871794871794871,20,0,0.0010988562742909,-0.0001953711731824,0.0009974217878168,20.816666666666663,381,-0.0019938013248121,0.0031698175128096998,98,-0.0049863466777232,0.0061623628657208
trend_pullback:BTCUSDT:15:-1:0.02:0.025,trend_pullback,BTCUSDT,15,-1,0.02,0.025,evaluation,2,39,39,0.0001771446322281,0.0088572316114089,1.015808156235417,0.5128205128205128,19,0.4871794871794871,20,0,0.0010994054054054,-0.0001954689565524,0.0019958419958418,20.816666666666663,381,-0.0029958128149496,0.0031729574471777,98,-0.0059913507850163,0.0061684954172444
trend_pullback:BTCUSDT:15:-1:0.03:0.03,trend_pullback,BTCUSDT,15,-1,0.03,0.03,evaluation,1,35,35,0.002473207773213,0.0824402591071018,1.1814121496232393,0.5714285714285714,15,0.4285714285714285,20,0,0.0010981907739584,-0.0002818966533673,0.0009962123919101,25.53333333333333,230,-0.0020742910994907,0.0045474988727037,67,-0.0022844956516144,0.0047577034248274
trend_pullback:BTCUSDT:15:-1:0.03:0.03,trend_pullback,BTCUSDT,15,-1,0.03,0.03,evaluation,2,35,35,0.0014755907958365,0.0491863598612194,1.10483510360399,0.5714285714285714,15,0.4285714285714285,20,0,0.0010987392392392,-0.0002820377427834,0.0019934219934218,25.53333333333333,230,-0.0030764267539444,0.0045520175497809,67,-0.0032868442231705,0.004762435019007
shock_reversal:BTCUSDT:15:-1:0.02:0.025,shock_reversal,BTCUSDT,15,-1,0.02,0.025,evaluation,1,46,45,-0.000760724100888,-0.0380362050444031,0.9335538559467362,0.4666666666666667,24,0.5333333333333333,21,1,0.0010999154763011,-0.0001855119229182,0.0009993466472237,20.55,381,-0.0019938013248121,0.0012330772239240997,98,-0.0049863466777232,0.0042256225768351995
shock_reversal:BTCUSDT:15:-1:0.02:0.025,shock_reversal,BTCUSDT,15,-1,0.02,0.025,evaluation,2,46,45,-0.0017615284371427,-0.088076421857136,0.8529848166239208,0.4666666666666667,24,0.5333333333333333,21,1,0.0011004656671479,-0.0001856047717284,0.0019996936414419,20.55,381,-0.0029958128149496,0.0012342843778069001,98,-0.0059913507850163,0.0042298223478736
shock_reversal:BTCUSDT:15:-1:0.03:0.03,shock_reversal,BTCUSDT,15,-1,0.03,0.03,evaluation,1,38,37,-0.0005151643304739,-0.0171721443491306,0.9657936482592104,0.5135135135135135,18,0.4864864864864865,19,1,0.0010998910631354,-0.000386659706133,0.0009993022818324,33.19166666666667,230,-0.0020742910994907,0.0015591267690168002,67,-0.0022844956516144,0.0017693313211405001
shock_reversal:BTCUSDT:15:-1:0.03:0.03,shock_reversal,BTCUSDT,15,-1,0.03,0.03,evaluation,2,38,37,-0.0015158235579358,-0.0505274519311954,0.902514996130276,0.5135135135135135,18,0.4864864864864865,19,1,0.0011004412295568,-0.0003868532295094,0.0019996048662494,33.19166666666667,230,-0.0030764267539444,0.0015606031960086002,67,-0.0032868442231705,0.0017710206652347001
funding_squeeze:BTCUSDT:15:-1:0.02:0.025,funding_squeeze,BTCUSDT,15,-1,0.02,0.025,evaluation,1,31,30,-0.0023500076861493,-0.1175003843074665,0.8055074491360701,0.4333333333333333,17,0.5666666666666667,13,1,0.001100853769544,-0.0003031543453935,0.0010010517823707,22.58333333333333,381,-0.0019938013248121,-0.00035620636133720015,98,-0.0049863466777232,0.0026363389915738996
funding_squeeze:BTCUSDT:15:-1:0.02:0.025,funding_squeeze,BTCUSDT,15,-1,0.02,0.025,evaluation,2,31,30,-0.0033524609230646,-0.1676230461532316,0.735517819151547,0.4333333333333333,17,0.5666666666666667,13,1,0.001101404899154,-0.0003033060742951,0.0020031056185777,22.58333333333333,381,-0.0029958128149496,-0.0003566481081149998,98,-0.0059913507850163,0.0026388898619517
funding_squeeze:BTCUSDT:15:-1:0.03:0.03,funding_squeeze,BTCUSDT,15,-1,0.03,0.03,evaluation,1,25,24,-0.0018887693518956,-0.0629589783965201,0.8788214272703849,0.5,12,0.5,12,1,0.0011007230549208,-0.0005265990136684,0.0010008142381914,42.35,230,-0.0020742910994907,0.00018552174759510032,67,-0.0022844956516144,0.00039572629971880023
funding_squeeze:BTCUSDT:15:-1:0.03:0.03,funding_squeeze,BTCUSDT,15,-1,0.03,0.03,evaluation,2,25,24,-0.0028908728419013,-0.0963624280633778,0.8206916089355686,0.5,12,0.5,12,1,0.0011012740537506,-0.0005268625767383,0.0020026302924372,42.35,230,-0.0030764267539444,0.0001855539120431001,67,-0.0032868442231705,0.0003959713812692
compression_expansion:BTCUSDT:15:-1:0.02:0.025,compression_expansion,BTCUSDT,15,-1,0.02,0.025,evaluation,1,9,9,-0.0169739842751713,-0.8486992137585655,0.1304882688815395,0.1111111111111111,8,0.8888888888888888,1,0,0.0011088085292646,-0.0001503320079701,0.0010155077538768,33.1,381,-0.0019938013248121,-0.0149801829503592,98,-0.0049863466777232,-0.0119876375974481
compression_expansion:BTCUSDT:15:-1:0.02:0.025,compression_expansion,BTCUSDT,15,-1,0.02,0.025,evaluation,2,9,9,-0.0179909924004342,-0.8995496200217119,0.1193721839443144,0.1111111111111111,8,0.8888888888888888,1,0,0.0011093676176176,-0.0001504072492153,0.0020320320320319,33.1,381,-0.0029958128149496,-0.014995179585484601,98,-0.0059913507850163,-0.0119996416154179
compression_expansion:BTCUSDT:15:-1:0.03:0.03,compression_expansion,BTCUSDT,15,-1,0.03,0.03,evaluation,1,9,9,-0.0252278817950519,-0.8409293931683985,0.1097047971389009,0.1111111111111111,8,0.8888888888888888,1,0,0.0011133964482241,-0.0002426932424666,0.0010238452559611,44.8,230,-0.0020742910994907,-0.0231535906955612,67,-0.0022844956516144,-0.0229433861434375
compression_expansion:BTCUSDT:15:-1:0.03:0.03,compression_expansion,BTCUSDT,15,-1,0.03,0.03,evaluation,2,9,9,-0.0262531941316193,-0.875106471053979,0.1025730499238644,0.1111111111111111,8,0.8888888888888888,1,0,0.0011139601267934,-0.000242814710556,0.0020487153820485,44.8,230,-0.0030764267539444,-0.0231767673776749,67,-0.0032868442231705,-0.0229663499084488
learned_leaf:BTCUSDT:15:-1:0.02:0.025,learned_leaf,BTCUSDT,15,-1,0.02,0.025,evaluation,1,331,330,-0.0019112981387975,-0.0955649069398783,0.8428861904376079,0.4454545454545454,183,0.5545454545454546,147,1,0.0011005163510914,-0.000128038378619,0.0010004386008657,12.533333333333331,381,-0.0019938013248121,8.250318601459982e-05,98,-0.0049863466777232,0.0030750485389256996
learned_leaf:BTCUSDT:15:-1:0.02:0.025,learned_leaf,BTCUSDT,15,-1,0.02,0.025,evaluation,2,331,330,-0.0029132248884542,-0.1456612444227137,0.771154674882058,0.4454545454545454,183,0.5545454545454546,147,1,0.0011010671431139,-0.0001281024618915,0.0020018786417725,12.533333333333331,381,-0.0029958128149496,8.258792649540022e-05,98,-0.0059913507850163,0.0030781258965621
learned_leaf:BTCUSDT:15:-1:0.03:0.03,learned_leaf,BTCUSDT,15,-1,0.03,0.03,evaluation,1,191,190,-0.0017903602104953,-0.0596786736831779,0.8873007660865803,0.5,95,0.5,95,1,0.0011005055968766,-0.0002294124349077,0.0010004190575196,19.3,230,-0.0020742910994907,0.00028393088899540024,67,-0.0022844956516144,0.0004941354411191002
learned_leaf:BTCUSDT:15:-1:0.03:0.03,learned_leaf,BTCUSDT,15,-1,0.03,0.03,evaluation,2,191,190,-0.0027922166487174,-0.0930738882905832,0.8297375145971984,0.5,95,0.5,95,1,0.0011010563781395,-0.0002295272559462,0.0020018395355174,19.3,230,-0.0030764267539444,0.0002842101052270003,67,-0.0032868442231705,0.0004946275744531002
clock_control:BTCUSDT:15:-1:0.02:0.025,clock_control,BTCUSDT,15,-1,0.02,0.025,evaluation,1,382,381,-0.0019938013248121,-0.0996900662406078,0.8367770855133485,0.4435695538057743,212,0.5564304461942258,169,1,0.0011005641171506,-0.0001324303389811,0.0010005254048441,11.608333333333333,381,-0.0019938013248121,0.0,98,-0.0049863466777232,0.0029925453529110997
clock_control:BTCUSDT:15:-1:0.02:0.025,clock_control,BTCUSDT,15,-1,0.02,0.025,evaluation,2,382,381,-0.0029958128149496,-0.1497906407474833,0.7656299784606448,0.4435695538057743,212,0.5564304461942258,169,1,0.0011011149569631,-0.000132496620432,0.0020020523366201,11.608333333333333,381,-0.0029958128149496,0.0,98,-0.0059913507850163,0.0029955379700666997
clock_control:BTCUSDT:15:-1:0.03:0.03,clock_control,BTCUSDT,15,-1,0.03,0.03,evaluation,1,231,230,-0.0020742910994907,-0.0691430366496915,0.8707568042315866,0.4956521739130435,116,0.5043478260869565,114,1,0.0011006563334435,-0.0002196987676694,0.00100069298704,18.216666666666665,230,-0.0020742910994907,0.0,67,-0.0022844956516144,0.00021020455212369992
clock_control:BTCUSDT:15:-1:0.03:0.03,clock_control,BTCUSDT,15,-1,0.03,0.03,evaluation,2,231,230,-0.0030764267539444,-0.1025475584648143,0.8143124831861167,0.4956521739130435,116,0.5043478260869565,114,1,0.0011012072655184,-0.0002198087270126,0.002002387668762,18.216666666666665,230,-0.0030764267539444,0.0,67,-0.0032868442231705,0.00021041746922609988
legacy_zone:BTCUSDT:15:-1:0.02:0.025,legacy_zone,BTCUSDT,15,-1,0.02,0.025,evaluation,1,98,98,-0.0049863466777232,-0.2493173338861644,0.6361404993122874,0.3775510204081632,61,0.6224489795918368,37,0,0.0011022075438229,-0.0001295769077938,0.0010035119600615,15.216666666666669,381,-0.0019938013248121,-0.0029925453529110997,98,-0.0049863466777232,0.0
legacy_zone:BTCUSDT:15:-1:0.02:0.025,legacy_zone,BTCUSDT,15,-1,0.02,0.025,evaluation,2,98,98,-0.0059913507850163,-0.2995675392508191,0.5821992084879207,0.3775510204081632,61,0.6224489795918368,37,0,0.001102760027885,-0.000129641761101,0.0020080284365997,15.216666666666669,381,-0.0029958128149496,-0.0029955379700666997,98,-0.0059913507850163,0.0
legacy_zone:BTCUSDT:15:-1:0.03:0.03,legacy_zone,BTCUSDT,15,-1,0.03,0.03,evaluation,1,68,67,-0.0022844956516144,-0.0761498550538162,0.8569083394379021,0.4925373134328358,34,0.5074626865671642,33,1,0.0011007747488365,-0.0002249133454848,0.001000908180158,23.991666666666667,230,-0.0020742910994907,-0.00021020455212369992,67,-0.0022844956516144,0.0
legacy_zone:BTCUSDT:15:-1:0.03:0.03,legacy_zone,BTCUSDT,15,-1,0.03,0.03,evaluation,2,68,67,-0.0032868442231705,-0.1095614741056864,0.8005708573248378,0.4925373134328358,34,0.5074626865671642,33,1,0.0011013257993861,-0.0002250259147267,0.0020028182704065,23.991666666666667,230,-0.0030764267539444,-0.00021041746922609988,67,-0.0032868442231705,0.0
trend_pullback:BTCUSDT:60:1:0.02:0.025,trend_pullback,BTCUSDT,60,1,0.02,0.025,evaluation,1,33,33,0.0008091379174667,0.0404568958733352,1.0747175433753875,0.5151515151515151,16,0.4848484848484848,17,0,0.0011011985257371,0.0002688012606715,0.0010026804779427,39.86666666666667,352,-0.002562126906174,0.0033712648236407,51,0.0005473712377638,0.00026176667970289995
trend_pullback:BTCUSDT:60:1:0.02:0.025,trend_pullback,BTCUSDT,60,1,0.02,0.025,evaluation,2,33,33,-0.0001918556919734,-0.0095927845986746,0.9830267324906142,0.5151515151515151,16,0.4848484848484848,17,0,0.0011006476023976,0.0002686669943075,0.0020043592770864,39.86666666666667,352,-0.0035596849245974,0.003367829232624,51,-0.0004533714845444,0.00026151579257099997
trend_pullback:BTCUSDT:60:1:0.03:0.03,trend_pullback,BTCUSDT,60,1,0.03,0.03,evaluation,1,29,28,0.0053381793710005,0.1779393123666845,1.4544138560528956,0.6428571428571429,10,0.3571428571428571,18,1,0.0011037796402994,0.0004301142605131,0.0010073757611523,52.41666666666666,214,-0.0023839782514917,0.0077221576224922,37,0.0014890430682781,0.0038491363027223996
trend_pullback:BTCUSDT:60:1:0.03:0.03,trend_pullback,BTCUSDT,60,1,0.03,0.03,evaluation,2,29,28,0.0043325783246933,0.1444192774897781,1.357618130346962,0.6428571428571429,10,0.3571428571428571,18,1,0.001103226137134,0.0004298994182251,0.0020137451529129,52.41666666666666,214,-0.0033817626708498,0.0077143409955431,37,0.0004872744032468,0.0038453039214465003
shock_reversal:BTCUSDT:60:1:0.02:0.025,shock_reversal,BTCUSDT,60,1,0.02,0.025,evaluation,1,20,20,0.000249265590008,0.0124632795004014,1.022457079180151,0.5,10,0.5,10,0,0.0011008239005497,0.0001479115089425,0.0010019990004996,18.95833333333333,352,-0.002562126906174,0.0028113924961820002,51,0.0005473712377638,-0.0002981056477558
shock_reversal:BTCUSDT:60:1:0.02:0.025,shock_reversal,BTCUSDT,60,1,0.02,0.025,evaluation,2,20,20,-0.0007511079817152,-0.0375553990857626,0.935185661018766,0.5,10,0.5,10,0,0.0011002733516483,0.0001478376270699,0.0020029970029969,18.95833333333333,352,-0.0035596849245974,0.0028085769428822,51,-0.0004533714845444,-0.0002977364971708
shock_reversal:BTCUSDT:60:1:0.03:0.03,shock_reversal,BTCUSDT,60,1,0.03,0.03,evaluation,1,20,19,0.0017083214249941,0.0569440474998057,1.1268269348213675,0.5789473684210527,8,0.4210526315789473,11,1,0.0011017008022453,0.0002823454915832,0.0010035941648011,24.775,214,-0.0023839782514917,0.0040922996764858,37,0.0014890430682781,0.0002192783567160001
shock_reversal:BTCUSDT:60:1:0.03:0.03,shock_reversal,BTCUSDT,60,1,0.03,0.03,evaluation,2,20,19,0.0007064223088455,0.0235474102948502,1.0507985966588669,0.5789473684210527,8,0.4210526315789473,11,1,0.00110114937688,0.0002822044598691,0.0020061857380291,24.775,214,-0.0033817626708498,0.0040881849796953005,37,0.0004872744032468,0.00021914790559870003
funding_squeeze:BTCUSDT:60:1:0.02:0.025,funding_squeeze,BTCUSDT,60,1,0.02,0.025,evaluation,1,1,1,0.0228351695310826,1.1417584765541309,,1.0,0,0.0,1,0,0.0011131865317341,2.7156181061529185e-05,0.0010244877561216,12.316666666666666,352,-0.002562126906174,0.0253972964372566,51,0.0005473712377638,0.0222877982933188
funding_squeeze:BTCUSDT:60:1:0.02:0.025,funding_squeeze,BTCUSDT,60,1,0.02,0.025,evaluation,2,1,1,0.0218122817091388,1.090614085456941,,1.0,0,0.0,1,0,0.0011126236263736,2.7142616535524425e-05,0.0020479520479519,12.316666666666666,352,-0.0035596849245974,0.025371966633736198,51,-0.0004533714845444,0.022265653193683198
funding_squeeze:BTCUSDT:60:1:0.03:0.03,funding_squeeze,BTCUSDT,60,1,0.03,0.03,evaluation,1,1,1,0.0278094604389666,0.9269820146322229,,1.0,0,0.0,1,0,0.0011159337831084,4.512052055378091e-05,0.0010294852573711,20.566666666666663,214,-0.0023839782514917,0.0301934386904583,37,0.0014890430682781,0.0263204173706885
funding_squeeze:BTCUSDT:60:1:0.03:0.03,funding_squeeze,BTCUSDT,60,1,0.03,0.03,evaluation,2,1,1,0.0267815918273588,0.8927197275786272,,1.0,0,0.0,1,0,0.0011153681318681,4.509798283122658e-05,0.0020579420579418,20.566666666666663,214,-0.0033817626708498,0.0301633544982086,37,0.0004872744032468,0.026294317424112
compression_expansion:BTCUSDT:60:1:0.02:0.025,compression_expansion,BTCUSDT,60,1,0.02,0.025,evaluation,1,13,13,0.0018836897663166,0.0941844883158325,1.1840315550966234,0.5384615384615384,6,0.4615384615384615,7,0,0.0011017748721792,0.0002415756874949,0.0010037289047782,27.53333333333333,352,-0.002562126906174,0.0044458166724906,51,0.0005473712377638,0.0013363185285528
compression_expansion:BTCUSDT:60:1:0.02:0.025,compression_expansion,BTCUSDT,60,1,0.02,0.025,evaluation,2,13,13,0.0008816357542916,0.0440817877145848,1.0824957431293063,0.5384615384615384,6,0.4615384615384615,7,0,0.001101223372781,0.0002414550203183,0.002006455083378,27.53333333333333,352,-0.0035596849245974,0.004441320678889,51,-0.0004533714845444,0.001335007238836
compression_expansion:BTCUSDT:60:1:0.03:0.03,compression_expansion,BTCUSDT,60,1,0.03,0.03,evaluation,1,12,12,0.0024596666946647,0.0819888898221581,1.1825532342546008,0.5833333333333334,5,0.4166666666666667,7,0,0.0011021975262368,0.000433638027974,0.0010044977511243,62.141666666666666,214,-0.0023839782514917,0.0048436449461564,37,0.0014890430682781,0.0009706236263866
compression_expansion:BTCUSDT:60:1:0.03:0.03,compression_expansion,BTCUSDT,60,1,0.03,0.03,evaluation,2,12,12,0.00145694096205,0.0485646987350023,1.104989805765085,0.5833333333333334,5,0.4166666666666667,7,0,0.0011016456043956,0.0004334214255624,0.0020079920079918,62.141666666666666,214,-0.0033817626708498,0.0048387036328998,37,0.0004872744032468,0.0009696665588032001
learned_leaf:BTCUSDT:60:1:0.02:0.025,learned_leaf,BTCUSDT,60,1,0.02,0.025,evaluation,1,127,126,-0.0011382812782367,-0.0569140639118395,0.9027680842576012,0.4682539682539682,67,0.5317460317460317,59,1,0.0011000344349621,0.0001008558654123,0.0010005628904672,18.28333333333333,352,-0.002562126906174,0.0014238456279373,51,0.0005473712377638,-0.0016856525160005
learned_leaf:BTCUSDT:60:1:0.02:0.025,learned_leaf,BTCUSDT,60,1,0.02,0.025,evaluation,2,127,126,-0.0021372444679919,-0.1068622233995971,0.8252550670977901,0.4682539682539682,67,0.5317460317460317,59,1,0.0010994846751322,0.0001008054878571,0.0020001262176074,18.28333333333333,352,-0.0035596849245974,0.0014224404566055,51,-0.0004533714845444,-0.0016838729834475
learned_leaf:BTCUSDT:60:1:0.03:0.03,learned_leaf,BTCUSDT,60,1,0.03,0.03,evaluation,1,88,87,-0.0033696106923785,-0.1123203564126184,0.796897838655556,0.4827586206896552,45,0.5172413793103449,42,1,0.00109884536796,0.0001714343427675,0.0009983998689527,25.575,214,-0.0023839782514917,-0.0009856324408868,37,0.0014890430682781,-0.0048586537606565994
learned_leaf:BTCUSDT:60:1:0.03:0.03,learned_leaf,BTCUSDT,60,1,0.03,0.03,evaluation,2,88,87,-0.0043663789559684,-0.1455459651989485,0.7446104764963785,0.4827586206896552,45,0.5172413793103449,42,1,0.0010982967966035,0.0001713487112277,0.001995802335439,25.575,214,-0.0033817626708498,-0.0009846162851185995,37,0.0004872744032468,-0.0048536533592151996
clock_control:BTCUSDT:60:1:0.02:0.025,clock_control,BTCUSDT,60,1,0.02,0.025,evaluation,1,353,352,-0.002562126906174,-0.1281063453087027,0.7944726185687342,0.4375,198,0.5625,154,1,0.0010992706595648,0.0001367827281784,0.000999173513238,12.066666666666666,352,-0.002562126906174,0.0,51,0.0005473712377638,-0.0031094981439378
clock_control:BTCUSDT:60:1:0.02:0.025,clock_control,BTCUSDT,60,1,0.02,0.025,evaluation,2,353,352,-0.0035596849245974,-0.1779842462298723,0.7265451679284424,0.4375,198,0.5625,154,1,0.001098721663129,0.0001367144051374,0.0019973488511383,12.066666666666666,352,-0.0035596849245974,0.0,51,-0.0004533714845444,-0.003106313440053
clock_control:BTCUSDT:60:1:0.03:0.03,clock_control,BTCUSDT,60,1,0.03,0.03,evaluation,1,215,214,-0.0023839782514917,-0.0794659417163901,0.8522764925667724,0.5,107,0.5,107,1,0.0010994218998235,0.0002334651216884,0.0009994486330864,20.366666666666667,214,-0.0023839782514917,0.0,37,0.0014890430682781,-0.0038730213197698
clock_control:BTCUSDT:60:1:0.03:0.03,clock_control,BTCUSDT,60,1,0.03,0.03,evaluation,2,215,214,-0.0033817626708498,-0.1127254223616616,0.7965782852519385,0.5,107,0.5,107,1,0.0010988727522229,0.0002333485057435,0.0019978988159901,20.366666666666667,214,-0.0033817626708498,0.0,37,0.0004872744032468,-0.0038690370740966
legacy_zone:BTCUSDT:60:1:0.02:0.025,legacy_zone,BTCUSDT,60,1,0.02,0.025,evaluation,1,51,51,0.0005473712377638,0.0273685618881944,1.0497778700334557,0.5098039215686274,25,0.4901960784313725,26,0,0.0011010663050827,0.0002902989712492,0.0010024399564922,33.71666666666667,352,-0.002562126906174,0.0031094981439378,51,0.0005473712377638,0.0
legacy_zone:BTCUSDT:60:1:0.02:0.025,legacy_zone,BTCUSDT,60,1,0.02,0.025,evaluation,2,51,51,-0.0004533714845444,-0.0226685742272213,0.9604925549753032,0.5098039215686274,25,0.4901960784313725,26,0,0.0011005155138978,0.0002901539667681,0.0020038784744665,33.71666666666667,352,-0.0035596849245974,0.003106313440053,51,-0.0004533714845444,0.0
legacy_zone:BTCUSDT:60:1:0.03:0.03,legacy_zone,BTCUSDT,60,1,0.03,0.03,evaluation,1,37,37,0.0014890430682781,0.0496347689426055,1.105200793276509,0.5675675675675675,16,0.4324324324324324,21,0,0.0011016777759768,0.000459780931884,0.0010035522779149,31.25,214,-0.0023839782514917,0.0038730213197698,37,0.0014890430682781,0.0
legacy_zone:BTCUSDT:60:1:0.03:0.03,legacy_zone,BTCUSDT,60,1,0.03,0.03,evaluation,2,37,37,0.0004872744032468,0.0162424801082298,1.033437370277715,0.5675675675675675,16,0.4324324324324324,21,0,0.0011011263736263,0.0004595512710788,0.0020061020061018,31.25,214,-0.0033817626708498,0.0038690370740966,37,0.0004872744032468,0.0
trend_pullback:BTCUSDT:60:-1:0.02:0.025,trend_pullback,BTCUSDT,60,-1,0.02,0.025,evaluation,1,32,31,-0.0014445966608933,-0.0722298330446679,0.8761759996595865,0.4516129032258064,17,0.5483870967741935,14,1,0.0011002853967663,-0.0001745919473571,0.0010000188937645,16.333333333333332,338,-0.0018086429995817,0.00036404633868840006,85,-0.0029209832258159,0.0014763865649226001
trend_pullback:BTCUSDT:60:-1:0.02:0.025,trend_pullback,BTCUSDT,60,-1,0.02,0.025,evaluation,2,32,31,-0.002446079752167,-0.1223039876083544,0.7996572310376294,0.4516129032258064,17,0.5483870967741935,14,1,0.0011008359577188,-0.0001746793307141,0.0020010388074427,16.333333333333332,338,-0.0028104747063805,0.00036439495421349997,85,-0.0039239174987606,0.0014778377465936004
trend_pullback:BTCUSDT:60:-1:0.03:0.03,trend_pullback,BTCUSDT,60,-1,0.03,0.03,evaluation,1,29,28,-0.0015714571611423,-0.0523819053714106,0.8972606779706327,0.5,14,0.5,14,1,0.0011004478404779,-0.0003432460938052,0.0010003140983651,47.61666666666667,214,-0.0018156895223625,0.00024423236122019984,62,-0.0036875286712431,0.0021160715101008
trend_pullback:BTCUSDT:60:-1:0.03:0.03,trend_pullback,BTCUSDT,60,-1,0.03,0.03,evaluation,2,29,28,-0.0025731515035572,-0.0857717167852404,0.8370776197697812,0.5,14,0.5,14,1,0.0011009985639555,-0.0003434178886469,0.0020016295121442,47.61666666666667,214,-0.0028175734155167,0.0002444219119595,62,-0.0046912774369194,0.0021181259333622
shock_reversal:BTCUSDT:60:-1:0.02:0.025,shock_reversal,BTCUSDT,60,-1,0.02,0.025,evaluation,1,14,13,-0.0006066267916854,-0.0303313395842702,0.9446314704542308,0.4615384615384615,7,0.5384615384615384,6,1,0.0010998253397232,-0.0001756344084207,0.000999182844438,24.025,338,-0.0018086429995817,0.0012020162078963,85,-0.0029209832258159,0.0023143564341305
shock_reversal:BTCUSDT:60:-1:0.02:0.025,shock_reversal,BTCUSDT,60,-1,0.02,0.025,evaluation,2,14,13,-0.0016072720147067,-0.0803636007353377,0.8598369306025442,0.4615384615384615,7,0.5384615384615384,6,1,0.0011003754403883,-0.00017572231353,0.0019993658719036,24.025,338,-0.0028104747063805,0.0012032026916738,85,-0.0039239174987606,0.0023166454840539003
shock_reversal:BTCUSDT:60:-1:0.03:0.03,shock_reversal,BTCUSDT,60,-1,0.03,0.03,evaluation,1,12,11,0.00133790239545,0.0445967465150013,1.1009231933948167,0.5454545454545454,5,0.4545454545454545,6,1,0.0010987869333622,-0.0002311136238213,0.0009972957764066,28.891666666666666,214,-0.0018156895223625,0.0031535919178125,62,-0.0036875286712431,0.0050254310666931
shock_reversal:BTCUSDT:60:-1:0.03:0.03,shock_reversal,BTCUSDT,60,-1,0.03,0.03,evaluation,2,12,11,0.0003391749357183,0.0113058311906129,1.02478150097397,0.5454545454545454,5,0.4545454545454545,6,1,0.001099335995101,-0.0002312292963057,0.0019955898468839,28.891666666666666,214,-0.0028175734155167,0.003156748351235,62,-0.0046912774369194,0.0050304523726377
funding_squeeze:BTCUSDT:60:-1:0.02:0.025,funding_squeeze,BTCUSDT,60,-1,0.02,0.025,evaluation,1,32,32,-0.0091613745440182,-0.4580687272009123,0.41820971172645,0.28125,23,0.71875,9,0,0.0011045933787206,-0.0002948165085391,0.0010078476738368,18.433333333333334,338,-0.0018086429995817,-0.007352731544436501,85,-0.0029209832258159,-0.0062403913182023
funding_squeeze:BTCUSDT:60:-1:0.02:0.025,funding_squeeze,BTCUSDT,60,-1,0.02,0.025,evaluation,2,32,32,-0.0101706383896671,-0.5085319194833572,0.3829026673179446,0.28125,23,0.71875,9,0,0.0011051482498123,-0.0002949640643492,0.002016704204204,18.433333333333334,338,-0.0028104747063805,-0.0073601636832866,85,-0.0039239174987606,-0.0062467208909064995
funding_squeeze:BTCUSDT:60:-1:0.03:0.03,funding_squeeze,BTCUSDT,60,-1,0.03,0.03,evaluation,1,27,26,-0.0038198567881986,-0.1273285596066225,0.7694357293886268,0.4615384615384615,14,0.5384615384615384,12,1,0.00110178988826,-0.0005362753910543,0.001002752965808,42.31666666666667,214,-0.0018156895223625,-0.0020041672658361,62,-0.0036875286712431,-0.0001323281169555001
funding_squeeze:BTCUSDT:60:-1:0.03:0.03,funding_squeeze,BTCUSDT,60,-1,0.03,0.03,evaluation,2,27,26,-0.004823897170825,-0.1607965723608345,0.7185531064692832,0.4615384615384615,14,0.5384615384615384,12,1,0.0011023419544574,-0.000536543797156,0.0020065096883385,42.31666666666667,214,-0.0028175734155167,-0.0020063237553083,62,-0.0046912774369194,-0.00013261973390559997
compression_expansion:BTCUSDT:60:-1:0.02:0.025,compression_expansion,BTCUSDT,60,-1,0.02,0.025,evaluation,1,4,4,0.0119231755433399,0.5961587771669962,3.1549136101554294,0.75,1,0.25,3,0,0.0010929802088544,-0.00025289912388,0.0009867433716856,13.366666666666667,338,-0.0018086429995817,0.0137318185429216,85,-0.0029209832258159,0.014844158769155801
compression_expansion:BTCUSDT:60:-1:0.02:0.025,compression_expansion,BTCUSDT,60,-1,0.02,0.025,evaluation,2,4,4,0.0109350277645827,0.5467513882291378,2.8890817589976003,0.75,1,0.25,3,0,0.0010935234609609,-0.000253025700018,0.0019744744744743,13.366666666666667,338,-0.0028104747063805,0.013745502470963199,85,-0.0039239174987606,0.0148589452633433
compression_expansion:BTCUSDT:60:-1:0.03:0.03,compression_expansion,BTCUSDT,60,-1,0.03,0.03,evaluation,1,4,4,0.0134580093203516,0.4486003106783894,2.6829020294049166,0.75,1,0.25,3,0,0.0010922920210105,-0.0005357940877352,0.0009854927463731,63.45,214,-0.0018156895223625,0.015273698842714099,62,-0.0036875286712431,0.017145537991594698
compression_expansion:BTCUSDT:60:-1:0.03:0.03,compression_expansion,BTCUSDT,60,-1,0.03,0.03,evaluation,2,4,4,0.0124712556963879,0.4157085232129301,2.510767394922344,0.75,1,0.25,3,0,0.0010928345845845,-0.0005360622529443,0.0019719719719718,63.45,214,-0.0028175734155167,0.015288829111904599,62,-0.0046912774369194,0.0171625331333073
learned_leaf:BTCUSDT:60:-1:0.02:0.025,learned_leaf,BTCUSDT,60,-1,0.02,0.025,evaluation,1,285,284,-0.0017896804613349,-0.089484023066745,0.8522414155762844,0.4471830985915493,157,0.5528169014084507,127,1,0.0011004585510859,-0.0001445073369687,0.0010003335624658,13.566666666666666,338,-0.0018086429995817,1.8962538246799967e-05,85,-0.0029209832258159,0.001131302764481
learned_leaf:BTCUSDT:60:-1:0.02:0.025,learned_leaf,BTCUSDT,60,-1,0.02,0.025,evaluation,2,285,284,-0.0027914937668973,-0.1395746883448657,0.7797672959450613,0.4471830985915493,157,0.5528169014084507,127,1,0.0011010092852795,-0.0001445796629632,0.0020016684598292,13.566666666666666,338,-0.0028104747063805,1.898093948320004e-05,85,-0.0039239174987606,0.0011324237318633005
learned_leaf:BTCUSDT:60:-1:0.03:0.03,learned_leaf,BTCUSDT,60,-1,0.03,0.03,evaluation,1,172,171,-0.0026649967855755,-0.0888332261858517,0.8368965090857512,0.4853801169590643,88,0.5146198830409356,83,1,0.001100994866384,-0.0002448460518217,0.0010013081938739,21.641666666666666,214,-0.0018156895223625,-0.0008493072632129999,62,-0.0036875286712431,0.0010225318856676002
learned_leaf:BTCUSDT:60:-1:0.03:0.03,learned_leaf,BTCUSDT,60,-1,0.03,0.03,evaluation,2,172,171,-0.0036677360151599,-0.1222578671719977,0.7825535080817738,0.4853801169590643,88,0.5146198830409356,83,1,0.0011015461371614,-0.0002449685973931,0.0020036186982524,21.641666666666666,214,-0.0028175734155167,-0.0008501625996431999,62,-0.0046912774369194,0.0010235414217595
clock_control:BTCUSDT:60:-1:0.02:0.025,clock_control,BTCUSDT,60,-1,0.02,0.025,evaluation,1,339,338,-0.0018086429995817,-0.0904321499790878,0.8509548671806632,0.4467455621301775,187,0.5532544378698225,151,1,0.0011004683472172,-0.0001433657427052,0.0010003513647126,12.033333333333331,338,-0.0018086429995817,0.0,85,-0.0029209832258159,0.0011123402262342
clock_control:BTCUSDT:60:-1:0.02:0.025,clock_control,BTCUSDT,60,-1,0.02,0.025,evaluation,2,339,338,-0.0028104747063805,-0.1405237353190251,0.7786790923747726,0.4467455621301775,187,0.5532544378698225,151,1,0.0011010190912118,-0.0001434374973312,0.0020017040821427,12.033333333333331,338,-0.0028104747063805,0.0,85,-0.0039239174987606,0.0011134427923801004
clock_control:BTCUSDT:60:-1:0.03:0.03,clock_control,BTCUSDT,60,-1,0.03,0.03,evaluation,1,215,214,-0.0018156895223625,-0.060522984078753,0.8857377107862561,0.5,107,0.5,107,1,0.0011005218432916,-0.0002336383057296,0.0010004485816938,20.366666666666667,214,-0.0018156895223625,0.0,62,-0.0036875286712431,0.0018718391488806
clock_control:BTCUSDT:60:-1:0.03:0.03,clock_control,BTCUSDT,60,-1,0.03,0.03,evaluation,2,215,214,-0.0028175734155167,-0.0939191138505589,0.8282401323087154,0.5,107,0.5,107,1,0.001101072640809,-0.0002337552418185,0.0020018986134195,20.366666666666667,214,-0.0028175734155167,0.0,62,-0.0046912774369194,0.0018737040214026998
legacy_zone:BTCUSDT:60:-1:0.02:0.025,legacy_zone,BTCUSDT,60,-1,0.02,0.025,evaluation,1,85,85,-0.0029209832258159,-0.1460491612907972,0.7697726184125185,0.4235294117647059,49,0.5764705882352941,36,0,0.0011010684401024,-0.0001227035822938,0.0010014418974191,14.55,338,-0.0018086429995817,-0.0011123402262342,85,-0.0029209832258159,0.0
legacy_zone:BTCUSDT:60:-1:0.02:0.025,legacy_zone,BTCUSDT,60,-1,0.02,0.025,evaluation,2,85,85,-0.0039239174987606,-0.1961958749380304,0.7044476247445205,0.4235294117647059,49,0.5764705882352941,36,0,0.0011016197844903,-0.0001227649954982,0.0020038862391802,14.55,338,-0.0028104747063805,-0.0011134427923801004,85,-0.0039239174987606,0.0
legacy_zone:BTCUSDT:60:-1:0.03:0.03,legacy_zone,BTCUSDT,60,-1,0.03,0.03,evaluation,1,63,62,-0.0036875286712431,-0.1229176223747705,0.77966081506403,0.4677419354838709,33,0.532258064516129,29,1,0.0011015420993405,-0.0002178304109021,0.0010023026656498,27.78333333333333,214,-0.0018156895223625,-0.0018718391488806,62,-0.0036875286712431,0.0
legacy_zone:BTCUSDT:60:-1:0.03:0.03,legacy_zone,BTCUSDT,60,-1,0.03,0.03,evaluation,2,63,62,-0.0046912774369194,-0.1563759145639812,0.7284554402522954,0.4677419354838709,33,0.532258064516129,29,1,0.0011020939176249,-0.0002179394351318,0.0020056086372714,27.78333333333333,214,-0.0028175734155167,-0.0018737040214026998,62,-0.0046912774369194,0.0
trend_pullback:ETHUSDT:5:1:0.02:0.025,trend_pullback,ETHUSDT,5,1,0.02,0.025,evaluation,1,44,44,-0.0088390316034275,-0.4419515801713763,0.4326680625842485,0.2954545454545454,31,0.7045454545454546,13,0,0.0010957664605197,4.5920633344437294e-05,0.0009927990550178,10.491666666666667,1031,-0.0023005759876448,-0.0065384556157826994,118,-0.0023556048973472,-0.0064834267060803
trend_pullback:ETHUSDT:5:1:0.02:0.025,trend_pullback,ETHUSDT,5,1,0.02,0.025,evaluation,2,44,44,-0.0098302704198321,-0.4915135209916061,0.3957676940877826,0.2954545454545454,31,0.7045454545454546,13,0,0.0010952209665334,4.589769596514438e-05,0.001984606302788,10.491666666666667,1031,-0.0032983503453129,-0.0065319200745192,118,-0.0033533446559874,-0.0064769257638447
trend_pullback:ETHUSDT:5:1:0.03:0.03,trend_pullback,ETHUSDT,5,1,0.03,0.03,evaluation,1,40,40,-0.0142066069669252,-0.4735535655641747,0.3694536875304232,0.3,28,0.7,12,0,0.0010928568715642,0.0001262438484845,0.0009875062468764,19.375,576,-0.0024163203557086,-0.011790286611216599,78,-0.000741855799558,-0.0134647511673672
trend_pullback:ETHUSDT:5:1:0.03:0.03,trend_pullback,ETHUSDT,5,1,0.03,0.03,evaluation,2,40,40,-0.0151925210493593,-0.5064173683119784,0.3453811865125865,0.3,28,0.7,12,0,0.0010923142857142,0.0001261807896191,0.0019740259740258,19.375,576,-0.0034139974137676,-0.0117785236355917,78,-0.0017412542808692,-0.0134512667684901
shock_reversal:ETHUSDT:5:1:0.02:0.025,shock_reversal,ETHUSDT,5,1,0.02,0.025,evaluation,1,129,128,-0.0035501376055161,-0.1775068802758056,0.7248394935450139,0.4140625,75,0.5859375,53,1,0.0010986941841758,7.723283198574497e-05,0.0009981248518364,6.8,1031,-0.0023005759876448,-0.0012495616178712999,118,-0.0023556048973472,-0.0011945327081689001
shock_reversal:ETHUSDT:5:1:0.02:0.025,shock_reversal,ETHUSDT,5,1,0.02,0.025,evaluation,2,129,128,-0.0045466783315421,-0.2273339165771071,0.6626682906434042,0.4140625,75,0.5859375,53,1,0.0010981457639275,7.719425414759025e-05,0.0019952525759489,6.8,1031,-0.0032983503453129,-0.0012483279862292003,118,-0.0033533446559874,-0.0011933336755547003
shock_reversal:ETHUSDT:5:1:0.03:0.03,shock_reversal,ETHUSDT,5,1,0.03,0.03,evaluation,1,116,115,-0.0029930617904368,-0.099768726347896,0.8172461892471437,0.4869565217391304,59,0.5130434782608696,56,1,0.001099019389459,0.0001111141446316,0.0009987164299585,12.708333333333334,576,-0.0024163203557086,-0.0005767414347282,78,-0.000741855799558,-0.0022512059908788
shock_reversal:ETHUSDT:5:1:0.03:0.03,shock_reversal,ETHUSDT,5,1,0.03,0.03,evaluation,2,116,115,-0.0039901762548223,-0.1330058751607437,0.7635939186853368,0.4869565217391304,59,0.5130434782608696,56,1,0.0010984706441678,0.0001110586430609,0.0019964351412059,12.708333333333334,576,-0.0034139974137676,-0.0005761788410547004,78,-0.0017412542808692,-0.0022489219739531
funding_squeeze:ETHUSDT:5:1:0.02:0.025,funding_squeeze,ETHUSDT,5,1,0.02,0.025,evaluation,1,1,1,0.0228646127623609,1.143230638118049,,1.0,0,0.0,1,0,0.0011131865317341,-2.2870502170522105e-06,0.0010244877561218,8.3,1031,-0.0023005759876448,0.0251651887500057,118,-0.0023556048973472,0.0252202176597081
funding_squeeze:ETHUSDT:5:1:0.02:0.025,funding_squeeze,ETHUSDT,5,1,0.02,0.025,evaluation,2,1,1,0.0218417102335086,1.0920855116754336,,1.0,0,0.0,1,0,0.0011126236263736,-2.2859078343264103e-06,0.0020479520479519,8.3,1031,-0.0032983503453129,0.025140060578821503,118,-0.0033533446559874,0.025195054889496003
funding_squeeze:ETHUSDT:5:1:0.03:0.03,funding_squeeze,ETHUSDT,5,1,0.03,0.03,evaluation,1,1,1,0.0278568680097375,0.9285622669912504,,1.0,0,0.0,1,0,0.0011159337831084,-2.2870502170522105e-06,0.0010294852573711,8.3,576,-0.0024163203557086,0.0302731883654461,78,-0.000741855799558,0.028598723809295498
funding_squeeze:ETHUSDT:5:1:0.03:0.03,funding_squeeze,ETHUSDT,5,1,0.03,0.03,evaluation,2,1,1,0.0268289757180241,0.8942991906008049,,1.0,0,0.0,1,0,0.0011153681318681,-2.2859078343264103e-06,0.002057942057942,8.3,576,-0.0034139974137676,0.0302429731317917,78,-0.0017412542808692,0.0285702299988933
compression_expansion:ETHUSDT:5:1:0.02:0.025,compression_expansion,ETHUSDT,5,1,0.02,0.025,evaluation,1,22,22,-0.0038007229344339,-0.1900361467216972,0.7093316519708024,0.4090909090909091,13,0.5909090909090909,9,0,0.0010985761494252,0.0001133275582584,0.000997910135841,11.991666666666667,1031,-0.0023005759876448,-0.0015001469467890998,118,-0.0023556048973472,-0.0014451180370867
compression_expansion:ETHUSDT:5:1:0.02:0.025,compression_expansion,ETHUSDT,5,1,0.02,0.025,evaluation,2,22,22,-0.0047970312476081,-0.2398515623804062,0.6486642053694933,0.4090909090909091,13,0.5909090909090909,9,0,0.0010980278471528,0.0001132709510865,0.0019948233584596,11.991666666666667,1031,-0.0032983503453129,-0.0014986809022952,118,-0.0033533446559874,-0.0014436865916207
compression_expansion:ETHUSDT:5:1:0.03:0.03,compression_expansion,ETHUSDT,5,1,0.03,0.03,evaluation,1,21,21,-0.0036595360836543,-0.1219845361218111,0.7825640587354407,0.4761904761904761,11,0.5238095238095238,10,0,0.0010986653458984,0.0001342269168093,0.0009980723923751,15.516666666666667,576,-0.0024163203557086,-0.0012432157279457,78,-0.000741855799558,-0.0029176802840963
compression_expansion:ETHUSDT:5:1:0.03:0.03,compression_expansion,ETHUSDT,5,1,0.03,0.03,evaluation,2,21,21,-0.0046559959628761,-0.1551998654292047,0.7314485465712998,0.4761904761904761,11,0.5238095238095238,10,0,0.001098116954474,0.0001341598703973,0.0019951477094333,15.516666666666667,576,-0.0034139974137676,-0.0012419985491084998,78,-0.0017412542808692,-0.0029147416820068995
learned_leaf:ETHUSDT:5:1:0.02:0.025,learned_leaf,ETHUSDT,5,1,0.02,0.025,evaluation,1,199,198,-0.0021313808331409,-0.1065690416570463,0.8255657894705443,0.4444444444444444,110,0.5555555555555556,88,1,0.0010994530102125,3.7400936599602265e-05,0.0009995052257264,9.0,1031,-0.0023005759876448,0.00016919515450390015,118,-0.0023556048973472,0.00022422406420629986
learned_leaf:ETHUSDT:5:1:0.02:0.025,learned_leaf,ETHUSDT,5,1,0.02,0.025,evaluation,2,199,198,-0.0031293196916664,-0.1564659845833239,0.7548407264269886,0.4444444444444444,110,0.5555555555555556,88,1,0.001098903831517,3.738225481308898e-05,0.0019980119447339,9.0,1031,-0.0032983503453129,0.0001690306536464999,118,-0.0033533446559874,0.00022402496432099997
learned_leaf:ETHUSDT:5:1:0.03:0.03,learned_leaf,ETHUSDT,5,1,0.03,0.03,evaluation,1,143,143,-0.0023870977695281,-0.0795699256509399,0.8522852237133023,0.4965034965034965,72,0.5034965034965035,71,0,0.0010993350055741,7.868198965600958e-05,0.0009992905645078,14.666666666666666,576,-0.0024163203557086,2.9222586180500162e-05,78,-0.000741855799558,-0.0016452419699700999
learned_leaf:ETHUSDT:5:1:0.03:0.03,learned_leaf,ETHUSDT,5,1,0.03,0.03,evaluation,2,143,143,-0.003384801679321,-0.1128267226440355,0.7966788535885783,0.4965034965034965,72,0.5034965034965035,71,0,0.0010987859448244,7.864268796287473e-05,0.0019975828367435,14.666666666666666,576,-0.0034139974137676,2.919573444659998e-05,78,-0.0017412542808692,-0.0016435473984517997
clock_control:ETHUSDT:5:1:0.02:0.025,clock_control,ETHUSDT,5,1,0.02,0.025,evaluation,1,1032,1031,-0.0023005759876448,-0.1150287993822425,0.8137682593316135,0.4413191076624636,576,0.5586808923375364,455,1,0.0010993649752646,4.662058440849266e-05,0.0009993450821129,4.158333333333333,1031,-0.0023005759876448,0.0,118,-0.0023556048973472,5.5028909702399716e-05
clock_control:ETHUSDT:5:1:0.02:0.025,clock_control,ETHUSDT,5,1,0.02,0.025,evaluation,2,1032,1031,-0.0032983503453129,-0.164917517265645,0.7443158354902712,0.4413191076624636,576,0.5586808923375364,455,1,0.0010988158845601,4.6597297403293617e-05,0.0019976918174906,4.158333333333333,1031,-0.0032983503453129,0.0,118,-0.0033533446559874,5.4994310674500065e-05
clock_control:ETHUSDT:5:1:0.03:0.03,clock_control,ETHUSDT,5,1,0.03,0.03,evaluation,1,577,576,-0.0024163203557086,-0.0805440118569546,0.8505788093691756,0.4965277777777778,290,0.5034722222222222,286,1,0.0010993215176212,8.339451316545985e-05,0.0009992660286893,8.15,576,-0.0024163203557086,0.0,78,-0.000741855799558,-0.0016744645561506
clock_control:ETHUSDT:5:1:0.03:0.03,clock_control,ETHUSDT,5,1,0.03,0.03,evaluation,2,577,576,-0.0034139974137676,-0.1137999137922548,0.7950709731116269,0.4965277777777778,290,0.5034722222222222,286,1,0.0010987724703527,8.335285756447811e-05,0.0019975337896178,8.15,576,-0.0034139974137676,0.0,78,-0.0017412542808692,-0.0016727431328983997
legacy_zone:ETHUSDT:5:1:0.02:0.025,legacy_zone,ETHUSDT,5,1,0.02,0.025,evaluation,1,118,118,-0.0023556048973472,-0.1177802448673645,0.809775257261289,0.4406779661016949,66,0.559322033898305,52,0,0.0010993571476973,8.742538117323418e-05,0.0009993308430529,6.475,1031,-0.0023005759876448,-5.5028909702399716e-05,118,-0.0023556048973472,0.0
legacy_zone:ETHUSDT:5:1:0.02:0.025,legacy_zone,ETHUSDT,5,1,0.02,0.025,evaluation,2,118,118,-0.0033533446559874,-0.1676672327993714,0.7406592702465458,0.4406779661016949,66,0.559322033898305,52,0,0.0010988080648165,8.738171215166912e-05,0.0019976633535954,6.475,1031,-0.0032983503453129,-5.4994310674500065e-05,118,-0.0033533446559874,0.0
legacy_zone:ETHUSDT:5:1:0.03:0.03,legacy_zone,ETHUSDT,5,1,0.03,0.03,evaluation,1,78,78,-0.000741855799558,-0.0247285266519357,0.9514780049866046,0.5256410256410257,37,0.4743589743589743,41,0,0.0011002955829777,0.0001789838124747,0.001001037942567,15.633333333333333,576,-0.0024163203557086,0.0016744645561506,78,-0.000741855799558,0.0
legacy_zone:ETHUSDT:5:1:0.03:0.03,legacy_zone,ETHUSDT,5,1,0.03,0.03,evaluation,2,78,78,-0.0017412542808692,-0.0580418093623091,0.8894315785329908,0.5256410256410257,37,0.4743589743589743,41,0,0.0010997455621301,0.000178894409971,0.0020010758472295,15.633333333333333,576,-0.0034139974137676,0.0016727431328983997,78,-0.0017412542808692,0.0
trend_pullback:ETHUSDT:5:-1:0.02:0.025,trend_pullback,ETHUSDT,5,-1,0.02,0.025,evaluation,1,44,44,-0.0025667593573919,-0.128337967869598,0.7949311429611526,0.4318181818181818,25,0.5681818181818182,19,0,0.0011008630877938,-0.0001033542647599,0.0010010687161761,10.908333333333331,1042,-0.0018386739579447,-0.0007280853994472,183,-0.0058213606974192,0.0032546013400273
trend_pullback:ETHUSDT:5:-1:0.02:0.025,trend_pullback,ETHUSDT,5,-1,0.02,0.025,evaluation,2,44,44,-0.0035693295544267,-0.1784664777213388,0.7274754877917973,0.4318181818181818,25,0.5681818181818182,19,0,0.0011014142267267,-0.0001034059936211,0.0020031395031393,10.908333333333331,1042,-0.0028404868554852,-0.0007288426989414997,183,-0.0068271634633207,0.0032578339088940003
trend_pullback:ETHUSDT:5:-1:0.03:0.03,trend_pullback,ETHUSDT,5,-1,0.03,0.03,evaluation,1,40,40,-0.0034658664214323,-0.1155288807144105,0.7935803293423703,0.475,21,0.525,19,0,0.0011013761005502,-0.0001375106796181,0.0010020010005001,12.875,576,-0.0017828708090957,-0.0016829956123366,134,-0.0064740367397101,0.0030081703182778005
trend_pullback:ETHUSDT:5:-1:0.03:0.03,trend_pullback,ETHUSDT,5,-1,0.03,0.03,evaluation,2,40,40,-0.0044693532539755,-0.1489784417991863,0.7421359054752968,0.475,21,0.525,19,0,0.0011019277527527,-0.000137579503782,0.0020050050050049,12.875,576,-0.0027846467868869,-0.0016847064670886002,134,-0.007480507006572,0.0030111537525965
shock_reversal:ETHUSDT:5:-1:0.02:0.025,shock_reversal,ETHUSDT,5,-1,0.02,0.025,evaluation,1,139,139,-0.0019520308967687,-0.0976015448384373,0.8401174336350188,0.4460431654676259,77,0.5539568345323741,62,0,0.0011005106672041,-7.696559608189396e-05,0.0010004282716897,9.133333333333333,1042,-0.0018386739579447,-0.0001133569388240001,183,-0.0058213606974192,0.0038693298006505
shock_reversal:ETHUSDT:5:-1:0.02:0.025,shock_reversal,ETHUSDT,5,-1,0.02,0.025,evaluation,2,139,139,-0.0029539728631763,-0.1476986431588174,0.7687751179007047,0.4460431654676259,77,0.5539568345323741,62,0,0.0011010614535398,-7.700411740125428e-05,0.0020018579730808,9.133333333333333,1042,-0.0028404868554852,-0.00011348600769109981,183,-0.0068271634633207,0.0038731906001444
shock_reversal:ETHUSDT:5:-1:0.03:0.03,shock_reversal,ETHUSDT,5,-1,0.03,0.03,evaluation,1,124,123,0.0006857445666217,0.0228581522207252,1.0474267831478818,0.5447154471544715,56,0.4552845528455284,67,1,0.0010990856391525,-0.0001223559376162,0.0009978386064285,15.591666666666669,576,-0.0017828708090957,0.0024686153757174,134,-0.0064740367397101,0.007159781306331801
shock_reversal:ETHUSDT:5:-1:0.03:0.03,shock_reversal,ETHUSDT,5,-1,0.03,0.03,evaluation,2,124,123,-0.0003135809986368,-0.0104526999545613,0.9790010489883578,0.5447154471544715,56,0.4552845528455284,67,1,0.0010996349997466,-0.0001224171768242,0.001996676050301,15.591666666666669,576,-0.0027846467868869,0.0024710657882501,134,-0.007480507006572,0.0071669260079352
funding_squeeze:ETHUSDT:5:-1:0.02:0.025,funding_squeeze,ETHUSDT,5,-1,0.02,0.025,evaluation,1,53,53,-0.0024672531965893,-0.1233626598294655,0.8022165014203866,0.4339622641509434,30,0.5660377358490566,23,0,0.0011008099686635,-0.000106227069487,0.0010009721842052,8.983333333333333,1042,-0.0018386739579447,-0.0006285792386445999,183,-0.0058213606974192,0.0033541075008299
funding_squeeze:ETHUSDT:5:-1:0.02:0.025,funding_squeeze,ETHUSDT,5,-1,0.02,0.025,evaluation,2,53,53,-0.0034697252740386,-0.1734862637019323,0.7341824255863437,0.4339622641509434,30,0.5660377358490566,23,0,0.0011013610544506,-0.0001062802361884,0.0020029463425688,8.983333333333333,1042,-0.0028404868554852,-0.0006292384185533997,183,-0.0068271634633207,0.0033574381892821003
funding_squeeze:ETHUSDT:5:-1:0.03:0.03,funding_squeeze,ETHUSDT,5,-1,0.03,0.03,evaluation,1,50,50,-0.0055424159752506,-0.1847471991750202,0.6906485363232285,0.44,28,0.56,22,0,0.001102532256128,-0.0001642183319028,0.0010041020510254,13.416666666666666,576,-0.0017828708090957,-0.0037595451661549,134,-0.0064740367397101,0.0009316207644595002
funding_squeeze:ETHUSDT:5:-1:0.03:0.03,funding_squeeze,ETHUSDT,5,-1,0.03,0.03,evaluation,2,50,50,-0.006547993751014,-0.2182664583671334,0.6459430766512467,0.44,28,0.56,22,0,0.001103085065065,-0.0001643005232601,0.0020092092092091,13.416666666666666,576,-0.0027846467868869,-0.0037633469641271005,134,-0.007480507006572,0.0009325132555579995
compression_expansion:ETHUSDT:5:-1:0.02:0.025,compression_expansion,ETHUSDT,5,-1,0.02,0.025,evaluation,1,22,22,-0.0016077202768333,-0.0803860138416673,0.8664888400775551,0.4545454545454545,12,0.5454545454545454,10,0,0.0011003000250125,-3.807977091768925e-05,0.0010000454772839,10.458333333333334,1042,-0.0018386739579447,0.00023095368111140002,183,-0.0058213606974192,0.0042136404205859
compression_expansion:ETHUSDT:5:-1:0.02:0.025,compression_expansion,ETHUSDT,5,-1,0.02,0.025,evaluation,2,22,22,-0.0026092983172849,-0.1304649158642472,0.7929018587365112,0.4545454545454545,12,0.5454545454545454,10,0,0.0011008506006006,-3.809882986209249e-05,0.0020010920010918,10.458333333333334,1042,-0.0028404868554852,0.0002311885382003001,183,-0.0068271634633207,0.0042178651460358
compression_expansion:ETHUSDT:5:-1:0.03:0.03,compression_expansion,ETHUSDT,5,-1,0.03,0.03,evaluation,1,22,22,-0.0047426460641352,-0.1580882021378407,0.7284129316646979,0.4545454545454545,12,0.5454545454545454,10,0,0.0011020517758879,-8.990732619616038e-05,0.0010032288871707,13.508333333333333,576,-0.0017828708090957,-0.0029597752550395004,134,-0.0064740367397101,0.0017313906755749
compression_expansion:ETHUSDT:5:-1:0.03:0.03,compression_expansion,ETHUSDT,5,-1,0.03,0.03,evaluation,2,22,22,-0.0057473865139808,-0.1915795504660271,0.6811550077081252,0.4545454545454545,12,0.5454545454545454,10,0,0.0011026041041041,-8.995232485792022e-05,0.0020074620074619,13.508333333333333,576,-0.0027846467868869,-0.0029627397270939,134,-0.007480507006572,0.0017331204925912
learned_leaf:ETHUSDT:5:-1:0.02:0.025,learned_leaf,ETHUSDT,5,-1,0.02,0.025,evaluation,1,706,705,-0.0010998676903323,-0.0549933845166194,0.9067225276310916,0.4652482269503546,377,0.5347517730496454,328,1,0.0011000237329118,-4.330679143161321e-05,0.0009995433790592,4.391666666666667,1042,-0.0018386739579447,0.0007388062676124,183,-0.0058213606974192,0.0047214930070869
learned_leaf:ETHUSDT:5:-1:0.02:0.025,learned_leaf,ETHUSDT,5,-1,0.02,0.025,evaluation,2,706,705,-0.0021009402374015,-0.1050470118700775,0.829705953109199,0.4652482269503546,377,0.5347517730496454,328,1,0.0011005740320695,-4.332846650239981e-05,0.0020000873020415,4.391666666666667,1042,-0.0028404868554852,0.0007395466180837003,183,-0.0068271634633207,0.0047262232259192
learned_leaf:ETHUSDT:5:-1:0.03:0.03,learned_leaf,ETHUSDT,5,-1,0.03,0.03,evaluation,1,416,415,-0.0013356352450018,-0.0445211748333956,0.9146162263364126,0.5108433734939759,203,0.4891566265060241,212,1,0.0011001728131086,-7.874322015223809e-05,0.0009998142985026,8.133333333333333,576,-0.0017828708090957,0.0004472355640938999,134,-0.0064740367397101,0.0051384014947083
learned_leaf:ETHUSDT:5:-1:0.03:0.03,learned_leaf,ETHUSDT,5,-1,0.03,0.03,evaluation,2,416,415,-0.0023369613959096,-0.0778987131969889,0.855263874236576,0.5108433734939759,203,0.4891566265060241,212,1,0.0011007232614211,-7.87826311733353e-05,0.002000629412119,8.133333333333333,576,-0.0027846467868869,0.00044768539097729976,134,-0.007480507006572,0.0051435456106624
clock_control:ETHUSDT:5:-1:0.02:0.025,clock_control,ETHUSDT,5,-1,0.02,0.025,evaluation,1,1043,1042,-0.0018386739579447,-0.0919336978972378,0.8487097087274565,0.4491362763915547,574,0.5508637236084453,468,1,0.0011004311439529,-4.565528235947904e-05,0.0010002837562181,4.433333333333334,1042,-0.0018386739579447,0.0,183,-0.0058213606974192,0.0039826867394745
clock_control:ETHUSDT:5:-1:0.02:0.025,clock_control,ETHUSDT,5,-1,0.02,0.025,evaluation,2,1043,1042,-0.0028404868554852,-0.1420243427742643,0.7766169225490033,0.4491362763915547,574,0.5508637236084453,468,1,0.0011009818507256,-4.567813285115046e-05,0.0020015687974776,4.433333333333334,1042,-0.0028404868554852,0.0,183,-0.0068271634633207,0.0039866766078355004
clock_control:ETHUSDT:5:-1:0.03:0.03,clock_control,ETHUSDT,5,-1,0.03,0.03,evaluation,1,577,576,-0.0017828708090957,-0.059429026969858,0.8877478402968056,0.5034722222222222,286,0.4965277777777778,290,1,0.0011004212601241,-8.347794939674094e-05,0.0010002657946009,8.15,576,-0.0017828708090957,0.0,134,-0.0064740367397101,0.0046911659306144
clock_control:ETHUSDT:5:-1:0.03:0.03,clock_control,ETHUSDT,5,-1,0.03,0.03,evaluation,2,577,576,-0.0027846467868869,-0.0928215595628978,0.830145324155678,0.5034722222222222,286,0.4965277777777778,290,1,0.001100971957008,-8.351973015219478e-05,0.0020015328562636,8.15,576,-0.0027846467868869,0.0,134,-0.007480507006572,0.0046958602196851
legacy_zone:ETHUSDT:5:-1:0.02:0.025,legacy_zone,ETHUSDT,5,-1,0.02,0.025,evaluation,1,183,183,-0.0058213606974192,-0.2910680348709647,0.5874992232767156,0.360655737704918,117,0.639344262295082,66,0,0.0011026261204372,-5.602985441388926e-05,0.0010042726281172,5.466666666666667,1042,-0.0018386739579447,-0.0039826867394745,183,-0.0058213606974192,0.0
legacy_zone:ETHUSDT:5:-1:0.02:0.025,legacy_zone,ETHUSDT,5,-1,0.02,0.025,evaluation,2,183,183,-0.0068271634633207,-0.3413581731660393,0.5376371710599794,0.360655737704918,117,0.639344262295082,66,0,0.0011031790232855,-5.605789738406639e-05,0.0020095505341405,5.466666666666667,1042,-0.0028404868554852,-0.0039866766078355004,183,-0.0068271634633207,0.0
legacy_zone:ETHUSDT:5:-1:0.03:0.03,legacy_zone,ETHUSDT,5,-1,0.03,0.03,evaluation,1,135,134,-0.0064740367397101,-0.2158012246570056,0.6463261966393076,0.4253731343283582,77,0.5746268656716418,57,1,0.0011030008340592,-8.502602020949659e-05,0.0010049535851331,8.75,576,-0.0017828708090957,-0.0046911659306144,134,-0.0064740367397101,0.0
legacy_zone:ETHUSDT:5:-1:0.03:0.03,legacy_zone,ETHUSDT,5,-1,0.03,0.03,evaluation,2,135,134,-0.007480507006572,-0.2493502335524018,0.6042310398167826,0.4253731343283582,77,0.5746268656716418,57,1,0.0011035541118087,-8.506857577516701e-05,0.0020109131298111,8.75,576,-0.0027846467868869,-0.0046958602196851,134,-0.007480507006572,0.0
trend_pullback:ETHUSDT:15:1:0.02:0.025,trend_pullback,ETHUSDT,15,1,0.02,0.025,evaluation,1,35,35,-0.0067202555440504,-0.3360127772025207,0.5376214268162411,0.3428571428571428,23,0.6571428571428571,12,0,0.0010969385021774,5.69573645688187e-05,0.0009949311058755,8.833333333333334,966,-0.0021228164842045,-0.0045974390598459,109,-0.0023740361918224,-0.004346219352228
trend_pullback:ETHUSDT:15:1:0.02:0.025,trend_pullback,ETHUSDT,15,1,0.02,0.025,evaluation,2,35,35,-0.0077136175970824,-0.3856808798541244,0.4917481825970011,0.3428571428571428,23,0.6571428571428571,12,0,0.0010963918367346,5.6928914336766335e-05,0.0019888682745824,8.833333333333334,966,-0.0031207696855255,-0.0045928479115569,109,-0.0033717597575003,-0.004341857839582099
trend_pullback:ETHUSDT:15:1:0.03:0.03,trend_pullback,ETHUSDT,15,1,0.03,0.03,evaluation,1,32,32,-0.0097489247603598,-0.3249641586786611,0.5161851947846473,0.375,20,0.625,12,0,0.001095329397801,0.0001615913645578,0.0009920039980008,20.90833333333333,564,-0.0023042650902156,-0.0074446596701442,71,0.0006656936333595,-0.0104146183937193
trend_pullback:ETHUSDT:15:1:0.03:0.03,trend_pullback,ETHUSDT,15,1,0.03,0.03,evaluation,2,32,32,-0.0107393119732667,-0.3579770657755584,0.482569144211934,0.375,20,0.625,12,0,0.0010947843406593,0.0001615106495905,0.0019830169830168,20.90833333333333,564,-0.0033020548120362,-0.0074372571612304995,71,-0.0003351164632196,-0.0104041955100471
shock_reversal:ETHUSDT:15:1:0.02:0.025,shock_reversal,ETHUSDT,15,1,0.02,0.025,evaluation,1,44,44,-0.0016804198340015,-0.0840209917000768,0.8604300618191635,0.4545454545454545,24,0.5454545454545454,20,0,0.0010997000249875,3.531069538909665e-05,0.0009999545681703,5.908333333333333,966,-0.0021228164842045,0.0004423966502029998,109,-0.0023740361918224,0.0006936163578208998
shock_reversal:ETHUSDT:15:1:0.02:0.025,shock_reversal,ETHUSDT,15,1,0.02,0.025,evaluation,2,44,44,-0.0026788083832625,-0.1339404191631287,0.7869469502198791,0.4545454545454545,24,0.5454545454545454,20,0,0.0010991505994005,3.52930576791121e-05,0.0019989101807282,5.908333333333333,966,-0.0031207696855255,0.00044196130226300005,109,-0.0033717597575003,0.0006929513742378003
shock_reversal:ETHUSDT:15:1:0.03:0.03,shock_reversal,ETHUSDT,15,1,0.03,0.03,evaluation,1,44,43,-0.0094844990027468,-0.3161499667582298,0.5189678250760338,0.3720930232558139,27,0.627906976744186,16,1,0.001095438975644,9.628847079786048e-05,0.0009922033301086,13.466666666666669,564,-0.0023042650902156,-0.007180233912531199,71,0.0006656936333595,-0.0101501926361063
shock_reversal:ETHUSDT:15:1:0.03:0.03,shock_reversal,ETHUSDT,15,1,0.03,0.03,evaluation,2,44,43,-0.0104751178579335,-0.3491705952644507,0.4842627550163622,0.3720930232558139,27,0.627906976744186,16,1,0.0010948938089791,9.624037465860084e-05,0.0019834154480993,13.466666666666669,564,-0.0033020548120362,-0.007173063045897299,71,-0.0003351164632196,-0.0101400013947139
funding_squeeze:ETHUSDT:15:1:0.02:0.025,funding_squeeze,ETHUSDT,15,1,0.02,0.025,evaluation,1,1,1,0.0228646127623609,1.143230638118049,,1.0,0,0.0,1,0,0.0011131865317341,-2.2870502170522105e-06,0.0010244877561218,8.3,966,-0.0021228164842045,0.0249874292465654,109,-0.0023740361918224,0.0252386489541833
funding_squeeze:ETHUSDT:15:1:0.02:0.025,funding_squeeze,ETHUSDT,15,1,0.02,0.025,evaluation,2,1,1,0.0218417102335086,1.0920855116754336,,1.0,0,0.0,1,0,0.0011126236263736,-2.2859078343264103e-06,0.0020479520479519,8.3,966,-0.0031207696855255,0.0249624799190341,109,-0.0033717597575003,0.025213469991008902
funding_squeeze:ETHUSDT:15:1:0.03:0.03,funding_squeeze,ETHUSDT,15,1,0.03,0.03,evaluation,1,1,1,0.0278568680097375,0.9285622669912504,,1.0,0,0.0,1,0,0.0011159337831084,-2.2870502170522105e-06,0.0010294852573711,8.3,564,-0.0023042650902156,0.030161133099953098,71,0.0006656936333595,0.027191174376378
funding_squeeze:ETHUSDT:15:1:0.03:0.03,funding_squeeze,ETHUSDT,15,1,0.03,0.03,evaluation,2,1,1,0.0268289757180241,0.8942991906008049,,1.0,0,0.0,1,0,0.0011153681318681,-2.2859078343264103e-06,0.002057942057942,8.3,564,-0.0033020548120362,0.0301310305300603,71,-0.0003351164632196,0.0271640921812437
compression_expansion:ETHUSDT:15:1:0.02:0.025,compression_expansion,ETHUSDT,15,1,0.02,0.025,evaluation,1,7,7,0.0163189464441873,0.8159473222093694,6.15314708551354,0.8571428571428571,1,0.1428571428571428,6,0,0.0011096543513957,0.0001247653784727,0.0010180623973726,12.233333333333333,966,-0.0021228164842045,0.018441762928391798,109,-0.0023740361918224,0.0186929826360097
compression_expansion:ETHUSDT:15:1:0.02:0.025,compression_expansion,ETHUSDT,15,1,0.02,0.025,evaluation,2,7,7,0.0153025227874791,0.765126139373958,5.628014376621845,0.8571428571428571,1,0.1428571428571428,6,0,0.0011090949764521,0.0001247030581038,0.0020351077493933,12.233333333333333,966,-0.0031207696855255,0.0184232924730046,109,-0.0033717597575003,0.0186742825449794
compression_expansion:ETHUSDT:15:1:0.03:0.03,compression_expansion,ETHUSDT,15,1,0.03,0.03,evaluation,1,7,7,0.0191553881810347,0.6385129393678258,5.155698822573925,0.8571428571428571,1,0.1428571428571428,6,0,0.0011112242093239,0.0001410409258404,0.0010209181123722,23.5,564,-0.0023042650902156,0.0214596532712503,71,0.0006656936333595,0.0184896945476752
compression_expansion:ETHUSDT:15:1:0.03:0.03,compression_expansion,ETHUSDT,15,1,0.03,0.03,evaluation,2,7,7,0.0181361213609072,0.6045373786969072,4.819981328351403,0.8571428571428571,1,0.1428571428571428,6,0,0.0011106632653061,0.0001409704758275,0.0020408163265305,23.5,564,-0.0033020548120362,0.021438176172943402,71,-0.0003351164632196,0.018471237824126803
learned_leaf:ETHUSDT:15:1:0.02:0.025,learned_leaf,ETHUSDT,15,1,0.02,0.025,evaluation,1,199,199,-0.0020108507634236,-0.1005425381711805,0.8353242638158301,0.4472361809045226,110,0.5527638190954773,89,0,0.001099519301279,3.733378761508447e-05,0.0009996258152329,8.516666666666667,966,-0.0021228164842045,0.0001119657207808997,109,-0.0023740361918224,0.00036318542839879975
learned_leaf:ETHUSDT:15:1:0.02:0.025,learned_leaf,ETHUSDT,15,1,0.02,0.025,evaluation,2,199,199,-0.0030089100582696,-0.1504455029134836,0.7640360157873808,0.4472361809045226,110,0.5527638190954773,89,0,0.0010989700563255,3.7315139369522505e-05,0.001998253003278,8.516666666666667,966,-0.0031207696855255,0.00011185962725589974,109,-0.0033717597575003,0.0003628496992307
learned_leaf:ETHUSDT:15:1:0.03:0.03,learned_leaf,ETHUSDT,15,1,0.03,0.03,evaluation,1,144,144,-0.0013409164397569,-0.0446972146585652,0.9140464993785198,0.5138888888888888,70,0.4861111111111111,74,0,0.0010999081500916,7.400845624881207e-05,0.0010003331667498,13.95,564,-0.0023042650902156,0.0009633486504586999,71,0.0006656936333595,-0.0020066100731164
learned_leaf:ETHUSDT:15:1:0.03:0.03,learned_leaf,ETHUSDT,15,1,0.03,0.03,evaluation,2,144,144,-0.002339663671805,-0.0779887890601675,0.854417401046743,0.5138888888888888,70,0.4861111111111111,74,0,0.0010993585164835,7.397148898794854e-05,0.0019996669996668,13.95,564,-0.0033020548120362,0.0009623911402311999,71,-0.0003351164632196,-0.0020045472085854
clock_control:ETHUSDT:15:1:0.02:0.025,clock_control,ETHUSDT,15,1,0.02,0.025,evaluation,1,967,966,-0.0021228164842045,-0.1061408242102278,0.8268401225827646,0.4451345755693582,536,0.5548654244306418,430,1,0.0010994640876883,4.896637533911704e-05,0.000999525376667,4.366666666666666,966,-0.0021228164842045,0.0,109,-0.0023740361918224,0.00025121970761790005
clock_control:ETHUSDT:15:1:0.02:0.025,clock_control,ETHUSDT,15,1,0.02,0.025,evaluation,2,967,966,-0.0031207696855255,-0.1560384842762776,0.7562355041240116,0.4451345755693582,536,0.5548654244306418,430,1,0.0010989148979209,4.894191661017643e-05,0.0019980522264843,4.366666666666666,966,-0.0031207696855255,0.0,109,-0.0033717597575003,0.00025099007197480023
clock_control:ETHUSDT:15:1:0.03:0.03,clock_control,ETHUSDT,15,1,0.03,0.03,evaluation,1,565,564,-0.0023042650902156,-0.0768088363405208,0.8569273936871808,0.4982269503546099,283,0.50177304964539,281,1,0.0010993839132183,8.472339213358784e-05,0.000999379531981,8.666666666666666,564,-0.0023042650902156,0.0,71,0.0006656936333595,-0.0029699587235751
clock_control:ETHUSDT:15:1:0.03:0.03,clock_control,ETHUSDT,15,1,0.03,0.03,evaluation,2,565,564,-0.0033020548120362,-0.1100684937345422,0.8009870865009762,0.4982269503546099,283,0.50177304964539,281,1,0.0010988348035853,8.468107275689775e-05,0.0019977606828113,8.666666666666666,564,-0.0033020548120362,0.0,71,-0.0003351164632196,-0.0029669383488166
legacy_zone:ETHUSDT:15:1:0.02:0.025,legacy_zone,ETHUSDT,15,1,0.02,0.025,evaluation,1,109,109,-0.0023740361918224,-0.1187018095911248,0.8084861377985417,0.4403669724770642,61,0.5596330275229358,48,0,0.0010993494582983,9.188363965827802e-05,0.0009993168553336,6.716666666666667,966,-0.0021228164842045,-0.00025121970761790005,109,-0.0023740361918224,0.0
legacy_zone:ETHUSDT:15:1:0.02:0.025,legacy_zone,ETHUSDT,15,1,0.02,0.025,evaluation,2,109,109,-0.0033717597575003,-0.1685879878750175,0.7395007513262265,0.4403669724770642,61,0.5596330275229358,48,0,0.0010988003831031,9.183774373437276e-05,0.0019976353921306,6.716666666666667,966,-0.0031207696855255,-0.00025099007197480023,109,-0.0033717597575003,0.0
legacy_zone:ETHUSDT:15:1:0.03:0.03,legacy_zone,ETHUSDT,15,1,0.03,0.03,evaluation,1,71,71,0.0006656936333595,0.0221897877786523,1.045820535329949,0.5492957746478874,32,0.4507042253521127,39,0,0.0011010754094783,0.0001885209178156,0.0010024565182196,16.816666666666666,564,-0.0023042650902156,0.0029699587235751,71,0.0006656936333595,0.0
legacy_zone:ETHUSDT:15:1:0.03:0.03,legacy_zone,ETHUSDT,15,1,0.03,0.03,evaluation,2,71,71,-0.0003351164632196,-0.011170548773989,0.9776059456496408,0.5492957746478874,32,0.4507042253521127,39,0,0.0011005246091936,0.000188426751523,0.0020039115813762,16.816666666666666,564,-0.0033020548120362,0.0029669383488166,71,-0.0003351164632196,0.0
trend_pullback:ETHUSDT:15:-1:0.02:0.025,trend_pullback,ETHUSDT,15,-1,0.02,0.025,evaluation,1,42,42,0.001569600004517,0.0784800002258534,1.1497306468129005,0.5238095238095238,20,0.4761904761904761,22,0,0.0010985840241549,-9.3682492189385e-05,0.0009969270349459,5.883333333333334,973,-0.0019285366663464,0.0034981366708634,180,-0.0055577719623708,0.007127371966887799
trend_pullback:ETHUSDT:15:-1:0.02:0.025,trend_pullback,ETHUSDT,15,-1,0.02,0.025,evaluation,2,42,42,0.0005711730740174,0.0285586537008711,1.0520691653451797,0.5238095238095238,20,0.4761904761904761,22,0,0.0010991328828828,-9.372938032361396e-05,0.0019948519948518,5.883333333333334,973,-0.0029304408488092,0.0035016139228265996,180,-0.0065633073462358,0.0071344804202532
trend_pullback:ETHUSDT:15:-1:0.03:0.03,trend_pullback,ETHUSDT,15,-1,0.03,0.03,evaluation,1,37,37,-0.001149038387082,-0.0383012795694005,0.9261325463661524,0.5135135135135135,18,0.4864864864864865,19,0,0.0011001038830225,-0.0001399437188357,0.0009996890337059,16.766666666666666,564,-0.0018952767812986,0.0007462383942166001,131,-0.004987383801989,0.003838345414907
trend_pullback:ETHUSDT:15:-1:0.03:0.03,trend_pullback,ETHUSDT,15,-1,0.03,0.03,evaluation,2,37,37,-0.002150208447958,-0.0716736149319338,0.866092996720894,0.5135135135135135,18,0.4864864864864865,19,0,0.0011006542623704,-0.000140013760737,0.0020003787571353,16.766666666666666,564,-0.0028971658864539,0.0007469574384959001,131,-0.0059923639688325,0.0038421555208745
shock_reversal:ETHUSDT:15:-1:0.02:0.025,shock_reversal,ETHUSDT,15,-1,0.02,0.025,evaluation,1,41,41,-0.0066654074981687,-0.3332703749084389,0.5409692122338429,0.3414634146341463,27,0.6585365853658537,14,0,0.0011031016056808,-7.697716367424619e-05,0.0010051367146987,7.533333333333333,973,-0.0019285366663464,-0.0047368708318223,180,-0.0055577719623708,-0.0011076355357979
shock_reversal:ETHUSDT:15:-1:0.02:0.025,shock_reversal,ETHUSDT,15,-1,0.02,0.025,evaluation,2,41,41,-0.0076720652071878,-0.3836032603593921,0.4950485796055076,0.3414634146341463,27,0.6585365853658537,14,0,0.0011036549842525,-7.701569078319226e-05,0.002011279572255,7.533333333333333,973,-0.0029304408488092,-0.004741624358378601,180,-0.0065633073462358,-0.0011087578609520008
shock_reversal:ETHUSDT:15:-1:0.03:0.03,shock_reversal,ETHUSDT,15,-1,0.03,0.03,evaluation,1,40,40,-0.0095162260468186,-0.3172075348939555,0.524861173142149,0.375,25,0.625,15,0,0.0011046794022011,-9.645735738332872e-05,0.0010080040020008,12.058333333333334,564,-0.0018952767812986,-0.00762094926552,131,-0.004987383801989,-0.0045288422448296
shock_reversal:ETHUSDT:15:-1:0.03:0.03,shock_reversal,ETHUSDT,15,-1,0.03,0.03,evaluation,2,40,40,-0.0105257457420373,-0.3508581914012437,0.4908542706594359,0.375,25,0.625,15,0,0.0011052343593593,-9.650563433897604e-05,0.0020170170170169,12.058333333333334,564,-0.0028971658864539,-0.007628579855583399,131,-0.0059923639688325,-0.004533381773204799
funding_squeeze:ETHUSDT:15:-1:0.02:0.025,funding_squeeze,ETHUSDT,15,-1,0.02,0.025,evaluation,1,49,49,-0.0054864084680623,-0.2743204234031193,0.6066643125877542,0.3673469387755102,31,0.6326530612244898,18,0,0.0011024603475206,-8.941100800206639e-05,0.0010039713734417,7.516666666666667,973,-0.0019285366663464,-0.0035578718017159,180,-0.0055577719623708,7.136349430850002e-05
funding_squeeze:ETHUSDT:15:-1:0.02:0.025,funding_squeeze,ETHUSDT,15,-1,0.02,0.025,evaluation,2,49,49,-0.0064918928045921,-0.3245946402296075,0.555197981327301,0.3673469387755102,31,0.6326530612244898,18,0,0.001103013084513,-8.94557582563217e-05,0.0020089477232333,7.516666666666667,973,-0.0029304408488092,-0.0035614519557829005,180,-0.0065633073462358,7.141454164369919e-05
funding_squeeze:ETHUSDT:15:-1:0.03:0.03,funding_squeeze,ETHUSDT,15,-1,0.03,0.03,evaluation,1,43,43,-0.0054373402175901,-0.18124467391967,0.6954079666092207,0.4418604651162791,24,0.5581395348837209,19,0,0.0011024707993531,-0.0001574930420628,0.0010039903672765,13.55,564,-0.0018952767812986,-0.0035420634362915,131,-0.004987383801989,-0.00044995641560110003
funding_squeeze:ETHUSDT:15:-1:0.03:0.03,funding_squeeze,ETHUSDT,15,-1,0.03,0.03,evaluation,2,43,43,-0.0064428095023325,-0.2147603167444166,0.6503649320519548,0.4418604651162791,24,0.5581395348837209,19,0,0.0011030235468026,-0.0001575718674092,0.0020089857299158,13.55,564,-0.0028971658864539,-0.0035456436158786,131,-0.0059923639688325,-0.0004504455335000001
compression_expansion:ETHUSDT:15:-1:0.02:0.025,compression_expansion,ETHUSDT,15,-1,0.02,0.025,evaluation,1,8,8,0.0061548128987797,0.3077406449389854,1.7509100805023297,0.625,3,0.375,5,0,0.001096077054152,-0.0001182611385244,0.0009923711855926,13.041666666666666,973,-0.0019285366663464,0.0080833495651261,180,-0.0055577719623708,0.0117125848611505
compression_expansion:ETHUSDT:15:-1:0.02:0.025,compression_expansion,ETHUSDT,15,-1,0.02,0.025,evaluation,2,8,8,0.0051609611878932,0.2580480593946613,1.6015313241107136,0.625,3,0.375,5,0,0.0010966234046546,-0.0001183203282834,0.0019857357357355,13.041666666666666,973,-0.0029304408488092,0.008091402036702399,180,-0.0065633073462358,0.011724268534129
compression_expansion:ETHUSDT:15:-1:0.03:0.03,compression_expansion,ETHUSDT,15,-1,0.03,0.03,evaluation,1,8,8,0.0055798329932178,0.1859944331072628,1.466852975378484,0.625,3,0.375,5,0,0.001096421148074,-0.0001692506395409,0.000992996498249,18.758333333333333,564,-0.0018952767812986,0.0074751097745164,131,-0.004987383801989,0.0105672167952068
compression_expansion:ETHUSDT:15:-1:0.03:0.03,compression_expansion,ETHUSDT,15,-1,0.03,0.03,evaluation,2,8,8,0.004585380519741,0.1528460173247004,1.3716167331218043,0.625,3,0.375,5,0,0.0010969678428428,-0.0001693353495707,0.0019869869869868,18.758333333333333,564,-0.0028971658864539,0.0074825464061949,131,-0.0059923639688325,0.010577744488573501
learned_leaf:ETHUSDT:15:-1:0.02:0.025,learned_leaf,ETHUSDT,15,-1,0.02,0.025,evaluation,1,665,664,-0.0013149138300634,-0.0657456915031736,0.8893766148765282,0.4608433734939759,358,0.5391566265060241,306,1,0.0011001432459149,-4.567653401435723e-05,0.0009997605668346,4.816666666666666,973,-0.0019285366663464,0.000613622836283,180,-0.0055577719623708,0.0042428581323074
learned_leaf:ETHUSDT:15:-1:0.02:0.025,learned_leaf,ETHUSDT,15,-1,0.02,0.025,evaluation,2,665,664,-0.0023162027158287,-0.115810135791437,0.8137820779748904,0.4608433734939759,358,0.5391566265060241,306,1,0.0011006936646454,-4.569939514249255e-05,0.0020005218949975,4.816666666666666,973,-0.0029304408488092,0.0006142381329804999,180,-0.0065633073462358,0.0042471046304071
learned_leaf:ETHUSDT:15:-1:0.03:0.03,learned_leaf,ETHUSDT,15,-1,0.03,0.03,evaluation,1,399,398,-0.0009431414511191,-0.0314380483706392,0.938844109575905,0.5175879396984925,192,0.4824120603015075,206,1,0.0010999593791682,-8.296187035807125e-05,0.0009994264307268,7.983333333333333,564,-0.0018952767812986,0.0009521353301795001,131,-0.004987383801989,0.0040442423508699
learned_leaf:ETHUSDT:15:-1:0.03:0.03,learned_leaf,ETHUSDT,15,-1,0.03,0.03,evaluation,2,399,398,-0.0019440770210177,-0.064802567367258,0.8778735312509517,0.5175879396984925,192,0.4824120603015075,206,1,0.0011005096139399,-8.300339281570792e-05,0.0019998532883113,7.983333333333333,564,-0.0028971658864539,0.0009530888654362001,131,-0.0059923639688325,0.0040482869478148005
clock_control:ETHUSDT:15:-1:0.02:0.025,clock_control,ETHUSDT,15,-1,0.02,0.025,evaluation,1,974,973,-0.0019285366663464,-0.0964268333173219,0.8418721652653446,0.447070914696814,538,0.5529290853031861,435,1,0.0011004820553771,-4.840971116830617e-05,0.0010003762761839,4.641666666666667,973,-0.0019285366663464,0.0,180,-0.0055577719623708,0.0036292352960244
clock_control:ETHUSDT:15:-1:0.02:0.025,clock_control,ETHUSDT,15,-1,0.02,0.025,evaluation,2,974,973,-0.0029304408488092,-0.1465220424404631,0.7703526281266169,0.447070914696814,538,0.5529290853031861,435,1,0.0011010328130867,-4.843394025297499e-05,0.0020017539300218,4.641666666666667,973,-0.0029304408488092,0.0,180,-0.0065633073462358,0.0036328664974265997
clock_control:ETHUSDT:15:-1:0.03:0.03,clock_control,ETHUSDT,15,-1,0.03,0.03,evaluation,1,565,564,-0.0018952767812986,-0.0631758927099546,0.881072095133911,0.50177304964539,281,0.4982269503546099,283,1,0.0011004837806372,-8.480815790860894e-05,0.0010003794114527,8.666666666666666,564,-0.0018952767812986,0.0,131,-0.004987383801989,0.0030921070206904
clock_control:ETHUSDT:15:-1:0.03:0.03,clock_control,ETHUSDT,15,-1,0.03,0.03,evaluation,2,565,564,-0.0028971658864539,-0.0965721962151329,0.8238766540788911,0.50177304964539,281,0.4982269503546099,283,1,0.0011010345400729,-8.485060443408872e-05,0.0020017602036978,8.666666666666666,564,-0.0028971658864539,0.0,131,-0.0059923639688325,0.0030951980823786
legacy_zone:ETHUSDT:15:-1:0.02:0.025,legacy_zone,ETHUSDT,15,-1,0.02,0.025,evaluation,1,180,180,-0.0055577719623708,-0.2778885981185409,0.6025184560194724,0.3666666666666666,114,0.6333333333333333,66,0,0.0011024772011005,-4.8707239730134696e-05,0.0010040020010003,5.3,973,-0.0019285366663464,-0.0036292352960244,180,-0.0055577719623708,0.0
legacy_zone:ETHUSDT:15:-1:0.02:0.025,legacy_zone,ETHUSDT,15,-1,0.02,0.025,evaluation,2,180,180,-0.0065633073462358,-0.3281653673117934,0.5513732969981104,0.3666666666666666,114,0.6333333333333333,66,0,0.0011030299549549,-4.873161772799762e-05,0.0020090090090089,5.3,973,-0.0029304408488092,-0.0036328664974265997,180,-0.0065633073462358,0.0
legacy_zone:ETHUSDT:15:-1:0.03:0.03,legacy_zone,ETHUSDT,15,-1,0.03,0.03,evaluation,1,132,131,-0.004987383801989,-0.1662461267329673,0.7151255856572929,0.4503816793893129,72,0.549618320610687,59,1,0.0011021806531424,-7.962074651902982e-05,0.001003463092349,9.15,564,-0.0018952767812986,-0.0030921070206904,131,-0.004987383801989,0.0
legacy_zone:ETHUSDT:15:-1:0.03:0.03,legacy_zone,ETHUSDT,15,-1,0.03,0.03,evaluation,2,132,131,-0.0059923639688325,-0.1997454656277532,0.6685245428909399,0.4503816793893129,72,0.549618320610687,59,1,0.0011027331103004,-7.966059674251283e-05,0.0020079306522581,9.15,564,-0.0028971658864539,-0.0030951980823786,131,-0.0059923639688325,0.0
trend_pullback:ETHUSDT:60:1:0.02:0.025,trend_pullback,ETHUSDT,60,1,0.02,0.025,evaluation,1,35,35,-0.0093013936617366,-0.46506968308683,0.4120186513258805,0.2857142857142857,25,0.7142857142857143,10,0,0.0010955256300421,7.064992646144038e-05,0.0009923609623758,8.966666666666667,857,-0.0016754897013085,-0.0076259039604281,90,0.0003017952867162,-0.0096031889484528
trend_pullback:ETHUSDT:60:1:0.02:0.025,trend_pullback,ETHUSDT,60,1,0.02,0.025,evaluation,2,35,35,-0.0102921827115701,-0.5146091355785091,0.3769011682937364,0.2857142857142857,25,0.7142857142857143,10,0,0.001094980376766,7.061463678788322e-05,0.001983730555159,8.966666666666667,857,-0.0026738912104471,-0.007618291501123,90,-0.0006986045236167,-0.0095935781879534
trend_pullback:ETHUSDT:60:1:0.03:0.03,trend_pullback,ETHUSDT,60,1,0.03,0.03,evaluation,1,32,31,-0.0069738499032207,-0.2324616634406923,0.6164593002136881,0.4193548387096774,18,0.5806451612903226,13,1,0.0010968901735663,0.000222729850381,0.0009948431917164,22.291666666666668,518,-0.0019686677063798,-0.0050051821968409,63,0.0019981003309942,-0.0089719502342149
trend_pullback:ETHUSDT:60:1:0.03:0.03,trend_pullback,ETHUSDT,60,1,0.03,0.03,evaluation,2,32,31,-0.0079670413747851,-0.2655680458261711,0.5752832104819807,0.4193548387096774,18,0.5806451612903226,13,1,0.001096343556428,0.0002226185967095,0.0019886925340906,22.291666666666668,518,-0.0029667937592228,-0.0050002476155623,63,0.0009959617408474,-0.0089630031156325
shock_reversal:ETHUSDT:60:1:0.02:0.025,shock_reversal,ETHUSDT,60,1,0.02,0.025,evaluation,1,15,15,0.0048618430789857,0.2430921539492885,1.5503993100358762,0.6,6,0.4,9,0,0.0011032964267866,2.8363742603529487e-05,0.001006496751624,7.933333333333334,857,-0.0016754897013085,0.006537332780294201,90,0.0003017952867162,0.0045600477922695
shock_reversal:ETHUSDT:60:1:0.02:0.025,shock_reversal,ETHUSDT,60,1,0.02,0.025,evaluation,2,15,15,0.0038569190065187,0.1928459503259355,1.41811704898501,0.6,6,0.4,9,0,0.0011027434065934,2.8349574899931323e-05,0.0020119880119878,7.933333333333334,857,-0.0026738912104471,0.0065308102169658,90,-0.0006986045236167,0.0045555235301354
shock_reversal:ETHUSDT:60:1:0.03:0.03,shock_reversal,ETHUSDT,60,1,0.03,0.03,evaluation,1,15,15,0.0078408162447791,0.2613605414926383,1.7336624265369194,0.6666666666666666,5,0.3333333333333333,10,0,0.0011049447776111,4.4743725235985e-05,0.0010094952523736,9.283333333333331,518,-0.0019686677063798,0.0098094839511589,63,0.0019981003309942,0.0058427159137849
shock_reversal:ETHUSDT:60:1:0.03:0.03,shock_reversal,ETHUSDT,60,1,0.03,0.03,evaluation,2,15,15,0.006832906496405,0.2277635498801692,1.620614994783703,0.6666666666666666,5,0.3333333333333333,10,0,0.0011043901098901,4.472137572288011e-05,0.0020179820179819,9.283333333333331,518,-0.0029667937592228,0.0097997002556278,63,0.0009959617408474,0.0058369447555576
funding_squeeze:ETHUSDT:60:1:0.02:0.025,funding_squeeze,ETHUSDT,60,1,0.02,0.025,evaluation,1,1,1,0.0228646116757401,1.1432305837870085,,1.0,0,0.0,1,0,0.0011131865317341,-2.285963596245387e-06,0.0010244877561218,7.8,857,-0.0016754897013085,0.0245401013770486,90,0.0003017952867162,0.0225628163890239
funding_squeeze:ETHUSDT:60:1:0.02:0.025,funding_squeeze,ETHUSDT,60,1,0.02,0.025,evaluation,2,1,1,0.0218417091474306,1.0920854573715315,,1.0,0,0.0,1,0,0.0011126236263736,-2.2848217562872224e-06,0.0020479520479519,7.8,857,-0.0026738912104471,0.024515600357877698,90,-0.0006986045236167,0.0225403136710473
funding_squeeze:ETHUSDT:60:1:0.03:0.03,funding_squeeze,ETHUSDT,60,1,0.03,0.03,evaluation,1,1,1,0.0278568669231164,0.9285622307705494,,1.0,0,0.0,1,0,0.0011159337831084,-2.285963596245387e-06,0.0010294852573713,7.816666666666666,518,-0.0019686677063798,0.0298255346294962,63,0.0019981003309942,0.0258587665921222
funding_squeeze:ETHUSDT:60:1:0.03:0.03,funding_squeeze,ETHUSDT,60,1,0.03,0.03,evaluation,2,1,1,0.0268289746319461,0.8942991543982035,,1.0,0,0.0,1,0,0.0011153681318681,-2.2848217562872224e-06,0.002057942057942,7.816666666666666,518,-0.0029667937592228,0.029795768391168903,63,0.0009959617408474,0.0258330128910987
compression_expansion:ETHUSDT:60:1:0.02:0.025,compression_expansion,ETHUSDT,60,1,0.02,0.025,evaluation,1,6,6,0.0002225750022428,0.0111287501121404,1.020087159254596,0.5,3,0.5,3,0,0.0011008239005497,0.0001746020967077,0.0010019990004996,24.966666666666665,857,-0.0016754897013085,0.0018980647035513,90,0.0003017952867162,-7.922028447339999e-05
compression_expansion:ETHUSDT:60:1:0.02:0.025,compression_expansion,ETHUSDT,60,1,0.02,0.025,evaluation,2,6,6,-0.0007777852375185,-0.0388892618759266,0.9327724120122114,0.5,3,0.5,3,0,0.0011002733516483,0.0001745148828732,0.0020029970029968,24.966666666666665,857,-0.0026738912104471,0.0018961059729286,90,-0.0006986045236167,-7.918071390179996e-05
compression_expansion:ETHUSDT:60:1:0.03:0.03,compression_expansion,ETHUSDT,60,1,0.03,0.03,evaluation,1,6,6,-0.0022955337255969,-0.0765177908532308,0.8572225746944854,0.5,3,0.5,3,0,0.0010994502748625,0.0001965832008593,0.0009995002498749,33.25833333333333,518,-0.0019686677063798,-0.0003268660192171,63,0.0019981003309942,-0.0042936340565911
compression_expansion:ETHUSDT:60:1:0.03:0.03,compression_expansion,ETHUSDT,60,1,0.03,0.03,evaluation,2,6,6,-0.0032933881043554,-0.109779603478514,0.8011441897642861,0.5,3,0.5,3,0,0.001098901098901,0.0001964850074523,0.0019980019980019,33.25833333333333,518,-0.0029667937592228,-0.00032659434513259995,63,0.0009959617408474,-0.0042893498452028
learned_leaf:ETHUSDT:60:1:0.02:0.025,learned_leaf,ETHUSDT,60,1,0.02,0.025,evaluation,1,183,182,-0.0006284939605629,-0.0314246980281478,0.9451991867131964,0.478021978021978,95,0.521978021978022,87,1,0.001100281561442,4.014229374594937e-05,0.0010010124361125,9.45,857,-0.0016754897013085,0.0010469957407456,90,0.0003017952867162,-0.0009302892472790999
learned_leaf:ETHUSDT:60:1:0.02:0.025,learned_leaf,ETHUSDT,60,1,0.02,0.025,evaluation,2,183,182,-0.0016279363263231,-0.0813968163161568,0.8641332207104511,0.478021978021978,95,0.521978021978022,87,1,0.001099731554609,4.0122242650172165e-05,0.0020010248598015,9.45,857,-0.0026738912104471,0.0010459548841240001,90,-0.0006986045236167,-0.0009293318027064
learned_leaf:ETHUSDT:60:1:0.03:0.03,learned_leaf,ETHUSDT,60,1,0.03,0.03,evaluation,1,129,129,-0.0010206512260875,-0.034021707536251,0.9338422793700066,0.5193798449612403,62,0.4806201550387597,67,0,0.001100089170531,8.269029376310585e-05,0.0010006624594678,14.916666666666666,518,-0.0019686677063798,0.0009480164802923,63,0.0019981003309942,-0.0030187515570817003
learned_leaf:ETHUSDT:60:1:0.03:0.03,learned_leaf,ETHUSDT,60,1,0.03,0.03,evaluation,2,129,129,-0.0020197229043775,-0.0673240968125864,0.8729157029370165,0.5193798449612403,62,0.4806201550387597,67,0,0.0010995393559928,8.264898992006733e-05,0.002000325256139,14.916666666666666,518,-0.0029667937592228,0.0009470708548453004,63,0.0009959617408474,-0.0030156846452249
clock_control:ETHUSDT:60:1:0.02:0.025,clock_control,ETHUSDT,60,1,0.02,0.025,evaluation,1,858,857,-0.0016754897013085,-0.0837744850654275,0.8607915758061124,0.455075845974329,467,0.544924154025671,390,1,0.0010997115783372,5.1375099851765625e-05,0.0009999755847691,5.241666666666666,857,-0.0016754897013085,0.0,90,0.0003017952867162,-0.0019772849880247
clock_control:ETHUSDT:60:1:0.02:0.025,clock_control,ETHUSDT,60,1,0.02,0.025,evaluation,2,858,857,-0.0026738912104471,-0.1336945605223566,0.7872680496432064,0.455075845974329,467,0.544924154025671,390,1,0.0010991621412027,5.134943796372779e-05,0.0019989521929302,5.241666666666666,857,-0.0026738912104471,0.0,90,-0.0006986045236167,-0.0019752866868304
clock_control:ETHUSDT:60:1:0.03:0.03,clock_control,ETHUSDT,60,1,0.03,0.03,evaluation,1,519,518,-0.0019686677063798,-0.0656222568793288,0.8763901555322617,0.5038610038610039,257,0.4961389961389961,261,1,0.0010995695852027,8.652576263093734e-05,0.0009997172862844,9.533333333333331,518,-0.0019686677063798,0.0,63,0.0019981003309942,-0.0039667680373740005
clock_control:ETHUSDT:60:1:0.03:0.03,clock_control,ETHUSDT,60,1,0.03,0.03,evaluation,2,519,518,-0.0029667937592228,-0.0988931253074281,0.8191828198906382,0.5038610038610039,257,0.4961389961389961,261,1,0.0010990202899905,8.648254296928354e-05,0.0019984358540013,9.533333333333331,518,-0.0029667937592228,0.0,63,0.0009959617408474,-0.003962755500070201
legacy_zone:ETHUSDT:60:1:0.02:0.025,legacy_zone,ETHUSDT,60,1,0.02,0.025,evaluation,1,90,90,0.0003017952867162,0.0150897643358147,1.0272568130866555,0.5,45,0.5,45,0,0.0011008239005497,9.53818122342958e-05,0.0010019990004996,8.433333333333334,857,-0.0016754897013085,0.0019772849880247,90,0.0003017952867162,0.0
legacy_zone:ETHUSDT:60:1:0.02:0.025,legacy_zone,ETHUSDT,60,1,0.02,0.025,evaluation,2,90,90,-0.0006986045236167,-0.034930226180836,0.9395736988433584,0.5,45,0.5,45,0,0.0011002733516483,9.53341689714415e-05,0.0020029970029968,8.433333333333334,857,-0.0026738912104471,0.0019752866868304,90,-0.0006986045236167,0.0
legacy_zone:ETHUSDT:60:1:0.03:0.03,legacy_zone,ETHUSDT,60,1,0.03,0.03,evaluation,1,63,63,0.0019981003309942,0.0666033443664745,1.1447118249432484,0.5714285714285714,27,0.4285714285714285,36,0,0.0011018050617548,0.0001820250705908,0.0010037838223743,19.83333333333333,518,-0.0019686677063798,0.0039667680373740005,63,0.0019981003309942,0.0
legacy_zone:ETHUSDT:60:1:0.03:0.03,legacy_zone,ETHUSDT,60,1,0.03,0.03,evaluation,2,63,63,0.0009959617408474,0.0331987246949141,1.0700283185715438,0.5714285714285714,27,0.4285714285714285,36,0,0.0011012535321821,0.0001819341489771,0.0020065648637076,19.83333333333333,518,-0.0029667937592228,0.003962755500070201,63,0.0009959617408474,0.0
trend_pullback:ETHUSDT:60:-1:0.02:0.025,trend_pullback,ETHUSDT,60,-1,0.02,0.025,evaluation,1,36,36,0.0029586982685249,0.1479349134262485,1.302101750079576,0.5555555555555556,16,0.4444444444444444,20,0,0.0010977975237618,-5.199354116120969e-05,0.0009954977488743,7.083333333333333,881,-0.0022308128931455,0.0051895111616704,136,-0.006177764595106,0.0091364628636309
trend_pullback:ETHUSDT:60:-1:0.02:0.025,trend_pullback,ETHUSDT,60,-1,0.02,0.025,evaluation,2,36,36,0.0019616819763671,0.0980840988183554,1.1914217636694788,0.5555555555555556,16,0.4444444444444444,20,0,0.0010983455955955,-5.201956395458368e-05,0.0019919919919918,7.083333333333333,881,-0.0032330201486733,0.0051947021250404,136,-0.007183919588279,0.0091456015646461
trend_pullback:ETHUSDT:60:-1:0.03:0.03,trend_pullback,ETHUSDT,60,-1,0.03,0.03,evaluation,1,28,28,-0.0019992378608646,-0.0666412620288218,0.8751503526966922,0.5,14,0.5,14,0,0.0011005502751375,-0.0001018126643978,0.0010005002501249,14.25,518,-0.002231919924077,0.00023268206321239984,105,-0.0057414722705971,0.0037422344097325
trend_pullback:ETHUSDT:60:-1:0.03:0.03,trend_pullback,ETHUSDT,60,-1,0.03,0.03,evaluation,2,28,28,-0.0030012394814156,-0.100041316047188,0.8184279222057764,0.5,14,0.5,14,0,0.0011011011011011,-0.0001018636216873,0.0020020020020018,14.25,518,-0.0032341467430367,0.0002329072616211003,105,-0.0067472069056532,0.0037459674242376006
shock_reversal:ETHUSDT:60:-1:0.02:0.025,shock_reversal,ETHUSDT,60,-1,0.02,0.025,evaluation,1,12,12,-0.0032953741415556,-0.1647687070777823,0.743938131957563,0.4166666666666667,7,0.5833333333333334,5,0,0.0011012384629814,-5.761519686348096e-05,0.0010017508754376,5.0,881,-0.0022308128931455,-0.0010645612484101,136,-0.006177764595106,0.0028823904535504
shock_reversal:ETHUSDT:60:-1:0.02:0.025,shock_reversal,ETHUSDT,60,-1,0.02,0.025,evaluation,2,12,12,-0.0042986504486835,-0.2149325224341751,0.68076908487137,0.4166666666666667,7,0.5833333333333334,5,0,0.0011017899774774,-5.7644033298347565e-05,0.0020045045045043,5.0,881,-0.0032330201486733,-0.0010656303000102004,136,-0.007183919588279,0.0028852691395954994
shock_reversal:ETHUSDT:60:-1:0.03:0.03,shock_reversal,ETHUSDT,60,-1,0.03,0.03,evaluation,1,12,12,0.0030429047912602,0.1014301597086764,1.2280119720773417,0.5833333333333334,5,0.4166666666666667,7,0,0.0010977975237618,-0.0001362000638965,0.0009954977488743,13.366666666666667,518,-0.002231919924077,0.0052748247153372,105,-0.0057414722705971,0.0087843770618573
shock_reversal:ETHUSDT:60:-1:0.03:0.03,shock_reversal,ETHUSDT,60,-1,0.03,0.03,evaluation,2,12,12,0.0020459306445091,0.0681976881503056,1.148520644214386,0.5833333333333334,5,0.4166666666666667,7,0,0.0010983455955955,-0.0001362682320966,0.0019919919919918,13.366666666666667,518,-0.0032341467430367,0.0052800773875458,105,-0.0067472069056532,0.0087931375501623
funding_squeeze:ETHUSDT:60:-1:0.02:0.025,funding_squeeze,ETHUSDT,60,-1,0.02,0.025,evaluation,1,50,50,-0.0058227214954623,-0.2911360747731166,0.5871122650592068,0.36,32,0.64,18,0,0.001102642366183,-8.422302179617196e-05,0.0010043021510754,6.366666666666666,881,-0.0022308128931455,-0.0035919086023168,136,-0.006177764595106,0.00035504309964369974
funding_squeeze:ETHUSDT:60:-1:0.02:0.025,funding_squeeze,ETHUSDT,60,-1,0.02,0.025,evaluation,2,50,50,-0.006828539719434,-0.3414269859717023,0.5372533802979393,0.36,32,0.64,18,0,0.0011031952852852,-8.42651754607346e-05,0.0020096096096094,6.366666666666666,881,-0.0032330201486733,-0.0035955195707607,136,-0.007183919588279,0.0003553798688449997
funding_squeeze:ETHUSDT:60:-1:0.03:0.03,funding_squeeze,ETHUSDT,60,-1,0.03,0.03,evaluation,1,44,44,-0.0033073491282993,-0.1102449709433128,0.8021325975906798,0.4772727272727273,23,0.5227272727272727,21,0,0.0011013010255127,-0.0001594528294975,0.0010018645686478,12.225,518,-0.002231919924077,-0.0010754292042222998,105,-0.0057414722705971,0.0024341231422978006
funding_squeeze:ETHUSDT:60:-1:0.03:0.03,funding_squeeze,ETHUSDT,60,-1,0.03,0.03,evaluation,2,44,44,-0.0043106883352523,-0.1436896111750769,0.7501694252221491,0.4772727272727273,23,0.5227272727272727,21,0,0.0011018526026026,-0.0001595326357185,0.0020047320047318,12.225,518,-0.0032341467430367,-0.0010765415922155998,105,-0.0067472069056532,0.0024365185704009005
compression_expansion:ETHUSDT:60:-1:0.02:0.025,compression_expansion,ETHUSDT,60,-1,0.02,0.025,evaluation,1,3,3,0.0229115972023316,1.1455798601165834,,1.0,0,0.0,3,0,0.0010867865182591,2.612853553735681e-05,0.0009754877438718,9.3,881,-0.0022308128931455,0.025142410095477102,136,-0.006177764595106,0.029089361797437603
compression_expansion:ETHUSDT:60:-1:0.02:0.025,compression_expansion,ETHUSDT,60,-1,0.02,0.025,evaluation,2,3,3,0.0219345828615921,1.096729143079606,,1.0,0,0.0,3,0,0.0010873235735735,2.6141612882470607e-05,0.0019519519519518,9.3,881,-0.0032330201486733,0.0251676030102654,136,-0.007183919588279,0.0291185024498711
compression_expansion:ETHUSDT:60:-1:0.03:0.03,compression_expansion,ETHUSDT,60,-1,0.03,0.03,evaluation,1,3,3,0.007872034814159,0.2624011604719692,1.7313568996948074,0.6666666666666666,1,0.3333333333333333,2,0,0.0010950447723861,4.242516583100574e-05,0.0009904952476237,38.68333333333333,518,-0.002231919924077,0.010103954738236,105,-0.0057414722705971,0.013613507084756102
compression_expansion:ETHUSDT:60:-1:0.03:0.03,compression_expansion,ETHUSDT,60,-1,0.03,0.03,evaluation,2,3,3,0.0068799815282802,0.2293327176093431,1.6193904830170094,0.6666666666666666,1,0.3333333333333333,2,0,0.00109559009009,4.244639964773797e-05,0.0019819819819818,38.68333333333333,518,-0.0032341467430367,0.0101141282713169,105,-0.0067472069056532,0.013627188433933402
learned_leaf:ETHUSDT:60:-1:0.02:0.025,learned_leaf,ETHUSDT,60,-1,0.02,0.025,evaluation,1,599,598,-0.0015830548323905,-0.0791527416195266,0.8682415848673857,0.4548494983277591,326,0.5451505016722408,272,1,0.0011002914122406,-4.707701745043e-05,0.0010000298255247,5.033333333333333,881,-0.0022308128931455,0.0006477580607549998,136,-0.006177764595106,0.0045947097627155
learned_leaf:ETHUSDT:60:-1:0.02:0.025,learned_leaf,ETHUSDT,60,-1,0.02,0.025,evaluation,2,599,598,-0.0025846126936719,-0.1292306346835984,0.7944273882959342,0.4548494983277591,326,0.5451505016722408,272,1,0.0011008419792116,-4.710057952122601e-05,0.0020010606819059,5.033333333333333,881,-0.0032330201486733,0.0006484074550014,136,-0.007183919588279,0.004599306894607099
learned_leaf:ETHUSDT:60:-1:0.03:0.03,learned_leaf,ETHUSDT,60,-1,0.03,0.03,evaluation,1,378,377,-0.0011245410969798,-0.0374847032326605,0.9275173294204184,0.5145888594164456,183,0.4854111405835544,194,1,0.0011000590010921,-8.279261714324095e-05,0.0009996074709774,9.316666666666666,518,-0.002231919924077,0.0011073788270972,105,-0.0057414722705971,0.0046169311736173006
learned_leaf:ETHUSDT:60:-1:0.03:0.03,learned_leaf,ETHUSDT,60,-1,0.03,0.03,evaluation,2,378,377,-0.0021256580727335,-0.0708552690911192,0.8672647531255882,0.5145888594164456,183,0.4854111405835544,194,1,0.0011006093355356,-8.283405488955888e-05,0.002000215550034,9.316666666666666,518,-0.0032341467430367,0.0011084886703032,105,-0.0067472069056532,0.0046215488329197
clock_control:ETHUSDT:60:-1:0.02:0.025,clock_control,ETHUSDT,60,-1,0.02,0.025,evaluation,1,882,881,-0.0022308128931455,-0.1115406446572777,0.8192081246936982,0.4404086265607264,493,0.5595913734392736,388,1,0.0011006489255434,-4.970065691460367e-05,0.0010006795248619,5.2,881,-0.0022308128931455,0.0,136,-0.006177764595106,0.0039469517019605
clock_control:ETHUSDT:60:-1:0.02:0.025,clock_control,ETHUSDT,60,-1,0.02,0.025,evaluation,2,882,881,-0.0032330201486733,-0.1616510074336694,0.749598192636825,0.4404086265607264,493,0.5595913734392736,388,1,0.0011011998502068,-4.972553211826463e-05,0.0020023607309301,5.2,881,-0.0032330201486733,0.0,136,-0.007183919588279,0.0039508994396057
clock_control:ETHUSDT:60:-1:0.03:0.03,clock_control,ETHUSDT,60,-1,0.03,0.03,evaluation,1,519,518,-0.002231919924077,-0.074397330802567,0.8615146844967891,0.4961389961389961,261,0.5038610038610039,257,1,0.0011006698243372,-8.661233167809186e-05,0.0010007175036794,9.533333333333331,518,-0.002231919924077,0.0,105,-0.0057414722705971,0.0035095523465201004
clock_control:ETHUSDT:60:-1:0.03:0.03,clock_control,ETHUSDT,60,-1,0.03,0.03,evaluation,2,519,518,-0.0032341467430367,-0.1078048914345578,0.8055896203712773,0.4961389961389961,261,0.5038610038610039,257,1,0.0011012207699098,-8.665568119344626e-05,0.0020024367265819,9.533333333333331,518,-0.0032341467430367,0.0,105,-0.0067472069056532,0.0035130601626165003
legacy_zone:ETHUSDT:60:-1:0.02:0.025,legacy_zone,ETHUSDT,60,-1,0.02,0.025,evaluation,1,136,136,-0.006177764595106,-0.3088882297553001,0.5675610875745365,0.3529411764705882,88,0.6470588235294118,48,0,0.0011028172468587,-4.731966761348304e-05,0.0010046199570372,4.725,881,-0.0022308128931455,-0.0039469517019605,136,-0.006177764595106,0.0
legacy_zone:ETHUSDT:60:-1:0.02:0.025,legacy_zone,ETHUSDT,60,-1,0.02,0.025,evaluation,2,136,136,-0.007183919588279,-0.3591959794139545,0.5193803679016566,0.3529411764705882,88,0.6470588235294118,48,0,0.0011033703409291,-4.734335113080711e-05,0.0020102455396571,4.725,881,-0.0032330201486733,-0.0039508994396057,136,-0.007183919588279,0.0
legacy_zone:ETHUSDT:60:-1:0.03:0.03,legacy_zone,ETHUSDT,60,-1,0.03,0.03,evaluation,1,105,105,-0.0057414722705971,-0.1913824090199056,0.6812221610348662,0.4380952380952381,59,0.5619047619047619,46,0,0.0011025951761595,-7.962501375919053e-05,0.0010042163939111,10.566666666666666,518,-0.002231919924077,-0.0035095523465201004,105,-0.0057414722705971,0.0
legacy_zone:ETHUSDT:60:-1:0.03:0.03,legacy_zone,ETHUSDT,60,-1,0.03,0.03,evaluation,2,105,105,-0.0067472069056532,-0.2249068968551076,0.6370676661987026,0.4380952380952381,59,0.5619047619047619,46,0,0.001103148048048,-7.966486611842938e-05,0.0020094380094378,10.566666666666666,518,-0.0032341467430367,-0.0035130601626165003,105,-0.0067472069056532,0.0
trend_pullback:SOLUSDT:5:1:0.02:0.025,trend_pullback,SOLUSDT,5,1,0.02,0.025,evaluation,1,51,51,-0.0001809865193583,-0.0090493259679174,0.983978224815009,0.5098039215686274,25,0.4901960784313725,26,0,0.0011005155138978,1.7769001582075574e-05,0.0020038784744665,2.9833333333333334,1448,-0.0034365650617985,0.0032555785424402,163,-0.0065670973988967,0.006386110879538401
trend_pullback:SOLUSDT:5:1:0.02:0.025,trend_pullback,SOLUSDT,5,1,0.02,0.025,evaluation,2,51,51,-0.0021797475695622,-0.1089873784781119,0.8221146631982573,0.5098039215686274,25,0.4901960784313725,26,0,0.0010994155806034,1.7751268047562523e-05,0.0040037571914993,2.9833333333333334,1448,-0.0054288169148824,0.0032490693453202,163,-0.0085531245539363,0.0063733769843741
trend_pullback:SOLUSDT:5:1:0.03:0.03,trend_pullback,SOLUSDT,5,1,0.03,0.03,evaluation,1,43,43,0.0017221818059341,0.057406060197805,1.1245772332844577,0.5813953488372093,18,0.4186046511627907,25,0,0.0011015817786864,5.2197663433780096e-05,0.0020077596821781,7.383333333333334,819,-0.003442307263907,0.0051644890698410995,105,-0.0068885720421593,0.0086107538480934
trend_pullback:SOLUSDT:5:1:0.03:0.03,trend_pullback,SOLUSDT,5,1,0.03,0.03,evaluation,2,43,43,-0.0002804162147143,-0.0093472071571443,0.9808372810309196,0.5813953488372093,18,0.4186046511627907,25,0,0.0011004797149886,5.214556995729927e-05,0.0040115118600009,7.383333333333334,819,-0.0054345581526694,0.0051541419379551,105,-0.0088740003706033,0.008593584155889
shock_reversal:SOLUSDT:5:1:0.02:0.025,shock_reversal,SOLUSDT,5,1,0.02,0.025,evaluation,1,90,90,-0.0026455047340808,-0.1322752367040444,0.7895290537429652,0.4555555555555555,49,0.5444444444444444,41,0,0.0010991755494505,4.732818562939583e-05,0.0019990009990008,4.541666666666667,1448,-0.0034365650617985,0.0007910603277176999,163,-0.0065670973988967,0.0039215926648159
shock_reversal:SOLUSDT:5:1:0.02:0.025,shock_reversal,SOLUSDT,5,1,0.02,0.025,evaluation,2,90,90,-0.0046393712213723,-0.231968561068617,0.6596895918067988,0.4555555555555555,49,0.5444444444444444,41,0,0.0010980782934131,4.72809519112028e-05,0.0039940119760479,4.541666666666667,1448,-0.0054288169148824,0.0007894456935101006,163,-0.0085531245539363,0.0039137533325640005
shock_reversal:SOLUSDT:5:1:0.03:0.03,shock_reversal,SOLUSDT,5,1,0.03,0.03,evaluation,1,83,82,-0.0024437952533031,-0.0814598417767731,0.8470612444193135,0.5121951219512195,40,0.4878048780487805,42,1,0.0010993175851354,0.0001037233689448,0.0019995180094108,7.3,819,-0.003442307263907,0.0009985120106038997,105,-0.0068885720421593,0.0044447767888562
shock_reversal:SOLUSDT:5:1:0.03:0.03,shock_reversal,SOLUSDT,5,1,0.03,0.03,evaluation,2,83,82,-0.0044381211526414,-0.1479373717547158,0.7379252434948625,0.5121951219512195,40,0.4878048780487805,42,1,0.0010982200453099,0.0001036198526086,0.0039950449649109,7.3,819,-0.0054345581526694,0.0009964370000279995,105,-0.0088740003706033,0.0044358792179619
funding_squeeze:SOLUSDT:5:1:0.02:0.025,funding_squeeze,SOLUSDT,5,1,0.02,0.025,evaluation,1,13,13,0.0011897423987384,0.059487119936921,1.112064180263346,0.5384615384615384,6,0.4615384615384615,7,0,0.001101223372781,-6.665162412834687e-05,0.002006455083378,3.75,1448,-0.0034365650617985,0.0046263074605369,163,-0.0065670973988967,0.0077568397976351
funding_squeeze:SOLUSDT:5:1:0.02:0.025,funding_squeeze,SOLUSDT,5,1,0.02,0.025,evaluation,2,13,13,-0.0008116729552601,-0.0405836477630074,0.9295303375850812,0.5384615384615384,6,0.4615384615384615,7,0,0.0011001220251804,-6.658510554139244e-05,0.0040089052663903,3.75,1448,-0.0054288169148824,0.004617143959622301,163,-0.0085531245539363,0.0077414515986762005
funding_squeeze:SOLUSDT:5:1:0.03:0.03,funding_squeeze,SOLUSDT,5,1,0.03,0.03,evaluation,1,13,13,0.0038653484220311,0.128844947401037,1.3048156783474636,0.6153846153846154,5,0.3846153846153846,8,0,0.0011027011834319,-5.680700191259227e-05,0.0020118343195264,5.25,819,-0.003442307263907,0.007307655685938099,105,-0.0068885720421593,0.0107539204641904
funding_squeeze:SOLUSDT:5:1:0.03:0.03,funding_squeeze,SOLUSDT,5,1,0.03,0.03,evaluation,2,13,13,0.0018585773465291,0.0619525782176378,1.1384470051592055,0.6153846153846154,5,0.3846153846153846,8,0,0.0011015968831567,-5.675030829790904e-05,0.0040196530016889,5.25,819,-0.0054345581526694,0.0072931354991984994,105,-0.0088740003706033,0.0107325777171324
compression_expansion:SOLUSDT:5:1:0.02:0.025,compression_expansion,SOLUSDT,5,1,0.02,0.025,evaluation,1,28,28,-0.002270975357395,-0.1135487678697522,0.8165149336225742,0.4642857142857143,15,0.5357142857142857,13,0,0.0010993911891679,6.465538272691004e-05,0.0019997859283572,4.666666666666667,1448,-0.0034365650617985,0.0011655897044034998,163,-0.0065670973988967,0.004296122041501701
compression_expansion:SOLUSDT:5:1:0.02:0.025,compression_expansion,SOLUSDT,5,1,0.02,0.025,evaluation,2,28,28,-0.0042656074838562,-0.2132803741928125,0.6822199782435867,0.4642857142857143,15,0.5357142857142857,13,0,0.0010982935022811,6.459085639684328e-05,0.0039955802680353,4.666666666666667,1448,-0.0054288169148824,0.0011632094310262,163,-0.0085531245539363,0.0042875170700801
compression_expansion:SOLUSDT:5:1:0.03:0.03,compression_expansion,SOLUSDT,5,1,0.03,0.03,evaluation,1,27,27,-0.0042976940889312,-0.1432564696310406,0.7495232986082461,0.4814814814814814,14,0.5185185185185185,13,0,0.0010982912087912,9.250977324700242e-05,0.0019957819957818,9.916666666666666,819,-0.003442307263907,-0.0008553868250242005,105,-0.0068885720421593,0.0025908779532281
compression_expansion:SOLUSDT:5:1:0.03:0.03,compression_expansion,SOLUSDT,5,1,0.03,0.03,evaluation,2,27,27,-0.0062883046736728,-0.2096101557890958,0.6537350876059146,0.4814814814814814,14,0.5185185185185185,13,0,0.0010971957196717,9.24174481240014e-05,0.0039875803947659,9.916666666666666,819,-0.0054345581526694,-0.0008537465210034,105,-0.0088740003706033,0.0025856956969305
learned_leaf:SOLUSDT:5:1:0.02:0.025,learned_leaf,SOLUSDT,5,1,0.02,0.025,evaluation,1,332,332,-0.0027699911615024,-0.1384995580751206,0.7807792211677177,0.4518072289156626,182,0.5481927710843374,150,0,0.001099082963723,3.56951236848477e-06,0.0019986639866156,6.3,1448,-0.0034365650617985,0.0006665739002961,163,-0.0065670973988967,0.0037971062373943006
learned_leaf:SOLUSDT:5:1:0.02:0.025,learned_leaf,SOLUSDT,5,1,0.02,0.025,evaluation,2,332,332,-0.0047635651654055,-0.2381782582702755,0.6524536745660369,0.4518072289156626,182,0.5481927710843374,150,0,0.0010979858926724,3.5659499808914717e-06,0.0039933386239569,6.3,1448,-0.0054288169148824,0.0006652517494769002,163,-0.0085531245539363,0.0037895593885308
learned_leaf:SOLUSDT:5:1:0.03:0.03,learned_leaf,SOLUSDT,5,1,0.03,0.03,evaluation,1,207,207,-0.001234309407442,-0.0411436469147348,0.9202541484792304,0.5314009661835749,97,0.4685990338164251,110,0,0.0010999352603917,1.6665768472431642e-05,0.0020017663495923,10.933333333333334,819,-0.003442307263907,0.0022079978564650002,105,-0.0068885720421593,0.005654262634717301
learned_leaf:SOLUSDT:5:1:0.03:0.03,learned_leaf,SOLUSDT,5,1,0.03,0.03,evaluation,2,207,207,-0.0032309648089707,-0.1076988269656928,0.8027963203175315,0.5314009661835749,97,0.4685990338164251,110,0,0.0010988364864473,1.6649135968966137e-05,0.0039995371575689,10.933333333333334,819,-0.0054345581526694,0.0022035933436986995,105,-0.0088740003706033,0.005643035561632599
clock_control:SOLUSDT:5:1:0.02:0.025,clock_control,SOLUSDT,5,1,0.02,0.025,evaluation,1,1449,1448,-0.0034365650617985,-0.1718282530899279,0.7350205684230376,0.4371546961325966,815,0.5628453038674033,633,1,0.0010987214665483,1.3237319482624438e-05,0.0019973481355839,2.8666666666666667,1448,-0.0034365650617985,0.0,163,-0.0065670973988967,0.0031305323370982006
clock_control:SOLUSDT:5:1:0.02:0.025,clock_control,SOLUSDT,5,1,0.02,0.025,evaluation,2,1449,1448,-0.0054288169148824,-0.2714408457441249,0.6141307823859649,0.4371546961325966,815,0.5628453038674033,633,1,0.0010976251177713,1.3224108584937183e-05,0.0039907095483425,2.8666666666666667,1448,-0.0054288169148824,0.0,163,-0.0085531245539363,0.0031243076390539
clock_control:SOLUSDT:5:1:0.03:0.03,clock_control,SOLUSDT,5,1,0.03,0.03,evaluation,1,820,819,-0.003442307263907,-0.1147435754635671,0.7936067238924619,0.4945054945054945,414,0.5054945054945055,405,1,0.0010987240895162,2.374593118269788e-05,0.0019973576831966,5.725,819,-0.003442307263907,0.0,105,-0.0068885720421593,0.0034462647782523004
clock_control:SOLUSDT:5:1:0.03:0.03,clock_control,SOLUSDT,5,1,0.03,0.03,evaluation,2,820,819,-0.0054345581526694,-0.1811519384223149,0.692169349256545,0.4945054945054945,414,0.5054945054945055,405,1,0.0010976277354985,2.372223264858341e-05,0.0039907286245109,5.725,819,-0.0054345581526694,0.0,105,-0.0088740003706033,0.0034394422179339
legacy_zone:SOLUSDT:5:1:0.02:0.025,legacy_zone,SOLUSDT,5,1,0.02,0.025,evaluation,1,163,163,-0.0065670973988967,-0.3283548699448362,0.5495046010604239,0.3680981595092024,103,0.6319018404907976,60,0,0.0010970153037146,4.336157643704468e-05,0.001991137696659,4.116666666666666,1448,-0.0034365650617985,-0.0031305323370982006,163,-0.0065670973988967,0.0
legacy_zone:SOLUSDT:5:1:0.02:0.025,legacy_zone,SOLUSDT,5,1,0.02,0.025,evaluation,2,163,163,-0.0085531245539363,-0.4276562276968166,0.459061121603051,0.3680981595092024,103,0.6319018404907976,60,0,0.0010959223638612,4.33183014106604e-05,0.0039783010665785,4.116666666666666,1448,-0.0054288169148824,-0.0031243076390539,163,-0.0085531245539363,0.0
legacy_zone:SOLUSDT:5:1:0.03:0.03,legacy_zone,SOLUSDT,5,1,0.03,0.03,evaluation,1,105,105,-0.0068885720421593,-0.2296190680719798,0.6294807313962195,0.4380952380952381,59,0.5619047619047619,46,0,0.0010968623233908,8.684315675919403e-05,0.0019905808477235,7.683333333333334,819,-0.003442307263907,-0.0034462647782523004,105,-0.0068885720421593,0.0
legacy_zone:SOLUSDT:5:1:0.03:0.03,legacy_zone,SOLUSDT,5,1,0.03,0.03,evaluation,2,105,105,-0.0088740003706033,-0.2958000123534438,0.5490364876085467,0.4380952380952381,59,0.5619047619047619,46,0,0.001095769689193,8.675648694206906e-05,0.0039771884801824,7.683333333333334,819,-0.0054345581526694,-0.0034394422179339,105,-0.0088740003706033,0.0
trend_pullback:SOLUSDT:5:-1:0.02:0.025,trend_pullback,SOLUSDT,5,-1,0.02,0.025,evaluation,1,48,48,-0.0024711733663872,-0.1235586683193611,0.8029285466826598,0.4583333333333333,26,0.5416666666666666,22,0,0.0011007566629129,-5.33404727634676e-06,0.0020007507507506,4.066666666666666,1416,-0.0027526370038897,0.0002814636375024996,228,-0.0045395554300471,0.0020683820636599
trend_pullback:SOLUSDT:5:-1:0.02:0.025,trend_pullback,SOLUSDT,5,-1,0.02,0.025,evaluation,2,48,48,-0.0044770309110931,-0.2238515455546559,0.6719741549185648,0.4583333333333333,26,0.5416666666666666,22,0,0.0011018592810621,-5.339392013096603e-06,0.004005511022044,4.066666666666666,1416,-0.0047590661275624,0.0002820352164692999,228,-0.0065495631654217,0.0020725322543286
trend_pullback:SOLUSDT:5:-1:0.03:0.03,trend_pullback,SOLUSDT,5,-1,0.03,0.03,evaluation,1,43,43,0.0018267232468444,0.0608907748948158,1.1316510897063312,0.5813953488372093,18,0.4186046511627907,25,0,0.0010984096771189,-3.3636776653254134e-05,0.0019922247829223,6.366666666666666,819,-0.0027560712522409,0.0045827944990853,164,-0.0045516323316834,0.006378355578527801
trend_pullback:SOLUSDT:5:-1:0.03:0.03,trend_pullback,SOLUSDT,5,-1,0.03,0.03,evaluation,2,43,43,-0.0001705581857973,-0.0056852728599101,0.9884295709510064,0.5813953488372093,18,0.4186046511627907,25,0,0.0010995075965885,-3.367048083827744e-05,0.0039884420002796,6.366666666666666,819,-0.0047625175591833,0.0045919593733860006,164,-0.0065616682553748,0.0063911100695775
shock_reversal:SOLUSDT:5:-1:0.02:0.025,shock_reversal,SOLUSDT,5,-1,0.02,0.025,evaluation,1,113,113,-0.0039588078500233,-0.1979403925011656,0.7023801844128081,0.4247787610619469,65,0.5752212389380531,48,0,0.0011015888011905,-3.15103885691611e-05,0.0020037736851895,5.033333333333333,1416,-0.0027526370038897,-0.0012061708461336001,228,-0.0045395554300471,0.0005807475800238002
shock_reversal:SOLUSDT:5:-1:0.02:0.025,shock_reversal,SOLUSDT,5,-1,0.02,0.025,evaluation,2,113,113,-0.0059676698242998,-0.2983834912149937,0.5878444829206888,0.4247787610619469,65,0.5752212389380531,48,0,0.0011026930852856,-3.154196210480154e-05,0.0040115629489066,5.033333333333333,1416,-0.0047590661275624,-0.0012086036967374003,228,-0.0065495631654217,0.0005818933411218998
shock_reversal:SOLUSDT:5:-1:0.03:0.03,shock_reversal,SOLUSDT,5,-1,0.03,0.03,evaluation,1,104,104,-0.004209827175369,-0.1403275725123031,0.7552090180225204,0.4807692307692308,54,0.5192307692307693,50,0,0.0011017369869869,-5.006796977595171e-05,0.0020043120043119,7.966666666666667,819,-0.0027560712522409,-0.0014537559231280997,164,-0.0045516323316834,0.00034180515631440037
shock_reversal:SOLUSDT:5:-1:0.03:0.03,shock_reversal,SOLUSDT,5,-1,0.03,0.03,evaluation,2,104,104,-0.0062192102494619,-0.2073070083153993,0.6596136196843547,0.4807692307692308,54,0.5192307692307693,50,0,0.0011028415677508,-5.011813808234044e-05,0.0040126406659472,7.966666666666667,819,-0.0047625175591833,-0.0014566926902785998,164,-0.0065616682553748,0.00034245800591289986
funding_squeeze:SOLUSDT:5:-1:0.02:0.025,funding_squeeze,SOLUSDT,5,-1,0.02,0.025,evaluation,1,72,71,-0.0047062522822173,-0.2353126141108661,0.6531300502340589,0.4084507042253521,42,0.5915492957746479,29,1,0.0011020041214955,-3.9609103953198906e-05,0.0020052824320971,4.425,1416,-0.0027526370038897,-0.0019536152783276002,228,-0.0045395554300471,-0.0001666968521701999
funding_squeeze:SOLUSDT:5:-1:0.02:0.025,funding_squeeze,SOLUSDT,5,-1,0.02,0.025,evaluation,2,72,71,-0.0067166187434708,-0.3358309371735447,0.5458658035633001,0.4084507042253521,42,0.5915492957746479,29,1,0.0011031092370643,-3.964879243411394e-05,0.0040145834662628,4.425,1416,-0.0047590661275624,-0.0019575526159084002,228,-0.0065495631654217,-0.00016705557804910006
funding_squeeze:SOLUSDT:5:-1:0.03:0.03,funding_squeeze,SOLUSDT,5,-1,0.03,0.03,evaluation,1,67,66,-0.0048699442652081,-0.162331475506938,0.7196615776021165,0.4696969696969697,35,0.5303030303030303,31,1,0.001102112638025,-7.332841843779884e-05,0.0020056766434476,8.3,819,-0.0027560712522409,-0.0021138730129671994,164,-0.0045516323316834,-0.0003183119335246993
funding_squeeze:SOLUSDT:5:-1:0.03:0.03,funding_squeeze,SOLUSDT,5,-1,0.03,0.03,evaluation,2,67,66,-0.0068806721581774,-0.229355738605915,0.627701588746855,0.4696969696969697,35,0.5303030303030303,31,1,0.0011032179708446,-7.340189380697502e-05,0.0040153726789666,8.3,819,-0.0047625175591833,-0.0021181545989940997,164,-0.0065616682553748,-0.00031900390280260003
compression_expansion:SOLUSDT:5:-1:0.02:0.025,compression_expansion,SOLUSDT,5,-1,0.02,0.025,evaluation,1,14,14,-0.0102719140541156,-0.5135957027057803,0.3792779682254028,0.2857142857142857,10,0.7142857142857143,4,0,0.0011050375375375,7.717357419019576e-06,0.0020163020163018,6.0,1416,-0.0027526370038897,-0.007519277050225899,228,-0.0045395554300471,-0.005732358624068499
compression_expansion:SOLUSDT:5:-1:0.02:0.025,compression_expansion,SOLUSDT,5,-1,0.02,0.025,evaluation,2,14,14,-0.0122933756771301,-0.6146687838565079,0.3174392790521037,0.2857142857142857,10,0.7142857142857143,4,0,0.0011061487260234,7.725090242084721e-06,0.0040366447180074,6.0,1416,-0.0047590661275624,-0.007534309549567701,228,-0.0065495631654217,-0.0057438125117084005
compression_expansion:SOLUSDT:5:-1:0.03:0.03,compression_expansion,SOLUSDT,5,-1,0.03,0.03,evaluation,1,14,14,-0.011680390039975,-0.3893463346658349,0.4520796741849074,0.3571428571428571,9,0.6428571428571429,5,0,0.0011058248248248,-1.602537544029593e-05,0.0020191620191619,11.241666666666667,819,-0.0027560712522409,-0.008924318787734099,164,-0.0045516323316834,-0.007128757708291599
compression_expansion:SOLUSDT:5:-1:0.03:0.03,compression_expansion,SOLUSDT,5,-1,0.03,0.03,evaluation,2,14,14,-0.0137046951831586,-0.4568231727719547,0.3948471191686831,0.3571428571428571,9,0.6428571428571429,5,0,0.0011069375894646,-1.604143293071707e-05,0.0040423704551961,11.241666666666667,819,-0.0047625175591833,-0.008942177623975301,164,-0.0065616682553748,-0.0071430269277838005
learned_leaf:SOLUSDT:5:-1:0.02:0.025,learned_leaf,SOLUSDT,5,-1,0.02,0.025,evaluation,1,774,773,-0.0015492479052381,-0.0774623952619094,0.8714462411228515,0.4786545924967658,403,0.5213454075032341,370,1,0.0011002563809377,-1.7155635302925282e-05,0.0019989333609581,3.25,1416,-0.0027526370038897,0.0012033890986515997,228,-0.0045395554300471,0.0029903075248090003
learned_leaf:SOLUSDT:5:-1:0.02:0.025,learned_leaf,SOLUSDT,5,-1,0.02,0.025,evaluation,2,774,773,-0.0035532715712417,-0.1776635785620891,0.7291693532061068,0.4786545924967658,403,0.5213454075032341,370,1,0.0011013579975194,-1.7172825318258875e-05,0.0040018726003953,3.25,1416,-0.0047590661275624,0.0012057945563207,228,-0.0065495631654217,0.0029962915941800002
learned_leaf:SOLUSDT:5:-1:0.03:0.03,learned_leaf,SOLUSDT,5,-1,0.03,0.03,evaluation,1,476,475,-0.0001152105955284,-0.0038403531842831,0.9922750557368772,0.5494736842105263,214,0.4505263157894736,261,1,0.0010994750828142,-2.986960406507346e-05,0.0019960951151183,6.458333333333333,819,-0.0027560712522409,0.0026408606567125,164,-0.0045516323316834,0.004436421736155
learned_leaf:SOLUSDT:5:-1:0.03:0.03,learned_leaf,SOLUSDT,5,-1,0.03,0.03,evaluation,2,476,475,-0.0021163760242136,-0.0705458674737892,0.8664557398317342,0.5494736842105263,214,0.4505263157894736,261,1,0.0011005751352323,-2.9899533528064515e-05,0.0039961904208483,6.458333333333333,819,-0.0047625175591833,0.0026461415349697003,164,-0.0065616682553748,0.0044452922311611996
clock_control:SOLUSDT:5:-1:0.02:0.025,clock_control,SOLUSDT,5,-1,0.02,0.025,evaluation,1,1417,1416,-0.0027526370038897,-0.1376318501944884,0.7828555990783187,0.4519774011299435,776,0.5480225988700564,640,1,0.0011009158282537,-1.3421103998199142e-05,0.0020013289556035,3.1,1416,-0.0027526370038897,0.0,228,-0.0045395554300471,0.0017869184261574004
clock_control:SOLUSDT:5:-1:0.02:0.025,clock_control,SOLUSDT,5,-1,0.02,0.025,evaluation,2,1417,1416,-0.0047590661275624,-0.2379533063781239,0.655117487148807,0.4519774011299435,776,0.5480225988700564,640,1,0.0011020187650529,-1.3434551998197338e-05,0.004006668590477,3.1,1416,-0.0047590661275624,0.0,228,-0.0065495631654217,0.0017904970378593002
clock_control:SOLUSDT:5:-1:0.03:0.03,clock_control,SOLUSDT,5,-1,0.03,0.03,evaluation,1,820,819,-0.0027560712522409,-0.0918690417413637,0.8317568154804262,0.5054945054945055,405,0.4945054945054945,414,1,0.0011009233822604,-2.372896728531373e-05,0.0020013563972771,5.725,819,-0.0027560712522409,0.0,164,-0.0045516323316834,0.0017955610794425
clock_control:SOLUSDT:5:-1:0.03:0.03,clock_control,SOLUSDT,5,-1,0.03,0.03,evaluation,2,820,819,-0.0047625175591833,-0.1587505853061129,0.7263703744119233,0.5054945054945055,405,0.4945054945054945,414,1,0.0011020263341828,-2.375274380563969e-05,0.0040067235288175,5.725,819,-0.0047625175591833,0.0,164,-0.0065616682553748,0.0017991506961914996
legacy_zone:SOLUSDT:5:-1:0.02:0.025,legacy_zone,SOLUSDT,5,-1,0.02,0.025,evaluation,1,228,228,-0.0045395554300471,-0.2269777715023553,0.6661543057411553,0.4122807017543859,134,0.5877192982456141,94,0,0.0011018987474316,-1.4611374915639298e-05,0.0020048996364784,4.275,1416,-0.0027526370038897,-0.0017869184261574004,228,-0.0045395554300471,0.0
legacy_zone:SOLUSDT:5:-1:0.02:0.025,legacy_zone,SOLUSDT,5,-1,0.02,0.025,evaluation,2,228,228,-0.0065495631654217,-0.3274781582710859,0.5574909212399785,0.4122807017543859,134,0.5877192982456141,94,0,0.0011030036520409,-1.4626015571867396e-05,0.0040138171079,4.275,1416,-0.0047590661275624,-0.0017904970378593002,228,-0.0065495631654217,0.0
legacy_zone:SOLUSDT:5:-1:0.03:0.03,legacy_zone,SOLUSDT,5,-1,0.03,0.03,evaluation,1,164,164,-0.0045516323316834,-0.1517210777227828,0.7382327446903248,0.4756097560975609,86,0.524390243902439,78,0,0.0011019075905173,-1.8621654009406385e-05,0.0020049317610292,7.275,819,-0.0027560712522409,-0.0017955610794425,164,-0.0045516323316834,0.0
legacy_zone:SOLUSDT:5:-1:0.03:0.03,legacy_zone,SOLUSDT,5,-1,0.03,0.03,evaluation,2,164,164,-0.0065616682553748,-0.2187222751791622,0.6447807894103811,0.4756097560975609,86,0.524390243902439,78,0,0.0011030125128305,-1.8640312981359696e-05,0.0040138814213793,7.275,819,-0.0047625175591833,-0.0017991506961914996,164,-0.0065616682553748,0.0
trend_pullback:SOLUSDT:15:1:0.02:0.025,trend_pullback,SOLUSDT,15,1,0.02,0.025,evaluation,1,40,40,-0.000637531438927,-0.0318765719463534,0.9447431546056796,0.5,20,0.5,20,0,0.0011002733516483,3.426108428176475e-05,0.0020029970029968,3.5416666666666665,1383,-0.0033926042061479,0.0027550727672209,140,-0.0054642012185374,0.0048266697796104
trend_pullback:SOLUSDT:15:1:0.02:0.025,trend_pullback,SOLUSDT,15,1,0.02,0.025,evaluation,2,40,40,-0.0026353968017625,-0.1317698400881294,0.7894060744587269,0.5,20,0.5,20,0,0.0010991739021956,3.4226891582880754e-05,0.004001996007984,3.5416666666666665,1383,-0.0053849478360871,0.0027495510343246,140,-0.0074524403871959,0.0048170435854334
trend_pullback:SOLUSDT:15:1:0.03:0.03,trend_pullback,SOLUSDT,15,1,0.03,0.03,evaluation,1,36,36,0.0068302069058266,0.2276735635275564,1.6201463461364185,0.6666666666666666,12,0.3333333333333333,24,0,0.0011043901098901,4.742096630131136e-05,0.0020179820179818,5.508333333333334,775,-0.0038019368934986,0.0106321437993252,96,-0.009425919764858,0.0162561266706846
trend_pullback:SOLUSDT:15:1:0.03:0.03,trend_pullback,SOLUSDT,15,1,0.03,0.03,evaluation,2,36,36,0.0048174077971381,0.1605802599046049,1.4132193936024575,0.6666666666666666,12,0.3333333333333333,24,0,0.0011032824351297,4.737363998763738e-05,0.0040319361277444,5.508333333333334,775,-0.0057934708016686,0.0106108785988067,96,-0.011406286549025,0.016223694346163102
shock_reversal:SOLUSDT:15:1:0.02:0.025,shock_reversal,SOLUSDT,15,1,0.02,0.025,evaluation,1,26,26,-0.0075753799580264,-0.3787689979013219,0.498471487868405,0.3461538461538461,17,0.6538461538461539,9,0,0.0010964732671174,6.666508635973454e-05,0.0019891646814722,3.9916666666666663,1383,-0.0033926042061479,-0.0041827757518785,140,-0.0054642012185374,-0.0021111787394889996
shock_reversal:SOLUSDT:15:1:0.02:0.025,shock_reversal,SOLUSDT,15,1,0.02,0.025,evaluation,2,26,26,-0.0095594158620297,-0.4779707931014897,0.4164522584688886,0.3461538461538461,17,0.6538461538461539,9,0,0.0010953814102564,6.659855433741941e-05,0.003974358974359,3.9916666666666663,1383,-0.0053849478360871,-0.004174468025942599,140,-0.0074524403871959,-0.0021069754748337995
shock_reversal:SOLUSDT:15:1:0.03:0.03,shock_reversal,SOLUSDT,15,1,0.03,0.03,evaluation,1,25,25,-0.006776419887902,-0.2258806629300671,0.6343149293195909,0.44,14,0.56,11,0,0.001096925054945,8.868564214791161e-05,0.001990809190809,7.25,775,-0.0038019368934986,-0.0029744829944034,96,-0.009425919764858,0.0026494998769559996
shock_reversal:SOLUSDT:15:1:0.03:0.03,shock_reversal,SOLUSDT,15,1,0.03,0.03,evaluation,2,25,25,-0.008762074139511,-0.2920691379837019,0.5532577934877966,0.44,14,0.56,11,0,0.0010958322954091,8.859713352301348e-05,0.0039776447105788,7.25,775,-0.0057934708016686,-0.0029686033378424,96,-0.011406286549025,0.002644212409514001
funding_squeeze:SOLUSDT:15:1:0.02:0.025,funding_squeeze,SOLUSDT,15,1,0.02,0.025,evaluation,1,13,13,0.0045927694787767,0.2296384739388376,1.5193179014763454,0.6153846153846154,5,0.3846153846153846,8,0,0.0011031234150464,-1.6956445655949747e-05,0.0020133712441403,3.75,1383,-0.0033926042061479,0.0079853736849246,140,-0.0054642012185374,0.0100569706973141
funding_squeeze:SOLUSDT:15:1:0.02:0.025,funding_squeeze,SOLUSDT,15,1,0.02,0.025,evaluation,2,13,13,0.0025845051610102,0.1292252580505139,1.2693582828757852,0.6153846153846154,5,0.3846153846153846,8,0,0.00110201827115,-1.6939523055494697e-05,0.0040227237832028,3.75,1383,-0.0053849478360871,0.007969452997097299,140,-0.0074524403871959,0.0100369455482061
funding_squeeze:SOLUSDT:15:1:0.03:0.03,funding_squeeze,SOLUSDT,15,1,0.03,0.03,evaluation,1,13,13,0.0039017612869375,0.1300587095645865,1.3076871792747984,0.6153846153846154,5,0.3846153846153846,8,0,0.0011027011834319,-9.321986681914834e-05,0.0020118343195265,4.05,775,-0.0038019368934986,0.0077036981804361,96,-0.009425919764858,0.0133276810517955
funding_squeeze:SOLUSDT:15:1:0.03:0.03,funding_squeeze,SOLUSDT,15,1,0.03,0.03,evaluation,2,13,13,0.0018949538712511,0.0631651290417048,1.1411567390026935,0.6153846153846154,5,0.3846153846153846,8,0,0.0011015968831567,-9.31268330199276e-05,0.0040196530016889,4.05,775,-0.0057934708016686,0.0076884246729197,96,-0.011406286549025,0.013301240420276101
compression_expansion:SOLUSDT:15:1:0.02:0.025,compression_expansion,SOLUSDT,15,1,0.02,0.025,evaluation,1,8,8,-0.0062814537515049,-0.3140726875752481,0.5654511646249093,0.375,5,0.625,3,0,0.001097185782967,6.750972677974852e-05,0.0019917582417581,11.991666666666667,1383,-0.0033926042061479,-0.002888849545357,140,-0.0054642012185374,-0.0008172525329675001
compression_expansion:SOLUSDT:15:1:0.02:0.025,compression_expansion,SOLUSDT,15,1,0.02,0.025,evaluation,2,8,8,-0.0082680757724616,-0.4134037886230839,0.472555492776338,0.375,5,0.625,3,0,0.001096092502495,6.744235180292243e-05,0.0039795409181637,11.991666666666667,1383,-0.0053849478360871,-0.0028831279363744997,140,-0.0074524403871959,-0.0008156353852656999
compression_expansion:SOLUSDT:15:1:0.03:0.03,compression_expansion,SOLUSDT,15,1,0.03,0.03,evaluation,1,8,8,-0.003223710988076,-0.1074570329358692,0.8053180542953686,0.5,4,0.5,4,0,0.001098901098901,0.000126807891173,0.0019980019980019,29.866666666666667,775,-0.0038019368934986,0.0005782259054225997,96,-0.009425919764858,0.006202208776781999
compression_expansion:SOLUSDT:15:1:0.03:0.03,compression_expansion,SOLUSDT,15,1,0.03,0.03,evaluation,2,8,8,-0.0052165016956728,-0.1738833898557624,0.7023458021670774,0.5,4,0.5,4,0,0.0010978043912175,0.0001266813363914,0.0039920159680638,29.866666666666667,775,-0.0057934708016686,0.0005769691059957999,96,-0.011406286549025,0.006189784853352201
learned_leaf:SOLUSDT:15:1:0.02:0.025,learned_leaf,SOLUSDT,15,1,0.02,0.025,evaluation,1,325,325,-0.0021956361424644,-0.1097818071232212,0.8220687867768544,0.4646153846153846,174,0.5353846153846153,151,0,0.0010993993322062,4.113548904198906e-06,0.0019998155690462,6.566666666666666,1383,-0.0033926042061479,0.0011969680636835,140,-0.0054642012185374,0.003268565076073
learned_leaf:SOLUSDT:15:1:0.02:0.025,learned_leaf,SOLUSDT,15,1,0.02,0.025,evaluation,2,325,325,-0.0041903582551735,-0.209517912758679,0.6869465317307799,0.4646153846153846,174,0.5353846153846153,151,0,0.0010983016290495,4.109443565971158e-06,0.0039956394902502,6.566666666666666,1383,-0.0053849478360871,0.0011945895809135996,140,-0.0074524403871959,0.0032620821320223994
learned_leaf:SOLUSDT:15:1:0.03:0.03,learned_leaf,SOLUSDT,15,1,0.03,0.03,evaluation,1,205,205,-0.0020896631886651,-0.0696554396221708,0.8689813034875783,0.5170731707317073,99,0.4829268292682926,106,0,0.0010994633878316,1.4541312979936152e-05,0.0020000487317559,12.016666666666667,775,-0.0038019368934986,0.0017122737048335,96,-0.009425919764858,0.0073362565761929
learned_leaf:SOLUSDT:15:1:0.03:0.03,learned_leaf,SOLUSDT,15,1,0.03,0.03,evaluation,2,205,205,-0.0040846074637556,-0.1361535821251882,0.7580625708358547,0.5170731707317073,99,0.4829268292682926,106,0,0.0010983655566914,1.4526800691533015e-05,0.003996105350275,12.016666666666667,775,-0.0057934708016686,0.0017088633379129994,96,-0.011406286549025,0.0073216790852694
clock_control:SOLUSDT:15:1:0.02:0.025,clock_control,SOLUSDT,15,1,0.02,0.025,evaluation,1,1384,1383,-0.0033926042061479,-0.1696302103073995,0.7379378958881079,0.4381778741865509,777,0.561822125813449,606,1,0.0010987478280547,1.71801139202252e-05,0.0019974440915631,3.275,1383,-0.0033926042061479,0.0,140,-0.0054642012185374,0.0020715970123895
clock_control:SOLUSDT:15:1:0.02:0.025,clock_control,SOLUSDT,15,1,0.02,0.025,evaluation,2,1384,1383,-0.0053849478360871,-0.2692473918043582,0.6165516318071592,0.4381778741865509,777,0.561822125813449,606,1,0.0010976514266072,1.7162968097949522e-05,0.003990901268772,3.275,1383,-0.0053849478360871,0.0,140,-0.0074524403871959,0.0020674925511088
clock_control:SOLUSDT:15:1:0.03:0.03,clock_control,SOLUSDT,15,1,0.03,0.03,evaluation,1,776,775,-0.0038019368934986,-0.1267312297832873,0.7748797996200104,0.4890322580645161,396,0.5109677419354839,379,1,0.0010985270437019,2.5307489752836468e-05,0.0019966404357155,6.75,775,-0.0038019368934986,0.0,96,-0.009425919764858,0.005623982871359399
clock_control:SOLUSDT:15:1:0.03:0.03,clock_control,SOLUSDT,15,1,0.03,0.03,evaluation,2,776,775,-0.0057934708016686,-0.1931156933889539,0.6759346953400289,0.4890322580645161,396,0.5109677419354839,379,1,0.0010974310833829,2.528223277703523e-05,0.0039892955611803,6.75,775,-0.0057934708016686,0.0,96,-0.011406286549025,0.005612815747356401
legacy_zone:SOLUSDT:15:1:0.02:0.025,legacy_zone,SOLUSDT,15,1,0.02,0.025,evaluation,1,140,140,-0.0054642012185374,-0.2732100609268706,0.6100343696468002,0.3928571428571428,85,0.6071428571428571,55,0,0.0010976268642072,5.17820038236179e-05,0.0019933637790779,4.458333333333333,1383,-0.0033926042061479,-0.0020715970123895,140,-0.0054642012185374,0.0
legacy_zone:SOLUSDT:15:1:0.02:0.025,legacy_zone,SOLUSDT,15,1,0.02,0.025,evaluation,2,140,140,-0.0074524403871959,-0.3726220193597972,0.509636030687202,0.3928571428571428,85,0.6071428571428571,55,0,0.0010965327024522,5.173032517708733e-05,0.0039827487881379,4.458333333333333,1383,-0.0053849478360871,-0.0020674925511088,140,-0.0074524403871959,0.0
legacy_zone:SOLUSDT:15:1:0.03:0.03,legacy_zone,SOLUSDT,15,1,0.03,0.03,evaluation,1,96,96,-0.009425919764858,-0.3141973254952698,0.5285790666446073,0.3958333333333333,58,0.6041666666666666,38,0,0.0010954704670329,9.493481231074784e-05,0.0019855144855143,8.716666666666667,775,-0.0038019368934986,-0.005623982871359399,96,-0.009425919764858,0.0
legacy_zone:SOLUSDT:15:1:0.03:0.03,legacy_zone,SOLUSDT,15,1,0.03,0.03,evaluation,2,96,96,-0.011406286549025,-0.3802095516341674,0.4610164377499837,0.3958333333333333,58,0.6041666666666666,38,0,0.0010943806137724,9.48400669890804e-05,0.0039670658682634,8.716666666666667,775,-0.0057934708016686,-0.005612815747356401,96,-0.011406286549025,0.0
trend_pullback:SOLUSDT:15:-1:0.02:0.025,trend_pullback,SOLUSDT,15,-1,0.02,0.025,evaluation,1,41,41,0.0010596058362231,0.0529802918111594,1.098901669545348,0.5365853658536586,19,0.4634146341463415,22,0,0.001098816047755,-5.781438654755166e-06,0.0019937010180911,4.883333333333334,1315,-0.0027485862200263,0.0038081920562494003,203,-0.0044697119285856,0.0055293177648087005
trend_pullback:SOLUSDT:15:-1:0.02:0.025,trend_pullback,SOLUSDT,15,-1,0.02,0.025,evaluation,2,41,41,-0.0009391835146913,-0.0469591757345661,0.9194694107875336,0.5365853658536586,19,0.4634146341463415,22,0,0.001099914780781,-5.787231679459332e-06,0.0039913974290043,4.883333333333334,1315,-0.0047550114500199,0.0038158279353285997,203,-0.0064795814485197,0.005540397933828401
trend_pullback:SOLUSDT:15:-1:0.03:0.03,trend_pullback,SOLUSDT,15,-1,0.03,0.03,evaluation,1,37,37,0.0058831744760538,0.1961058158684633,1.505863334192897,0.6486486486486487,13,0.3513513513513513,24,0,0.0010961858750642,-4.458774066975529e-05,0.0019841463084705,7.366666666666666,775,-0.002394543180823,0.0082777176568768,154,-0.0042472165691937,0.0101303910452475
trend_pullback:SOLUSDT:15:-1:0.03:0.03,trend_pullback,SOLUSDT,15,-1,0.03,0.03,evaluation,2,37,37,0.0038940031321664,0.1298001044055468,1.315143140042362,0.6486486486486487,13,0.3513513513513513,24,0,0.0010972793424687,-4.463241776461476e-05,0.0039722688620484,7.366666666666666,775,-0.0044002673355851,0.0082942704677515,154,-0.0062566521309124,0.0101506552630788
shock_reversal:SOLUSDT:15:-1:0.02:0.025,shock_reversal,SOLUSDT,15,-1,0.02,0.025,evaluation,1,41,40,-0.0048453728871713,-0.2422686443585664,0.6419094634084238,0.4,24,0.6,16,1,0.0011020736828175,-2.703319111440904e-05,0.0020055351296611,5.766666666666667,1315,-0.0027485862200263,-0.0020967866671449996,203,-0.0044697119285856,-0.0003756609585856994
shock_reversal:SOLUSDT:15:-1:0.02:0.025,shock_reversal,SOLUSDT,15,-1,0.02,0.025,evaluation,2,41,40,-0.0068560052927741,-0.3428002646387065,0.5345395658967446,0.4,24,0.6,16,1,0.0011031789376484,-2.7060278480255127e-05,0.0040150893677988,5.766666666666667,1315,-0.0047550114500199,-0.0021009938427542004,203,-0.0064795814485197,-0.00037642384425439976
shock_reversal:SOLUSDT:15:-1:0.03:0.03,shock_reversal,SOLUSDT,15,-1,0.03,0.03,evaluation,1,37,36,-0.0061052034137391,-0.2035067804579728,0.659037447448889,0.4444444444444444,20,0.5555555555555556,16,1,0.001102774611761,-4.231985440751008e-05,0.0020080814158967,7.05,775,-0.002394543180823,-0.0037106602329161,154,-0.0042472165691937,-0.0018579868445454005
shock_reversal:SOLUSDT:15:-1:0.03:0.03,shock_reversal,SOLUSDT,15,-1,0.03,0.03,evaluation,2,37,36,-0.0081183732943216,-0.2706124431440548,0.5732390917001805,0.4444444444444444,20,0.5555555555555556,16,1,0.0011038812698559,-4.236225907124507e-05,0.004020187043048,7.05,775,-0.0044002673355851,-0.0037181059587365,154,-0.0062566521309124,-0.0018617211634091996
funding_squeeze:SOLUSDT:15:-1:0.02:0.025,funding_squeeze,SOLUSDT,15,-1,0.02,0.025,evaluation,1,68,67,-0.0049574878534503,-0.2478743926725159,0.6378300771424815,0.4029850746268656,40,0.5970149253731343,27,1,0.0011021428659347,-4.077489385097288e-05,0.0020057864533093,4.3,1315,-0.0027485862200263,-0.002208901633424,203,-0.0044697119285856,-0.00048777592486469977
funding_squeeze:SOLUSDT:15:-1:0.02:0.025,funding_squeeze,SOLUSDT,15,-1,0.02,0.025,evaluation,2,68,67,-0.0069683584556196,-0.348417922780982,0.5330192707876685,0.4029850746268656,40,0.5970149253731343,27,1,0.0011032482592707,-4.081575045803798e-05,0.0040155925187497,4.3,1315,-0.0047550114500199,-0.0022133470055997004,203,-0.0064795814485197,-0.0004887770070998998
funding_squeeze:SOLUSDT:15:-1:0.03:0.03,funding_squeeze,SOLUSDT,15,-1,0.03,0.03,evaluation,1,65,64,-0.0021593158001031,-0.0719771933367719,0.8640072281913976,0.515625,31,0.484375,33,1,0.00110062242887,-7.299548348305108e-05,0.0020002631145947,9.716666666666669,775,-0.002394543180823,0.00023522738071990023,154,-0.0042472165691937,0.0020879007690906
funding_squeeze:SOLUSDT:15:-1:0.03:0.03,funding_squeeze,SOLUSDT,15,-1,0.03,0.03,evaluation,2,65,64,-0.0041646166656587,-0.1388205555219591,0.7535009743845409,0.515625,31,0.484375,33,1,0.0011017247782819,-7.306862525006818e-05,0.0040045347725055,9.716666666666669,775,-0.0044002673355851,0.00023565066992639952,154,-0.0062566521309124,0.0020920354652537
compression_expansion:SOLUSDT:15:-1:0.02:0.025,compression_expansion,SOLUSDT,15,-1,0.02,0.025,evaluation,1,6,6,0.0069538519636931,0.3476925981846581,1.901683831563912,0.6666666666666666,2,0.3333333333333333,4,0,0.00109559009009,-3.1424035765167184e-05,0.0019819819819819,4.833333333333333,1315,-0.0027485862200263,0.0097024381837194,203,-0.0044697119285856,0.0114235638922787
compression_expansion:SOLUSDT:15:-1:0.02:0.025,compression_expansion,SOLUSDT,15,-1,0.02,0.025,evaluation,2,6,6,0.0049668372863019,0.2483418643150996,1.5916784505591246,0.6666666666666666,2,0.3333333333333333,4,0,0.0010966823647294,-3.1455522774951925e-05,0.0039679358717435,4.833333333333333,1315,-0.0047550114500199,0.0097218487363218,203,-0.0064795814485197,0.0114464187348216
compression_expansion:SOLUSDT:15:-1:0.03:0.03,compression_expansion,SOLUSDT,15,-1,0.03,0.03,evaluation,1,6,6,-0.0030040834468295,-0.1001361148943182,0.8181136974096583,0.5,3,0.5,3,0,0.0011011011011011,-9.901965627345348e-05,0.0020020020020019,9.033333333333331,775,-0.002394543180823,-0.0006095402660064998,154,-0.0042472165691937,0.0012431331223642
compression_expansion:SOLUSDT:15:-1:0.03:0.03,compression_expansion,SOLUSDT,15,-1,0.03,0.03,evaluation,2,6,6,-0.0050111015665158,-0.1670367188838618,0.7144649118281002,0.5,3,0.5,3,0,0.0011022044088176,-9.911887436591184e-05,0.0040080160320641,9.033333333333331,775,-0.0044002673355851,-0.0006108342309307001,154,-0.0062566521309124,0.0012455505643966004
learned_leaf:SOLUSDT:15:-1:0.02:0.025,learned_leaf,SOLUSDT,15,-1,0.02,0.025,evaluation,1,715,714,-0.0010630679264539,-0.0531533963226954,0.9099564696883132,0.4887955182072829,365,0.511204481792717,349,1,0.0010999933456598,-2.48266188679721e-05,0.0019979778245746,3.6666666666666665,1315,-0.0027485862200263,0.0016855182935724001,203,-0.0044697119285856,0.0034066440021317005
learned_leaf:SOLUSDT:15:-1:0.02:0.025,learned_leaf,SOLUSDT,15,-1,0.02,0.025,evaluation,2,715,714,-0.0030661259282169,-0.1533062964108472,0.7614141189208201,0.4887955182072829,365,0.511204481792717,349,1,0.0011010944356432,-2.4851495239583293e-05,0.0039999596127258,3.6666666666666665,1315,-0.0047550114500199,0.001688885521803,203,-0.0064795814485197,0.0034134555203028005
learned_leaf:SOLUSDT:15:-1:0.03:0.03,learned_leaf,SOLUSDT,15,-1,0.03,0.03,evaluation,1,448,447,-0.0002767283774282,-0.0092242792476069,0.9815700921634488,0.5458612975391499,203,0.4541387024608501,244,1,0.0010995648890022,-3.1725606624304864e-05,0.0019964213568331,7.241666666666666,775,-0.002394543180823,0.0021178148033948003,154,-0.0042472165691937,0.0039704881917655
learned_leaf:SOLUSDT:15:-1:0.03:0.03,learned_leaf,SOLUSDT,15,-1,0.03,0.03,evaluation,2,448,447,-0.0022782190216897,-0.0759406340563245,0.8571821394914263,0.5458612975391499,203,0.4541387024608501,244,1,0.0011006651212129,-3.175739580929916e-05,0.003996843558069,7.241666666666666,775,-0.0044002673355851,0.0021220483138953998,154,-0.0062566521309124,0.0039784331092227
clock_control:SOLUSDT:15:-1:0.02:0.025,clock_control,SOLUSDT,15,-1,0.02,0.025,evaluation,1,1316,1315,-0.0027485862200263,-0.1374293110013154,0.7831768715491356,0.4517110266159695,721,0.5482889733840304,594,1,0.001100915919076,-1.7637110108670022e-05,0.0020013292855364,3.25,1315,-0.0027485862200263,0.0,203,-0.0044697119285856,0.0017211257085593002
clock_control:SOLUSDT:15:-1:0.02:0.025,clock_control,SOLUSDT,15,-1,0.02,0.025,evaluation,2,1316,1315,-0.0047550114500199,-0.2377505725009963,0.6553904122846843,0.4517110266159695,721,0.5482889733840304,594,1,0.001102018856057,-1.7654782563688727e-05,0.0040066692510041,3.25,1315,-0.0047550114500199,0.0,203,-0.0064795814485197,0.0017245699984998007
clock_control:SOLUSDT:15:-1:0.03:0.03,clock_control,SOLUSDT,15,-1,0.03,0.03,evaluation,1,776,775,-0.002394543180823,-0.0798181060274356,0.8520912574330066,0.5109677419354839,379,0.4890322580645161,396,1,0.0011007255466842,-2.5358155397987288e-05,0.0020006377138651,6.75,775,-0.002394543180823,0.0,154,-0.0042472165691937,0.0018526733883706997
clock_control:SOLUSDT:15:-1:0.03:0.03,clock_control,SOLUSDT,15,-1,0.03,0.03,evaluation,2,776,775,-0.0044002673355851,-0.146675577852838,0.7441556460849045,0.5109677419354839,379,0.4890322580645161,396,1,0.0011018281025385,-2.5383564371331973e-05,0.0040052847217461,6.75,775,-0.0044002673355851,0.0,154,-0.0062566521309124,0.0018563847953273005
legacy_zone:SOLUSDT:15:-1:0.02:0.025,legacy_zone,SOLUSDT,15,-1,0.02,0.025,evaluation,1,203,203,-0.0044697119285856,-0.2234855964292846,0.6704374182718389,0.4137931034482758,119,0.5862068965517241,84,0,0.0011018612405508,-1.622304086641825e-05,0.0020047633840736,5.05,1315,-0.0027485862200263,-0.0017211257085593002,203,-0.0044697119285856,0.0
legacy_zone:SOLUSDT:15:-1:0.02:0.025,legacy_zone,SOLUSDT,15,-1,0.02,0.025,evaluation,2,203,203,-0.0064795814485197,-0.3239790724259884,0.5610832472995217,0.4137931034482758,119,0.5862068965517241,84,0,0.0011029660700711,-1.6239296418388612e-05,0.0040135443300393,5.05,1315,-0.0047550114500199,-0.0017245699984998007,203,-0.0064795814485197,0.0
legacy_zone:SOLUSDT:15:-1:0.03:0.03,legacy_zone,SOLUSDT,15,-1,0.03,0.03,evaluation,1,154,154,-0.0042472165691937,-0.1415738856397927,0.7533434084378272,0.4805194805194805,80,0.5194805194805194,74,0,0.0011017452452452,-2.7701849224529007e-05,0.0020043420043418,8.75,775,-0.002394543180823,-0.0018526733883706997,154,-0.0042472165691937,0.0
legacy_zone:SOLUSDT:15:-1:0.03:0.03,legacy_zone,SOLUSDT,15,-1,0.03,0.03,evaluation,2,154,154,-0.0062566521309124,-0.2085550710304164,0.6579769185516919,0.4805194805194805,80,0.5194805194805194,74,0,0.0011028498425422,-2.772960658848144e-05,0.0040127007261275,8.75,775,-0.0044002673355851,-0.0018563847953273005,154,-0.0062566521309124,0.0
trend_pullback:SOLUSDT:60:1:0.02:0.025,trend_pullback,SOLUSDT,60,1,0.02,0.025,evaluation,1,41,41,-0.0011758324957079,-0.0587916247853959,0.9005897975024858,0.4878048780487805,21,0.5121951219512195,20,0,0.0010999721254355,2.5179343981623195e-05,0.0020019005384858,5.466666666666667,1152,-0.0033065559126783,0.0021307234169704,106,-0.004466796434032,0.0032909639383241
trend_pullback:SOLUSDT:60:1:0.02:0.025,trend_pullback,SOLUSDT,60,1,0.02,0.025,evaluation,2,41,41,-0.003172613248049,-0.158630662402454,0.7526885048064288,0.4878048780487805,21,0.5121951219512195,20,0,0.0010988732778345,2.5154214895813187e-05,0.0039998052675137,5.466666666666667,1152,-0.0052990726386677,0.0021264593906186995,106,-0.0064570291438765,0.0032844158958274996
trend_pullback:SOLUSDT:60:1:0.03:0.03,trend_pullback,SOLUSDT,60,1,0.03,0.03,evaluation,1,36,36,0.0051435916099703,0.1714530536656788,1.4309259566447403,0.6388888888888888,13,0.3611111111111111,23,0,0.0011034752747252,7.161443398580057e-05,0.0020146520146518,9.683333333333334,717,-0.0032593309320792,0.0084029225420495,81,-0.0050437714729772,0.010187363082947501
trend_pullback:SOLUSDT:60:1:0.03:0.03,trend_pullback,SOLUSDT,60,1,0.03,0.03,evaluation,2,36,36,0.0031341381752297,0.1044712725076589,1.2480677901439996,0.6388888888888888,13,0.3611111111111111,23,0,0.001102369427811,7.154296249479677e-05,0.0040252827677977,9.683333333333334,717,-0.0052519486895123,0.008386086864742,81,-0.0070328986138892,0.0101670367891189
shock_reversal:SOLUSDT:60:1:0.02:0.025,shock_reversal,SOLUSDT,60,1,0.02,0.025,evaluation,1,16,16,-0.0006316144150751,-0.0315807207537567,0.9452599431797968,0.5,8,0.5,8,0,0.0011002733516483,2.8344060429842464e-05,0.0020029970029968,6.225,1152,-0.0033065559126783,0.0026749414976032,106,-0.004466796434032,0.0038351820189568998
shock_reversal:SOLUSDT:60:1:0.02:0.025,shock_reversal,SOLUSDT,60,1,0.02,0.025,evaluation,2,16,16,-0.002629485683124,-0.1314742841562045,0.7898923649962825,0.5,8,0.5,8,0,0.0010991739021956,2.8315772944383536e-05,0.004001996007984,6.225,1152,-0.0052990726386677,0.0026695869555436996,106,-0.0064570291438765,0.0038275434607524996
shock_reversal:SOLUSDT:60:1:0.03:0.03,shock_reversal,SOLUSDT,60,1,0.03,0.03,evaluation,1,15,15,0.0027984632553068,0.0932821085102292,1.21172127139805,0.6,6,0.4,9,0,0.0011021945054945,8.93522292086862e-05,0.0020099900099899,8.833333333333334,717,-0.0032593309320792,0.006057794187386,81,-0.0050437714729772,0.007842234728283999
shock_reversal:SOLUSDT:60:1:0.03:0.03,shock_reversal,SOLUSDT,60,1,0.03,0.03,evaluation,2,15,15,0.0007936776632356,0.0264559221078551,1.056728058506335,0.6,6,0.4,9,0,0.0011010912175648,8.92630553272404e-05,0.0040159680638722,8.833333333333334,717,-0.0052519486895123,0.0060456263527479,81,-0.0070328986138892,0.0078265762771248
funding_squeeze:SOLUSDT:60:1:0.02:0.025,funding_squeeze,SOLUSDT,60,1,0.02,0.025,evaluation,1,13,13,-0.0022868680587315,-0.1143434029365786,0.8149909629312083,0.4615384615384615,7,0.5384615384615384,6,0,0.0010993233305156,-4.276342516910166e-05,0.0019995389226157,3.1166666666666667,1152,-0.0033065559126783,0.0010196878539468,106,-0.004466796434032,0.0021799283753004997
funding_squeeze:SOLUSDT:60:1:0.02:0.025,funding_squeeze,SOLUSDT,60,1,0.02,0.025,evaluation,2,13,13,-0.0042813610124577,-0.2140680506228893,0.6807941825980596,0.4615384615384615,7,0.5384615384615384,6,0,0.0010982257792108,-4.272074710007061e-05,0.0039950867495777,3.1166666666666667,1152,-0.0052990726386677,0.0010177116262099998,106,-0.0064570291438765,0.0021756681314188
funding_squeeze:SOLUSDT:60:1:0.03:0.03,funding_squeeze,SOLUSDT,60,1,0.03,0.03,evaluation,1,12,12,-0.0029875873524894,-0.099586245082982,0.818477238714342,0.5,6,0.5,6,0,0.001098901098901,-0.0001093157444135,0.0019980019980018,4.416666666666667,717,-0.0032593309320792,0.00027174357958979984,81,-0.0050437714729772,0.0020561841204878
funding_squeeze:SOLUSDT:60:1:0.03:0.03,funding_squeeze,SOLUSDT,60,1,0.03,0.03,evaluation,2,12,12,-0.0049806137124171,-0.166020457080573,0.7141699686738597,0.5,6,0.5,6,0,0.0010978043912175,-0.0001092066468642,0.0039920159680638,4.416666666666667,717,-0.0052519486895123,0.0002713349770951997,81,-0.0070328986138892,0.0020522849014721
compression_expansion:SOLUSDT:60:1:0.02:0.025,compression_expansion,SOLUSDT,60,1,0.02,0.025,evaluation,1,7,7,0.0089362892909432,0.4468144645471602,2.3528262598951883,0.7142857142857143,2,0.2857142857142857,5,0,0.0011055663265306,7.873807454847414e-05,0.0020222634508347,9.633333333333333,1152,-0.0033065559126783,0.0122428452036215,106,-0.004466796434032,0.0134030857249752
compression_expansion:SOLUSDT:60:1:0.02:0.025,compression_expansion,SOLUSDT,60,1,0.02,0.025,evaluation,2,7,7,0.0069192508998628,0.3459625449931443,1.9658847533626935,0.7142857142857143,2,0.2857142857142857,5,0,0.0011044563016823,7.865949363575111e-05,0.004040490447676,9.633333333333333,1152,-0.0052990726386677,0.0122183235385305,106,-0.0064570291438765,0.0133762800437393
compression_expansion:SOLUSDT:60:1:0.03:0.03,compression_expansion,SOLUSDT,60,1,0.03,0.03,evaluation,1,7,7,0.0010078545272089,0.0335951509069656,1.0706570798712618,0.5714285714285714,3,0.4285714285714285,4,0,0.0011012535321821,0.0001700413626156,0.0020065648637075,12.066666666666666,717,-0.0032593309320792,0.0042671854592881,81,-0.0050437714729772,0.0060516260001861
compression_expansion:SOLUSDT:60:1:0.03:0.03,compression_expansion,SOLUSDT,60,1,0.03,0.03,evaluation,2,7,7,-0.0009934341071924,-0.0331144702397471,0.9341765297701656,0.5714285714285714,3,0.4285714285714285,4,0,0.0011001521243227,0.0001698716606569,0.0040091246079269,12.066666666666666,717,-0.0052519486895123,0.0042585145823199,81,-0.0070328986138892,0.0060394645066968
learned_leaf:SOLUSDT:60:1:0.02:0.025,learned_leaf,SOLUSDT,60,1,0.02,0.025,evaluation,1,268,268,-0.0012813508536026,-0.0640675426801344,0.8920526070717067,0.4850746268656716,138,0.5149253731343284,130,0,0.0010999046867311,8.149314470247507e-06,0.0020016550613564,7.791666666666667,1152,-0.0033065559126783,0.0020252050590757005,106,-0.004466796434032,0.0031854455804294
learned_leaf:SOLUSDT:60:1:0.02:0.025,learned_leaf,SOLUSDT,60,1,0.02,0.025,evaluation,2,268,268,-0.0032779037495692,-0.1638951874784607,0.7454217111527021,0.4850746268656716,138,0.5149253731343284,130,0,0.0010988059738731,8.141181421874005e-06,0.0039993148032293,7.791666666666667,1152,-0.0052990726386677,0.0020211688890984995,106,-0.0064570291438765,0.0031791253943072996
learned_leaf:SOLUSDT:60:1:0.03:0.03,learned_leaf,SOLUSDT,60,1,0.03,0.03,evaluation,1,183,183,-0.0016365195534545,-0.0545506517818181,0.8957681502184796,0.5245901639344263,87,0.4754098360655737,96,0,0.0010997109529814,1.126856673645246e-05,0.0020009498698022,12.45,717,-0.0032593309320792,0.0016228113786246998,81,-0.0050437714729772,0.0034072519195226998
learned_leaf:SOLUSDT:60:1:0.03:0.03,learned_leaf,SOLUSDT,60,1,0.03,0.03,evaluation,2,183,183,-0.0036323659394897,-0.1210788646496593,0.781443321181123,0.5245901639344263,87,0.4754098360655737,96,0,0.0010986126272046,1.1257320661865178e-05,0.0039979058276888,12.45,717,-0.0052519486895123,0.0016195827500226,81,-0.0070328986138892,0.0034005326743995
clock_control:SOLUSDT:60:1:0.02:0.025,clock_control,SOLUSDT,60,1,0.02,0.025,evaluation,1,1153,1152,-0.0033065559126783,-0.1653277956339151,0.7436994970379746,0.4401041666666667,645,0.5598958333333334,507,1,0.0010987958250876,1.8351156021052683e-05,0.0019976188009376,3.9,1152,-0.0033065559126783,0.0,106,-0.004466796434032,0.0011602405213536997
clock_control:SOLUSDT:60:1:0.02:0.025,clock_control,SOLUSDT,60,1,0.02,0.025,evaluation,2,1153,1152,-0.0052990726386677,-0.2649536319333853,0.621354333384472,0.4401041666666667,645,0.5598958333333334,507,1,0.0010976993277418,1.8332841494085564e-05,0.0039912503387998,3.9,1152,-0.0052990726386677,0.0,106,-0.0064570291438765,0.0011579565052088
clock_control:SOLUSDT:60:1:0.03:0.03,clock_control,SOLUSDT,60,1,0.03,0.03,evaluation,1,718,717,-0.0032593309320792,-0.1086443644026408,0.8034009747418798,0.497907949790795,360,0.502092050209205,357,1,0.0010988254867408,2.502679228559575e-05,0.0019977267694632,7.575,717,-0.0032593309320792,0.0,81,-0.0050437714729772,0.001784440540898
clock_control:SOLUSDT:60:1:0.03:0.03,clock_control,SOLUSDT,60,1,0.03,0.03,evaluation,2,718,717,-0.0052519486895123,-0.1750649563170777,0.7007534469158307,0.497907949790795,360,0.502092050209205,357,1,0.0010977289301308,2.500181544698737e-05,0.0039914660603449,7.575,717,-0.0052519486895123,0.0,81,-0.0070328986138892,0.0017809499243769
legacy_zone:SOLUSDT:60:1:0.02:0.025,legacy_zone,SOLUSDT,60,1,0.02,0.025,evaluation,1,106,106,-0.004466796434032,-0.2233398217016027,0.6691321005602406,0.4150943396226415,62,0.5849056603773585,44,0,0.0010981761351855,5.250245442683146e-05,0.0019953631274384,5.683333333333334,1152,-0.0033065559126783,-0.0011602405213536997,106,-0.004466796434032,0.0
legacy_zone:SOLUSDT:60:1:0.02:0.025,legacy_zone,SOLUSDT,60,1,0.02,0.025,evaluation,2,106,106,-0.0064570291438765,-0.3228514571938284,0.5590236859506154,0.4150943396226415,62,0.5849056603773585,44,0,0.0010970808759838,5.245005676772284e-05,0.0039867434941437,5.683333333333334,1152,-0.0052990726386677,-0.0011579565052088,106,-0.0064570291438765,0.0
legacy_zone:SOLUSDT:60:1:0.03:0.03,legacy_zone,SOLUSDT,60,1,0.03,0.03,evaluation,1,81,81,-0.0050437714729772,-0.1681257157659091,0.712891847033495,0.4691358024691358,43,0.5308641975308642,38,0,0.0010978846153846,9.973301143892271e-05,0.0019943019943018,10.55,717,-0.0032593309320792,-0.001784440540898,81,-0.0050437714729772,0.0
legacy_zone:SOLUSDT:60:1:0.03:0.03,legacy_zone,SOLUSDT,60,1,0.03,0.03,evaluation,2,81,81,-0.0070328986138892,-0.2344299537963083,0.621758810295323,0.4691358024691358,43,0.5308641975308642,38,0,0.0010967899386412,9.963347749537088e-05,0.0039846233459007,10.55,717,-0.0052519486895123,-0.0017809499243769,81,-0.0070328986138892,0.0
trend_pullback:SOLUSDT:60:-1:0.02:0.025,trend_pullback,SOLUSDT,60,-1,0.02,0.025,evaluation,1,41,41,-0.0011316901088966,-0.0565845054448328,0.9043579047734112,0.4878048780487805,21,0.5121951219512195,20,0,0.0011000257818794,-1.5211817419801555e-05,0.0019980956566321,3.3666666666666667,1175,-0.0028958521584568,0.0017641620495602002,152,-0.0029605671236457,0.0018288770147491
trend_pullback:SOLUSDT:60:-1:0.02:0.025,trend_pullback,SOLUSDT,60,-1,0.02,0.025,evaluation,2,41,41,-0.0031348758778606,-0.156743793893033,0.7566302147368116,0.4878048780487805,21,0.5121951219512195,20,0,0.0011011269368004,-1.5227059721825404e-05,0.0040001955129771,3.3666666666666667,1175,-0.004902571956323,0.0017676960784623998,152,-0.0049674097246557,0.0018325338467951
trend_pullback:SOLUSDT:60:-1:0.03:0.03,trend_pullback,SOLUSDT,60,-1,0.03,0.03,evaluation,1,37,37,-0.0006352088653735,-0.0211736288457839,0.958266537522724,0.5405405405405406,17,0.4594594594594595,20,0,0.0010997605849092,-2.9251554505709844e-05,0.0019971322674024,11.033333333333331,717,-0.0029399226287781,0.0023047137634046,111,-0.0022694290143839,0.0016342201490104002
trend_pullback:SOLUSDT:60:-1:0.03:0.03,trend_pullback,SOLUSDT,60,-1,0.03,0.03,evaluation,2,37,37,-0.0026374147156693,-0.0879138238556436,0.8368990455098594,0.5405405405405406,17,0.4594594594594595,20,0,0.0011008612089042,-2.928086468056526e-05,0.003998266803878,11.033333333333331,717,-0.0049467383552127,0.0023093236395434003,111,-0.0042748981248626,0.0016374834091933002
shock_reversal:SOLUSDT:60:-1:0.02:0.025,shock_reversal,SOLUSDT,60,-1,0.02,0.025,evaluation,1,4,4,-0.0118224038018588,-0.5911201900929433,0.3171208195562294,0.25,3,0.75,1,0,0.0011059232357357,-5.303895339630426e-05,0.0020195195195194,12.683333333333334,1175,-0.0028958521584568,-0.008926551643402,152,-0.0029605671236457,-0.0088618366782131
shock_reversal:SOLUSDT:60:-1:0.02:0.025,shock_reversal,SOLUSDT,60,-1,0.02,0.025,evaluation,2,4,4,-0.0138470302710992,-0.6923515135549637,0.2653306712942992,0.25,3,0.75,1,0,0.0011070361973947,-5.309209864018833e-05,0.0040430861723446,12.683333333333334,1175,-0.004902571956323,-0.0089444583147762,152,-0.0049674097246557,-0.0088796205464435
shock_reversal:SOLUSDT:60:-1:0.03:0.03,shock_reversal,SOLUSDT,60,-1,0.03,0.03,evaluation,1,4,4,-0.0029593342624146,-0.0986444754138216,0.8211730088081229,0.5,2,0.5,2,0,0.0011011011011011,-0.0001437688406883,0.0020020020020018,22.291666666666668,717,-0.0029399226287781,-1.9411633636500034e-05,111,-0.0022694290143839,-0.0006899052480306999
shock_reversal:SOLUSDT:60:-1:0.03:0.03,shock_reversal,SOLUSDT,60,-1,0.03,0.03,evaluation,2,4,4,-0.0049663075432387,-0.1655435847746263,0.7175379627417388,0.5,2,0.5,2,0,0.0011022044088176,-0.0001439128976429,0.004008016032064,22.291666666666668,717,-0.0049467383552127,-1.9569188025999815e-05,111,-0.0042748981248626,-0.0006914094183760999
funding_squeeze:SOLUSDT:60:-1:0.02:0.025,funding_squeeze,SOLUSDT,60,-1,0.02,0.025,evaluation,1,63,62,-0.0041604082416187,-0.2080204120809393,0.6855876356256728,0.4193548387096774,36,0.5806451612903226,26,1,0.0011017015207615,-3.496739107562991e-05,0.0020041831650586,4.45,1175,-0.0028958521584568,-0.0012645560831618997,152,-0.0029605671236457,-0.001199841117973
funding_squeeze:SOLUSDT:60:-1:0.02:0.025,funding_squeeze,SOLUSDT,60,-1,0.02,0.025,evaluation,2,63,62,-0.0061696772781003,-0.3084838639050195,0.5725588992271627,0.4193548387096774,36,0.5806451612903226,26,1,0.0011028060305218,-3.5002428541637555e-05,0.0040123827292459,4.45,1175,-0.004902571956323,-0.0012671053217773003,152,-0.0049674097246557,-0.0012022675534446
funding_squeeze:SOLUSDT:60:-1:0.03:0.03,funding_squeeze,SOLUSDT,60,-1,0.03,0.03,evaluation,1,61,60,-0.0039950490499702,-0.1331683016656733,0.7628384216800266,0.4833333333333333,31,0.5166666666666667,29,1,0.0011016308622092,-7.178582908737646e-05,0.002003926481552,9.966666666666669,717,-0.0029399226287781,-0.0010551264211921003,111,-0.0022694290143839,-0.0017256200355863002
funding_squeeze:SOLUSDT:60:-1:0.03:0.03,funding_squeeze,SOLUSDT,60,-1,0.03,0.03,evaluation,2,61,60,-0.006004023854868,-0.2001341284956011,0.6651163645277675,0.4833333333333333,31,0.5166666666666667,29,1,0.0011027352305107,-7.185775877584076e-05,0.0040118688478368,9.966666666666669,717,-0.0049467383552127,-0.0010572854996552996,111,-0.0042748981248626,-0.0017291257300053996
compression_expansion:SOLUSDT:60:-1:0.02:0.025,compression_expansion,SOLUSDT,60,-1,0.02,0.025,evaluation,1,4,4,-0.0005596418926749,-0.0279820946337455,0.95150418610126,0.5,2,0.5,2,0,0.0010997233483483,-3.707845267033563e-05,0.0019969969969969,3.9166666666666665,1175,-0.0028958521584568,0.0023362102657819,152,-0.0029605671236457,0.0024009252309707997
compression_expansion:SOLUSDT:60:-1:0.02:0.025,compression_expansion,SOLUSDT,60,-1,0.02,0.025,evaluation,2,4,4,-0.002561704284351,-0.1280852142175505,0.7961010432624627,0.5,2,0.5,2,0,0.0011008238977955,-3.711560542852234e-05,0.0039979959919839,3.9166666666666665,1175,-0.004902571956323,0.0023408676719719997,152,-0.0049674097246557,0.0024057054403047
compression_expansion:SOLUSDT:60:-1:0.03:0.03,compression_expansion,SOLUSDT,60,-1,0.03,0.03,evaluation,1,4,4,-0.0030404909571482,-0.1013496985716076,0.8160314909309487,0.5,2,0.5,2,0,0.0011011011011011,-6.261214595477187e-05,0.0020020020020019,6.408333333333333,717,-0.0029399226287781,-0.00010056832837009987,111,-0.0022694290143839,-0.0007710619427642998
compression_expansion:SOLUSDT:60:-1:0.03:0.03,compression_expansion,SOLUSDT,60,-1,0.03,0.03,evaluation,2,4,4,-0.0050475455573057,-0.168251518576858,0.7125680806149696,0.5,2,0.5,2,0,0.0011022044088176,-6.267488357596904e-05,0.0040080160320641,6.408333333333333,717,-0.0049467383552127,-0.00010080720209299995,111,-0.0042748981248626,-0.0007726474324431
learned_leaf:SOLUSDT:60:-1:0.02:0.025,learned_leaf,SOLUSDT,60,-1,0.02,0.025,evaluation,1,618,617,-0.0014748987589431,-0.0737449379471573,0.8772158706344442,0.479740680713128,321,0.520259319286872,296,1,0.0011002203003641,-2.5867658059533573e-05,0.0019988022899432,4.366666666666666,1175,-0.0028958521584568,0.0014209533995137,152,-0.0029605671236457,0.0014856683647025998
learned_leaf:SOLUSDT:60:-1:0.02:0.025,learned_leaf,SOLUSDT,60,-1,0.02,0.025,evaluation,2,618,617,-0.0034787822895492,-0.173939114477461,0.7339464486071267,0.479740680713128,321,0.520259319286872,296,1,0.0011013218447123,-2.589357755658722e-05,0.0040016101956981,4.366666666666666,1175,-0.004902571956323,0.0014237896667737998,152,-0.0049674097246557,0.0014886274351065
learned_leaf:SOLUSDT:60:-1:0.03:0.03,learned_leaf,SOLUSDT,60,-1,0.03,0.03,evaluation,1,414,413,-0.0002342873236332,-0.0078095774544418,0.9843410520030492,0.5472154963680388,187,0.4527845036319612,226,1,0.0010995395953822,-2.8152966667219057e-05,0.0019963294719178,8.558333333333334,717,-0.0029399226287781,0.0027056353051449003,111,-0.0022694290143839,0.0020351416907507004
learned_leaf:SOLUSDT:60:-1:0.03:0.03,learned_leaf,SOLUSDT,60,-1,0.03,0.03,evaluation,2,414,413,-0.0022356894280029,-0.0745229809334304,0.8593899740105319,0.5472154963680388,187,0.4527845036319612,226,1,0.0011006397769549,-2.8181176052657143e-05,0.0039966596041002,8.558333333333334,717,-0.0049467383552127,0.0027110489272098004,111,-0.0042748981248626,0.0020392086968597004
clock_control:SOLUSDT:60:-1:0.02:0.025,clock_control,SOLUSDT,60,-1,0.02,0.025,evaluation,1,1176,1175,-0.0028958521584568,-0.1447926079228419,0.7728608535389573,0.4485106382978723,648,0.5514893617021277,527,1,0.0011009967282158,-1.7377689428364095e-05,0.0020016228433958,3.808333333333333,1175,-0.0028958521584568,0.0,152,-0.0029605671236457,6.471496518889973e-05
clock_control:SOLUSDT:60:-1:0.02:0.025,clock_control,SOLUSDT,60,-1,0.02,0.025,evaluation,2,1176,1175,-0.004902571956323,-0.2451285978161534,0.6467204397318915,0.4485106382978723,648,0.5514893617021277,527,1,0.0011020998269772,-1.7395101942821377e-05,0.0040072569550151,3.808333333333333,1175,-0.004902571956323,0.0,152,-0.0049674097246557,6.48377683327003e-05
clock_control:SOLUSDT:60:-1:0.03:0.03,clock_control,SOLUSDT,60,-1,0.03,0.03,evaluation,1,718,717,-0.0029399226287781,-0.0979974209592711,0.8215850734910832,0.502092050209205,357,0.497907949790795,360,1,0.0011010251858863,-2.50768959738552e-05,0.0020017262224551,7.575,717,-0.0029399226287781,0.0,111,-0.0022694290143839,-0.0006704936143941999
clock_control:SOLUSDT:60:-1:0.03:0.03,clock_control,SOLUSDT,60,-1,0.03,0.03,evaluation,2,718,717,-0.0049467383552127,-0.1648912785070921,0.7174244345968668,0.502092050209205,357,0.497907949790795,360,1,0.0011021283416201,-2.510202312412961e-05,0.0040074639203062,7.575,717,-0.0049467383552127,0.0,111,-0.0042748981248626,-0.0006718402303501
legacy_zone:SOLUSDT:60:-1:0.02:0.025,legacy_zone,SOLUSDT,60,-1,0.02,0.025,evaluation,1,152,152,-0.0029605671236457,-0.1480283561822866,0.768510260974558,0.4473684210526316,84,0.5526315789473685,68,0,0.0011010285877983,-1.0621097470020936e-05,0.0020017385806858,4.891666666666667,1175,-0.0028958521584568,-6.471496518889973e-05,152,-0.0029605671236457,0.0
legacy_zone:SOLUSDT:60:-1:0.02:0.025,legacy_zone,SOLUSDT,60,-1,0.02,0.025,evaluation,2,152,152,-0.0049674097246557,-0.2483704862327859,0.643160402537715,0.4473684210526316,84,0.5526315789473685,68,0,0.0011021317503427,-1.0631739852255427e-05,0.0040074886615336,4.891666666666667,1175,-0.004902571956323,-6.48377683327003e-05,152,-0.0049674097246557,0.0
legacy_zone:SOLUSDT:60:-1:0.03:0.03,legacy_zone,SOLUSDT,60,-1,0.03,0.03,evaluation,1,111,111,-0.0022694290143839,-0.0756476338127988,0.8593171718493182,0.5135135135135135,54,0.4864864864864865,57,0,0.0011006542623704,-2.0793194311089743e-05,0.0020003787571353,8.883333333333333,717,-0.0029399226287781,0.0006704936143941999,111,-0.0022694290143839,0.0
legacy_zone:SOLUSDT:60:-1:0.03:0.03,legacy_zone,SOLUSDT,60,-1,0.03,0.03,evaluation,2,111,111,-0.0042748981248626,-0.1424966041620887,0.7505493049026443,0.5135135135135135,54,0.4864864864864865,57,0,0.0011017566755131,-2.0814029175128924e-05,0.0040047662893354,8.883333333333333,717,-0.0049467383552127,0.0006718402303501,111,-0.0042748981248626,0.0
