delay_minutes,arm,partition,stress,grouping,symbol,n,n_closed,mean,closed_mean,pf,win_rate,sum_return_units,average_win,average_loss,max_losing_streak,closed_trade_drawdown,mean_gross,mean_fees,mean_funding,median_hours,p95_hours,max_hours,boundary_count,boundary_net,target_count,stop_count,regime_count,ambiguous_count,mean_R,stop_rate,closed_win_rate,mean_quoted,mean_slippage_drag,side,entry_year
0,delay_0m,historical,1,symbol,BTCUSDT,15,15,0.0084306497446769,0.0084306497446769,2.1918249387471342,0.6666666666666666,0.12645974617015351,0.02325657203437515,-0.021221194834719605,1,0.022781630571917677,0.009498000000000022,0.00110225225,-3.4901994676879027e-05,19.083333333333332,98.04833333333333,106.25,0,0.0,10,5,0,0,0.421532487233845,0.3333333333333333,0.6666666666666666,0.010501999999999923,0.0010039999999999012,,
0,delay_0m,historical,1,symbol,ETHUSDT,17,17,-0.0030561892396414993,-0.0030561892396414993,0.7590560122260265,0.4117647058823529,-0.05195521707390549,0.023382387542079778,-0.021563192986846395,4,0.08634882687526928,-0.0019766176470587637,0.0011066165808823528,-2.70449882996156e-05,12.683333333333334,75.95666666666662,137.71666666666667,0,0.0,7,10,0,0,-0.15280946198207496,0.5882352941176471,0.4117647058823529,-0.0009645588235294678,0.0010120588235292957,,
0,delay_0m,historical,1,symbol,SOLUSDT,9,9,0.0077999407479449855,0.0077999407479449855,2.0603286855315814,0.6666666666666666,0.07019946673150487,0.02273414162191748,-0.022068460999999998,2,0.044136921999999995,0.00899555555555557,0.0011020111666666668,9.360364094391985e-05,5.883333333333334,30.55999999999999,40.6,0,0.0,6,3,0,0,0.3899970373972493,0.3333333333333333,0.6666666666666666,0.01100444444444436,0.0020088888888887884,,
0,delay_0m,historical,1,side,,18,18,-0.003821812880893118,-0.003821812880893118,0.705899287905263,0.3888888888888889,-0.06879263185607612,0.02358796923410494,-0.021264401499528247,4,0.10335575702817153,-0.0030283333333332627,0.0011016655833333334,-0.0003081860357734781,15.266666666666667,70.62333333333322,137.71666666666667,0,0.0,7,11,0,0,-0.1910906440446559,0.6111111111111112,0.3888888888888889,-0.001971666666666705,0.0010566666666665576,-1.0,
0,delay_0m,historical,1,side,,23,23,0.009282462073209955,0.009282462073209955,2.386027896964652,0.6956521739130435,0.213496627683829,0.022970718639442514,-0.022004981506750176,3,0.06524019796635475,0.0106233695652174,0.0011058428532608692,0.00023506463874657535,12.683333333333334,92.71666666666664,106.25,0,0.0,16,7,0,0,0.46412310366049775,0.30434782608695654,0.6956521739130435,0.011985326086956427,0.0013619565217390262,1.0,
0,delay_0m,historical,1,symbol+side,BTCUSDT,9,9,0.003759328379340826,0.003759328379340826,1.4060512684721,0.5555555555555556,0.03383395541406743,0.023431659803149554,-0.02083108590042009,2,0.04018260475133187,0.004502500000000052,0.001097523625,-0.00035435200434077546,16.283333333333335,47.52999999999999,58.78333333333333,0,0.0,5,4,0,0,0.18796641896704128,0.4444444444444444,0.5555555555555556,0.005497499999999933,0.0009949999999998818,-1.0,
0,delay_0m,historical,1,symbol+side,BTCUSDT,6,6,0.01543763179268101,0.01543763179268101,5.065810410878292,0.8333333333333334,0.09262579075608605,0.023081484265600746,-0.022781630571917674,1,0.022781630571917677,0.016991249999999975,0.0011093451875000002,0.00044427301981896566,47.725,103.32083333333334,106.25,0,0.0,5,1,0,0,0.7718815896340505,0.16666666666666666,0.8333333333333334,0.018008749999999907,0.0010174999999999306,1.0,
0,delay_0m,historical,1,symbol+side,ETHUSDT,8,8,-0.01569560012751797,-0.01569560012751797,0.16614819477450868,0.125,-0.12556480102014375,0.025019271872986637,-0.021512010413304337,4,0.12556480102014375,-0.014882187499999922,0.0011081852031250001,-0.0002947725756069532,12.883333333333333,101.73083333333328,137.71666666666667,0,0.0,1,7,0,0,-0.7847800063758984,0.875,0.125,-0.01386781250000002,0.0010143749999999008,-1.0,
0,delay_0m,historical,1,symbol+side,ETHUSDT,9,9,0.008178842660693138,0.008178842660693138,2.1316219683325053,0.6666666666666666,0.07360958394623823,0.02310957348692864,-0.02168261899177786,2,0.04317173696635486,0.009495000000000043,0.0011052222500000002,0.00021093508930690677,12.683333333333334,50.64999999999999,60.516666666666666,0,0.0,6,3,0,0,0.4089421330346569,0.3333333333333333,0.6666666666666666,0.010504999999999912,0.001009999999999869,1.0,
0,delay_0m,historical,1,symbol+side,SOLUSDT,1,1,0.022938213750000186,0.022938213750000186,,1.0,0.022938213750000186,0.022938213750000186,,0,0.0,0.024025000000000185,0.00108678625,0.0,2.85,2.85,2.85,0,0.0,1,0,0,0,1.1469106875000092,0.0,1.0,0.02597500000000008,0.0019499999999998963,-1.0,
0,delay_0m,historical,1,symbol+side,SOLUSDT,8,8,0.005907656622688086,0.005907656622688086,1.713858161374955,0.625,0.04726125298150469,0.02269332719630094,-0.022068460999999998,2,0.044136921999999995,0.007116874999999995,0.00110391428125,0.00010530409606190983,9.133333333333333,31.814999999999987,40.6,0,0.0,5,3,0,0,0.2953828311344043,0.375,0.625,0.009133124999999895,0.0020162499999999,1.0,
0,delay_0m,historical,1,entry_year,,10,10,0.005307830699450669,0.005307830699450669,1.615072772641174,0.6,0.05307830699450669,0.023229047644938456,-0.021573994718781006,2,0.06267211989149006,0.006396000000000046,0.0011017567,-1.3587399450623919e-05,13.225,32.6425,34.9,0,0.0,6,4,0,0,0.2653915349725334,0.4,0.6,0.007603999999999933,0.001207999999999887,,2022.0
0,delay_0m,historical,1,entry_year,,9,9,0.008329707163952168,0.008329707163952168,2.155694660204461,0.6666666666666666,0.07496736447556951,0.02330585993780802,-0.021622598383759534,2,0.043194586850493724,0.009436388888888932,0.0011072075972222224,-5.258722854582401e-07,32.3,125.12999999999998,137.71666666666667,0,0.0,6,3,0,0,0.4164853581976084,0.3333333333333333,0.6666666666666666,0.010563611111111025,0.0011272222222220944,,2023.0
0,delay_0m,historical,1,entry_year,,22,22,0.0007571965617125758,0.0007571965617125758,1.0703537402603533,0.5,0.016658324357676668,0.023039803397575997,-0.02152541027415085,4,0.10404820342579248,0.00186090909090912,0.001103724125,-1.159580345494509e-08,11.633333333333333,60.42999999999999,94.53333333333333,0,0.0,11,11,0,0,0.03785982808562879,0.5,0.5,0.003139090909090844,0.0012781818181817237,,2024.0
0,delay_0m,historical,2,symbol,BTCUSDT,15,15,0.007928792672528339,0.007928792672528339,2.0947878675664033,0.6666666666666666,0.1189318900879251,0.02275665339411658,-0.021726928770648146,1,0.023270760222731113,0.00899600000000002,0.0011023045000000003,-3.509717252832025e-05,19.1,98.03666666666665,106.25,0,0.0,10,5,0,0,0.39643963362641693,0.3333333333333333,0.6666666666666666,0.011003999999999925,0.002007999999999906,,
0,delay_0m,historical,2,symbol,ETHUSDT,17,17,-0.006246282736339424,-0.006246282736339424,0.5638110469111383,0.35294117647058826,-0.10618680651777021,0.022875902032430184,-0.022131110792031936,4,0.12976144226565883,-0.0051270588235293995,0.0011051463823529412,1.4077530457082108e-05,14.916666666666666,75.95666666666662,137.71666666666667,0,0.0,6,11,0,0,-0.3123141368169712,0.6470588235294118,0.35294117647058826,-0.0031082352941177514,0.002018823529411648,,
0,delay_0m,historical,2,symbol,SOLUSDT,9,9,0.0017832674980856461,0.0017832674980856461,1.1738908182211845,0.5555555555555556,0.016049407482770815,0.02166905909655416,-0.023073972,3,0.07060562346346215,0.0029811111111111258,0.0011043333888888889,9.351022413659057e-05,5.883333333333334,30.58999999999999,40.65,0,0.0,5,4,0,0,0.0891633749042823,0.4444444444444444,0.5555555555555556,0.0070188888888888705,0.004037777777777745,,
0,delay_0m,historical,2,side,,18,18,-0.006856660300294601,-0.006856660300294601,0.5301362705694849,0.3333333333333333,-0.12341988540530283,0.023208628965034256,-0.021889304932959028,7,0.15250605720348576,-0.006061666666666564,0.0011033339166666668,-0.00030834028303862996,15.258333333333333,70.53833333333321,137.71666666666667,0,0.0,6,12,0,0,-0.34283301501473007,0.6666666666666666,0.3333333333333333,-0.00393833333333334,0.002123333333333224,-1.0,
0,delay_0m,historical,2,side,,23,23,0.0066180163677490664,0.0066180163677490664,1.8377185591483465,0.6521739130434783,0.15221437645822852,0.02226103118855415,-0.02271263642126046,3,0.06771119351442978,0.007987826086956468,0.001104393304347826,0.0002654164148595759,14.366666666666667,92.70166666666664,106.25,0,0.0,15,8,0,0,0.33090081838745333,0.34782608695652173,0.6521739130434783,0.010707826086956394,0.002719999999999925,1.0,
0,delay_0m,historical,2,symbol+side,BTCUSDT,9,9,0.0032617321076963985,0.0032617321076963985,1.3438876925554464,0.5555555555555556,0.029355588969267588,0.022943894519955443,-0.021340970907627405,2,0.041201634241697704,0.004005000000000098,0.00109779725,-0.00035452935769630147,16.283333333333335,47.463333333333324,58.68333333333333,0,0.0,5,4,0,0,0.16308660538481992,0.4444444444444444,0.5555555555555556,0.005994999999999985,0.001989999999999887,-1.0,
0,delay_0m,historical,2,symbol+side,BTCUSDT,6,6,0.014929383519776249,0.014929383519776249,4.849307038588214,0.8333333333333334,0.0895763011186575,0.022569412268277723,-0.023270760222731113,1,0.023270760222731113,0.0164824999999999,0.001109065375,0.00044405110522365156,47.733333333333334,103.31666666666666,106.25,0,0.0,5,1,0,0,0.7464691759888125,0.16666666666666666,0.8333333333333334,0.018517499999999836,0.002034999999999935,1.0,
0,delay_0m,historical,2,symbol+side,ETHUSDT,8,8,-0.016202919046821293,-0.016202919046821293,0.1591398085188257,0.125,-0.12962335237457034,0.024532301190428322,-0.022022236223571242,4,0.12962335237457034,-0.015389374999999872,0.0011084641562500001,-0.00029492010942857834,12.875,101.73083333333328,137.71666666666667,0,0.0,1,7,0,0,-0.8101459523410647,0.875,0.125,-0.013360625000000001,0.002028749999999871,-1.0,
0,delay_0m,historical,2,symbol+side,ETHUSDT,9,9,0.002604060650755574,0.002604060650755574,1.2624868121886206,0.5555555555555556,0.023436545856800165,0.022544622200830554,-0.02232164128683815,2,0.04447716326442966,0.003994999999999909,0.00110219725,0.0002887420992443359,32.3,58.89666666666666,60.516666666666666,0,0.0,5,4,0,0,0.1302030325377787,0.4444444444444444,0.5555555555555556,0.006004999999999804,0.0020099999999998947,1.0,
0,delay_0m,historical,2,symbol+side,SOLUSDT,1,1,-0.02315212200000006,-0.02315212200000006,0.0,0.0,-0.02315212200000006,,-0.02315212200000006,1,0.02315212200000006,-0.02204000000000006,0.0011121220000000001,0.0,1.1666666666666667,1.1666666666666667,1.1666666666666667,0,0.0,0,1,0,0,-1.1576061000000029,1.0,0.0,-0.017959999999999976,0.0040800000000000836,-1.0,
0,delay_0m,historical,2,symbol+side,SOLUSDT,8,8,0.004900191185346359,0.004900191185346359,1.5669568169424108,0.625,0.03920152948277087,0.02166905909655416,-0.02304792199999998,2,0.04745350146346208,0.006108750000000024,0.0011033598125,0.00010519900215366439,9.133333333333333,31.847499999999986,40.65,0,0.0,5,3,0,0,0.24500955926731793,0.375,0.625,0.010141249999999977,0.004032499999999953,1.0,
0,delay_0m,historical,2,entry_year,,10,10,0.004703730434590183,0.004703730434590183,1.5324756448579457,0.6,0.04703730434590183,0.022562385092466167,-0.022084251552223797,2,0.06520081631266927,0.005792000000000064,0.0011018634,-1.3593834590119358e-05,13.225,32.6425,34.9,0,0.0,6,4,0,0,0.23518652172950916,0.4,0.6,0.008207999999999993,0.0024159999999999295,,2022.0
0,delay_0m,historical,2,entry_year,,9,9,0.002696272360663587,0.002696272360663587,1.2722056744180545,0.5555555555555556,0.024266451245972286,0.02268278722632492,-0.022286871221413075,2,0.044194297745897934,0.0038777777777777946,0.0011043346111111112,7.717080600309693e-05,33.96666666666667,125.12999999999998,137.71666666666667,0,0.0,5,4,0,0,0.13481361803317934,0.4444444444444444,0.5555555555555556,0.006122222222222128,0.002244444444444333,,2023.0
0,delay_0m,historical,2,entry_year,,22,22,-0.0019322392972249268,-0.0019322392972249268,0.8407226131895085,0.45454545454545453,-0.04250926453894839,0.022437899493209613,-0.02224068828925371,6,0.1537689118711201,-0.0008277272727272804,0.0011047004999999996,-1.884755023532589e-07,12.3,60.425,94.51666666666667,0,0.0,10,12,0,0,-0.09661196486124635,0.5454545454545454,0.45454545454545453,0.0017368181818180845,0.002564545454545365,,2024.0
0,delay_0m,evaluation,1,symbol,BTCUSDT,7,7,0.010468216497146755,0.010468216497146755,2.68955275400953,0.7142857142857143,0.07327751548002728,0.0233296939794958,-0.021685477208725847,1,0.02174967391745189,0.011637500000000078,0.0011057716607142858,6.351184213903789e-05,20.7,185.91666666666663,202.51666666666668,0,0.0,5,2,0,0,0.5234108248573377,0.2857142857142857,0.7142857142857143,0.012648214285714197,0.0010107142857141188,,
0,delay_0m,evaluation,1,symbol,ETHUSDT,2,2,0.02317146604895376,0.02317146604895376,,1.0,0.04634293209790752,0.02317146604895376,,0,0.0,0.024487499999999995,0.0011134681250000002,0.00020256582604623774,21.833333333333332,26.708333333333332,27.25,0,0.0,2,0,0,0,1.1585733024476879,0.0,1.0,0.025512499999999827,0.0010249999999998316,,
0,delay_0m,evaluation,1,symbol,SOLUSDT,6,6,0.015306817427412286,0.015306817427412286,5.13399037969631,0.8333333333333334,0.09184090456447372,0.022811389344899877,-0.022216042160025665,1,0.022216042160025665,0.016499166666666714,0.001100265375,9.208386425442732e-05,8.55,21.3875,22.5,0,0.0,5,1,0,0,0.7653408713706144,0.16666666666666666,0.8333333333333334,0.018500833333333244,0.0020016666666665315,,
0,delay_0m,evaluation,1,side,,4,4,0.011994907483993506,0.011994907483993506,3.219092894890035,0.75,0.04797962993597402,0.02320030347865794,-0.021621280499999805,1,0.021621280499999805,0.01301312500000018,0.00109284278125,-7.462526524332264e-05,3.058333333333333,18.39999999999999,20.7,0,0.0,3,1,0,0,0.5997453741996753,0.25,0.75,0.01448687500000001,0.0014737499999998294,-1.0,
0,delay_0m,evaluation,1,side,,11,11,0.014861974746039501,0.014861974746039501,4.718390982608873,0.8181818181818182,0.1634817222064345,0.023049715364879115,-0.021982858038738777,1,0.022216042160025665,0.016125454545454554,0.001108869,0.00015461079941505413,20.016666666666666,174.85,202.51666666666668,0,0.0,9,2,0,0,0.7430987373019751,0.18181818181818182,0.8181818181818182,0.017510909090908952,0.0013854545454543969,1.0,
0,delay_0m,evaluation,1,symbol+side,BTCUSDT,2,2,0.0010516012179867668,0.0010516012179867668,1.0972746473537287,0.5,0.0021032024359735335,0.02372448293597334,-0.021621280499999805,1,0.021621280499999805,0.002001250000000121,0.0010988993125,-0.00014925053048664528,13.033333333333333,19.933333333333334,20.7,0,0.0,1,1,0,0,0.05258006089933834,0.5,0.5,0.002998749999999939,0.000997499999999818,-1.0,
0,delay_0m,evaluation,1,symbol+side,BTCUSDT,5,5,0.01423486260881075,0.01423486260881075,4.2724312701968215,0.8,0.07117431304405375,0.023230996740376413,-0.02174967391745189,1,0.02174967391745189,0.015492000000000061,0.0011085206000000002,0.00014861679118931113,27.533333333333335,191.45,202.51666666666668,0,0.0,4,1,0,0,0.7117431304405375,0.2,0.8,0.0165079999999999,0.0010159999999998393,1.0,
0,delay_0m,evaluation,1,symbol+side,ETHUSDT,2,2,0.02317146604895376,0.02317146604895376,,1.0,0.04634293209790752,0.02317146604895376,,0,0.0,0.024487499999999995,0.0011134681250000002,0.00020256582604623774,21.833333333333332,26.708333333333332,27.25,0,0.0,2,0,0,0,1.1585733024476879,0.0,1.0,0.025512499999999827,0.0010249999999998316,1.0,
0,delay_0m,evaluation,1,symbol+side,SOLUSDT,2,2,0.02293821375000024,0.02293821375000024,,1.0,0.04587642750000048,0.02293821375000024,,0,0.0,0.02402500000000024,0.00108678625,0.0,0.725,0.7475,0.75,0,0.0,2,0,0,0,1.1469106875000121,0.0,1.0,0.02597500000000008,0.0019499999999998407,-1.0,
0,delay_0m,evaluation,1,symbol+side,SOLUSDT,4,4,0.011491119266118309,0.011491119266118309,3.0689768561557385,0.75,0.045964477064473236,0.022726839741499635,-0.022216042160025665,1,0.022216042160025665,0.012736249999999949,0.0011070049375000001,0.00013812579638164098,15.058333333333334,21.832499999999996,22.5,0,0.0,3,1,0,0,0.5745559633059154,0.25,0.75,0.014763749999999826,0.0020274999999998766,1.0,
0,delay_0m,evaluation,1,entry_year,,15,15,0.014097423476160569,0.014097423476160569,4.2241353191499025,0.8,0.21146135214240852,0.02308736239332382,-0.02186233219249245,1,0.02221604216002565,0.015295500000000054,0.0011045953416666668,9.348118217282031e-05,18.05,163.78333333333327,202.51666666666668,0,0.0,12,3,0,0,0.7048711738080284,0.2,0.8,0.0167044999999999,0.0014089999999998455,,2025.0
0,delay_0m,evaluation,2,symbol,BTCUSDT,7,7,0.003575547880185267,0.003575547880185267,1.3772419698996299,0.5714285714285714,0.025028835161296868,0.022843933729728566,-0.022115633252539135,1,0.02221288553313716,0.004710000000000024,0.0011021182857142858,3.233383410047218e-05,20.016666666666666,160.25166666666658,202.51666666666668,0,0.0,4,3,0,0,0.17877739400926335,0.42857142857142855,0.5714285714285714,0.006718571428571288,0.0020085714285712646,,
0,delay_0m,evaluation,2,symbol,ETHUSDT,2,2,0.022659349105685025,0.022659349105685025,,1.0,0.04531869821137005,0.022659349105685025,,0,0.0,0.02397499999999997,0.00111318625,0.00020246464431494592,21.841666666666665,26.72416666666667,27.266666666666666,0,0.0,2,0,0,0,1.1329674552842512,0.0,1.0,0.026024999999999854,0.0020499999999998852,,
0,delay_0m,evaluation,2,symbol,SOLUSDT,6,6,0.014306268952476312,0.014306268952476312,4.700637928696376,0.8333333333333334,0.08583761371485787,0.021806593917659333,-0.023195355873438798,1,0.023195355873438794,0.01549833333333328,0.0011000724166666668,9.199196419030113e-05,8.55,21.3875,22.5,0,0.0,5,1,0,0,0.7153134476238155,0.16666666666666666,0.8333333333333334,0.019501666666666695,0.004003333333333414,,
0,delay_0m,evaluation,2,side,,4,4,0.011257664552725945,0.011257664552725945,3.0346806179150287,0.75,0.04503065821090378,0.02238740640363453,-0.022131560999999817,1,0.022131560999999814,0.012276250000000016,0.0010932480625000002,-7.466261522592692e-05,3.058333333333333,18.39999999999999,20.7,0,0.0,3,1,0,0,0.5628832276362973,0.25,0.75,0.015223750000000036,0.0029475000000000195,-1.0,
0,delay_0m,evaluation,2,side,,11,11,0.010104953534238273,0.010104953534238273,2.6489147528441537,0.7272727272727273,0.11115448887662101,0.022320647938459677,-0.02247023154368546,1,0.023195355873438798,0.011345909090909066,0.00110624025,0.00013471530667079194,18.3,132.075,202.51666666666668,0,0.0,8,3,0,0,0.5052476767119136,0.2727272727272727,0.7272727272727273,0.01410863636363625,0.0027627272727271846,1.0,
0,delay_0m,evaluation,2,symbol+side,BTCUSDT,2,2,0.0005526516054519832,0.0005526516054519832,1.0499423972355124,0.5,0.0011053032109039664,0.023236864210903783,-0.022131560999999817,1,0.022131560999999817,0.0015025000000001287,0.001099173625,-0.00014932523045185385,13.033333333333333,19.933333333333334,20.7,0,0.0,1,1,0,0,0.02763258027259916,0.5,0.5,0.0034975000000000422,0.0019949999999999135,-1.0,
0,delay_0m,evaluation,2,symbol+side,BTCUSDT,5,5,0.00478470639007858,0.00478470639007858,1.5410686115408594,0.6,0.0239235319503929,0.022712956902670157,-0.02210766937880879,1,0.02221288553313716,0.005992999999999982,0.00110329615,0.00010499745992140258,20.016666666666666,174.33999999999997,202.51666666666668,0,0.0,3,2,0,0,0.239235319503929,0.4,0.6,0.008006999999999787,0.002013999999999805,1.0,
0,delay_0m,evaluation,2,symbol+side,ETHUSDT,2,2,0.022659349105685025,0.022659349105685025,,1.0,0.04531869821137005,0.022659349105685025,,0,0.0,0.02397499999999997,0.00111318625,0.00020246464431494592,21.841666666666665,26.72416666666667,27.266666666666666,0,0.0,2,0,0,0,1.1329674552842512,0.0,1.0,0.026024999999999854,0.0020499999999998852,1.0,
0,delay_0m,evaluation,2,symbol+side,SOLUSDT,2,2,0.021962677499999902,0.021962677499999902,,1.0,0.043925354999999805,0.021962677499999902,,0,0.0,0.023049999999999904,0.0010873225000000001,0.0,0.725,0.7475,0.75,0,0.0,2,0,0,0,1.0981338749999952,0.0,1.0,0.02695000000000003,0.0039000000000001256,-1.0,
0,delay_0m,evaluation,2,symbol+side,SOLUSDT,4,4,0.010478064678714517,0.010478064678714517,2.806924581952724,0.75,0.04191225871485807,0.021702538196098953,-0.023195355873438798,1,0.023195355873438798,0.011722499999999969,0.001106447375,0.0001379879462854517,15.058333333333334,21.832499999999996,22.5,0,0.0,3,1,0,0,0.5239032339357259,0.25,0.75,0.015777500000000028,0.0040550000000000586,1.0,
0,delay_0m,evaluation,2,entry_year,,15,15,0.010412343139168322,0.010412343139168322,2.7442619240133888,0.7333333333333333,0.15618514708752482,0.02233885479259827,-0.02238556390776405,1,0.023591737678244837,0.011593999999999986,0.0011027756666666666,7.888119416500026e-05,18.05,103.89833333333317,202.51666666666668,0,0.0,11,4,0,0,0.520617156958416,0.26666666666666666,0.7333333333333333,0.014405999999999926,0.0028119999999999404,,2025.0
0,delay_0m,reserved_replication,1,symbol,BTCUSDT,3,3,0.008196707351868083,0.008196707351868083,2.107847982151131,0.6666666666666666,0.02459012205560425,0.023393209172576063,-0.022196296289547876,1,0.022196296289547876,0.009503333333333383,0.0010962389166666666,0.00021038706479863253,36.28333333333333,71.14333333333333,75.01666666666667,0,0.0,2,1,0,0,0.4098353675934041,0.3333333333333333,0.6666666666666666,0.010496666666666562,0.0009933333333331795,,
0,delay_0m,reserved_replication,1,symbol,ETHUSDT,1,1,0.02321305904964315,0.02321305904964315,,1.0,0.02321305904964315,0.02321305904964315,,0,0.0,0.024487499999999995,0.0011134681250000002,0.00016097282535684694,33.666666666666664,33.666666666666664,33.666666666666664,0,0.0,1,0,0,0,1.1606529524821574,0.0,1.0,0.02551250000000005,0.0010250000000000536,,
0,delay_0m,reserved_replication,1,symbol,SOLUSDT,5,5,0.02286645550532072,0.02286645550532072,,1.0,0.1143322775266036,0.02286645550532072,,0,0.0,0.024005000000000033,0.0010973462500000002,4.11982446793126e-05,14.6,25.069999999999997,27.283333333333335,0,0.0,5,0,0,0,1.143322775266036,0.0,1.0,0.025994999999999924,0.001989999999999892,,
0,delay_0m,reserved_replication,1,side,,4,4,0.022985205273865522,0.022985205273865522,,1.0,0.09194082109546209,0.022985205273865522,,0,0.0,0.02414687500000015,0.00108671921875,7.495050738462628e-05,11.291666666666666,24.908333333333324,27.283333333333335,0,0.0,4,0,0,0,1.149260263693276,0.0,1.0,0.025853125000000032,0.0017062499999998815,-1.0,
0,delay_0m,reserved_replication,1,side,,5,5,0.014038927507277778,0.014038927507277778,4.162448213013051,0.8,0.0701946375363889,0.023097733456484193,-0.022196296289547876,1,0.022196296289547876,0.01528699999999994,0.0011084078500000001,0.0001396646427221605,33.666666666666664,67.27,75.01666666666667,0,0.0,4,1,0,0,0.7019463753638889,0.2,0.8,0.016712999999999846,0.0014259999999999052,1.0,
0,delay_0m,reserved_replication,1,symbol+side,BTCUSDT,1,1,0.02341610297913214,0.02341610297913214,,1.0,0.02341610297913214,0.02341610297913214,,0,0.0,0.02451250000000016,0.001086518125,9.878895868016246e-06,11.133333333333333,11.133333333333333,11.133333333333333,0,0.0,1,0,0,0,1.170805148956607,0.0,1.0,0.025487499999999996,0.0009749999999998371,-1.0,
0,delay_0m,reserved_replication,1,symbol+side,BTCUSDT,2,2,0.0005870095382360541,0.0005870095382360541,1.0528925664515008,0.5,0.0011740190764721083,0.023370315366019984,-0.022196296289547876,1,0.022196296289547876,0.0019987499999999936,0.0011010993125000002,0.0003106411492639407,55.65,73.08,75.01666666666667,0,0.0,1,1,0,0,0.029350476911802707,0.5,0.5,0.0030012499999998443,0.0010024999999998507,1.0,
0,delay_0m,reserved_replication,1,symbol+side,ETHUSDT,1,1,0.02321305904964315,0.02321305904964315,,1.0,0.02321305904964315,0.02321305904964315,,0,0.0,0.024487499999999995,0.0011134681250000002,0.00016097282535684694,33.666666666666664,33.666666666666664,33.666666666666664,0,0.0,1,0,0,0,1.1606529524821574,0.0,1.0,0.02551250000000005,0.0010250000000000536,1.0,
0,delay_0m,reserved_replication,1,symbol+side,SOLUSDT,3,3,0.02284157270544332,0.02284157270544332,,1.0,0.06852471811632996,0.02284157270544332,,0,0.0,0.024025000000000147,0.00108678625,9.66410445568296e-05,11.45,25.7,27.283333333333335,0,0.0,3,0,0,0,1.142078635272166,0.0,1.0,0.025975000000000043,0.0019499999999998963,-1.0,
0,delay_0m,reserved_replication,1,symbol+side,SOLUSDT,2,2,0.022903779705136823,0.022903779705136823,,1.0,0.045807559410273646,0.022903779705136823,,0,0.0,0.023974999999999858,0.00111318625,-4.196595513696293e-05,15.408333333333333,16.135833333333334,16.216666666666665,0,0.0,2,0,0,0,1.145188985256841,0.0,1.0,0.026024999999999743,0.0020499999999998852,1.0,
0,delay_0m,reserved_replication,1,entry_year,,9,9,0.01801505095909456,0.01801505095909456,8.30461769462862,0.8888888888888888,0.16213545863185103,0.02304146936517486,-0.022196296289547876,1,0.022196296289547876,0.019224722222222254,0.0010987684583333335,0.00011090280479436749,16.216666666666665,59.52333333333332,75.01666666666667,0,0.0,8,1,0,0,0.9007525479547279,0.1111111111111111,0.8888888888888888,0.020775277777777705,0.00155055555555545,,2026.0
0,delay_0m,reserved_replication,2,symbol,BTCUSDT,3,3,0.007700236897343459,0.007700236897343459,2.0182931116016785,0.6666666666666666,0.023100710692030377,0.022893214503578944,-0.02268571831512751,1,0.02268571831512751,0.009006666666666718,0.0010961445,0.0002102852693232595,36.28333333333333,71.14333333333333,75.01666666666667,0,0.0,2,1,0,0,0.38501184486717294,0.3333333333333333,0.6666666666666666,0.010993333333333225,0.001986666666666507,,
0,delay_0m,reserved_replication,2,symbol,ETHUSDT,1,1,0.022700921330649684,0.022700921330649684,,1.0,0.022700921330649684,0.022700921330649684,,0,0.0,0.023974999999999858,0.00111318625,0.0001608924193501752,33.666666666666664,33.666666666666664,33.666666666666664,0,0.0,1,0,0,0,1.1350460665324842,0.0,1.0,0.026024999999999743,0.0020499999999998852,,
0,delay_0m,reserved_replication,2,symbol,SOLUSDT,5,5,0.02187128440161599,0.02187128440161599,,1.0,0.10935642200807996,0.02187128440161599,,0,0.0,0.023009999999999996,0.0010974424999999999,4.1273098384005664e-05,14.6,25.069999999999997,27.283333333333335,0,0.0,5,0,0,0,1.0935642200807996,0.0,1.0,0.026990000000000004,0.003980000000000006,,
0,delay_0m,reserved_replication,2,side,,4,4,0.022131537192981804,0.022131537192981804,,1.0,0.08852614877192722,0.022131537192981804,,0,0.0,0.023293750000000002,0.0010871884375,7.502436951819646e-05,11.308333333333334,24.91333333333333,27.283333333333335,0,0.0,4,0,0,0,1.1065768596490901,0.0,1.0,0.026706249999999987,0.003412499999999985,-1.0,
0,delay_0m,reserved_replication,2,side,,5,5,0.013326381051766562,0.013326381051766562,3.9371741433640506,0.8,0.06663190525883281,0.022329405893490077,-0.02268571831512751,1,0.02268571831512751,0.014573999999999998,0.0011080157,0.00013960324823343923,33.666666666666664,67.27,75.01666666666667,0,0.0,4,1,0,0,0.666319052588328,0.2,0.8,0.017425999999999896,0.002851999999999899,1.0,
0,delay_0m,reserved_replication,2,symbol+side,BTCUSDT,1,1,0.022928329909739732,0.022928329909739732,,1.0,0.022928329909739732,0.022928329909739732,,0,0.0,0.024025000000000074,0.00108678625,9.88384026034258e-06,11.133333333333333,11.133333333333333,11.133333333333333,0,0.0,1,0,0,0,1.1464164954869867,0.0,1.0,0.02597499999999997,0.0019499999999998963,-1.0,
0,delay_0m,reserved_replication,2,symbol+side,BTCUSDT,2,2,8.619039114532434e-05,8.619039114532434e-05,1.0075986477437524,0.5,0.00017238078229064868,0.02285809909741816,-0.02268571831512751,1,0.02268571831512751,0.0014975000000000405,0.001100823625,0.00031048598385471796,55.65,73.08,75.01666666666667,0,0.0,1,1,0,0,0.004309519557266217,0.5,0.5,0.003502499999999853,0.0020049999999998125,1.0,
0,delay_0m,reserved_replication,2,symbol+side,ETHUSDT,1,1,0.022700921330649684,0.022700921330649684,,1.0,0.022700921330649684,0.022700921330649684,,0,0.0,0.023974999999999858,0.00111318625,0.0001608924193501752,33.666666666666664,33.666666666666664,33.666666666666664,0,0.0,1,0,0,0,1.1350460665324842,0.0,1.0,0.026024999999999743,0.0020499999999998852,1.0,
0,delay_0m,reserved_replication,2,symbol+side,SOLUSDT,3,3,0.021865939620729163,0.021865939620729163,,1.0,0.06559781886218749,0.021865939620729163,,0,0.0,0.023049999999999977,0.0010873225000000001,9.673787927081442e-05,11.483333333333333,25.70333333333333,27.283333333333335,0,0.0,3,0,0,0,1.0932969810364581,0.0,1.0,0.02694999999999999,0.0039000000000000146,-1.0,
0,delay_0m,reserved_replication,2,symbol+side,SOLUSDT,2,2,0.021879301572946232,0.021879301572946232,,1.0,0.043758603145892465,0.021879301572946232,,0,0.0,0.022950000000000026,0.0011126225,-4.1924072946207465e-05,15.408333333333333,16.135833333333334,16.216666666666665,0,0.0,2,0,0,0,1.0939650786473116,0.0,1.0,0.02705000000000002,0.0040999999999999925,1.0,
0,delay_0m,reserved_replication,2,entry_year,,9,9,0.017239783781195558,0.017239783781195558,7.839459605177942,0.8888888888888888,0.15515805403076002,0.02223047154323594,-0.02268571831512751,1,0.022685718315127515,0.018449444444444445,0.001098759138888889,0.00011090152435999802,16.216666666666665,59.52333333333332,75.01666666666667,0,0.0,8,1,0,0,0.8619891890597778,0.1111111111111111,0.8888888888888888,0.021550555555555493,0.0031011111111110485,,2026.0
1,delay_1m,historical,1,symbol,BTCUSDT,15,15,0.005477188085147781,0.005477188085147781,1.6467445939431828,0.6,0.08215782127721671,0.023243410030522545,-0.021172144832914363,3,0.06110908184821355,0.006499500000000036,0.0011006030750000003,-7.829116014774583e-05,19.083333333333332,97.92166666666665,105.86666666666666,0,0.0,9,6,0,0,0.273859404257389,0.4,0.6,0.007500499999999925,0.001000999999999889,,
1,delay_1m,historical,1,symbol,ETHUSDT,17,17,-0.0030668799497392853,-0.0030668799497392853,0.7593480731649942,0.4117647058823529,-0.052136959145567846,0.02350169628721693,-0.02166488331560864,4,0.1237740361254408,-0.0019739705882352754,0.0011037048161764704,-1.0795454672460566e-05,23.683333333333334,75.93999999999996,137.7,0,0.0,7,10,0,0,-0.15334399748696426,0.5882352941176471,0.4117647058823529,-0.0009672058823530341,0.0010067647058822414,,
1,delay_1m,historical,1,symbol,SOLUSDT,9,9,0.007800012808089862,0.007800012808089862,2.060338481431467,0.6666666666666666,0.07020011527280876,0.02273424971213481,-0.022068461000000036,2,0.044136922000000106,0.008995555555555522,0.0011020111666666668,9.35315807989937e-05,5.866666666666666,30.51999999999999,40.63333333333333,0,0.0,6,3,0,0,0.39000064040449306,0.3333333333333333,0.6666666666666666,0.011004444444444286,0.0020088888888887637,,
1,delay_1m,historical,1,side,,18,18,-0.0012574901738868134,-0.0012574901738868134,0.893211445284324,0.4444444444444444,-0.02263482312996264,0.023665554721077585,-0.02119592608985833,4,0.08272330986512368,-0.0005270833333332706,0.0011002898958333335,-0.000369883055279791,15.925,90.86499999999992,137.7,0,0.0,8,10,0,0,-0.06287450869434066,0.5555555555555556,0.4444444444444444,0.0005270833333333015,0.0010541666666665723,-1.0,
1,delay_1m,historical,1,side,,23,23,0.005341556544974795,0.005341556544974795,1.6207101047912587,0.6086956521739131,0.12285580053442029,0.0229131160563864,-0.021991980472776593,5,0.10892171452950694,0.006712282608695627,0.0011036917554347824,0.0002670343082860506,14.333333333333334,92.69999999999997,105.86666666666666,0,0.0,14,9,0,0,0.26707782724873974,0.391304347826087,0.6086956521739131,0.008070326086956367,0.0013580434782607398,1.0,
1,delay_1m,historical,1,symbol+side,BTCUSDT,9,9,0.003831662468148737,0.003831662468148737,1.4171296546165837,0.5555555555555556,0.03448496221333863,0.023431401747629005,-0.020668011631201598,2,0.03953035134821365,0.004502500000000052,0.001097523625,-0.000426686093148686,16.266666666666666,74.97999999999999,82.6,0,0.0,5,4,0,0,0.19158312340743683,0.4444444444444444,0.5555555555555556,0.005497499999999957,0.0009949999999999065,-1.0,
1,delay_1m,historical,1,symbol+side,BTCUSDT,6,6,0.00794547651064635,0.00794547651064635,2.0746612981136243,0.6666666666666666,0.047672859063878095,0.023008420384139472,-0.022180411236339896,1,0.022782091972679892,0.009495000000000012,0.0011052222500000002,0.0004443012393536643,47.71666666666667,103.02916666666667,105.86666666666666,0,0.0,4,2,0,0,0.3972738255323175,0.3333333333333333,0.6666666666666666,0.010504999999999876,0.0010099999999998628,1.0,
1,delay_1m,historical,1,symbol+side,ETHUSDT,8,8,-0.010007249886662694,-0.010007249886662694,0.38077404265321085,0.25,-0.08005799909330155,0.024614607640237672,-0.02154786906229615,3,0.10426758807327408,-0.009254374999999954,0.00110508990625,-0.000352215019587258,17.258333333333333,101.71416666666661,137.7,0,0.0,2,6,0,0,-0.5003624943331347,0.75,0.25,-0.008245625000000034,0.0010087499999999194,-1.0,
1,delay_1m,historical,1,symbol+side,ETHUSDT,9,9,0.003102337771970413,0.003102337771970413,1.3196030515106214,0.5555555555555556,0.027921039947733716,0.02305653174600863,-0.02184040469557736,2,0.043206062029506935,0.004497499999999994,0.0011024736250000002,0.00029268860302958155,32.28333333333333,58.879999999999995,60.5,0,0.0,5,4,0,0,0.15511688859852066,0.4444444444444444,0.5555555555555556,0.005502499999999855,0.001004999999999861,1.0,
1,delay_1m,historical,1,symbol+side,SOLUSDT,1,1,0.022938213750000297,0.022938213750000297,,1.0,0.022938213750000297,0.022938213750000297,,0,0.0,0.024025000000000296,0.0010867862499999998,0.0,2.8333333333333335,2.8333333333333335,2.8333333333333335,0,0.0,1,0,0,0,1.1469106875000148,0.0,1.0,0.02597500000000008,0.0019499999999997852,-1.0,
1,delay_1m,historical,1,symbol+side,SOLUSDT,8,8,0.005907737690351059,0.005907737690351059,1.7138679572748396,0.625,0.04726190152280847,0.022693456904561714,-0.022068461000000036,2,0.044136922000000106,0.007116874999999925,0.00110391428125,0.00010522302839886791,9.116666666666667,31.784166666666653,40.63333333333333,0,0.0,5,3,0,0,0.29538688451755296,0.375,0.625,0.009133124999999812,0.002016249999999886,1.0,
1,delay_1m,historical,1,entry_year,,10,10,0.005307713540332271,0.005307713540332271,1.6150597289082946,0.6,0.053077135403322706,0.02322883992309536,-0.021573976033812364,2,0.06267206511097674,0.006396000000000035,0.0011017567,-1.3470240332234943e-05,14.041666666666666,32.618333333333325,34.88333333333333,0,0.0,6,4,0,0,0.26538567701661353,0.4,0.6,0.007603999999999944,0.0012079999999999092,,2022.0
1,delay_1m,historical,1,entry_year,,9,9,0.0032571245569549974,0.0032571245569549974,1.336373681530959,0.5555555555555556,0.029314121012594976,0.023292321587198885,-0.021786871730849863,2,0.043194603525470755,0.004438888888888918,0.0011044589722222224,7.730535971169985e-05,33.95,124.96666666666665,137.7,0,0.0,5,4,0,0,0.16285622784774986,0.4444444444444444,0.5555555555555556,0.0055611111111109925,0.001122222222222074,,2023.0
1,delay_1m,historical,1,entry_year,,22,22,0.0008104418631154526,0.0008104418631154526,1.075407893861538,0.5,0.017829720988539955,0.023115765007587608,-0.021494881281356706,7,0.14838312157502187,0.0018629545454545426,0.001101474125,-4.896144266091016e-05,13.133333333333333,81.6475,94.51666666666667,0,0.0,11,11,0,0,0.040522093155772626,0.5,0.5,0.003137045454545341,0.001274090909090798,,2024.0
1,delay_1m,historical,2,symbol,BTCUSDT,15,15,0.004939530497279032,0.004939530497279032,1.5668545248975512,0.6,0.07409295745918548,0.022755767046021443,-0.021784824325834586,3,0.0638183107700836,0.005999000000000021,0.00110065615,-4.1186647279010334e-05,19.083333333333332,97.91,105.86666666666666,0,0.0,9,6,0,0,0.2469765248639516,0.4,0.6,0.008000999999999925,0.002001999999999904,,
1,delay_1m,historical,2,symbol,ETHUSDT,17,17,-0.003570086174546458,-0.003570086174546458,0.7262064226014973,0.4117647058823529,-0.06069146496728979,0.02299674712978059,-0.022166869487575395,4,0.12979476727034592,-0.0024773529411765303,0.001103689044117647,-1.0955810747719402e-05,23.65,75.93999999999996,137.7,0,0.0,7,10,0,0,-0.1785043087273229,0.5882352941176471,0.4117647058823529,-0.0004638235294118514,0.002013529411764679,,
1,delay_1m,historical,2,symbol,SOLUSDT,9,9,0.006796094986314192,0.006796094986314192,1.8846040419150396,0.6666666666666666,0.061164854876827726,0.0217181034794713,-0.023047922000000016,2,0.04609584400000008,0.00799111111111106,0.001101577888888889,9.343823590797674e-05,5.866666666666666,30.593333333333323,40.666666666666664,0,0.0,6,3,0,0,0.3398047493157096,0.3333333333333333,0.6666666666666666,0.012008888888888859,0.004017777777777799,,
1,delay_1m,historical,2,side,,18,18,-0.0018157794583217456,-0.0018157794583217456,0.849879021556128,0.4444444444444444,-0.03268403024979142,0.023129238778900277,-0.021771794048099365,4,0.08558943605962922,-0.0010541666666666338,0.0011005797916666667,-0.0003389670000115549,16.833333333333332,70.66333333333321,137.7,0,0.0,8,10,0,0,-0.09078897291608727,0.5555555555555556,0.4444444444444444,0.001054166666666671,0.0021083333333333045,-1.0,
1,delay_1m,historical,2,side,,23,23,0.004663059896457168,0.004663059896457168,1.5262441289121726,0.6086956521739131,0.10725037761851486,0.022218131712020195,-0.022644829594418648,5,0.11267512804871949,0.006033260869565142,0.0011033182934782608,0.0002668826796297127,14.35,92.68499999999997,105.86666666666666,0,0.0,14,9,0,0,0.2331529948228584,0.391304347826087,0.6086956521739131,0.008749347826086828,0.0027160869565216873,1.0,
1,delay_1m,historical,2,symbol+side,BTCUSDT,9,9,0.0032719000359069006,0.0032719000359069006,1.3449379682393705,0.5555555555555556,0.029447100323162105,0.022963272777029243,-0.021342315890496025,2,0.04120705786878666,0.004005000000000098,0.0010977972499999998,-0.0003646972859068029,17.4,47.55333333333332,58.833333333333336,0,0.0,5,4,0,0,0.16359500179534503,0.4444444444444444,0.5555555555555556,0.00599500000000001,0.0019899999999999115,-1.0,
1,delay_1m,historical,2,symbol+side,BTCUSDT,6,6,0.007440976189337228,0.007440976189337228,1.9846971742989796,0.6666666666666666,0.04464585713602337,0.022496384882261695,-0.02266984119651171,1,0.02327122139302331,0.008989999999999906,0.0011049445,0.00044407931066267847,47.71666666666667,103.025,105.86666666666666,0,0.0,4,2,0,0,0.3720488094668614,0.3333333333333333,0.6666666666666666,0.011009999999999798,0.002019999999999892,1.0,
1,delay_1m,historical,2,symbol+side,ETHUSDT,8,8,-0.01051172600911918,-0.01051172600911918,0.36460408951111434,0.25,-0.08409380807295344,0.024127434423028057,-0.022058112819834927,3,0.10781602112367421,-0.009758750000000024,0.0011053673125000002,-0.00035239130338084526,17.233333333333334,101.71416666666661,137.7,0,0.0,2,6,0,0,-0.525586300455959,0.75,0.25,-0.007741250000000005,0.0020175000000000193,-1.0,
1,delay_1m,historical,2,symbol+side,ETHUSDT,9,9,0.002600260345073741,0.002600260345073741,1.2620055799473404,0.5555555555555556,0.023402343105663668,0.022544472212481605,-0.02233000448918609,2,0.04451082304871931,0.003994999999999909,0.00110219725,0.00029254240492617025,32.28333333333333,58.879999999999995,60.5,0,0.0,5,4,0,0,0.13001301725368705,0.4444444444444444,0.5555555555555556,0.00600499999999984,0.0020099999999999315,1.0,
1,delay_1m,historical,2,symbol+side,SOLUSDT,1,1,0.021962677499999902,0.021962677499999902,,1.0,0.021962677499999902,0.021962677499999902,,0,0.0,0.023049999999999904,0.0010873225000000001,0.0,2.8333333333333335,2.8333333333333335,2.8333333333333335,0,0.0,1,0,0,0,1.0981338749999952,0.0,1.0,0.02695000000000003,0.0039000000000001256,-1.0,
1,delay_1m,historical,2,symbol+side,SOLUSDT,8,8,0.004900272172103479,0.004900272172103479,1.5669661871878342,0.625,0.03920217737682783,0.02166918867536558,-0.023047922000000016,2,0.04745339691299447,0.0061087499999999545,0.0011033598125,0.00010511801539647383,9.116666666666667,31.852499999999985,40.666666666666664,0,0.0,5,3,0,0,0.24501360860517393,0.375,0.625,0.010141249999999963,0.004032500000000008,1.0,
1,delay_1m,historical,2,entry_year,,10,10,0.004713431438522503,0.004713431438522503,1.5335742777267987,0.6,0.04713431438522503,0.02257854096947312,-0.022084232857903428,2,0.06520076150473862,0.005792000000000031,0.0011018634,-2.329483852247241e-05,14.791666666666666,32.625833333333325,34.88333333333333,0,0.0,6,4,0,0,0.23567157192612515,0.4,0.6,0.008207999999999983,0.0024159999999999516,,2022.0
1,delay_1m,historical,2,entry_year,,9,9,0.0026963923919532786,0.0026963923919532786,1.2722196243397523,0.5555555555555556,0.024267531527579506,0.022682883292159332,-0.022286721233304288,2,0.04419431471210279,0.003877777777777733,0.0011043346111111112,7.705077471334442e-05,33.833333333333336,124.96666666666665,137.7,0,0.0,5,4,0,0,0.13481961959766392,0.4444444444444444,0.5555555555555556,0.006122222222222116,0.0022444444444443823,,2023.0
1,delay_1m,historical,2,entry_year,,22,22,0.00014384097526904153,0.00014384097526904153,1.012967270533515,0.5,0.003164501455918914,0.022472917447440868,-0.022185235496902784,7,0.1536242085729074,0.0012259090909090427,0.0011013232499999996,-1.9255134359998633e-05,13.133333333333333,60.416666666666664,94.5,0,0.0,11,11,0,0,0.007192048763452076,0.5,0.5,0.0037740909090908307,0.002548181818181788,,2024.0
1,delay_1m,evaluation,1,symbol,BTCUSDT,7,7,0.004073652171084262,0.004073652171084262,1.4394875463594679,0.5714285714285714,0.028515565197589833,0.023349808953265546,-0.021627890205157447,1,0.021749658097249845,0.005212142857142887,0.0011022377142857144,3.625297177291146e-05,20.683333333333334,160.23499999999993,202.5,0,0.0,4,3,0,0,0.20368260855421308,0.42857142857142855,0.5714285714285714,0.006216428571428504,0.0010042857142856163,,
1,delay_1m,evaluation,1,symbol,ETHUSDT,2,2,0.023209952754454883,0.023209952754454883,,1.0,0.046419905508909766,0.023209952754454883,,0,0.0,0.024487499999999995,0.0011134681250000002,0.00016407912054511434,15.733333333333333,16.333333333333332,16.4,0,0.0,2,0,0,0,1.160497637722744,0.0,1.0,0.025512499999999827,0.0010249999999998316,,
1,delay_1m,evaluation,1,symbol,SOLUSDT,6,6,0.0003303646604678791,0.0003303646604678791,1.029738284418941,0.5,0.0019821879628072747,0.022878867786076017,-0.022218138465140258,2,0.04448579555828062,0.0015141666666666682,0.001092023625,9.177838119879063e-05,12.675,20.908333333333335,22.483333333333334,0,0.0,3,3,0,0,0.016518233023393954,0.5,0.5,0.0034858333333332623,0.001971666666666594,,
1,delay_1m,evaluation,1,side,,4,4,0.011994851735476845,0.011994851735476845,3.2190825812517354,0.75,0.04797940694190738,0.023200229147302395,-0.021621280499999805,1,0.021621280499999805,0.013013125000000098,0.00109284278125,-7.456951672674762e-05,3.15,18.378333333333327,20.683333333333334,0,0.0,3,1,0,0,0.5997425867738423,0.25,0.75,0.014486874999999982,0.0014737499999998849,-1.0,
1,delay_1m,evaluation,1,side,,11,11,0.0026307501570363174,0.0026307501570363174,1.2632741334948234,0.5454545454545454,0.02893825172739949,0.02314250953971547,-0.021983361102178668,3,0.06665441539542077,0.0038629545454545292,0.001102124625,0.00013007976341821304,16.4,132.05833333333334,202.5,0,0.0,6,5,0,0,0.13153750785181587,0.45454545454545453,0.5454545454545454,0.0052279545454544385,0.0013649999999999093,1.0,
1,delay_1m,evaluation,1,symbol+side,BTCUSDT,2,2,0.00105148972095356,0.00105148972095356,1.0972643337154402,0.5,0.00210297944190712,0.023724259941906925,-0.021621280499999805,1,0.021621280499999805,0.0020012500000000655,0.0010988993125,-0.00014913903345349525,13.0,19.915,20.683333333333334,0,0.0,1,1,0,0,0.052574486047678,0.5,0.5,0.002998749999999939,0.0009974999999998735,-1.0,
1,delay_1m,evaluation,1,symbol+side,BTCUSDT,5,5,0.005282517151136543,0.005282517151136543,1.6105207244718642,0.6,0.026412585755682713,0.023224991957051754,-0.021631195057736273,1,0.021749658097249845,0.006496500000000016,0.0011035730750000002,0.00011040977386347415,27.516666666666666,174.3233333333333,202.5,0,0.0,3,2,0,0,0.26412585755682716,0.4,0.6,0.0075034999999999295,0.0010069999999999136,1.0,
1,delay_1m,evaluation,1,symbol+side,ETHUSDT,2,2,0.023209952754454883,0.023209952754454883,,1.0,0.046419905508909766,0.023209952754454883,,0,0.0,0.024487499999999995,0.0011134681250000002,0.00016407912054511434,15.733333333333333,16.333333333333332,16.4,0,0.0,2,0,0,0,1.160497637722744,0.0,1.0,0.025512499999999827,0.0010249999999998316,1.0,
1,delay_1m,evaluation,1,symbol+side,SOLUSDT,2,2,0.02293821375000013,0.02293821375000013,,1.0,0.04587642750000026,0.02293821375000013,,0,0.0,0.02402500000000013,0.00108678625,0.0,0.8583333333333333,0.9708333333333333,0.9833333333333333,0,0.0,2,0,0,0,1.1469106875000066,0.0,1.0,0.025975000000000026,0.0019499999999998963,-1.0,
1,delay_1m,evaluation,1,symbol+side,SOLUSDT,4,4,-0.010973559884298247,-0.010973559884298247,0.34146538864987835,0.25,-0.043894239537192986,0.02276017585822779,-0.022218138465140258,3,0.06665441539542077,-0.009741250000000062,0.0010946423125,0.00013766757179818596,14.741666666666667,21.538333333333334,22.483333333333334,0,0.0,1,3,0,0,-0.5486779942149124,0.75,0.25,-0.00775875000000012,0.0019824999999999426,1.0,
1,delay_1m,evaluation,1,entry_year,,15,15,0.005127843911287125,0.005127843911287125,1.584755799646781,0.6,0.07691765866930687,0.023161749408911112,-0.021923014335148858,3,0.06610707605828042,0.006303000000000014,0.0010996494666666668,7.550662204622351e-05,16.183333333333334,103.8816666666665,202.5,0,0.0,9,6,0,0,0.2563921955643562,0.4,0.6,0.007696999999999917,0.0013939999999999027,,2025.0
1,delay_1m,evaluation,2,symbol,BTCUSDT,7,7,0.0035655119269382735,0.0035655119269382735,1.3763679393307833,0.5714285714285714,0.024958583488567915,0.022818225554663934,-0.022104772910029272,1,0.02218026224559048,0.004710000000000008,0.0011021182857142858,4.236978734745004e-05,20.0,160.21999999999989,202.5,0,0.0,4,3,0,0,0.17827559634691367,0.42857142857142855,0.5714285714285714,0.006718571428571304,0.0020085714285712963,,
1,delay_1m,evaluation,2,symbol,ETHUSDT,2,2,0.022608517535029175,0.022608517535029175,,1.0,0.04521703507005835,0.022608517535029175,,0,0.0,0.02397499999999997,0.00111318625,0.00025329621497079634,23.966666666666665,26.891666666666666,27.216666666666665,0,0.0,2,0,0,0,1.1304258767514588,0.0,1.0,0.026024999999999743,0.0020499999999997742,,
1,delay_1m,evaluation,2,symbol,SOLUSDT,6,6,-0.0006551923693413255,-0.0006551923693413255,0.9435116905608062,0.5,-0.003931154216047953,0.02188706534774983,-0.02319745008643248,2,0.04762967275929743,0.0005283333333333159,0.0010918389166666668,9.168678600797349e-05,12.633333333333333,20.908333333333335,22.483333333333334,0,0.0,3,3,0,0,-0.03275961846706627,0.5,0.5,0.004471666666666652,0.003943333333333336,,
1,delay_1m,evaluation,2,side,,4,4,0.011257608776307208,0.011257608776307208,3.034670537032103,0.75,0.04503043510522883,0.02238733203507629,-0.02213156100000004,1,0.022131561000000036,0.012276250000000016,0.0010932480625000002,-7.460683880719145e-05,3.15,18.378333333333327,20.683333333333334,0,0.0,3,1,0,0,0.5628804388153604,0.25,0.75,0.015223750000000036,0.0029475000000000195,-1.0,
1,delay_1m,evaluation,2,side,,11,11,0.0019285481124863162,0.0019285481124863162,1.1864558040175948,0.5454545454545454,0.02121402923734948,0.02249818953778912,-0.022755021597877047,3,0.06959235025929744,0.0031804545454545293,0.00110174925,0.00015015718296821357,20.0,132.03333333333333,202.5,0,0.0,6,5,0,0,0.09642740562431582,0.45454545454545453,0.5454545454545454,0.0059104545454543985,0.002729999999999869,1.0,
1,delay_1m,evaluation,2,symbol+side,BTCUSDT,2,2,0.0005525400526144014,0.0005525400526144014,1.049932316352597,0.5,0.0011050801052288027,0.023236641105228842,-0.02213156100000004,1,0.02213156100000004,0.0015025000000000177,0.001099173625,-0.0001492136776143829,13.0,19.915,20.683333333333334,0,0.0,1,1,0,0,0.027627002630720068,0.5,0.5,0.0034975000000000422,0.0019950000000000245,-1.0,
1,delay_1m,evaluation,2,symbol+side,BTCUSDT,5,5,0.004770700676667823,0.004770700676667823,1.5398826286276657,0.6,0.023853503383339112,0.02267875370447563,-0.022091378865043892,1,0.02218026224559048,0.0059930000000000035,0.00110329615,0.00011900317333218323,20.0,174.31333333333333,202.5,0,0.0,3,2,0,0,0.2385350338333911,0.4,0.6,0.00800699999999981,0.002013999999999805,1.0,
1,delay_1m,evaluation,2,symbol+side,ETHUSDT,2,2,0.022608517535029175,0.022608517535029175,,1.0,0.04521703507005835,0.022608517535029175,,0,0.0,0.02397499999999997,0.00111318625,0.00025329621497079634,23.966666666666665,26.891666666666666,27.216666666666665,0,0.0,2,0,0,0,1.1304258767514588,0.0,1.0,0.026024999999999743,0.0020499999999997742,1.0,
1,delay_1m,evaluation,2,symbol+side,SOLUSDT,2,2,0.021962677500000014,0.021962677500000014,,1.0,0.04392535500000003,0.021962677500000014,,0,0.0,0.023050000000000015,0.0010873225000000001,0.0,0.8583333333333333,0.9708333333333333,0.9833333333333333,0,0.0,2,0,0,0,1.0981338750000007,0.0,1.0,0.02695000000000003,0.0039000000000000146,-1.0,
1,delay_1m,evaluation,2,symbol+side,SOLUSDT,4,4,-0.011964127304011994,-0.011964127304011994,0.31233089502312916,0.25,-0.04785650921604798,0.021735841043249465,-0.02319745008643248,3,0.06959235025929744,-0.010732500000000034,0.001094097125,0.00013753017901196022,14.7,21.538333333333334,22.483333333333334,0,0.0,1,3,0,0,-0.5982063652005997,0.75,0.25,-0.006767500000000037,0.003964999999999996,1.0,
1,delay_1m,evaluation,2,entry_year,,15,15,0.004416297622838554,0.004416297622838554,1.487426149394863,0.6,0.0662444643425783,0.02246123703688484,-0.022651111498230878,3,0.06976123375929746,0.005605999999999992,0.0010994822666666665,9.022011049477224e-05,16.183333333333334,103.84666666666652,202.5,0,0.0,9,6,0,0,0.22081488114192768,0.4,0.6,0.008393999999999902,0.002787999999999909,,2025.0
1,delay_1m,reserved_replication,1,symbol,BTCUSDT,3,3,0.008196805645382303,0.008196805645382303,2.1078758676048324,0.6666666666666666,0.02459041693614691,0.023393210354020325,-0.02219600377189374,1,0.02219600377189374,0.009503333333333308,0.0010962389166666666,0.00021028877128433552,36.266666666666666,71.12666666666665,75.0,0,0.0,2,1,0,0,0.4098402822691151,0.3333333333333333,0.6666666666666666,0.010496666666666599,0.0009933333333332905,,
1,delay_1m,reserved_replication,1,symbol,ETHUSDT,1,1,-0.022023738141179094,-0.022023738141179094,0.0,0.0,-0.022023738141179094,,-0.022023738141179094,1,0.022023738141179094,-0.020490000000000008,0.0010887305,0.0004450076411790861,115.76666666666667,115.76666666666667,115.76666666666667,0,0.0,0,1,0,0,-1.1011869070589546,1.0,0.0,-0.01951000000000014,0.0009799999999998699,,
1,delay_1m,reserved_replication,1,symbol,SOLUSDT,5,5,0.022866542164433935,0.022866542164433935,,1.0,0.11433271082216967,0.022866542164433935,,0,0.0,0.024005000000000033,0.0010973462500000002,4.1111585566099895e-05,14.583333333333334,25.04,27.25,0,0.0,5,0,0,0,1.1433271082216967,0.0,1.0,0.0259949999999999,0.0019899999999998695,,
1,delay_1m,reserved_replication,1,side,,4,4,0.022985267885249214,0.022985267885249214,,1.0,0.09194107154099686,0.022985267885249214,,0,0.0,0.024146875000000068,0.00108671921875,7.488789600085125e-05,11.275,24.877499999999994,27.25,0,0.0,4,0,0,0,1.1492633942624606,0.0,1.0,0.025853125000000005,0.001706249999999937,-1.0,
1,delay_1m,reserved_replication,1,side,,5,5,0.004991663615228124,0.004991663615228124,1.5644157337056304,0.6,0.02495831807614062,0.023059353329737815,-0.022109870956536416,1,0.02219600377189374,0.006291499999999961,0.0011034603250000001,0.00019637605977183741,36.266666666666666,107.61333333333332,115.76666666666667,0,0.0,3,2,0,0,0.2495831807614062,0.4,0.6,0.007708499999999829,0.0014169999999998685,1.0,
1,delay_1m,reserved_replication,1,symbol+side,BTCUSDT,1,1,0.023416103505057472,0.023416103505057472,,1.0,0.023416103505057472,0.023416103505057472,,0,0.0,0.024512500000000048,0.001086518125,9.878369942573195e-06,11.116666666666667,11.116666666666667,11.116666666666667,0,0.0,1,0,0,0,1.1708051752528736,0.0,1.0,0.025487499999999996,0.0009749999999999481,-1.0,
1,delay_1m,reserved_replication,1,symbol+side,BTCUSDT,2,2,0.0005871567155447208,0.0005871567155447208,1.052906525118564,0.5,0.0011743134310894417,0.02337031720298318,-0.02219600377189374,1,0.02219600377189374,0.001998749999999938,0.0011010993125000002,0.0003104939719552167,55.63333333333333,73.06333333333333,75.0,0,0.0,1,1,0,0,0.02935783577723604,0.5,0.5,0.0030012499999999,0.0010024999999999618,1.0,
1,delay_1m,reserved_replication,1,symbol+side,ETHUSDT,1,1,-0.022023738141179094,-0.022023738141179094,0.0,0.0,-0.022023738141179094,,-0.022023738141179094,1,0.022023738141179094,-0.020490000000000008,0.0010887305,0.0004450076411790861,115.76666666666667,115.76666666666667,115.76666666666667,0,0.0,0,1,0,0,-1.1011869070589546,1.0,0.0,-0.01951000000000014,0.0009799999999998699,1.0,
1,delay_1m,reserved_replication,1,symbol+side,SOLUSDT,3,3,0.022841656011979797,0.022841656011979797,,1.0,0.0685249680359394,0.022841656011979797,,0,0.0,0.024025000000000074,0.00108678625,9.655773802027726e-05,11.433333333333334,25.668333333333333,27.25,0,0.0,3,0,0,0,1.1420828005989898,0.0,1.0,0.02597500000000001,0.0019499999999999333,-1.0,
1,delay_1m,reserved_replication,1,symbol+side,SOLUSDT,2,2,0.022903871393115137,0.022903871393115137,,1.0,0.045807742786230274,0.022903871393115137,,0,0.0,0.02397499999999997,0.00111318625,-4.205764311516615e-05,15.391666666666667,16.119166666666665,16.2,0,0.0,2,0,0,0,1.145193569655757,0.0,1.0,0.026024999999999743,0.0020499999999997742,1.0,
1,delay_1m,reserved_replication,1,entry_year,,9,9,0.012988821068570832,0.012988821068570832,3.643601806788884,0.7777777777777778,0.11689938961713749,0.023017018790030045,-0.022109870956536416,1,0.022196003771893735,0.014227222222222231,0.0010960198333333335,0.00014238132031806582,16.2,99.46,115.76666666666667,0,0.0,7,2,0,0,0.6494410534285416,0.2222222222222222,0.7777777777777778,0.015772777777777684,0.0015455555555554544,,2026.0
1,delay_1m,reserved_replication,2,symbol,BTCUSDT,3,3,0.007700335141935408,0.007700335141935408,2.018319227650981,0.6666666666666666,0.023101005425806224,0.02289321568469621,-0.022685425943586197,1,0.022685425943586197,0.009006666666666718,0.0010961445,0.0002101870247313133,36.333333333333336,71.13333333333334,75.0,0,0.0,2,1,0,0,0.3850167570967704,0.3333333333333333,0.6666666666666666,0.010993333333333225,0.001986666666666507,,
1,delay_1m,reserved_replication,2,symbol,ETHUSDT,1,1,-0.022513246359640145,-0.022513246359640145,0.0,0.0,-0.022513246359640145,,-0.022513246359640145,1,0.022513246359640145,-0.02098000000000011,0.001088461,0.00044478535964003564,115.76666666666667,115.76666666666667,115.76666666666667,0,0.0,0,1,0,0,-1.125662317982007,1.0,0.0,-0.019020000000000148,0.0019599999999999618,,
1,delay_1m,reserved_replication,2,symbol,SOLUSDT,5,5,0.02187137107421137,0.02187137107421137,,1.0,0.10935685537105685,0.02187137107421137,,0,0.0,0.023010000000000065,0.0010974424999999999,4.1186425788690156e-05,14.583333333333334,25.05333333333333,27.266666666666666,0,0.0,5,0,0,0,1.0935685537105684,0.0,1.0,0.026990000000000024,0.003979999999999961,,
1,delay_1m,reserved_replication,2,side,,4,4,0.02213159986703664,0.02213159986703664,,1.0,0.08852639946814655,0.02213159986703664,,0,0.0,0.02329375000000014,0.0010871884375,7.49616954635023e-05,11.275,24.89166666666666,27.266666666666666,0,0.0,4,0,0,0,1.1065799933518319,0.0,1.0,0.026706250000000015,0.003412499999999874,-1.0,
1,delay_1m,reserved_replication,2,side,,5,5,0.004283642993815277,0.004283642993815277,1.4738682327964647,0.6,0.021418214969076387,0.022205629090767575,-0.02259933615161317,1,0.023449686919623715,0.00558299999999996,0.0011030706499999998,0.00019628635618468342,36.333333333333336,107.61333333333332,115.76666666666667,0,0.0,3,2,0,0,0.21418214969076385,0.4,0.6,0.00841699999999992,0.002833999999999959,1.0,
1,delay_1m,reserved_replication,2,symbol+side,BTCUSDT,1,1,0.022928330435928623,0.022928330435928623,,1.0,0.022928330435928623,0.022928330435928623,,0,0.0,0.024025000000000296,0.0010867862499999998,9.883314071673582e-06,11.116666666666667,11.116666666666667,11.116666666666667,0,0.0,1,0,0,0,1.146416521796431,0.0,1.0,0.02597499999999997,0.0019499999999996742,-1.0,
1,delay_1m,reserved_replication,2,symbol+side,BTCUSDT,2,2,8.633749493879884e-05,8.633749493879884e-05,1.0076117146888492,0.5,0.0001726749898775977,0.022858100933463795,-0.022685425943586197,1,0.022685425943586197,0.0014974999999999294,0.001100823625,0.00031033888006113314,55.666666666666664,73.06666666666666,75.0,0,0.0,1,1,0,0,0.004316874746939942,0.5,0.5,0.003502499999999853,0.0020049999999999235,1.0,
1,delay_1m,reserved_replication,2,symbol+side,ETHUSDT,1,1,-0.022513246359640145,-0.022513246359640145,0.0,0.0,-0.022513246359640145,,-0.022513246359640145,1,0.022513246359640145,-0.02098000000000011,0.001088461,0.00044478535964003564,115.76666666666667,115.76666666666667,115.76666666666667,0,0.0,0,1,0,0,-1.125662317982007,1.0,0.0,-0.019020000000000148,0.0019599999999999618,1.0,
1,delay_1m,reserved_replication,2,symbol+side,SOLUSDT,3,3,0.02186602301073931,0.02186602301073931,,1.0,0.06559806903221793,0.02186602301073931,,0,0.0,0.023050000000000088,0.0010873225000000001,9.665448926077854e-05,11.433333333333334,25.683333333333334,27.266666666666666,0,0.0,3,0,0,0,1.0933011505369654,0.0,1.0,0.02695000000000003,0.0038999999999999404,-1.0,
1,delay_1m,reserved_replication,2,symbol+side,SOLUSDT,2,2,0.02187939316941947,0.02187939316941947,,1.0,0.04375878633883894,0.02187939316941947,,0,0.0,0.022950000000000026,0.0011126225,-4.201566941944243e-05,15.391666666666667,16.119166666666665,16.2,0,0.0,2,0,0,0,1.0939696584709735,0.0,1.0,0.02705000000000002,0.0040999999999999925,1.0,
1,delay_1m,reserved_replication,2,entry_year,,9,9,0.01221606827080255,0.01221606827080255,3.43247442534667,0.7777777777777778,0.10994461443722295,0.02216332667720704,-0.02259933615161317,1,0.023449686919623708,0.013454444444444484,0.001096011888888889,0.00014236428475304736,16.2,99.46,115.76666666666667,0,0.0,7,2,0,0,0.6108034135401276,0.2222222222222222,0.7777777777777778,0.016545555555555518,0.0030911111111110324,,2026.0
5,delay_5m,historical,1,symbol,BTCUSDT,15,15,0.0054924998376368,0.0054924998376368,1.6488100626134312,0.6,0.08238749756455199,0.023263328573953582,-0.02116374326683838,3,0.06111127068279735,0.006499500000000029,0.001100603075,-9.360291263677127e-05,18.3,97.97666666666666,106.16666666666667,0,0.0,9,6,0,0,0.27462499188184,0.4,0.6,0.00750049999999991,0.0010009999999998815,,
5,delay_5m,historical,1,symbol,ETHUSDT,17,17,-0.000392601956612991,-0.000392601956612991,0.9656951286776175,0.47058823529411764,-0.006674233262420847,0.023485274469506164,-0.021617381002052242,4,0.0863490439088901,0.0006717647058823652,0.001105159970588235,-4.0793308092878284e-05,23.583333333333332,84.65999999999994,137.63333333333333,0,0.0,8,9,0,0,-0.01963009783064955,0.5294117647058824,0.47058823529411764,0.0016811764705881467,0.0010094117647057815,,
5,delay_5m,historical,1,symbol,SOLUSDT,9,9,0.012758328039434183,0.012758328039434183,3.6015623009440407,0.7777777777777778,0.11482495235490764,0.022708839193558233,-0.022068460999999998,2,0.044136921999999995,0.013990555555555482,0.0011047584166666666,0.0001274690994546336,5.466666666666667,33.71333333333333,40.5,0,0.0,7,2,0,0,0.6379164019717091,0.2222222222222222,0.7777777777777778,0.01600944444444425,0.0020188888888887676,,
5,delay_5m,historical,1,side,,18,18,-0.0012595873006327062,-0.0012595873006327062,0.8931011440553611,0.4444444444444444,-0.02267257141138871,0.023677638183371562,-0.02120936768783612,4,0.08291248834647777,-0.0005270833333332706,0.0011002898958333335,-0.00036778592853389775,20.458333333333332,90.79833333333325,137.63333333333333,0,0.0,8,10,0,0,-0.0629793650316353,0.5555555555555556,0.4444444444444444,0.0005270833333333015,0.0010541666666665723,-1.0,
5,delay_5m,historical,1,side,,23,23,0.009270034263844675,0.009270034263844675,2.3882525452328442,0.6956521739130435,0.21321078806842753,0.022924557613097918,-0.021940304820162737,5,0.10892180894589956,0.010622391304347776,0.0011058423152173911,0.0002465147252857114,14.183333333333334,92.64666666666663,106.16666666666667,0,0.0,16,7,0,0,0.46350171319223377,0.30434782608695654,0.6956521739130435,0.011986304347825912,0.0013639130434781358,1.0,
5,delay_5m,historical,1,symbol+side,BTCUSDT,9,9,0.0038484154836959444,0.0038484154836959444,1.4192193760049208,0.5555555555555556,0.0346357393532635,0.02345106891806963,-0.02065490130927116,2,0.039532540182797345,0.004502500000000088,0.001097523625,-0.00044343910869585734,17.333333333333332,74.92,82.53333333333333,0,0.0,5,4,0,0,0.19242077418479722,0.4444444444444444,0.5555555555555556,0.005497499999999945,0.0009949999999998571,-1.0,
5,delay_5m,historical,1,symbol+side,BTCUSDT,6,6,0.007958626368548079,0.007958626368548079,2.0763905726070027,0.6666666666666666,0.04775175821128848,0.023028653143808527,-0.02218142718197281,1,0.022784123863945613,0.00949499999999994,0.0011052222500000002,0.0004311513814518578,47.28333333333333,103.24166666666666,106.16666666666667,0,0.0,4,2,0,0,0.3979313184274039,0.3333333333333333,0.6666666666666666,0.010504999999999856,0.0010099999999999183,1.0,
5,delay_5m,historical,1,symbol+side,ETHUSDT,8,8,-0.01003081556433155,-0.01003081556433155,0.3802116246333474,0.25,-0.0802465245146524,0.02461377356331209,-0.021579011940212764,3,0.10445570673007393,-0.009254374999999981,0.00110508990625,-0.00032864934191843034,25.15,114.45749999999997,137.63333333333333,0,0.0,2,6,0,0,-0.5015407782165775,0.75,0.25,-0.00824562500000002,0.001008749999999961,-1.0,
5,delay_5m,historical,1,symbol+side,ETHUSDT,9,9,0.008174699028025728,0.008174699028025728,2.13044908354861,0.6666666666666666,0.07357229125223155,0.023109108104904186,-0.021694119125731184,2,0.04320615644589958,0.009495000000000007,0.0011052222500000002,0.00021507872197427908,13.533333333333333,50.55333333333332,60.43333333333333,0,0.0,6,3,0,0,0.4087349514012864,0.3333333333333333,0.6666666666666666,0.010504999999999851,0.0010099999999998444,1.0,
5,delay_5m,historical,1,symbol+side,SOLUSDT,1,1,0.022938213750000186,0.022938213750000186,,1.0,0.022938213750000186,0.022938213750000186,,0,0.0,0.024025000000000185,0.00108678625,0.0,2.7666666666666666,2.7666666666666666,2.7666666666666666,0,0.0,1,0,0,0,1.1469106875000092,0.0,1.0,0.02597500000000008,0.0019499999999998963,-1.0,
5,delay_5m,historical,1,symbol+side,SOLUSDT,8,8,0.011485842325613432,0.011485842325613432,3.0818565147091013,0.75,0.09188673860490745,0.022670610100817907,-0.022068460999999998,2,0.044136921999999995,0.012736249999999893,0.0011070049375,0.0001434027368864628,9.825,34.56166666666665,40.5,0,0.0,6,2,0,0,0.5742921162806716,0.25,0.75,0.01476374999999977,0.0020274999999998766,1.0,
5,delay_5m,historical,1,entry_year,,10,10,0.005322755526188791,0.005322755526188791,1.6171929496426614,0.6,0.05322755526188791,0.02324481810377071,-0.021560338340184088,2,0.06261710937299968,0.006396000000000035,0.0011017567,-2.8512226188755142e-05,14.975,32.559999999999995,34.9,0,0.0,6,4,0,0,0.2661377763094395,0.4,0.6,0.007603999999999911,0.0012079999999998758,,2022.0
5,delay_5m,historical,1,entry_year,,9,9,0.00830863351539824,0.00830863351539824,2.1494540718062227,0.6666666666666666,0.07477770163858417,0.0233054454878156,-0.021684990429436474,2,0.04319475560244104,0.00943638888888887,0.0011072075972222224,2.0547776268405582e-05,33.9,125.04666666666665,137.63333333333333,0,0.0,6,3,0,0,0.415431675769912,0.3333333333333333,0.6666666666666666,0.010563611111111001,0.0011272222222221313,,2023.0
5,delay_5m,historical,1,entry_year,,22,22,0.0028424072616621224,0.0028424072616621224,1.2916928337312314,0.5454545454545454,0.0625329597565667,0.02307603714391844,-0.02143794859704546,7,0.14838531831749016,0.003906363636363627,0.001102598,-3.864162529849528e-05,13.858333333333333,81.58166666666666,94.46666666666667,0,0.0,12,10,0,0,0.14212036308310613,0.45454545454545453,0.5454545454545454,0.005184545454545331,0.0012781818181817036,,2024.0
5,delay_5m,historical,2,symbol,BTCUSDT,15,15,0.004982998249236396,0.004982998249236396,1.574717022189302,0.6,0.07474497373854594,0.022755581911485006,-0.021675877244136513,3,0.06316465237841075,0.005999000000000043,0.00110065615,-8.465439923635286e-05,19.0,97.98666666666665,106.2,0,0.0,9,6,0,0,0.2491499124618198,0.4,0.6,0.008000999999999961,0.0020019999999999188,,
5,delay_5m,historical,2,symbol,ETHUSDT,17,17,-0.0008861466884989522,-0.0008861466884989522,0.9242609010776925,0.47058823529411764,-0.015064493704482186,0.022979416714256337,-0.022099980824281426,4,0.08836927162730451,0.00016705882352943517,0.0011051434705882353,-5.193795855984867e-05,13.533333333333333,75.87333333333328,137.63333333333333,0,0.0,8,9,0,0,-0.04430733442494761,0.5294117647058824,0.47058823529411764,0.002185882352941083,0.002018823529411648,,
5,delay_5m,historical,2,symbol,SOLUSDT,9,9,0.006795621576053924,0.006795621576053924,1.8845424211415582,0.6666666666666666,0.061160594184485315,0.021717393364080875,-0.02304792199999998,2,0.04609584399999986,0.00799111111111106,0.001101577888888889,9.391164616824637e-05,3.55,30.476666666666656,40.516666666666666,0,0.0,6,3,0,0,0.3397810788026962,0.3333333333333333,0.6666666666666666,0.012008888888888847,0.004017777777777787,,
5,delay_5m,historical,2,side,,18,18,-0.001779419863544368,-0.001779419863544368,0.852440513305906,0.4444444444444444,-0.032029557543798624,0.023129055512878766,-0.021706200164682877,4,0.08493352948425013,-0.0010541666666665536,0.0011005797916666667,-0.0003753265947888531,16.766666666666666,90.79833333333325,137.63333333333333,0,0.0,8,10,0,0,-0.08897099317721839,0.5555555555555556,0.4444444444444444,0.0010541666666666954,0.002108333333333249,-1.0,
5,delay_5m,historical,2,side,,23,23,0.006646549207058597,0.006646549207058597,1.8444171854544398,0.6521739130434783,0.15287063176234772,0.022260499133258057,-0.02262960690456539,5,0.11234989812249974,0.00798782608695646,0.001104393304347826,0.00023688357555003714,13.533333333333333,92.64666666666663,106.2,0,0.0,15,8,0,0,0.3323274603529298,0.34782608695652173,0.6521739130434783,0.010707826086956388,0.0027199999999999304,1.0,
5,delay_5m,historical,2,symbol+side,BTCUSDT,9,9,0.003344779616697351,0.003344779616697351,1.3553506668156279,0.5555555555555556,0.03010301655027616,0.02296331334914738,-0.02117838754886519,2,0.04055124431552171,0.004005000000000135,0.0010977972499999998,-0.00043757686669721553,17.333333333333332,73.02666666666666,82.53333333333333,0,0.0,5,4,0,0,0.16723898083486755,0.4444444444444444,0.5555555555555556,0.005995000000000046,0.0019899999999999115,-1.0,
5,delay_5m,historical,2,symbol+side,BTCUSDT,6,6,0.0074403261980449656,0.0074403261980449656,1.9845670568967797,0.6666666666666666,0.04464195718826979,0.02249591761440703,-0.022670856634679163,1,0.02327325226935833,0.008989999999999906,0.0011049445,0.0004447293019549413,47.63333333333333,103.26666666666667,106.2,0,0.0,4,2,0,0,0.37201630990224827,0.3333333333333333,0.6666666666666666,0.011009999999999834,0.0020199999999999294,1.0,
5,delay_5m,historical,2,symbol+side,ETHUSDT,8,8,-0.010511906449259346,-0.010511906449259346,0.36459210008228965,0.25,-0.08409525159407477,0.02412659992864661,-0.022058075241894667,3,0.1078170576766586,-0.0097587499999999,0.0011053673125000002,-0.00035221086324055206,17.175,101.64749999999995,137.63333333333333,0,0.0,2,6,0,0,-0.5255953224629674,0.75,0.25,-0.007741250000000005,0.0020174999999998944,-1.0,
5,delay_5m,historical,2,symbol+side,ETHUSDT,9,9,0.007670084209954736,0.007670084209954736,2.037255156432093,0.6666666666666666,0.06903075788959262,0.022597022309459577,-0.022183791989054947,2,0.044185593122499894,0.008989999999999955,0.0011049445,0.000214971290045221,13.533333333333333,50.55999999999999,60.43333333333333,0,0.0,6,3,0,0,0.38350421049773675,0.3333333333333333,0.6666666666666666,0.011009999999999829,0.002019999999999874,1.0,
5,delay_5m,historical,2,symbol+side,SOLUSDT,1,1,0.021962677500000014,0.021962677500000014,,1.0,0.021962677500000014,0.021962677500000014,,0,0.0,0.023050000000000015,0.0010873225000000001,0.0,2.7666666666666666,2.7666666666666666,2.7666666666666666,0,0.0,1,0,0,0,1.0981338750000007,0.0,1.0,0.02695000000000014,0.0039000000000001256,-1.0,
5,delay_5m,historical,2,symbol+side,SOLUSDT,8,8,0.004899739585560663,0.004899739585560663,1.5669045664143508,0.625,0.0391979166844853,0.021668336536897048,-0.02304792199999998,2,0.04745393167968927,0.006108749999999941,0.0011033598125,0.00010565060193927717,4.0,31.73166666666665,40.516666666666666,0,0.0,5,3,0,0,0.24498697927803312,0.375,0.625,0.010141249999999935,0.004032499999999994,1.0,
5,delay_5m,historical,2,entry_year,,10,10,0.004713187331427315,0.004713187331427315,1.5335455594777858,0.6,0.047131873314273154,0.022578164053355627,-0.02208427775146515,2,0.065200535912837,0.005792000000000119,0.0011018634,-2.3050731427195996e-05,14.741666666666667,32.54416666666666,34.81666666666667,0,0.0,6,4,0,0,0.23565936657136574,0.4,0.6,0.008208000000000003,0.002415999999999885,,2022.0
5,delay_5m,historical,2,entry_year,,9,9,0.007766150844583787,0.007766150844583787,2.05299130079835,0.6666666666666666,0.06989535760125408,0.022712210603064917,-0.022125968672378482,2,0.04419446650138295,0.008872777777777804,0.0011070818611111112,-4.549279170931268e-07,32.21666666666667,125.05999999999999,137.63333333333333,0,0.0,6,3,0,0,0.38830754222918934,0.3333333333333333,0.6666666666666666,0.011127222222222153,0.002254444444444349,,2023.0
5,delay_5m,historical,2,entry_year,,22,22,0.00017335651377372194,0.00017335651377372194,1.0156700761447846,0.5,0.0038138433030218827,0.02247251665121615,-0.022125803623668713,7,0.1529684270909976,0.0012259090909090527,0.0011013232499999996,-4.877067286466839e-05,13.15,81.42833333333331,94.46666666666667,0,0.0,11,11,0,0,0.008667825688686097,0.5,0.5,0.0037740909090908203,0.0025481818181817676,,2024.0
5,delay_5m,evaluation,1,symbol,BTCUSDT,7,7,0.004088960670808348,0.004088960670808348,1.4415418260551287,0.5714285714285714,0.028622724695658436,0.023361804244622728,-0.021608164094277488,1,0.02169051562334033,0.005212142857142887,0.0011022377142857144,2.0944472048825692e-05,20.666666666666668,160.16833333333324,202.43333333333334,0,0.0,4,3,0,0,0.2044480335404174,0.42857142857142855,0.5714285714285714,0.006216428571428488,0.0010042857142856004,,
5,delay_5m,evaluation,1,symbol,ETHUSDT,2,2,0.02317137757308056,0.02317137757308056,,1.0,0.04634275514616112,0.02317137757308056,,0,0.0,0.024487499999999995,0.0011134681250000002,0.00020265430191943786,21.341666666666665,26.59916666666667,27.183333333333334,0,0.0,2,0,0,0,1.1585688786540278,0.0,1.0,0.025512499999999827,0.0010249999999998316,,
5,delay_5m,evaluation,1,symbol,SOLUSDT,6,6,0.00780195053803908,0.00780195053803908,2.052284448796312,0.6666666666666666,0.046811703228234476,0.02282437288388787,-0.022242894153658502,2,0.044485788307317004,0.009006666666666663,0.0010961445,0.00010857162862758457,13.558333333333334,21.416666666666668,22.566666666666666,0,0.0,4,2,0,0,0.390097526901954,0.3333333333333333,0.6666666666666666,0.010993333333333207,0.0019866666666665442,,
5,delay_5m,evaluation,1,side,,4,4,0.011995041390839524,0.011995041390839524,3.2191176680473683,0.75,0.047980165563358095,0.023200482021119375,-0.021621280500000027,1,0.021621280500000027,0.01301312500000007,0.00109284278125,-7.475917208945421e-05,2.9583333333333335,18.35416666666666,20.666666666666668,0,0.0,3,1,0,0,0.5997520695419761,0.25,0.75,0.01448687500000001,0.0014737499999999404,-1.0,
5,delay_5m,evaluation,1,side,,11,11,0.006708819773335994,0.006708819773335994,1.8415766792964712,0.6363636363636364,0.07379701750669593,0.023069431085263627,-0.02192225002253736,2,0.044485788307317004,0.007949772727272719,0.001104372375,0.00013658057893672543,17.966666666666665,131.99166666666667,202.43333333333334,0,0.0,7,4,0,0,0.33544098866679967,0.36363636363636365,0.6363636363636364,0.009322954545454388,0.00137318181818167,1.0,
5,delay_5m,evaluation,1,symbol+side,BTCUSDT,2,2,0.0010518690316789186,0.0010518690316789186,1.0972994205110949,0.5,0.002103738063357837,0.023725018563357864,-0.021621280500000027,1,0.021621280500000027,0.00200125000000001,0.0010988993125,-0.00014951834417890842,12.958333333333334,19.895833333333332,20.666666666666668,0,0.0,1,1,0,0,0.052593451583945926,0.5,0.5,0.0029987499999999945,0.0009974999999999845,-1.0,
5,delay_5m,evaluation,1,symbol+side,BTCUSDT,5,5,0.00530379732646012,0.00530379732646012,1.6138197957504257,0.6,0.0265189866323006,0.023240732805044347,-0.02160160589141622,1,0.02169051562334033,0.006496500000000039,0.0011035730750000002,8.912959853991935e-05,39.86666666666667,174.25666666666663,202.43333333333334,0,0.0,3,2,0,0,0.265189866323006,0.4,0.6,0.007503499999999885,0.001006999999999847,1.0,
5,delay_5m,evaluation,1,symbol+side,ETHUSDT,2,2,0.02317137757308056,0.02317137757308056,,1.0,0.04634275514616112,0.02317137757308056,,0,0.0,0.024487499999999995,0.0011134681250000002,0.00020265430191943786,21.341666666666665,26.59916666666667,27.183333333333334,0,0.0,2,0,0,0,1.1585688786540278,0.0,1.0,0.025512499999999827,0.0010249999999998316,1.0,
5,delay_5m,evaluation,1,symbol+side,SOLUSDT,2,2,0.02293821375000013,0.02293821375000013,,1.0,0.04587642750000026,0.02293821375000013,,0,0.0,0.02402500000000013,0.00108678625,0.0,0.6416666666666667,0.6641666666666667,0.6666666666666666,0,0.0,2,0,0,0,1.1469106875000066,0.0,1.0,0.025975000000000026,0.0019499999999998963,-1.0,
5,delay_5m,evaluation,1,symbol+side,SOLUSDT,4,4,0.00023381893205855295,0.00023381893205855295,1.0210241464481449,0.5,0.0009352757282342118,0.022710532017775606,-0.022242894153658502,2,0.044485788307317004,0.0014974999999999294,0.001100823625,0.00016285744294137686,16.55,21.876666666666665,22.566666666666666,0,0.0,2,2,0,0,0.011690946602927648,0.5,0.5,0.0035024999999997974,0.002004999999999868,1.0,
5,delay_5m,evaluation,1,entry_year,,15,15,0.008118478871336935,0.008118478871336935,2.1140505944417822,0.6666666666666666,0.12177718307005402,0.02310874636602035,-0.021862056118029893,3,0.06610706880731704,0.009300000000000011,0.0011012978166666668,8.022331199641086e-05,15.9,103.81499999999984,202.43333333333334,0,0.0,10,5,0,0,0.40592394356684675,0.3333333333333333,0.6666666666666666,0.010699999999999887,0.0013999999999998755,,2025.0
5,delay_5m,evaluation,2,symbol,BTCUSDT,7,7,-0.002851548826419258,-0.002851548826419258,0.7735494613322853,0.42857142857142855,-0.019960841784934805,0.022728581262996237,-0.022036646393480876,2,0.0440125649302453,-0.001725000000000024,0.001105657535714286,2.08912907049477e-05,24.733333333333334,160.16833333333324,202.43333333333334,0,0.0,3,4,0,0,-0.1425774413209629,0.5714285714285714,0.42857142857142855,0.00029642857142845154,0.0020214285714284757,,
5,delay_5m,evaluation,2,symbol,ETHUSDT,2,2,0.022659260674005567,0.022659260674005567,,1.0,0.045318521348011134,0.022659260674005567,,0,0.0,0.02397499999999997,0.00111318625,0.00020255307599440322,21.341666666666665,26.59916666666667,27.183333333333334,0,0.0,2,0,0,0,1.1329630337002783,0.0,1.0,0.026024999999999743,0.0020499999999997742,,
5,delay_5m,evaluation,2,symbol,SOLUSDT,6,6,0.006808914392957856,0.006808914392957856,1.8796220784975213,0.6666666666666666,0.04085348635774713,0.021824462123774205,-0.02322218106867485,2,0.0464443621373497,0.008013333333333317,0.0010959556666666666,0.00010846327370879456,13.55,21.320833333333333,22.433333333333334,0,0.0,4,2,0,0,0.3404457196478928,0.3333333333333333,0.6666666666666666,0.011986666666666682,0.003973333333333366,,
5,delay_5m,evaluation,2,side,,4,4,-9.645160907372462e-06,-9.645160907372462e-06,0.9991224479095269,0.5,-3.858064362948985e-05,0.02196267750000007,-0.021981967821814816,1,0.022131560999999817,0.001015000000000127,0.00109944175,-7.4796589092502e-05,2.9583333333333335,21.810833333333328,24.733333333333334,0,0.0,2,2,0,0,-0.0004822580453686231,0.5,0.5,0.0039849999999999886,0.0029699999999998616,-1.0,
5,delay_5m,evaluation,2,side,,11,11,0.006022704233132087,0.006022704233132087,1.7310154561313844,0.6363636363636364,0.06624974656445295,0.022410965518870934,-0.022656753016910898,2,0.0464443621373497,0.007263181818181742,0.00110399475,0.00013648283504965597,17.983333333333334,131.99166666666667,202.43333333333334,0,0.0,7,4,0,0,0.30113521165660434,0.36363636363636365,0.6363636363636364,0.010009545454545344,0.0027463636363636024,1.0,
5,delay_5m,evaluation,2,symbol+side,BTCUSDT,2,2,-0.021981967821814816,-0.021981967821814816,0.0,0.0,-0.04396393564362963,,-0.021981967821814816,2,0.04396393564362963,-0.021019999999999817,0.001111561,-0.000149593178185004,14.991666666666667,23.759166666666665,24.733333333333334,0,0.0,0,2,0,0,-1.0990983910907408,1.0,0.0,-0.018979999999999997,0.0020399999999998197,-1.0,
5,delay_5m,evaluation,2,symbol+side,BTCUSDT,5,5,0.004800618771738966,0.004800618771738966,1.5432696747832926,0.6,0.024003093858694827,0.022728581262996237,-0.022091324965146944,1,0.022180190286615487,0.0059929999999998925,0.00110329615,8.908507826092837e-05,39.86666666666667,174.25666666666663,202.43333333333334,0,0.0,3,2,0,0,0.24003093858694827,0.4,0.6,0.00800699999999983,0.002013999999999938,1.0,
5,delay_5m,evaluation,2,symbol+side,ETHUSDT,2,2,0.022659260674005567,0.022659260674005567,,1.0,0.045318521348011134,0.022659260674005567,,0,0.0,0.02397499999999997,0.00111318625,0.00020255307599440322,21.341666666666665,26.59916666666667,27.183333333333334,0,0.0,2,0,0,0,1.1329630337002783,0.0,1.0,0.026024999999999743,0.0020499999999997742,1.0,
5,delay_5m,evaluation,2,symbol+side,SOLUSDT,2,2,0.02196267750000007,0.02196267750000007,,1.0,0.04392535500000014,0.02196267750000007,,0,0.0,0.02305000000000007,0.0010873225000000001,0.0,0.6416666666666667,0.6641666666666667,0.6666666666666666,0,0.0,2,0,0,0,1.0981338750000034,0.0,1.0,0.026949999999999974,0.0038999999999999035,-1.0,
5,delay_5m,evaluation,2,symbol+side,SOLUSDT,4,4,-0.0007679671605632524,-0.0007679671605632524,0.933859170394706,0.5,-0.0030718686422530096,0.021686246747548342,-0.02322218106867485,2,0.0464443621373497,0.0004949999999999399,0.00110027225,0.00016269491056319183,16.55,21.76583333333333,22.433333333333334,0,0.0,2,2,0,0,-0.03839835802816262,0.5,0.5,0.004505000000000037,0.004010000000000097,1.0,
5,delay_5m,evaluation,2,entry_year,,15,15,0.004414077728054897,0.004414077728054897,1.4919436785812723,0.6,0.06621116592082346,0.02231134595912185,-0.022431824618545537,3,0.06857592313734952,0.005596999999999978,0.0011027806166666666,8.014165527841385e-05,15.9,103.81499999999984,202.43333333333334,0,0.0,9,6,0,0,0.22070388640274485,0.4,0.6,0.008402999999999916,0.0028059999999999383,,2025.0
5,delay_5m,reserved_replication,1,symbol,BTCUSDT,3,3,0.008196874893360387,0.008196874893360387,2.107896530815848,0.6666666666666666,0.024590624680081163,0.023393200994846992,-0.02219577730961282,1,0.02219577730961282,0.009503333333333308,0.0010962389166666666,0.00021021952330625165,36.2,71.05999999999999,74.93333333333334,0,0.0,2,1,0,0,0.40984374466801937,0.3333333333333333,0.6666666666666666,0.010496666666666524,0.0009933333333332166,,
5,delay_5m,reserved_replication,1,symbol,ETHUSDT,1,1,-0.02202369497217853,-0.02202369497217853,0.0,0.0,-0.02202369497217853,,-0.02202369497217853,1,0.02202369497217853,-0.020489999999999897,0.0010887305000000002,0.0004449644721786322,115.7,115.7,115.7,0,0.0,0,1,0,0,-1.1011847486089263,1.0,0.0,-0.019510000000000027,0.0009799999999998699,,
5,delay_5m,reserved_replication,1,symbol,SOLUSDT,5,5,0.02286666191766925,0.02286666191766925,,1.0,0.11433330958834625,0.02286666191766925,,0,0.0,0.024005000000000054,0.0010973462500000002,4.0991832330802535e-05,14.516666666666667,24.973333333333333,27.183333333333334,0,0.0,5,0,0,0,1.1433330958834624,0.0,1.0,0.02599499999999999,0.0019899999999999363,,
5,delay_5m,reserved_replication,1,side,,4,4,0.022985356255868478,0.022985356255868478,,1.0,0.09194142502347391,0.022985356255868478,,0,0.0,0.024146875000000123,0.00108671921875,7.479952538164681e-05,11.216666666666667,24.810833333333328,27.183333333333334,0,0.0,4,0,0,0,1.149267812793424,0.0,1.0,0.025853125000000032,0.0017062499999999092,-1.0,
5,delay_5m,reserved_replication,1,side,,5,5,0.004991762854555,0.004991762854555,1.5644303964941821,0.6,0.024958814272775,0.023059428851522113,-0.022109736140895675,1,0.02219577730961282,0.006291499999999961,0.0011034603250000001,0.00019627682044496249,36.2,107.54666666666665,115.7,0,0.0,3,2,0,0,0.24958814272774998,0.4,0.6,0.0077084999999998734,0.0014169999999999127,1.0,
5,delay_5m,reserved_replication,1,symbol+side,BTCUSDT,1,1,0.023416085826695722,0.023416085826695722,,1.0,0.023416085826695722,0.023416085826695722,,0,0.0,0.024512499999999937,0.001086518125,9.896048304213214e-06,11.066666666666666,11.066666666666666,11.066666666666666,0,0.0,1,0,0,0,1.170804291334786,0.0,1.0,0.025487499999999885,0.0009749999999999481,-1.0,
5,delay_5m,reserved_replication,1,symbol+side,BTCUSDT,2,2,0.0005872694266927225,0.0005872694266927225,1.0529172210101767,0.5,0.001174538853385445,0.023370316162998266,-0.02219577730961282,1,0.02219577730961282,0.0019987499999999936,0.0011010993125000002,0.0003103812608072709,55.56666666666667,72.99666666666667,74.93333333333334,0,0.0,1,1,0,0,0.029363471334636123,0.5,0.5,0.0030012499999998443,0.0010024999999998507,1.0,
5,delay_5m,reserved_replication,1,symbol+side,ETHUSDT,1,1,-0.02202369497217853,-0.02202369497217853,0.0,0.0,-0.02202369497217853,,-0.02202369497217853,1,0.02202369497217853,-0.020489999999999897,0.0010887305000000002,0.0004449644721786322,115.7,115.7,115.7,0,0.0,0,1,0,0,-1.1011847486089263,1.0,0.0,-0.019510000000000027,0.0009799999999998699,1.0,
5,delay_5m,reserved_replication,1,symbol+side,SOLUSDT,3,3,0.022841779732259395,0.022841779732259395,,1.0,0.06852533919677818,0.022841779732259395,,0,0.0,0.024025000000000185,0.00108678625,9.643401774079136e-05,11.366666666666667,25.601666666666667,27.183333333333334,0,0.0,3,0,0,0,1.1420889866129698,0.0,1.0,0.02597500000000008,0.0019499999999998963,-1.0,
5,delay_5m,reserved_replication,1,symbol+side,SOLUSDT,2,2,0.02290398519578404,0.02290398519578404,,1.0,0.04580797039156808,0.02290398519578404,,0,0.0,0.023974999999999858,0.00111318625,-4.217144578418069e-05,15.325,16.0525,16.133333333333333,0,0.0,2,0,0,0,1.145199259789202,0.0,1.0,0.026024999999999854,0.0020499999999999963,1.0,
5,delay_5m,reserved_replication,1,entry_year,,9,9,0.012988915477360988,0.012988915477360988,3.6436371413773294,0.7777777777777778,0.11690023929624889,0.023017101654005754,-0.022109736140895675,1,0.02219577730961282,0.014227222222222256,0.0010960198333333335,0.0001422869115279333,16.133333333333333,99.39333333333333,115.7,0,0.0,7,2,0,0,0.6494457738680494,0.2222222222222222,0.7777777777777778,0.015772777777777722,0.0015455555555554668,,2026.0
5,delay_5m,reserved_replication,2,symbol,BTCUSDT,3,3,0.007700404349431335,0.007700404349431335,2.0183385406039447,0.6666666666666666,0.023101213048294003,0.022893206321358543,-0.022685199594423083,1,0.022685199594423083,0.009006666666666755,0.0010961445,0.00021011781723542216,36.266666666666666,71.06666666666666,74.93333333333334,0,0.0,2,1,0,0,0.38502021747156673,0.3333333333333333,0.6666666666666666,0.0109933333333333,0.0019866666666665442,,
5,delay_5m,reserved_replication,2,symbol,ETHUSDT,1,1,-0.022513203212202626,-0.022513203212202626,0.0,0.0,-0.022513203212202626,,-0.022513203212202626,1,0.022513203212202626,-0.02098000000000011,0.001088461,0.0004447422122025191,115.7,115.7,115.7,0,0.0,0,1,0,0,-1.1256601606101313,1.0,0.0,-0.01902000000000026,0.0019599999999998508,,
5,delay_5m,reserved_replication,2,symbol,SOLUSDT,5,5,0.021871490856397304,0.021871490856397304,,1.0,0.10935745428198652,0.021871490856397304,,0,0.0,0.023009999999999975,0.0010974424999999999,4.106664360267042e-05,14.533333333333333,24.973333333333333,27.183333333333334,0,0.0,5,0,0,0,1.093574542819865,0.0,1.0,0.02698999999999998,0.003980000000000006,,
5,delay_5m,reserved_replication,2,side,,4,4,0.02213168832841994,0.02213168832841994,,1.0,0.08852675331367976,0.02213168832841994,,0,0.0,0.023293750000000085,0.0010871884375,7.487323408014314e-05,11.216666666666667,24.810833333333328,27.183333333333334,0,0.0,4,0,0,0,1.106584416420997,0.0,1.0,0.02670625000000007,0.003412499999999985,-1.0,
5,delay_5m,reserved_replication,2,side,,5,5,0.004283742160879625,0.004283742160879625,1.4738820284432335,0.6,0.021418710804398125,0.022205704537007945,-0.022599201403312855,1,0.023449289070482555,0.005582999999999938,0.0011030706499999998,0.00019618718912031304,36.266666666666666,107.54666666666665,115.7,0,0.0,3,2,0,0,0.21418710804398125,0.4,0.6,0.008416999999999852,0.0028339999999999143,1.0,
5,delay_5m,reserved_replication,2,symbol+side,BTCUSDT,1,1,0.022928312748718954,0.022928312748718954,,1.0,0.022928312748718954,0.022928312748718954,,0,0.0,0.024025000000000296,0.0010867862499999998,9.90100128134245e-06,11.066666666666666,11.066666666666666,11.066666666666666,0,0.0,1,0,0,0,1.1464156374359478,0.0,1.0,0.025975000000000192,0.0019499999999998963,-1.0,
5,delay_5m,reserved_replication,2,symbol+side,BTCUSDT,2,2,8.645014978752447e-05,8.645014978752447e-05,1.0076217226502848,0.5,0.00017290029957504893,0.022858099893998132,-0.022685199594423083,1,0.022685199594423083,0.001497499999999985,0.001100823625,0.000310226225212462,55.6,73.0,74.93333333333334,0,0.0,1,1,0,0,0.004322507489376223,0.5,0.5,0.003502499999999853,0.002004999999999868,1.0,
5,delay_5m,reserved_replication,2,symbol+side,ETHUSDT,1,1,-0.022513203212202626,-0.022513203212202626,0.0,0.0,-0.022513203212202626,,-0.022513203212202626,1,0.022513203212202626,-0.02098000000000011,0.001088461,0.0004447422122025191,115.7,115.7,115.7,0,0.0,0,1,0,0,-1.1256601606101313,1.0,0.0,-0.01902000000000026,0.0019599999999998508,1.0,
5,delay_5m,reserved_replication,2,symbol+side,SOLUSDT,3,3,0.021866146854986935,0.021866146854986935,,1.0,0.06559844056496081,0.021866146854986935,,0,0.0,0.023050000000000015,0.0010873225000000001,9.65306450130767e-05,11.366666666666667,25.601666666666667,27.183333333333334,0,0.0,3,0,0,0,1.0933073427493467,0.0,1.0,0.02695000000000003,0.0039000000000000146,-1.0,
5,delay_5m,reserved_replication,2,symbol+side,SOLUSDT,2,2,0.02187950685851285,0.02187950685851285,,1.0,0.0437590137170257,0.02187950685851285,,0,0.0,0.022949999999999915,0.0011126225,-4.2129358512938984e-05,15.333333333333334,16.053333333333335,16.133333333333333,0,0.0,2,0,0,0,1.0939753429256425,0.0,1.0,0.027049999999999907,0.0040999999999999925,1.0,
5,delay_5m,reserved_replication,2,entry_year,,9,9,0.012216162679786433,0.012216162679786433,3.432507727949201,0.7777777777777778,0.1099454641180779,0.022163409560671945,-0.022599201403312855,1,0.02344928907048255,0.013454444444444448,0.001096011888888889,0.00014226987576912642,16.133333333333333,99.39333333333333,115.7,0,0.0,7,2,0,0,0.6108081339893217,0.2222222222222222,0.7777777777777778,0.016545555555555504,0.0030911111111110567,,2026.0
15,delay_15m,historical,1,symbol,BTCUSDT,15,15,0.005447969453132643,0.005447969453132643,1.6415871797723562,0.6,0.08171954179698965,0.023232272225335433,-0.02122848470517154,3,0.06110200010694712,0.006499500000000029,0.001100603075,-4.907252813261462e-05,18.85,111.58499999999998,126.71666666666667,0,0.0,9,6,0,0,0.27239847265663214,0.4,0.6,0.0075004999999998875,0.0010009999999998594,,
15,delay_15m,historical,1,symbol,ETHUSDT,17,17,0.002251111673168352,0.002251111673168352,1.221160039935581,0.5294117647058824,0.038268898443861984,0.02347844753590573,-0.021629641172411194,3,0.06482756031718391,0.003320147058823533,0.0011037033602941176,-3.466797463893646e-05,23.45,84.49333333333328,137.46666666666667,0,0.0,9,8,0,0,0.11255558365841759,0.47058823529411764,0.5294117647058824,0.0043269117647058005,0.0010067647058822676,,
15,delay_15m,historical,1,symbol,SOLUSDT,9,9,0.007766155085086939,0.007766155085086939,2.0557358419901077,0.6666666666666666,0.06989539576578245,0.02268346312763039,-0.02206846099999996,2,0.044136921999999995,0.008995555555555597,0.0011020111666666668,0.00012738930380199227,6.366666666666666,31.679999999999993,40.333333333333336,0,0.0,6,3,0,0,0.38830775425434694,0.3333333333333333,0.6666666666666666,0.01100444444444431,0.0020088888888887147,,
15,delay_15m,historical,1,side,,18,18,0.0012269284358170911,0.0012269284358170911,1.115890625779411,0.5,0.02208471184470764,0.02362775989555009,-0.02117390302391591,4,0.08300473191529835,0.0019741666666667273,0.0010989142083333335,-0.00035167597748369687,19.633333333333333,90.63166666666659,137.46666666666667,0,0.0,9,9,0,0,0.061346421790854554,0.5,0.5,0.003025833333333283,0.0010516666666665559,-1.0,
15,delay_15m,historical,1,side,,23,23,0.007295614093996801,0.007295614093996801,1.9531425776753373,0.6521739130434783,0.16779912416192644,0.022923161170466794,-0.022006036674384444,5,0.10892193231718367,0.008667826086956511,0.001104767304347826,0.0002674446886118841,14.083333333333334,102.19999999999996,126.71666666666667,0,0.0,15,8,0,0,0.3647807046998401,0.34782608695652173,0.6521739130434783,0.010027826086956374,0.0013599999999998637,1.0,
15,delay_15m,historical,1,symbol+side,BTCUSDT,9,9,0.003827756969679366,0.003827756969679366,1.4170150562804984,0.5555555555555556,0.034449812727114296,0.023412057950986442,-0.020652619256954476,2,0.03952326960694734,0.004502500000000052,0.001097523625,-0.00042278059467931495,15.816666666666666,72.79333333333332,82.36666666666666,0,0.0,5,4,0,0,0.1913878484839683,0.4444444444444444,0.5555555555555556,0.005497499999999909,0.0009949999999998571,-1.0,
15,delay_15m,historical,1,symbol+side,BTCUSDT,6,6,0.007878288178312558,0.007878288178312558,2.05606062763944,0.6666666666666666,0.04726972906987535,0.023007540068271676,-0.022380215601605677,1,0.023181700703211572,0.009494999999999995,0.0011052222500000002,0.0005114895716874357,47.475,121.3125,126.71666666666667,0,0.0,4,2,0,0,0.3939144089156279,0.3333333333333333,0.6666666666666666,0.010504999999999856,0.0010099999999998628,1.0,
15,delay_15m,historical,1,symbol+side,ETHUSDT,8,8,-0.00441291432905087,-0.00441291432905087,0.6729801396131138,0.375,-0.03530331463240696,0.024217111851672773,-0.021590930037485058,3,0.08293682033086862,-0.003626562499999958,0.001101994609375,-0.00031564278032408864,23.908333333333335,114.2908333333333,137.46666666666667,0,0.0,3,5,0,0,-0.22064571645254352,0.625,0.375,-0.00262343750000002,0.001003124999999938,-1.0,
15,delay_15m,historical,1,symbol+side,ETHUSDT,9,9,0.00817469034180766,0.00817469034180766,2.130445766507707,0.6666666666666666,0.07357221307626895,0.023109115378022207,-0.021694159730621432,2,0.04320627981718389,0.009494999999999969,0.0011052222500000002,0.00021508740819230996,13.366666666666667,50.26999999999999,60.05,0,0.0,6,3,0,0,0.408734517090383,0.3333333333333333,0.6666666666666666,0.010504999999999863,0.0010099999999998938,1.0,
15,delay_15m,historical,1,symbol+side,SOLUSDT,1,1,0.022938213750000297,0.022938213750000297,,1.0,0.022938213750000297,0.022938213750000297,,0,0.0,0.024025000000000296,0.0010867862499999998,0.0,2.6,2.6,2.6,0,0.0,1,0,0,0,1.1469106875000148,0.0,1.0,0.02597500000000008,0.0019499999999997852,-1.0,
15,delay_15m,historical,1,symbol+side,SOLUSDT,8,8,0.005869647751972769,0.005869647751972769,1.7092653178334793,0.625,0.04695718201578215,0.022632513003156406,-0.02206846099999996,2,0.044136921999999995,0.007116875000000009,0.00110391428125,0.00014331296677724128,10.225,32.761666666666656,40.333333333333336,0,0.0,5,3,0,0,0.29348238759863843,0.375,0.625,0.00913312499999984,0.0020162499999998307,1.0,
15,delay_15m,historical,1,entry_year,,10,10,0.0053149430452552205,0.0053149430452552205,1.6131066885518652,0.6,0.0531494304525522,0.02330635742974267,-0.021672178531475954,2,0.04315432620503318,0.006402750000000035,0.0010968079375,-9.00098275518541e-06,12.808333333333334,32.430833333333325,34.733333333333334,0,0.0,6,4,0,0,0.265747152262761,0.4,0.6,0.0075972499999999,0.0011944999999998652,,2022.0
15,delay_15m,historical,1,entry_year,,9,9,0.008308357449971496,0.008308357449971496,2.1494110815023193,0.6666666666666666,0.07477521704974346,0.023305076651135955,-0.02168508095235742,2,0.04319506104872126,0.009436388888888918,0.0011072075972222224,2.0823841695201516e-05,33.733333333333334,124.51999999999998,137.46666666666667,0,0.0,6,3,0,0,0.4154178724985748,0.3333333333333333,0.6666666666666666,0.010563611111111001,0.001127222222222082,,2023.0
15,delay_15m,historical,1,entry_year,,22,22,0.0028163267501972013,0.0028163267501972013,1.2883573470998042,0.5454545454545454,0.06195918850433843,0.023069054344306752,-0.021486946362734263,7,0.1484777132081823,0.003906363636363647,0.001102598,-1.2561113833553105e-05,13.725,81.25083333333332,126.71666666666667,0,0.0,12,10,0,0,0.14081633750986006,0.45454545454545453,0.5454545454545454,0.005184545454545351,0.0012781818181817036,,2024.0
15,delay_15m,historical,2,symbol,BTCUSDT,15,15,0.004947645534990785,0.004947645534990785,1.5691801040622169,0.6,0.07421468302486177,0.02273371492330293,-0.021731458547477434,3,0.06355255180555663,0.005999000000000006,0.0011006561500000003,-4.9301684990776856e-05,18.85,111.70166666666664,126.71666666666667,0,0.0,9,6,0,0,0.24738227674953925,0.4,0.6,0.00800099999999988,0.002001999999999874,,
15,delay_15m,historical,2,symbol,ETHUSDT,17,17,0.0017588865763921567,0.0017588865763921567,1.1690564646329555,0.5294117647058824,0.029901071798666665,0.02297459961517048,-0.022108790592233453,3,0.06631727743216034,0.00281676470588235,0.0011036861323529413,-4.5808002862747656e-05,13.366666666666667,75.53333333333327,137.46666666666667,0,0.0,9,8,0,0,0.08794432881960784,0.47058823529411764,0.5294117647058824,0.004830294117646964,0.0020135294117646133,,
15,delay_15m,historical,2,symbol,SOLUSDT,9,9,0.006762271053453938,0.006762271053453938,1.8802013977816234,0.6666666666666666,0.06086043948108544,0.021667367580180896,-0.02304792199999998,2,0.04750565827702491,0.007991111111111084,0.001101577888888889,0.00012726216876825773,6.366666666666666,33.58,40.36666666666667,0,0.0,6,3,0,0,0.3381135526726969,0.3333333333333333,0.6666666666666666,0.012008888888888822,0.004017777777777737,,
15,delay_15m,historical,2,side,,18,18,0.000711379114733078,0.000711379114733078,1.0656763781495138,0.5,0.012804824065195404,0.02308592342757155,-0.02166316519810539,4,0.08502584575988034,0.0014483333333334095,0.0010992034166666666,-0.00036224919806633496,14.9,90.63166666666659,137.46666666666667,0,0.0,9,9,0,0,0.0355689557366539,0.5,0.5,0.0035516666666666505,0.002103333333333241,-1.0,
15,delay_15m,historical,2,side,,23,23,0.00661614653214863,0.00661614653214863,1.8387130984002935,0.6521739130434783,0.15217137023941849,0.022240381698613473,-0.022679294404972954,5,0.11235002143216027,0.007987826086956454,0.0011043933043478258,0.00026728625045999935,14.116666666666667,102.34999999999995,126.71666666666667,0,0.0,15,8,0,0,0.33080732660743145,0.34782608695652173,0.6521739130434783,0.01070782608695636,0.002719999999999906,1.0,
15,delay_15m,historical,2,symbol+side,BTCUSDT,9,9,0.0033301949465786153,0.0033301949465786153,1.354068221916481,0.5555555555555556,0.029971754519207538,0.022924282857055528,-0.021162414941517528,2,0.040541969099743405,0.004005000000000061,0.00109779725,-0.00042299219657855375,15.816666666666666,72.79333333333332,82.36666666666666,0,0.0,5,4,0,0,0.16650974732893076,0.4444444444444444,0.5555555555555556,0.00599499999999996,0.0019899999999998994,-1.0,
15,delay_15m,historical,2,symbol+side,BTCUSDT,6,6,0.007373821417609038,0.007373821417609038,1.9672891838587245,0.6666666666666666,0.04424292850565423,0.022495505006112176,-0.02286954575939724,1,0.023670630518794485,0.008989999999999923,0.0011049445,0.0005112340823908887,47.475,121.35416666666667,126.71666666666667,0,0.0,4,2,0,0,0.3686910708804519,0.3333333333333333,0.6666666666666666,0.011009999999999761,0.0020199999999998366,1.0,
15,delay_15m,historical,2,symbol+side,ETHUSDT,8,8,-0.004891200994251518,-0.004891200994251518,0.6453043509243853,0.375,-0.039129607954012144,0.023729739687622084,-0.02206376540337568,3,0.08578796856461023,-0.004128124999999899,0.00110227046875,-0.0003391944744983806,17.008333333333333,101.50999999999995,137.46666666666667,0,0.0,3,5,0,0,-0.2445600497125759,0.625,0.375,-0.0021218749999999953,0.002006249999999904,-1.0,
15,delay_15m,historical,2,symbol+side,ETHUSDT,9,9,0.007670075528075425,0.007670075528075425,2.0372520847251754,0.6666666666666666,0.06903067975267882,0.022597029578944675,-0.022183832573663072,2,0.0441857164321603,0.008989999999999906,0.0011049445,0.00021497997192448167,13.366666666666667,50.26999999999999,60.05,0,0.0,6,3,0,0,0.3835037764037712,0.3333333333333333,0.6666666666666666,0.011009999999999817,0.0020199999999999108,1.0,
15,delay_15m,historical,2,symbol+side,SOLUSDT,1,1,0.021962677500000014,0.021962677500000014,,1.0,0.021962677500000014,0.021962677500000014,,0,0.0,0.023050000000000015,0.0010873225000000001,0.0,2.6,2.6,2.6,0,0.0,1,0,0,0,1.0981338750000007,0.0,1.0,0.02695000000000003,0.0039000000000000146,-1.0,
15,delay_15m,historical,2,symbol+side,SOLUSDT,8,8,0.004862220247635678,0.004862220247635678,1.5625635430544158,0.625,0.038897761981085424,0.021608305596217074,-0.02304792199999998,2,0.04750565827702491,0.006108749999999968,0.0011033598125,0.00014316993986428998,10.241666666666667,34.42833333333332,40.36666666666667,0,0.0,5,3,0,0,0.2431110123817839,0.375,0.625,0.010141249999999921,0.004032499999999953,1.0,
15,delay_15m,historical,2,entry_year,,10,10,0.004717589612751634,0.004717589612751634,1.5288843127596836,0.6,0.04717589612751634,0.022729131806219525,-0.022299723677450197,2,0.04417484304347415,0.0058055000000000745,0.001096915875,-9.00548775155938e-06,12.808333333333334,32.438333333333325,34.733333333333334,0,0.0,6,4,0,0,0.23587948063758168,0.4,0.6,0.00819449999999996,0.0023889999999998856,,2022.0
15,delay_15m,historical,2,entry_year,,9,9,0.007765871867769655,0.007765871867769655,2.0529487440456906,0.6666666666666666,0.0698928468099269,0.022711841845360042,-0.022126068087411115,2,0.04419477210209625,0.008872777777777766,0.0011070818611111112,-1.7595110299969172e-07,32.05,124.58666666666664,137.46666666666667,0,0.0,6,3,0,0,0.38829359338848274,0.3333333333333333,0.6666666666666666,0.01112722222222209,0.0022544444444443246,,2023.0
15,delay_15m,historical,2,entry_year,,22,22,0.002177611425780483,0.002177611425780483,1.2169468591176522,0.5454545454545454,0.04790745136717062,0.02239443286815572,-0.0220825743050698,7,0.15306087403190372,0.0032672727272726894,0.0011024459999999998,-1.2784698507793263e-05,13.741666666666667,81.25083333333332,126.71666666666667,0,0.0,12,10,0,0,0.10888057128902413,0.45454545454545453,0.5454545454545454,0.005823636363636253,0.0025563636363635637,,2024.0
15,delay_15m,evaluation,1,symbol,BTCUSDT,7,7,0.004082203100167847,0.004082203100167847,1.4408128006971004,0.5714285714285714,0.028575421701174924,0.023349953374347063,-0.021608130598737774,1,0.021690300929155745,0.00521214285714284,0.0011022377142857144,2.770204268927938e-05,19.766666666666666,159.97166666666655,202.26666666666668,0,0.0,4,3,0,0,0.20411015500839233,0.42857142857142855,0.5714285714285714,0.006216428571428472,0.0010042857142856323,,
15,delay_15m,evaluation,1,symbol,ETHUSDT,2,2,0.02320934394312486,0.02320934394312486,,1.0,0.04641868788624972,0.02320934394312486,,0,0.0,0.024487499999999995,0.0011134681250000002,0.00016468793187513663,14.641666666666667,14.799166666666668,14.816666666666666,0,0.0,2,0,0,0,1.160467197156243,0.0,1.0,0.025512499999999827,0.0010249999999998316,,
15,delay_15m,evaluation,1,symbol,SOLUSDT,6,6,0.007801424614294718,0.007801424614294718,2.053962755724781,0.6666666666666666,0.04680854768576831,0.022805125957705355,-0.02220597807252656,1,0.022216529405234737,0.008991666666666656,0.0011043945000000002,8.584755237194084e-05,8.35,21.3125,22.483333333333334,0,0.0,4,2,0,0,0.3900712307147359,0.3333333333333333,0.6666666666666666,0.011008333333333195,0.002016666666666537,,
15,delay_15m,evaluation,1,side,,4,4,0.0007115013057840897,0.0007115013057840897,1.0649525124642423,0.5,0.0028460052231363588,0.023331356231477383,-0.021908353619909206,1,0.02219542673981838,0.0017518750000000693,0.00109903646875,-5.8662774534020554e-05,4.983333333333333,18.144999999999992,20.45,0,0.0,2,2,0,0,0.03557506528920448,0.5,0.5,0.0032481250000000184,0.001496249999999949,-1.0,
15,delay_15m,evaluation,1,side,,11,11,0.010814241095459691,0.010814241095459691,2.8183629682855096,0.7272727272727273,0.1189566520500566,0.02304703659393808,-0.02180654690048268,1,0.022216529405234737,0.012036590909090867,0.001106620125,0.00011572968863117785,15.733333333333333,131.775,202.26666666666668,0,0.0,8,3,0,0,0.5407120547729846,0.2727272727272727,0.7272727272727273,0.013417954545454368,0.0013813636363635014,1.0,
15,delay_15m,evaluation,1,symbol+side,BTCUSDT,2,2,0.0010516091064773324,0.0010516091064773324,1.0972753770506174,0.5,0.0021032182129546648,0.023724498712954692,-0.021621280500000027,1,0.021621280500000027,0.00200125000000001,0.0010988993125,-0.00014925841897732352,12.766666666666667,19.681666666666665,20.45,0,0.0,1,1,0,0,0.05258045532386662,0.5,0.5,0.0029987499999999945,0.0009974999999999845,-1.0,
15,delay_15m,evaluation,1,symbol+side,BTCUSDT,5,5,0.005294440697644052,0.005294440697644052,1.6127383582797776,0.6,0.02647220348822026,0.02322510492814452,-0.021601555648106653,1,0.021690300929155745,0.006496499999999972,0.0011035730750000002,9.848622735592054e-05,19.766666666666666,174.07,202.26666666666668,0,0.0,3,2,0,0,0.2647220348822026,0.4,0.6,0.007503499999999863,0.0010069999999998912,1.0,
15,delay_15m,evaluation,1,symbol+side,ETHUSDT,2,2,0.02320934394312486,0.02320934394312486,,1.0,0.04641868788624972,0.02320934394312486,,0,0.0,0.024487499999999995,0.0011134681250000002,0.00016468793187513663,14.641666666666667,14.799166666666668,14.816666666666666,0,0.0,2,0,0,0,1.160467197156243,0.0,1.0,0.025512499999999827,0.0010249999999998316,1.0,
15,delay_15m,evaluation,1,symbol+side,SOLUSDT,2,2,0.000371393505090847,0.000371393505090847,1.0334657683715152,0.5,0.000742787010181694,0.022938213750000075,-0.02219542673981838,1,0.02219542673981838,0.0015025000000001287,0.001099173625,3.1932869909282424e-05,2.691666666666667,4.664166666666666,4.883333333333334,0,0.0,1,1,0,0,0.01856967525454235,0.5,0.5,0.0034975000000000422,0.0019949999999999135,-1.0,
15,delay_15m,evaluation,1,symbol+side,SOLUSDT,4,4,0.011516440168896653,0.011516440168896653,3.0734904104658414,0.75,0.04606576067558661,0.022760763360273783,-0.022216529405234737,1,0.022216529405234737,0.012736249999999921,0.0011070049375000001,0.00011280489360327006,14.808333333333334,21.78083333333333,22.483333333333334,0,0.0,3,1,0,0,0.5758220084448327,0.25,0.75,0.01476374999999977,0.002027499999999849,1.0,
15,delay_15m,evaluation,1,entry_year,,15,15,0.008120177151546197,0.008120177151546197,2.1150378016910922,0.6666666666666666,0.12180265727319296,0.023103900521445942,-0.02184726958825329,2,0.04370823710687594,0.009293999999999988,0.0011045978166666667,6.922503178712494e-05,14.816666666666666,103.57833333333319,202.26666666666668,0,0.0,10,5,0,0,0.4060088575773098,0.3333333333333333,0.6666666666666666,0.010705999999999875,0.0014119999999998875,,2025.0
15,delay_15m,evaluation,2,symbol,BTCUSDT,7,7,0.003580236154085798,0.003580236154085798,1.3779233845098204,0.5714285714285714,0.025061653078600588,0.02284394089311701,-0.02210470349795582,1,0.022179975699670642,0.004709999999999992,0.0011021182857142858,2.7645560199908638e-05,19.766666666666666,159.92166666666657,202.26666666666668,0,0.0,4,3,0,0,0.1790118077042899,0.42857142857142855,0.5714285714285714,0.006718571428571352,0.0020085714285713596,,
15,delay_15m,evaluation,2,symbol,ETHUSDT,2,2,0.022697208079828956,0.022697208079828956,,1.0,0.04539441615965791,0.022697208079828956,,0,0.0,0.023974999999999858,0.00111318625,0.00016460567017090332,14.641666666666667,14.799166666666668,14.816666666666666,0,0.0,2,0,0,0,1.1348604039914478,0.0,1.0,0.026024999999999743,0.0020499999999998852,,
15,delay_15m,evaluation,2,symbol,SOLUSDT,6,6,0.006776290039738026,0.006776290039738026,1.876019839179026,0.6666666666666666,0.04065774023842816,0.021767408651087315,-0.023205947182960554,1,0.023216051733545677,0.007983333333333323,0.0011042056666666668,0.0001028376269286294,8.35,21.3,22.466666666666665,0,0.0,4,2,0,0,0.3388145019869013,0.3333333333333333,0.6666666666666666,0.012016666666666601,0.004033333333333278,,
15,delay_15m,evaluation,2,side,,4,4,-3.701380944096111e-05,-3.701380944096111e-05,0.9967351040365942,0.5,-0.00014805523776384444,0.022599778747890827,-0.02267380636677275,1,0.02338493523354548,0.0010037500000001365,0.0010994479375,-5.868412805890332e-05,4.983333333333333,18.144999999999992,20.45,0,0.0,2,2,0,0,-0.0018506904720480555,0.5,0.5,0.003996250000000007,0.0029924999999998703,-1.0,
15,delay_15m,evaluation,2,side,,11,11,0.010114714974040954,0.010114714974040954,2.6512988987030957,0.7272727272727273,0.11126186471445049,0.022330032105086696,-0.02245946404208102,1,0.023195842632375428,0.011345909090909006,0.00110624025,0.00012495386686805062,15.733333333333333,131.69166666666666,202.26666666666668,0,0.0,8,3,0,0,0.5057357487020477,0.2727272727272727,0.7272727272727273,0.01410863636363623,0.002762727272727225,1.0,
15,delay_15m,evaluation,2,symbol+side,BTCUSDT,2,2,0.0005526594978909095,0.0005526594978909095,1.0499431104648167,0.5,0.001105318995781819,0.023236879995781636,-0.022131560999999817,1,0.022131560999999817,0.0015025000000001842,0.001099173625,-0.00014933312289072562,12.766666666666667,19.681666666666665,20.45,0,0.0,1,1,0,0,0.027632974894545477,0.5,0.5,0.0034975000000000422,0.001994999999999858,-1.0,
15,delay_15m,evaluation,2,symbol+side,BTCUSDT,5,5,0.004791266816563754,0.004791266816563754,1.5422125784331167,0.6,0.02395633408281877,0.022712961192228803,-0.022091274746933818,1,0.022179975699670642,0.005992999999999915,0.00110329615,9.843703343616235e-05,19.766666666666666,174.03666666666666,202.26666666666668,0,0.0,3,2,0,0,0.2395633408281877,0.4,0.6,0.008006999999999875,0.0020139999999999603,1.0,
15,delay_15m,evaluation,2,symbol+side,ETHUSDT,2,2,0.022697208079828956,0.022697208079828956,,1.0,0.04539441615965791,0.022697208079828956,,0,0.0,0.023974999999999858,0.00111318625,0.00016460567017090332,14.641666666666667,14.799166666666668,14.816666666666666,0,0.0,2,0,0,0,1.1348604039914478,0.0,1.0,0.026024999999999743,0.0020499999999998852,1.0,
15,delay_15m,evaluation,2,symbol+side,SOLUSDT,2,2,-0.0006266871167728318,-0.0006266871167728318,0.9460126016287852,0.5,-0.0012533742335456635,0.021962677500000014,-0.023216051733545677,1,0.023216051733545677,0.0005050000000000887,0.00109972225,3.196486677291898e-05,2.691666666666667,4.664166666666666,4.883333333333334,0,0.0,1,1,0,0,-0.03133435583864159,0.5,0.5,0.004494999999999971,0.0039899999999998825,-1.0,
15,delay_15m,evaluation,2,symbol+side,SOLUSDT,4,4,0.010477778617993455,0.010477778617993455,2.8068373344401243,0.75,0.04191111447197382,0.02170231903478308,-0.023195842632375428,1,0.023195842632375428,0.011722499999999941,0.001106447375,0.00013827400700648464,14.808333333333334,21.766666666666666,22.466666666666665,0,0.0,3,1,0,0,0.5238889308996727,0.25,0.75,0.015777499999999917,0.004054999999999975,1.0,
15,delay_15m,evaluation,2,entry_year,,15,15,0.007407587298445778,0.007407587298445778,1.9856981059063776,0.6666666666666666,0.11111380947668667,0.022383981433647525,-0.02254520097195771,2,0.04521862552774267,0.008587999999999974,0.0011044289666666668,7.598373488752955e-05,14.816666666666666,103.46166666666653,202.26666666666668,0,0.0,10,5,0,0,0.3703793649222889,0.3333333333333333,0.6666666666666666,0.011411999999999903,0.0028239999999999303,,2025.0
15,delay_15m,reserved_replication,1,symbol,BTCUSDT,3,3,0.008197107537560292,0.008197107537560292,2.107962031656228,0.6666666666666666,0.024591322612680874,0.02339320883507693,-0.022195095057472986,1,0.022195095057472986,0.009503333333333345,0.0010962389166666666,0.00020998687910638646,36.03333333333333,70.06833333333333,73.85,0,0.0,2,1,0,0,0.4098553768780146,0.3333333333333333,0.6666666666666666,0.010496666666666599,0.0009933333333332535,,
15,delay_15m,reserved_replication,1,symbol,ETHUSDT,1,1,-0.022022786771529523,-0.022022786771529523,0.0,0.0,-0.022022786771529523,,-0.022022786771529523,1,0.022022786771529523,-0.020490000000000008,0.0010887305,0.00044405627152951607,115.4,115.4,115.4,0,0.0,0,1,0,0,-1.101139338576476,1.0,0.0,-0.01951000000000014,0.0009799999999998699,,
15,delay_15m,reserved_replication,1,symbol,SOLUSDT,5,5,0.02286651149542046,0.02286651149542046,,1.0,0.1143325574771023,0.02286651149542046,,0,0.0,0.024005000000000033,0.0010973462500000002,4.11422545795741e-05,14.35,24.779999999999998,26.983333333333334,0,0.0,5,0,0,0,1.143325574771023,0.0,1.0,0.0259949999999999,0.0019899999999998695,,
15,delay_15m,reserved_replication,1,side,,4,4,0.022985259468771967,0.022985259468771967,,1.0,0.09194103787508787,0.022985259468771967,,0,0.0,0.024146875000000068,0.00108671921875,7.489631247810221e-05,11.041666666666666,24.615833333333327,26.983333333333334,0,0.0,4,0,0,0,1.1492629734385984,0.0,1.0,0.025853125000000005,0.001706249999999937,-1.0,
15,delay_15m,reserved_replication,1,side,,5,5,0.004992011088633158,0.004992011088633158,1.5644787676553626,0.6,0.02496005544316579,0.023059312424056098,-0.022108940914501253,1,0.022195095057472986,0.006291499999999983,0.0011034603250000001,0.0001960285863668274,36.03333333333333,107.08999999999999,115.4,0,0.0,3,2,0,0,0.2496005544316579,0.4,0.6,0.007708499999999829,0.0014169999999998461,1.0,
15,delay_15m,reserved_replication,1,symbol+side,BTCUSDT,1,1,0.02341610240931627,0.02341610240931627,,1.0,0.02341610240931627,0.02341610240931627,,0,0.0,0.024512500000000048,0.001086518125,9.879465683778373e-06,10.883333333333333,10.883333333333333,10.883333333333333,0,0.0,1,0,0,0,1.1708051204658134,0.0,1.0,0.025487499999999996,0.0009749999999999481,-1.0,
15,delay_15m,reserved_replication,1,symbol+side,BTCUSDT,2,2,0.0005876101016823038,0.0005876101016823038,1.0529495458488212,0.5,0.0011752202033646075,0.023370315260837594,-0.022195095057472986,1,0.022195095057472986,0.0019987499999999936,0.0011010993125000002,0.0003100405858176905,54.94166666666667,71.95916666666668,73.85,0,0.0,1,1,0,0,0.029380505084115188,0.5,0.5,0.0030012499999999,0.0010024999999999062,1.0,
15,delay_15m,reserved_replication,1,symbol+side,ETHUSDT,1,1,-0.022022786771529523,-0.022022786771529523,0.0,0.0,-0.022022786771529523,,-0.022022786771529523,1,0.022022786771529523,-0.020490000000000008,0.0010887305,0.00044405627152951607,115.4,115.4,115.4,0,0.0,0,1,0,0,-1.101139338576476,1.0,0.0,-0.01951000000000014,0.0009799999999998699,1.0,
15,delay_15m,reserved_replication,1,symbol+side,SOLUSDT,3,3,0.0228416451552572,0.0228416451552572,,1.0,0.0685249354657716,0.0228416451552572,,0,0.0,0.024025000000000074,0.00108678625,9.656859474287684e-05,11.2,25.404999999999998,26.983333333333334,0,0.0,3,0,0,0,1.14208225776286,0.0,1.0,0.02597500000000001,0.0019499999999999333,-1.0,
15,delay_15m,reserved_replication,1,symbol+side,SOLUSDT,2,2,0.02290381100566535,0.02290381100566535,,1.0,0.0458076220113307,0.02290381100566535,,0,0.0,0.02397499999999997,0.00111318625,-4.1997255665379985e-05,15.158333333333333,15.885833333333332,15.966666666666667,0,0.0,2,0,0,0,1.1451905502832675,0.0,1.0,0.026024999999999743,0.0020499999999997742,1.0,
15,delay_15m,reserved_replication,1,entry_year,,9,9,0.012989010368694851,0.012989010368694851,3.643751543104858,0.7777777777777778,0.11690109331825366,0.023016996449608022,-0.022108940914501253,1,0.022195095057472983,0.014227222222222244,0.0010960198333333333,0.00014219202019406067,15.966666666666667,98.77999999999999,115.4,0,0.0,7,2,0,0,0.6494505184347426,0.2222222222222222,0.7777777777777778,0.015772777777777684,0.001545555555555442,,2026.0
15,delay_15m,reserved_replication,2,symbol,BTCUSDT,3,3,0.00770063688295274,0.00770063688295274,2.0183999047994305,0.6666666666666666,0.02310191064885822,0.022893214165963488,-0.022684517683068756,1,0.022684517683068756,0.009006666666666644,0.0010961445,0.00020988528371390536,36.03333333333333,70.06833333333333,73.85,0,0.0,2,1,0,0,0.38503184414763697,0.3333333333333333,0.6666666666666666,0.010993333333333188,0.0019866666666665442,,
15,delay_15m,reserved_replication,2,symbol,ETHUSDT,1,1,-0.022512295465200078,-0.022512295465200078,0.0,0.0,-0.022512295465200078,,-0.022512295465200078,1,0.022512295465200078,-0.02098,0.001088461,0.0004438344652000808,115.4,115.4,115.4,0,0.0,0,1,0,0,-1.125614773260004,1.0,0.0,-0.019020000000000148,0.0019599999999998508,,
15,delay_15m,reserved_replication,2,symbol,SOLUSDT,5,5,0.021871340422777445,0.021871340422777445,,1.0,0.10935670211388722,0.021871340422777445,,0,0.0,0.02300999999999993,0.0010974424999999999,4.121707722248571e-05,14.366666666666667,24.806666666666665,27.016666666666666,0,0.0,5,0,0,0,1.0935670211388722,0.0,1.0,0.02698999999999996,0.003980000000000028,,
15,delay_15m,reserved_replication,2,side,,4,4,0.022131591442263284,0.022131591442263284,,1.0,0.08852636576905314,0.022131591442263284,,0,0.0,0.023293750000000002,0.0010871884375,7.497012023671769e-05,11.058333333333334,24.64916666666666,27.016666666666666,0,0.0,4,0,0,0,1.1065795721131642,0.0,1.0,0.026706250000000042,0.0034125000000000405,-1.0,
15,delay_15m,reserved_replication,2,side,,5,5,0.004283990305698445,0.004283990305698445,1.4739261473640575,0.6,0.021419951528492225,0.02220558822558702,-0.022598406574134415,1,0.023447750708385184,0.005582999999999916,0.0011030706499999998,0.00019593904430147092,36.03333333333333,107.08999999999999,115.4,0,0.0,3,2,0,0,0.21419951528492226,0.4,0.6,0.008416999999999808,0.002833999999999892,1.0,
15,delay_15m,reserved_replication,2,symbol+side,BTCUSDT,1,1,0.022928329339638665,0.022928329339638665,,1.0,0.022928329339638665,0.022928329339638665,,0,0.0,0.024024999999999963,0.00108678625,9.884410361297784e-06,10.883333333333333,10.883333333333333,10.883333333333333,0,0.0,1,0,0,0,1.1464164669819332,0.0,1.0,0.02597499999999997,0.0019500000000000073,-1.0,
15,delay_15m,reserved_replication,2,symbol+side,BTCUSDT,2,2,8.679065460977763e-05,8.679065460977763e-05,1.0076519726645594,0.5,0.00017358130921955525,0.02285809899228831,-0.022684517683068756,1,0.022684517683068756,0.001497499999999985,0.001100823625,0.0003098857203902091,54.94166666666667,71.95916666666668,73.85,0,0.0,1,1,0,0,0.004339532730488881,0.5,0.5,0.0035024999999997974,0.0020049999999998125,1.0,
15,delay_15m,reserved_replication,2,symbol+side,ETHUSDT,1,1,-0.022512295465200078,-0.022512295465200078,0.0,0.0,-0.022512295465200078,,-0.022512295465200078,1,0.022512295465200078,-0.02098,0.001088461,0.0004438344652000808,115.4,115.4,115.4,0,0.0,0,1,0,0,-1.125614773260004,1.0,0.0,-0.019020000000000148,0.0019599999999998508,1.0,
15,delay_15m,reserved_replication,2,symbol+side,SOLUSDT,3,3,0.021866012143138158,0.021866012143138158,,1.0,0.06559803642941447,0.021866012143138158,,0,0.0,0.023050000000000015,0.0010873225000000001,9.666535686185767e-05,11.233333333333333,25.438333333333333,27.016666666666666,0,0.0,3,0,0,0,1.0933006071569078,0.0,1.0,0.026950000000000068,0.0039000000000000514,-1.0,
15,delay_15m,reserved_replication,2,symbol+side,SOLUSDT,2,2,0.021879332842236376,0.021879332842236376,,1.0,0.04375866568447275,0.021879332842236376,,0,0.0,0.022949999999999804,0.0011126225,-4.195534223657221e-05,15.166666666666666,15.886666666666667,15.966666666666667,0,0.0,2,0,0,0,1.0939666421118188,0.0,1.0,0.027049999999999796,0.0040999999999999925,1.0,
15,delay_15m,reserved_replication,2,entry_year,,9,9,0.012216257477505038,0.012216257477505038,3.432612160881007,0.7777777777777778,0.10994631729754535,0.022163304349402026,-0.022598406574134415,1,0.023447750708385187,0.013454444444444399,0.0010960118888888892,0.0001421750780504695,15.966666666666667,98.77999999999999,115.4,0,0.0,7,2,0,0,0.610812873875252,0.2222222222222222,0.7777777777777778,0.016545555555555466,0.0030911111111110692,,2026.0
