symbol,config_id,family,side,target,stop,partition,quarter,trades,mean,pf,win_rate,sum_return_units,max_drawdown_return_units,ambiguous_exits,mean_holding_minutes,mean_quoted_path_return,mean_slippage_drag,mean_fees,mean_funding,mean_net_return,stop_fraction,stop_mean_net,target_fraction,target_mean_net,time_fraction,time_mean_net
BTCUSDT,0,opening_range,1,0.03,0.01,discovery,2022Q1,37,0.00015435400254064477,1.0196353027237475,0.32432432432432434,0.005711098094003856,0.09335720169522589,0,542.2972972972973,0.0023002278148164007,0.0010017993281506191,0.0011007141356676666,4.33603484574704e-05,0.00015435400254064477,0.6756756756756757,-0.01163434691963609,0.2702702702702703,0.02834081556547674,0.05405405405405406,0.006580807715069338
BTCUSDT,0,opening_range,1,0.03,0.01,discovery,2022Q2,47,-0.004384015756732112,0.5084727999628016,0.2127659574468085,-0.20604874056640926,0.20604874056640926,0,524.6595744680851,-0.0022379142719679886,0.0009972634540009319,0.0010982206522507176,5.061737851247449e-05,-0.004384015756732112,0.7659574468085106,-0.011630209475411778,0.1276595744680851,0.028324552139851456,0.10638297872340426,0.008538297541861218
BTCUSDT,0,opening_range,1,0.03,0.01,discovery,2022Q3,46,-0.0012856768810348212,0.8415355440606685,0.2608695652173913,-0.05914113652760177,0.1615518462702631,0,478.82608695652175,0.0008466651949903374,0.001000346491948915,0.0010999154752866732,3.208010878957048e-05,-0.0012856768810348212,0.6956521739130435,-0.011624165133716828,0.2391304347826087,0.0283756271840677,0.06521739130434782,0.00023341624219733883
BTCUSDT,0,opening_range,1,0.03,0.01,discovery,2022Q4,43,-0.00014971032512503397,0.9776271159212946,0.3488372093023256,-0.00643754398037646,0.0661298586939098,0,755.1627906976744,0.0018950752431873604,0.0010013943780540551,0.0011004915244758233,-5.710033421748338e-05,-0.00014971032512503397,0.5581395348837209,-0.011542221907798458,0.18604651162790697,0.028444389284006978,0.2558139534883721,0.003910969775884606
BTCUSDT,0,opening_range,1,0.03,0.01,discovery,2023Q1,40,7.923198623997485e-05,1.012100898764294,0.35,0.003169279449598994,0.0582630058866647,0,736.45,0.0022682958896216047,0.0010017674121834204,0.001100696590662591,8.659990053561936e-05,7.923198623997485e-05,0.55,-0.011641645498762815,0.15,0.028271052357654574,0.3,0.007471597189704451
BTCUSDT,0,opening_range,1,0.03,0.01,discovery,2023Q2,43,-0.001953320006480431,0.7314891695759108,0.3488372093023256,-0.08399276027865853,0.12820263768063828,0,848.1627906976744,0.0002600217389814768,0.0009997601416680357,0.0010995931438785226,0.00011398845991534892,-0.001953320006480431,0.6046511627906976,-0.01164893153333799,0.09302325581395349,0.02839187570072567,0.3023255813953488,0.008100919752709743
BTCUSDT,0,opening_range,1,0.03,0.01,discovery,2023Q3,44,-0.003321591728624769,0.48936187096827743,0.3181818181818182,-0.14615003605948984,0.1723973040159434,0,940.3181818181819,-0.0011217505376431476,0.000998379059932275,0.0010988339287213338,0.00010262820232801282,-0.003321591728624769,0.5,-0.011649160505074418,0.06818181818181818,0.02832405582994378,0.4318181818181818,0.001324175134858739
BTCUSDT,0,opening_range,1,0.03,0.01,discovery,2023Q4,58,-0.0012373593849768823,0.8302013304179423,0.3448275862068966,-0.07176684432865918,0.10718476858274315,0,761.9137931034483,0.0010380801896459145,0.0010005378112839009,0.0011000206483080992,0.00017488111503079773,-0.0012373593849768823,0.603448275862069,-0.01171227006288027,0.15517241379310345,0.028219158293039837,0.2413793103448276,0.0060135845167708386
BTCUSDT,0,opening_range,1,0.03,0.01,discovery,2024Q1,55,-0.002092540169252617,0.7272588407945801,0.2909090909090909,-0.11508970930889395,0.14538113926886304,0,627.3818181818182,0.00027172636658758306,0.000999771840446247,0.001099599574989378,0.000264895120404576,-0.002092540169252617,0.6363636363636364,-0.01171205747698199,0.16363636363636364,0.028157051396590846,0.2,0.0037653490741961825
BTCUSDT,0,opening_range,1,0.03,0.01,discovery,2024Q2,55,-0.0015156570037591801,0.79414273847232,0.2909090909090909,-0.08336113520675491,0.1920514043163779,0,800.2727272727273,0.0006729590303074361,0.0010001728725938998,0.0010998200323867426,8.862312908597384e-05,-0.0015156570037591801,0.6,-0.011670949928367797,0.14545454545454545,0.028305569442362177,0.2545454545454545,0.005381118349320356
BTCUSDT,0,opening_range,1,0.03,0.01,discovery,2024Q3,53,-0.002688070521450283,0.6856640046166121,0.2641509433962264,-0.142467737636865,0.1795050296888999,0,612.7924528301887,-0.0005419138884736572,0.0009989586068080193,0.0010991525201275952,4.8045506041011535e-05,-0.002688070521450283,0.7358490566037735,-0.011621382747815033,0.18867924528301888,0.028310506966836468,0.07547169811320754,0.006915279964889131
BTCUSDT,0,opening_range,1,0.03,0.01,discovery,2024Q4,58,-0.00015975028417473055,0.9781287146342755,0.3620689655172414,-0.009265516482134372,0.07879244771373045,0,714.8965517241379,0.002106120507363359,0.0010016053178483323,0.0011006074833542333,0.0001636579903355251,-0.00015975028417473055,0.603448275862069,-0.011682906007070204,0.22413793103448276,0.028215410626920193,0.1724137931034483,0.0032835855615360224
BTCUSDT,0,opening_range,1,0.03,0.01,validation,2025Q1,56,-0.0018534658673371757,0.7541953462740062,0.30357142857142855,-0.10379408857088183,0.16227232739498182,0,732.125,0.0003267445606804008,0.0009998268311450036,0.0010996298047512446,8.07537921213282e-05,-0.0018534658673371757,0.625,-0.01162414303115837,0.14285714285714285,0.028295478873985,0.23214285714285715,0.00589900665598316
BTCUSDT,0,opening_range,1,0.03,0.01,validation,2025Q2,60,-0.003255326708895227,0.5632016675095745,0.2833333333333333,-0.1953196025337136,0.22366114915772378,0,807.6,-0.0010957987824316022,0.0009984049987181117,0.0010988481879203676,6.227473982514543e-05,-0.003255326708895227,0.6,-0.011632793916976613,0.1,0.02830582469049238,0.3,0.002979223907471676
BTCUSDT,0,opening_range,1,0.03,0.01,validation,2025Q3,51,-0.001712000894024614,0.7014675430093849,0.37254901960784315,-0.08731204559525532,0.14964846209913535,0,1128.9607843137255,0.0005677601622270176,0.0010000677262989532,0.0010997622308397607,0.00017993109911291797,-0.001712000894024614,0.43137254901960786,-0.011699803899829076,0.0392156862745098,0.028236422316914263,0.5294117647058824,0.004207807243227996
BTCUSDT,0,opening_range,1,0.03,0.01,validation,2025Q4,60,-0.0038141878148608287,0.519462166579129,0.25,-0.22885126889164972,0.30766257560665333,0,782.55,-0.0016533177063328016,0.0009978477584143485,0.0010985418589943888,6.448049111928976e-05,-0.0038141878148608287,0.65,-0.011624328656734708,0.1,0.028302589747543194,0.25,0.0036454673490496493
BTCUSDT,1,opening_range,1,0.03,0.015,discovery,2022Q1,35,0.001279108310759924,1.1493931603162892,0.45714285714285713,0.04476879087659734,0.08884284174540026,0,791.2285714285714,0.0034468671123894074,0.0010029453944150443,0.001101344156944886,6.346925026955302e-05,0.001279108310759924,0.4857142857142857,-0.016669991644311745,0.3142857142857143,0.028346533566043997,0.2,0.002335254229059006
BTCUSDT,1,opening_range,1,0.03,0.015,discovery,2022Q2,47,-0.007048490467101168,0.4215501772332111,0.23404255319148937,-0.3312790519537549,0.3312790519537549,0,609.2978723404256,-0.004897461476600298,0.0009946052359053473,0.0010967593633081224,5.966439128740259e-05,-0.007048490467101168,0.723404255319149,-0.016628114229962698,0.14893617021276595,0.028316765108308266,0.1276595744680851,0.005976579351136498
BTCUSDT,1,opening_range,1,0.03,0.015,discovery,2022Q3,45,-0.0031908667702808253,0.7045532964470742,0.28888888888888886,-0.14358900466263713,0.21603120615529864,0,605.1555555555556,-0.0010488375203767004,0.000998451936511255,0.001098873990798712,4.4703322594157654e-05,-0.0031908667702808253,0.6444444444444445,-0.01662987043713506,0.26666666666666666,0.028373049289584198,0.08888888888888889,-0.00044983836518268995
BTCUSDT,1,opening_range,1,0.03,0.015,discovery,2022Q4,42,-0.0010890550719429635,0.8601390921325079,0.35714285714285715,-0.04574031302160447,0.10028840180361683,0,959.2619047619048,0.0009623993483561822,0.0010004621682641185,0.001099979065449051,-4.898681341402357e-05,-0.0010890550719429635,0.38095238095238093,-0.016531228321134,0.19047619047619047,0.028444389284006978,0.42857142857142855,-0.0004886541197509052
BTCUSDT,1,opening_range,1,0.03,0.015,discovery,2023Q1,40,0.0017972443861695327,1.2348001880460622,0.45,0.07188977544678131,0.052606175270591624,0,908.025,0.004019170889621612,0.0010035174121834193,0.001101658609412591,0.00011675048185606918,0.0017972443861695327,0.45,-0.01668811112140185,0.25,0.02826166093555611,0.3,0.007471597189704451
BTCUSDT,1,opening_range,1,0.03,0.015,discovery,2023Q2,42,-0.0024754364897731896,0.6877135128189487,0.38095238095238093,-0.10396833257047397,0.14639053504859598,0,1104.8333333333333,-0.00022834166252687433,0.0009992720223261867,0.0010993248124733308,0.00014849799244679782,-0.0024754364897731896,0.40476190476190477,-0.016676909795471123,0.09523809523809523,0.02839187570072567,0.5,0.00314150624522059
BTCUSDT,1,opening_range,1,0.03,0.015,discovery,2023Q3,41,-0.0030807500173682134,0.5281664889916494,0.36585365853658536,-0.12631075071209674,0.14297266017843563,0,1163.7317073170732,-0.0008565731596611812,0.000998644104787844,0.0010989796305045532,0.00012655312241463505,-0.0030807500173682134,0.2682926829268293,-0.016650217805941905,0.07317073170731707,0.02832405582994378,0.6585365853658537,-0.0010418711976506348
BTCUSDT,1,opening_range,1,0.03,0.015,discovery,2023Q4,56,-0.0004049471771960936,0.9448992589425401,0.42857142857142855,-0.022677041922981242,0.09082687498899861,0,1052.375,0.0019942416633237773,0.0010014934949157523,0.0011005460114926245,0.00029714933411149414,-0.0004049471771960936,0.35714285714285715,-0.016768126318335998,0.16071428571428573,0.028219158293039837,0.48214285714285715,0.002174557770606673
BTCUSDT,1,opening_range,1,0.03,0.015,discovery,2024Q1,52,0.0006828899519756595,1.09021650345584,0.4423076923076923,0.0355102775027343,0.12001005047204039,0,837.0961538461538,0.0031896425628112754,0.001002688298413496,0.0011012028248454189,0.0004028614875767004,0.0006828899519756595,0.4230769230769231,-0.016840455343728102,0.25,0.028079430156136787,0.3269230769230769,0.0024098648844102562
BTCUSDT,1,opening_range,1,0.03,0.015,discovery,2024Q2,53,-0.0009182767048044812,0.8816446590052391,0.37735849056603776,-0.0486686653546375,0.17623763645095242,0,979.433962264151,0.001297828083549644,0.0010007974293687587,0.0011001633668597996,0.00011514399212556733,-0.0009182767048044812,0.41509433962264153,-0.016679390152590786,0.16981132075471697,0.028317100753200288,0.41509433962264153,0.002882909601070782
BTCUSDT,1,opening_range,1,0.03,0.015,discovery,2024Q3,51,-0.0026660888807604716,0.734388132091456,0.35294117647058826,-0.13597053291878405,0.1844632506010891,0,825.3921568627451,-0.0004940203024750876,0.0009990064764591829,0.0010991788352715862,7.388326655461579e-05,-0.0026660888807604716,0.5882352941176471,-0.016624917707192672,0.23529411764705882,0.028298764690644112,0.17647058823529413,0.002576869112140759
BTCUSDT,1,opening_range,1,0.03,0.015,discovery,2024Q4,56,-0.0003432634727813575,0.9585086703461111,0.4107142857142857,-0.01922275447575602,0.10770852963645919,0,913.4107142857143,0.001979738395248309,0.0010014789988956956,0.001100538042667994,0.00022098482646597657,-0.0003432634727813575,0.44642857142857145,-0.016721945546323124,0.25,0.028192187406409407,0.30357142857142855,0.00024325061721119345
BTCUSDT,1,opening_range,1,0.03,0.015,validation,2025Q1,53,-0.0027037018947102336,0.7001893023008575,0.3584905660377358,-0.1432962004196424,0.23548044712847915,0,939.2452830188679,-0.0005065444983875004,0.0009989939585222378,0.0010991719538486998,9.899148395179657e-05,-0.0027037018947102336,0.5094339622641509,-0.016626287093757148,0.1509433962264151,0.02828656359129692,0.33962264150943394,0.004406724576745854
BTCUSDT,1,opening_range,1,0.03,0.015,validation,2025Q2,55,-0.0030414489862843124,0.6280750239286387,0.36363636363636365,-0.16727969424563718,0.19562124086964738,0,1038.3636363636363,-0.0008749195392234662,0.0009986257675768944,0.00109896955008126,6.893412940269216e-05,-0.0030414489862843124,0.41818181818181815,-0.016632295227723932,0.12727272727272726,0.028297452022479345,0.45454545454545453,0.0006872372733863124
BTCUSDT,1,opening_range,1,0.03,0.015,validation,2025Q3,48,-0.0009787807534568033,0.8329071166597118,0.4375,-0.04698147616592656,0.11742671707104133,0,1248.1041666666667,0.0013159556186798354,0.0010008155478446329,0.0011001733270389596,0.00019374749725304609,-0.0009787807534568033,0.2708333333333333,-0.01668731699146623,0.0625,0.028247172584870178,0.6666666666666666,0.002662878967766373
BTCUSDT,1,opening_range,1,0.03,0.015,validation,2025Q4,55,-0.004654420347438512,0.5191799886210579,0.2909090909090909,-0.25599311910911815,0.34603739501057246,0,903.6545454545454,-0.0024936562189227292,0.0009970078398610347,0.0010980801347676692,6.567615388707994e-05,-0.004654420347438512,0.5272727272727272,-0.016622749955129378,0.10909090909090909,0.028302589747543194,0.36363636363636365,0.0028125545552187283
BTCUSDT,2,opening_range,1,0.05,0.01,discovery,2022Q1,36,0.0010696746858291425,1.1272365166885523,0.2777777777777778,0.03850828868984913,0.1168392809923007,0,607.6666666666666,0.003215248639321739,0.0010027138916933692,0.001101216894111196,4.164316768803035e-05,0.0010696746858291425,0.7222222222222222,-0.01164043204796343,0.1388888888888889,0.04840121776853793,0.1388888888888889,0.019830686618841735
BTCUSDT,2,opening_range,1,0.05,0.01,discovery,2022Q2,46,-0.006103868450666014,0.3648045046009375,0.15217391304347827,-0.28077794873063666,0.2807779487306367,0,608.695652173913,-0.003969077059035467,0.0009955331563626824,0.0010972694643815314,4.198877088633305e-05,-0.006103868450666014,0.8260869565217391,-0.011618956746931385,0.043478260869565216,0.04824898420278194,0.13043478260869565,0.010707406541198672
BTCUSDT,2,opening_range,1,0.05,0.01,discovery,2022Q3,45,-0.0038105210468429677,0.5798627830044222,0.17777777777777778,-0.17147344710793355,0.22214595342901813,0,610.8666666666667,-0.0016761110420396594,0.0009978249764696333,0.0010985293351898203,3.805569314385449e-05,-0.0038105210468429677,0.7777777777777778,-0.011625604631226819,0.06666666666666667,0.048317379187453914,0.15555555555555556,0.012924368203234773
BTCUSDT,2,opening_range,1,0.05,0.01,discovery,2022Q4,43,-0.0001312378648614625,0.9811343370086963,0.32558139534883723,-0.005643228189042888,0.07443499475490595,0,844.5581395348837,0.0018911029303890854,0.0010013904077264201,0.0011004893418874646,-7.953895436333669e-05,-0.0001312378648614625,0.5813953488372093,-0.011536064016132504,0.06976744186046512,0.04876109043179743,0.3488372093023256,0.009098340061258496
BTCUSDT,2,opening_range,1,0.05,0.01,discovery,2023Q1,39,-0.00026083693815436026,0.9611589650332807,0.3333333333333333,-0.01017264058802005,0.07050895683296463,0,818.7948717948718,0.0019457300010114768,0.0010014450074971528,0.0011005193567464333,0.0001046025749222516,-0.00026083693815436026,0.5641025641025641,-0.011641645498762815,0.05128205128205128,0.04814527365107339,0.38461538461538464,0.009976867538841003
BTCUSDT,2,opening_range,1,0.05,0.01,discovery,2023Q2,43,-0.0016212530990583796,0.77713635527638,0.3488372093023256,-0.06971388325951032,0.1170573238444878,0,879.6511627906976,0.0005982374310383238,0.0010000981883367603,0.001099778976583486,0.00011961336517645648,-0.0016212530990583796,0.6046511627906976,-0.01164893153333799,0.023255813953488372,0.048343857077388155,0.37209302325581395,0.011550904970618085
BTCUSDT,2,opening_range,1,0.05,0.01,discovery,2023Q3,44,-0.0047681139258863026,0.2956755013158543,0.29545454545454547,-0.2097970127389973,0.2264589222053362,0,981.2272727272727,-0.0025683047915373803,0.0009969332285940482,0.001098039119088928,0.00010483678666594679,-0.0047681139258863026,0.5227272727272727,-0.01164959872816516,0.0,,0.4772727272727273,0.0027687503813714934
BTCUSDT,2,opening_range,1,0.05,0.01,discovery,2023Q4,58,-0.0009184971534509895,0.877349970439646,0.3275862068965517,-0.05327283490015739,0.11526014156579664,0,833.4310344827586,0.0013738281597504328,0.0010008733914639108,0.0011002051251225576,0.00019124679661495448,-0.0009184971534509895,0.6206896551724138,-0.01171164767812323,0.06896551724137931,0.04820057032846421,0.3103448275862069,0.009752455566579001
BTCUSDT,2,opening_range,1,0.05,0.01,discovery,2024Q1,54,-0.0007035561399487079,0.9102079512386758,0.2777777777777778,-0.03799203155723023,0.14306697280493075,0,714.4629629629629,0.0017240344061779155,0.001001223422694719,0.001100397546040916,0.0003259695773909881,-0.0007035561399487079,0.6481481481481481,-0.011744548816362511,0.1111111111111111,0.04793238426308672,0.24074074074074073,0.006574836264379792
BTCUSDT,2,opening_range,1,0.05,0.01,discovery,2024Q2,55,-0.0014290608173732823,0.8059042740598096,0.2909090909090909,-0.07859834495553053,0.17604448468490289,0,865.6727272727272,0.0007720127478504378,0.001000271876809334,0.0010998744574790727,0.00010092723093531418,-0.0014290608173732823,0.6,-0.011670949928367797,0.05454545454545454,0.048328697821742934,0.34545454545454546,0.008502995221861997
BTCUSDT,2,opening_range,1,0.05,0.01,discovery,2024Q3,50,-0.0018379053269270424,0.791988748539595,0.24,-0.09189526634635212,0.1490424115255408,0,670.32,0.00031748062218523755,0.000999817571836161,0.001099624714677692,5.594366259842715e-05,-0.0018379053269270424,0.76,-0.011625796517353609,0.08,0.04825492139883586,0.16,0.019608164464717685
BTCUSDT,2,opening_range,1,0.05,0.01,discovery,2024Q4,57,0.002066359114082527,1.2780259477753317,0.3508771929824561,0.11778246950270405,0.07879244771373045,0,817.7017543859649,0.0043709951184271205,0.0010038690605880258,0.0011018519193318117,0.00019891502442475473,0.002066359114082527,0.6140350877192983,-0.011682906007070204,0.12280701754385964,0.04807538266297057,0.2631578947368421,0.012677100073957816
BTCUSDT,2,opening_range,1,0.05,0.01,validation,2025Q1,55,-0.0011296732187827292,0.8486703546600759,0.3090909090909091,-0.06213202703305011,0.16227232739498182,0,810.8545454545455,0.0010635019557303752,0.0010005632203454503,0.001100034616304462,9.257733786319245e-05,-0.0011296732187827292,0.6181818181818182,-0.01162225185561044,0.03636363636363636,0.04832082587134893,0.34545454545454546,0.012441204437631947
BTCUSDT,2,opening_range,1,0.05,0.01,validation,2025Q2,60,-0.0035148867120036106,0.5380475694644241,0.26666666666666666,-0.21089320272021664,0.2316438897733325,0,857.8333333333334,-0.0013505699373703745,0.000998150354885084,0.0010987082038392594,6.745821590889327e-05,-0.0035148867120036106,0.6,-0.011632793916976613,0.03333333333333333,0.04816851206672987,0.36666666666666664,0.005070470643521894
BTCUSDT,2,opening_range,1,0.05,0.01,validation,2025Q3,51,-0.001398277503174769,0.7561734809634598,0.37254901960784315,-0.07131215266191322,0.14964846209913535,0,1141.8235294117646,0.0008830322415322297,0.0010003828408209985,0.0010999354571703914,0.00018099144671560909,-0.001398277503174769,0.43137254901960786,-0.011699803899829076,0.0196078431372549,0.04820750551199414,0.5490196078431373,0.004924143843654727
BTCUSDT,2,opening_range,1,0.05,0.01,validation,2025Q4,59,-0.004023863273064422,0.5072077688084946,0.23728813559322035,-0.23740793311080086,0.3201102193087988,0,819.6779661016949,-0.001855680935768519,0.0009976454963159605,0.0010984306704623535,7.210617051758814e-05,-0.004023863273064422,0.6779661016949152,-0.011627899684596493,0.01694915254237288,0.04829936784102103,0.3050847457627119,0.009967149246224325
BTCUSDT,3,opening_range,1,0.05,0.015,discovery,2022Q1,34,0.0017363592179125466,1.1865529196618194,0.4117647058823529,0.05903621340902658,0.1359183820175722,0,878.6470588235294,0.003906600813390453,0.0010034048983640841,0.0011015967577532647,6.523993936055526e-05,0.0017363592179125466,0.5294117647058824,-0.01667650942135816,0.14705882352941177,0.04844471285373552,0.3235294117647059,0.01063543806589053
BTCUSDT,3,opening_range,1,0.05,0.015,discovery,2022Q2,45,-0.008427140723483356,0.3560949013144,0.17777777777777778,-0.379221332556751,0.379221332556751,0,718.6888888888889,-0.006290305851852223,0.0009932130876042433,0.0010959940645832993,4.7627719443590175e-05,-0.008427140723483356,0.7777777777777778,-0.016616977791780008,0.06666666666666667,0.048320154170281494,0.15555555555555556,0.008201775377814989
BTCUSDT,3,opening_range,1,0.05,0.015,discovery,2022Q3,44,-0.005705126508229219,0.531679718160879,0.20454545454545456,-0.2510255663620856,0.28482122306037255,0,745.3863636363636,-0.003558336006324819,0.0009959436921474947,0.0010974951461658405,5.3351663591062055e-05,-0.005705126508229219,0.7272727272727273,-0.016633511784688547,0.09090909090909091,0.048318958878156834,0.18181818181818182,0.010996371904415079
BTCUSDT,3,opening_range,1,0.05,0.015,discovery,2022Q4,42,-0.0011890654429826451,0.8545801093821653,0.3333333333333333,-0.0499407486052711,0.10847558512027711,0,1050.7857142857142,0.0008392253138246126,0.0010003390557858278,0.0010999113874419215,-7.195968642049243e-05,-0.0011890654429826451,0.40476190476190477,-0.016522510537017282,0.07142857142857142,0.04876109043179743,0.5238095238095238,0.0038481208740286568
BTCUSDT,3,opening_range,1,0.05,0.015,discovery,2023Q1,39,0.00164867448616436,1.2100055814880595,0.4358974358974359,0.06429830496041004,0.06372767758008602,0,1042.3333333333333,0.0038997605313563955,0.001003398061500491,0.001101592999358421,0.0001460949843331243,0.00164867448616436,0.46153846153846156,-0.01668811112140185,0.07692307692307693,0.04821381406795749,0.46153846153846156,0.012224603496765045
BTCUSDT,3,opening_range,1,0.05,0.015,discovery,2023Q2,42,-0.0021354632274125183,0.7306025371492896,0.38095238095238093,-0.08968945555132576,0.12244085022317633,0,1137.0714285714287,0.00011792678410275451,0.000999618117725119,0.0010995150697665078,0.00015425682402364602,-0.0021354632274125183,0.40476190476190477,-0.016676909795471123,0.023809523809523808,0.048343857077388155,0.5714285714285714,0.006061423078928963
BTCUSDT,3,opening_range,1,0.05,0.015,discovery,2023Q3,41,-0.004754938506502544,0.31440687171360526,0.34146341463414637,-0.19495247876660432,0.2116143882329432,0,1208.1463414634147,-0.0025309850418891388,0.0009969705296931622,0.00109805962443563,0.000128923310484613,-0.004754938506502544,0.2926829268292683,-0.016650532239710206,0.0,,0.7073170731707317,0.0001673761417213169
BTCUSDT,3,opening_range,1,0.05,0.015,discovery,2023Q4,56,-0.0001638889976692775,0.9785686293740719,0.4107142857142857,-0.009177783869479539,0.10340904518147281,0,1126.607142857143,0.0022526502752177415,0.001001751774387905,0.0011006879941754565,0.0003140995043236565,-0.0001638889976692775,0.375,-0.016764149616826034,0.07142857142857142,0.04820057032846421,0.5535714285714286,0.004840873444193884
BTCUSDT,3,opening_range,1,0.05,0.015,discovery,2024Q1,51,0.00161788487234682,1.192686170349287,0.39215686274509803,0.08251212848968782,0.1150326801572773,0,925.0980392156863,0.0041793861793887,0.0010036775474055815,0.0011017466397475909,0.00045607711988870735,0.00161788487234682,0.47058823529411764,-0.016879105941406635,0.1568627450980392,0.047965500626311365,0.37254901960784315,0.005467719266997691
BTCUSDT,3,opening_range,1,0.05,0.015,discovery,2024Q2,53,-0.0012395704327098737,0.840233580485266,0.37735849056603776,-0.06569723293362331,0.17795993939861968,0,1059.7358490566037,0.0009871958516483596,0.0010004869523753527,0.0010999926898946002,0.00012628664208828088,-0.0012395704327098737,0.41509433962264153,-0.016679390152590786,0.05660377358490566,0.048328697821742934,0.5283018867924528,0.005580830605648041
BTCUSDT,3,opening_range,1,0.05,0.015,discovery,2024Q3,48,-0.0007405083809679235,0.9275439594360039,0.3333333333333333,-0.03554440228646033,0.14603442300168745,0,910.7083333333334,0.0014418625292418876,0.0010009413918332067,0.001100242506625575,8.118701175102894e-05,-0.0007405083809679235,0.5833333333333334,-0.0166312037248797,0.125,0.048242967202451366,0.2916666666666667,0.010047964199675933
BTCUSDT,3,opening_range,1,0.05,0.015,discovery,2024Q4,55,0.002005608784879593,1.2380952035012438,0.4,0.11030848316837762,0.10253495011650503,0,1010.1818181818181,0.0043621270888353535,0.0010038601969902356,0.001101847046790515,0.00025081106017500916,0.002005608784879593,0.45454545454545453,-0.016721945546323124,0.12727272727272726,0.04811068231828774,0.41818181818181815,0.008329667199932242
BTCUSDT,3,opening_range,1,0.05,0.015,validation,2025Q1,52,-0.002198599481189185,0.7578313794617767,0.36538461538461536,-0.11432717302183763,0.21384749086912536,0,1007.7307692307693,8.11869245872938e-06,0.0009995083645100884,0.001099454735680372,0.000107755073457455,-0.002198599481189185,0.5192307692307693,-0.016626287093757148,0.038461538461538464,0.04832082587134893,0.4423076923076923,0.01034525768551772
BTCUSDT,3,opening_range,1,0.05,0.015,validation,2025Q2,54,-0.00337383115079745,0.6031920555351022,0.3333333333333333,-0.1821868821430623,0.20293756919617825,0,1092.611111111111,-0.0012033346016548047,0.0009982975166399257,0.001098789102334938,7.340993016778216e-05,-0.00337383115079745,0.42592592592592593,-0.016632295227723932,0.037037037037037035,0.04816851206672987,0.5370370370370371,0.003586858067625114
BTCUSDT,3,opening_range,1,0.05,0.015,validation,2025Q3,48,-0.0006560934717467203,0.8879947837677444,0.4375,-0.03149248664384258,0.11742671707104131,0,1275.1458333333333,0.001644079176967789,0.0010011435074231332,0.0011003536146182496,0.0001986755266731262,-0.0006560934717467203,0.2708333333333333,-0.01668731699146623,0.020833333333333332,0.04820750551199414,0.7083333333333334,0.004036327315683069
BTCUSDT,3,opening_range,1,0.05,0.015,validation,2025Q4,54,-0.004991565457467951,0.5035327010842751,0.2777777777777778,-0.2695445347032694,0.3566929389497185,0,948.5555555555555,-0.0028229574976134206,0.0009966787031506978,0.00109789920008958,7.40300566142539e-05,-0.004991565457467951,0.5555555555555556,-0.01662738899483194,0.018518518518518517,0.04829936784102103,0.42592592592592593,0.007868598578289901
BTCUSDT,4,opening_range,-1,0.03,0.01,discovery,2022Q1,54,-0.002833486394046024,0.6701683791813959,0.24074074074074073,-0.1530082652784853,0.1828288633300426,0,510.18518518518516,-0.0007884595877732784,0.0010012891041397184,0.0011009843617805525,-5.724665964752467e-05,-0.002833486394046024,0.7407407407407407,-0.011567175650601877,0.18518518518518517,0.02845540790884025,0.07407407407407407,0.006281170414296821
BTCUSDT,4,opening_range,-1,0.03,0.01,discovery,2022Q2,50,0.004704189100471199,1.7254781698901398,0.44,0.23520945502355994,0.08833330238657154,0,486.04,0.0067547916608243505,0.000993742079378763,0.0010968314227302052,-3.9970941755815074e-05,0.004704189100471199,0.56,-0.011579035769863253,0.38,0.02846703988059079,0.06,0.006182899616168656
BTCUSDT,4,opening_range,-1,0.03,0.01,discovery,2022Q3,52,-0.004748917961980618,0.4687582026467972,0.21153846153846154,-0.2469437340229921,0.24694373402299213,0,520.8269230769231,-0.0027031864975755,0.0010032047888919192,0.0011020385152075572,-5.951183969435851e-05,-0.004748917961980618,0.7692307692307693,-0.011573949460254761,0.1346153846153846,0.028527679166023834,0.09615384615384616,0.003264098045006309
BTCUSDT,4,opening_range,-1,0.03,0.01,discovery,2022Q4,48,-0.0015110893458185736,0.7689462242300766,0.3333333333333333,-0.07253228859929153,0.13900729147633045,0,966.7916666666666,0.0005233883692526434,0.0009999765999305899,0.001100262123526873,-6.576100838624544e-05,-0.0015110893458185736,0.5,-0.011662838966829278,0.10416666666666667,0.028518244205502075,0.3958333333333333,0.0034097171356368833
BTCUSDT,4,opening_range,-1,0.03,0.01,discovery,2023Q1,46,-0.0035325636239762932,0.5769675856881936,0.21739130434782608,-0.1624979267029095,0.19635142895331148,0,721.6086956521739,-0.001532693731730893,0.0010020337105869253,0.001101394100093275,-0.0001035579184347997,-0.0035325636239762932,0.6956521739130435,-0.011551029844884028,0.15217391304347827,0.028584141089053376,0.15217391304347827,0.001006577244286529
BTCUSDT,4,opening_range,-1,0.03,0.01,discovery,2023Q2,49,-0.0005786787520588709,0.921868938073039,0.3469387755102041,-0.028355258850884676,0.08696137062579436,0,745.4489795918367,0.001428683876047817,0.0009990708515496174,0.001099763712836526,-9.147193627945556e-05,-0.0005786787520588709,0.6326530612244898,-0.011550098666069491,0.20408163265306123,0.028504367544894816,0.16326530612244897,0.005581765543540168
BTCUSDT,4,opening_range,-1,0.03,0.01,discovery,2023Q3,53,-0.002031221104096414,0.6128572445781658,0.3018867924528302,-0.10765471851710995,0.13595213927987768,0,1137.0377358490566,-6.0676089135984814e-05,0.0010005609565673142,0.001100583680375137,-0.0001305996219820218,-0.002031221104096414,0.33962264150943394,-0.01157112429504718,0.05660377358490566,0.028515328875119855,0.6037735849056604,0.00047123538026186694
BTCUSDT,4,opening_range,-1,0.03,0.01,discovery,2023Q4,52,-0.00214494481437156,0.6952459912309122,0.3076923076923077,-0.11153713034732113,0.16583862366408078,0,828.2692307692307,-0.0002883996619859969,0.0010007887940589127,0.001100709053650825,-0.0002449526953241737,-0.00214494481437156,0.5961538461538461,-0.011487951899851136,0.07692307692307693,0.028678506848773114,0.3269230769230769,0.007639726538410096
BTCUSDT,4,opening_range,-1,0.03,0.01,discovery,2024Q1,57,-0.0030939714901387504,0.5998248234323814,0.2982456140350877,-0.17635637493790876,0.20806830826528577,0,577.0350877192982,-0.0011398223625022537,0.0010016406426837587,0.0011011778046528524,-0.00014866931970011475,-0.0030939714901387504,0.6666666666666666,-0.011539993646443846,0.14035087719298245,0.028518362343624766,0.19298245614035087,0.003092407716178117
BTCUSDT,4,opening_range,-1,0.03,0.01,discovery,2024Q2,56,-0.001042315411581531,0.8540192197053144,0.32142857142857145,-0.058369663048565744,0.1769725788449139,0,625.7321428571429,0.0009860571354795519,0.0009995136997142716,0.0011000074011103293,-7.114855376351772e-05,-0.001042315411581531,0.6071428571428571,-0.011577029775311153,0.17857142857142858,0.028489742608270356,0.21428571428571427,0.004195993602442488
BTCUSDT,4,opening_range,-1,0.03,0.01,discovery,2024Q3,50,-0.0010149042179818913,0.8687449822313087,0.32,-0.05074521089909456,0.17707149542499495,0,640.76,0.001024372862039269,0.0009994753648202481,0.0010999863063765297,-6.0184591175618e-05,-0.0010149042179818913,0.66,-0.011567503008252102,0.2,0.028490198078744155,0.14,0.006582915369397617
BTCUSDT,4,opening_range,-1,0.03,0.01,discovery,2024Q4,50,-0.005952244354799141,0.3344438518006564,0.2,-0.29761221773995705,0.3170181581253066,0,701.38,-0.003995684170659453,0.0010044979331371034,0.0011027501001570881,-0.00015068784915450213,-0.005952244354799141,0.76,-0.011499586742375273,0.08,0.028592476312737775,0.16,0.003125271652419027
BTCUSDT,4,opening_range,-1,0.03,0.01,validation,2025Q1,49,0.004007643369714649,1.6749752407620568,0.42857142857142855,0.19637452511601777,0.0734838839965942,0,737.795918367347,0.0060326652666895025,0.0009944645670166982,0.00109722898961518,-6.667165965702463e-05,0.004007643369714649,0.46938775510204084,-0.011565093821418904,0.30612244897959184,0.028468116913278947,0.22448979591836735,0.0032136299372243914
BTCUSDT,4,opening_range,-1,0.03,0.01,validation,2025Q2,56,-0.0062765314334012985,0.24596275630893746,0.21428571428571427,-0.35148576027047274,0.3625209417594299,0,823.7142857142857,-0.004209725986672979,0.0010047120820275734,0.0011028679409377854,-4.0774576237040024e-05,-0.0062765314334012985,0.6785714285714286,-0.011580663627140783,0.03571428571428571,0.02851352600051471,0.2857142857142857,0.001972025347490479
BTCUSDT,4,opening_range,-1,0.03,0.01,validation,2025Q3,45,0.0005940003796281333,1.1100610033496463,0.4444444444444444,0.026730017083265997,0.0616461927406286,0,1061.6444444444444,0.0025460690222213907,0.0009979529074313823,0.0010991485361368655,-0.00014503280097499024,0.0005940003796281333,0.4222222222222222,-0.011523112005858005,0.08888888888888889,0.02850623838131125,0.4888888888888889,0.00598382689406014
BTCUSDT,4,opening_range,-1,0.03,0.01,validation,2025Q4,52,-0.0018240137069946484,0.7685006362225257,0.2692307692307692,-0.09484871276372171,0.11929972676298124,0,669.5384615384615,0.0002487166339399464,0.0010002514090704873,0.0011004133441263222,-2.7934412262214117e-05,-0.0018240137069946484,0.6538461538461539,-0.01158137445602764,0.19230769230769232,0.02843660465315335,0.15384615384615385,0.0018189965262105634
BTCUSDT,5,opening_range,-1,0.03,0.015,discovery,2022Q1,52,-0.0026881171880212534,0.737170339818085,0.3269230769230769,-0.13978209377710518,0.16034709240491457,0,727.6153846153846,-0.000653774517416633,0.0010011543516931503,0.0011009102108780104,-6.772189196653976e-05,-0.0026881171880212534,0.5961538461538461,-0.016587996817613266,0.25,0.0284791481264476,0.15384615384615385,0.0005271102406359137
BTCUSDT,5,opening_range,-1,0.03,0.015,discovery,2022Q2,50,0.002349281544771876,1.2624192803635528,0.46,0.1174640772385938,0.12827445088743944,0,548.14,0.004395591801567333,0.0009961024594280373,0.0010981302808618237,-4.792248349440331e-05,0.002349281544771876,0.54,-0.016578512726580216,0.38,0.02846703988059079,0.08,0.006052540781258643
BTCUSDT,5,opening_range,-1,0.03,0.015,discovery,2022Q3,50,-0.003706785375946935,0.648611842771949,0.32,-0.18533926879734675,0.20249546550475067,0,730.14,-0.0016873936614351043,0.0010021884879052776,0.0011014792701821373,-8.427604357558405e-05,-0.003706785375946935,0.62,-0.016557403167915843,0.22,0.028513135176069102,0.16,0.001786967808910539
BTCUSDT,5,opening_range,-1,0.03,0.015,discovery,2022Q4,45,-0.00019459685441240672,0.9720970062607619,0.4,-0.008756858448558303,0.14721200708453183,0,1097.6444444444444,0.0018701552526380998,0.000998629159326916,0.0010995206606486789,-3.339771292508762e-05,-0.00019459685441240672,0.3333333333333333,-0.016722635927600878,0.15555555555555556,0.0284515927466532,0.5111111111111111,0.0018661535321253268
BTCUSDT,5,opening_range,-1,0.03,0.015,discovery,2023Q1,43,-0.003957687538620024,0.5707321286193824,0.27906976744186046,-0.17018056416066102,0.19420486917898877,0,958.1860465116279,-0.001995019961503421,0.001002496268095445,0.0011016486339262797,-0.00014147732490512214,-0.003957687538620024,0.4883720930232558,-0.016556502989342258,0.16279069767441862,0.028584141089053376,0.3488372093023256,-0.0015055326005231464
BTCUSDT,5,opening_range,-1,0.03,0.015,discovery,2023Q2,48,-0.0012090307107850856,0.8671312303684314,0.4166666666666667,-0.05803347411768411,0.07918788711760225,0,896.9375,0.000776376004452863,0.0009997234857383082,0.0011001228411147074,-0.00011443961161506646,-0.0012090307107850856,0.5208333333333334,-0.016543124044360667,0.22916666666666666,0.028515956263678564,0.25,0.003489092340905705
BTCUSDT,5,opening_range,-1,0.03,0.015,discovery,2023Q3,50,-0.0017601671561687062,0.6594481135609813,0.32,-0.08800835780843531,0.11130052719620309,0,1263.64,0.00019743372579319026,0.0010003027176329134,0.001100441577945512,-0.00014314341361652892,-0.0017601671561687062,0.2,-0.016557529964361477,0.06,0.028515328875119855,0.74,-0.00021564985919405693
BTCUSDT,5,opening_range,-1,0.03,0.015,discovery,2023Q4,50,-0.002871176682563917,0.6393106448424105,0.32,-0.14355883412819584,0.16870684087229415,0,1018.98,-0.0010744802372454388,0.0010015752678710708,0.0011011418305278142,-0.0003060206530804063,-0.002871176682563917,0.44,-0.016429564951855644,0.08,0.028678506848773114,0.48,0.004299065309063994
BTCUSDT,5,opening_range,-1,0.03,0.015,discovery,2024Q1,56,-0.003238016200209409,0.6441271641960211,0.35714285714285715,-0.18132890721172693,0.22979912573730477,0,786.0714285714286,-0.0013625559262615981,0.0010018634876700094,0.0011013004306776627,-0.00022770364439985994,-0.003238016200209409,0.5357142857142857,-0.016436832262138084,0.17857142857142858,0.02851094471962637,0.2857142857142857,0.0016666633410094924
BTCUSDT,5,opening_range,-1,0.03,0.015,discovery,2024Q2,53,-0.00043013479339446345,0.9451781033424573,0.4339622641509434,-0.022797144049906563,0.14109180963184992,0,870.566037735849,0.0015577372887493372,0.0009989417335779349,0.001099692662444656,-0.00011076231387878956,-0.00043013479339446345,0.4528301886792453,-0.016540851199015865,0.18867924528301888,0.02848115354962385,0.3584905660377358,0.004703776275275566
BTCUSDT,5,opening_range,-1,0.03,0.015,discovery,2024Q3,49,-0.0011345208861504444,0.8783850398090373,0.3877551020408163,-0.055591523421371775,0.1681078369532078,0,783.5102040816327,0.0008844166670727284,0.000999615391028323,0.0011000633592981757,-8.074119710332558e-05,-0.0011345208861504444,0.5510204081632653,-0.016560548957436142,0.24489795918367346,0.028497413828119697,0.20408163265306123,0.00495743324919677
BTCUSDT,5,opening_range,-1,0.03,0.015,discovery,2024Q4,49,-0.0060805700062047255,0.44159881274289364,0.2653061224489796,-0.29794793030403155,0.29794793030403144,0,905.9387755102041,-0.0041773716416534,0.0010046797114972794,0.0011028501282442332,-0.00020433147519018495,-0.0060805700062047255,0.5918367346938775,-0.016482855878186983,0.14285714285714285,0.028634890124351855,0.2653061224489796,-0.001568410823620922
BTCUSDT,5,opening_range,-1,0.03,0.015,validation,2025Q1,49,0.0033583509859709134,1.4683513292118766,0.4489795918367347,0.16455919831257476,0.07742825491326362,0,873.9387755102041,0.005372160414347666,0.0009951254022866778,0.0010975926307433667,-7.890860465329118e-05,0.0033583509859709134,0.3673469387755102,-0.016552761081182667,0.32653061224489793,0.028476811592911398,0.30612244897959184,0.0004586608191520276
BTCUSDT,5,opening_range,-1,0.03,0.015,validation,2025Q2,53,-0.005175541054776791,0.4008751080790916,0.3018867924528302,-0.27430367590316995,0.28533885739212717,0,1048.9245283018868,-0.003122451267672411,0.0010036242633992512,0.0011022693415420897,-5.280381783695984e-05,-0.005175541054776791,0.4339622641509434,-0.016589405931332103,0.07547169811320754,0.02850123095510312,0.49056603773584906,-0.0002597024347286216
BTCUSDT,5,opening_range,-1,0.03,0.015,validation,2025Q3,45,-0.000273139367315049,0.957312231287825,0.4666666666666667,-0.012291271529177207,0.1039714696576454,0,1165.8666666666666,0.0016700557379275254,0.0009988293589414372,0.0010996308254915578,-0.00015526507919041982,-0.000273139367315049,0.28888888888888886,-0.01654488338074079,0.08888888888888889,0.02850623838131125,0.6222222222222222,0.003170259246257432
BTCUSDT,5,opening_range,-1,0.03,0.015,validation,2025Q4,51,-0.002013761288870861,0.7836766944364448,0.37254901960784315,-0.1027018257324139,0.18668207918043994,0,850.7058823529412,4.244523827685851e-05,0.0010004577836534372,0.0011005269068999574,-4.4778163405674466e-05,-0.002013761288870861,0.5294117647058824,-0.016578982595007497,0.19607843137254902,0.028453275395458034,0.27450980392156865,0.0043141393127291575
BTCUSDT,6,opening_range,-1,0.05,0.01,discovery,2022Q1,53,-0.002223584866999418,0.7520862085166922,0.20754716981132076,-0.11784999795096915,0.1510676567437642,0,602.811320754717,-0.00019359025642483693,0.0010006939372249168,0.0011006568563065077,-7.135618295684383e-05,-0.002223584866999418,0.7735849056603774,-0.01156477478112493,0.09433962264150944,0.0485502213273284,0.1320754716981132,0.016222094491215863
BTCUSDT,6,opening_range,-1,0.05,0.01,discovery,2022Q2,49,0.007082680814662518,1.9991763350519558,0.3877551020408163,0.34705135991846336,0.09236036719327906,0,578.1020408163265,0.009117728090613402,0.0009913779608897234,0.001095530507428652,-5.186119236749057e-05,0.007082680814662518,0.6122448979591837,-0.011577914986694757,0.24489795918367346,0.048492348893831284,0.14285714285714285,0.01606866039904724
BTCUSDT,6,opening_range,-1,0.05,0.01,discovery,2022Q3,51,-0.006284342103300661,0.3429226677020271,0.1568627450980392,-0.3205014472683337,0.3205014472683337,0,542.9803921568628,-0.004244102608085809,0.0010047464758459032,0.0011028868669961626,-6.73938476272131e-05,-0.006284342103300661,0.8235294117647058,-0.01156866111785162,0.0392156862745098,0.048561583810674616,0.13725490196078433,0.009751307437155016
BTCUSDT,6,opening_range,-1,0.05,0.01,discovery,2022Q4,46,-4.6130673803551834e-05,0.9929793588615111,0.32608695652173914,-0.0021220109949633844,0.11970175343204971,0,1012.1304347826087,0.0019860685246224077,0.0009985131880692936,0.0010994568445648958,-6.577083420822824e-05,-4.6130673803551834e-05,0.5,-0.011662686372963138,0.06521739130434782,0.04849718847348808,0.43478260869565216,0.006031410508136229
BTCUSDT,6,opening_range,-1,0.05,0.01,discovery,2023Q1,45,-0.0034435019482838202,0.5906589212879568,0.2222222222222222,-0.1549575876727719,0.19225788050747236,0,806.5333333333333,-0.0014559992137087353,0.0010019569777024637,0.0011013518759052762,-0.0001158061190326556,-0.0034435019482838202,0.7111111111111111,-0.011547892816254724,0.022222222222222223,0.048650070072814744,0.26666666666666666,0.013827076031213708
BTCUSDT,6,opening_range,-1,0.05,0.01,discovery,2023Q2,47,-3.097487568101964e-05,0.9957168804411093,0.3617021276595745,-0.0014558191570079228,0.07475242636283552,0,872.7446808510638,0.0019495624084683646,0.0009985497124476508,0.001099476943017189,-0.00011748937131545554,-3.097487568101964e-05,0.6170212765957447,-0.011552787164742897,0.0425531914893617,0.04864835238590723,0.3404255319148936,0.0147673939905451
BTCUSDT,6,opening_range,-1,0.05,0.01,discovery,2023Q3,53,-0.0021725187616845865,0.5859264666421665,0.3018867924528302,-0.11514349436928309,0.14654286587819268,0,1171.5471698113208,-0.00020566483478683817,0.0010007060178436058,0.0011006635039689469,-0.0001345155949148043,-0.0021725187616845865,0.33962264150943394,-0.01157112429504718,0.0,,0.660377358490566,0.002661049798330462
BTCUSDT,6,opening_range,-1,0.05,0.01,discovery,2023Q4,51,-0.0014414322258115059,0.7928068489708677,0.3137254901960784,-0.0735130435163868,0.1541101909387129,0,865.2352941176471,0.0004051605162866752,0.0010000948869270773,0.0011003272139038524,-0.0002538293587327484,-0.0014414322258115059,0.5882352941176471,-0.011498007555696311,0.0392156862745098,0.04862116967881672,0.37254901960784315,0.009167623357729957
BTCUSDT,6,opening_range,-1,0.05,0.01,discovery,2024Q1,55,-0.0029890328795800776,0.6167793583145589,0.2909090909090909,-0.16439680837690426,0.24978587970404995,0,646.4181818181818,-0.0010547178022509982,0.001001555495549934,0.0011011309503137906,-0.00016837136853464492,-0.0029890328795800776,0.6727272727272727,-0.011535383061594996,0.07272727272727272,0.04857541973925565,0.2545454545454545,0.004865048996077713
BTCUSDT,6,opening_range,-1,0.05,0.01,discovery,2024Q2,55,-0.00035243783750701674,0.9515228550665653,0.3090909090909091,-0.01938408106288592,0.17367475840068672,0,717.6545454545454,0.001651734036797125,0.0009988476898079915,0.0010996409125091562,-9.431672801300517e-05,-0.00035243783750701674,0.6181818181818182,-0.011577481394301195,0.09090909090909091,0.048468217271079805,0.2909090909090909,0.00824432499924723
BTCUSDT,6,opening_range,-1,0.05,0.01,discovery,2024Q3,50,-0.002252702842663857,0.7325500012026471,0.26,-0.11263514213319287,0.23042587264174996,0,709.02,-0.00021404950992731452,0.0010007144067131631,0.0011006681201541524,-6.27291941307728e-05,-0.002252702842663857,0.72,-0.011562690943413327,0.08,0.04854066540923878,0.2,0.010945907019273178
BTCUSDT,6,opening_range,-1,0.05,0.01,discovery,2024Q4,50,-0.006010358977504864,0.32794570721240646,0.2,-0.3005179488752432,0.3269364107397152,0,728.4,-0.004054725349254322,0.0010045570038510552,0.001102782605294208,-0.0001517059808947195,-0.006010358977504864,0.76,-0.011499586742375273,0.02,0.04864385613035714,0.22,0.007983862836787274
BTCUSDT,6,opening_range,-1,0.05,0.01,validation,2025Q1,47,0.0022804255757814386,1.329050360716584,0.3404255319148936,0.10718000206172762,0.1219612848817418,0,889.1489361702128,0.004296524308626689,0.0009962015764794945,0.0010981848224973193,-7.828766613156257e-05,0.0022804255757814386,0.5531914893617021,-0.01156871102624112,0.1276595744680851,0.04852522838669482,0.3191489361702128,0.007787674561588522
BTCUSDT,6,opening_range,-1,0.05,0.01,validation,2025Q2,55,-0.006036806112845804,0.2695179007105735,0.21818181818181817,-0.3320243362065192,0.3430595176954764,0,856.0727272727273,-0.00397265884231638,0.001004474896290353,0.001102737423556234,-4.306504931716428e-05,-0.006036806112845804,0.6727272727272727,-0.011579849731928374,0.0,,0.32727272727272727,0.005357227993046146
BTCUSDT,6,opening_range,-1,0.05,0.01,validation,2025Q3,45,0.0003934220968153437,1.0728963014173933,0.4444444444444444,0.017703994356690466,0.0616461927406286,0,1115.5777777777778,0.0023350984597500244,0.0009981639835319053,0.00109926468603808,-0.00015575230663530468,0.0003934220968153437,0.4222222222222222,-0.011523112005858005,0.0,,0.5777777777777777,0.009101658556461252
BTCUSDT,6,opening_range,-1,0.05,0.01,validation,2025Q4,52,-0.003668123571602553,0.548884383675538,0.23076923076923078,-0.19074242572333278,0.19074242572333272,0,792.8076923076923,-0.0015986035781994908,0.0010020996534047919,0.0011014303867773827,-3.4010046779111056e-05,-0.003668123571602553,0.6730769230769231,-0.011581315842036083,0.038461538461538464,0.04846844080497934,0.28846153846153844,0.007844449809198097
BTCUSDT,7,opening_range,-1,0.05,0.015,discovery,2022Q1,51,-0.0009719371963033372,0.9096135618347925,0.29411764705882354,-0.0495687970114702,0.15763099208677092,0,834.3333333333334,0.001044956063599526,0.0009994547713219587,0.0010999749742892477,-8.253648570834202e-05,-0.0009719371963033372,0.6274509803921569,-0.016587570768260895,0.1568627450980392,0.04857332573330842,0.21568627450980393,0.008422441973310097
BTCUSDT,7,opening_range,-1,0.05,0.015,discovery,2022Q2,49,0.004475417946601992,1.4561482941663824,0.40816326530612246,0.2192954793834976,0.13247976420609642,0,641.5510204081633,0.006506401703616453,0.000993990593593063,0.0010969681738894873,-5.997501046809082e-05,0.004475417946601992,0.5918367346938775,-0.016577751531459902,0.24489795918367346,0.048492348893831284,0.16326530612244897,0.01476776088373241
BTCUSDT,7,opening_range,-1,0.05,0.015,discovery,2022Q3,48,-0.0057815135593199465,0.48990758538361,0.2708333333333333,-0.27751265084735743,0.2775126508473575,0,810.1666666666666,-0.0037745787104608345,0.0010042767170688755,0.0011026283704851415,-9.997023869490485e-05,-0.0057815135593199465,0.6666666666666666,-0.016558579611758103,0.0625,0.04857060553225032,0.2708333333333333,0.008203852317857762
BTCUSDT,7,opening_range,-1,0.05,0.015,discovery,2022Q4,43,0.0026535850126058543,1.393792378970394,0.3953488372093023,0.11410415554205174,0.11905362929541498,0,1167.8837209302326,0.004712979171034928,0.0009957849132855026,0.001097955543158238,-3.434629801466562e-05,0.0026535850126058543,0.3023255813953488,-0.016739036974154877,0.11627906976744186,0.04842070092390522,0.5813953488372093,0.003584325263461563
BTCUSDT,7,opening_range,-1,0.05,0.015,discovery,2023Q1,42,-0.0038743022829770407,0.5837829295038419,0.2857142857142857,-0.1627206958850357,0.19501573734473637,0,1042.857142857143,-0.001923855030998078,0.0010024250675646762,0.0011016094540542097,-0.00015358726963992254,-0.0038743022829770407,0.5,-0.016555554695931524,0.023809523809523808,0.048650070072814744,0.47619047619047616,0.00681479413283558
BTCUSDT,7,opening_range,-1,0.05,0.015,discovery,2023Q2,45,-0.00022299386919444228,0.9740893974388356,0.4444444444444444,-0.010034724113749902,0.06522689196510825,0,1041.0666666666666,0.0017315523878780787,0.0009987678315277833,0.0010995969684940074,-0.00014381854294926832,-0.00022299386919444228,0.4888888888888889,-0.016549444295386965,0.044444444444444446,0.04864835238590723,0.4666666666666667,0.01222649264823566
BTCUSDT,7,opening_range,-1,0.05,0.015,discovery,2023Q3,50,-0.0019099426732121691,0.6304699936745982,0.32,-0.09549713366060845,0.1218912537945181,0,1300.22,4.37456554032855e-05,0.0010004564825857826,0.0011005261909549505,-0.00014729434492527838,-0.0019099426732121691,0.2,-0.016557529964361477,0.0,,0.8,0.0017519541495751583
BTCUSDT,7,opening_range,-1,0.05,0.015,discovery,2023Q4,49,-0.0020516223657604422,0.7367103108747012,0.32653061224489793,-0.10052949592226168,0.15697840814692626,0,1059.0204081632653,-0.0002666641450689773,0.0010007670476687958,0.0011006970871560058,-0.0003165059141333357,-0.0020516223657604422,0.42857142857142855,-0.0164408997781585,0.04081632653061224,0.04862116967881672,0.5306122448979592,0.005672579233132053
BTCUSDT,7,opening_range,-1,0.05,0.015,discovery,2024Q1,54,-0.004465684160140638,0.5295954353443844,0.3148148148148148,-0.24114694464759445,0.2917014583128706,0,897.425925925926,-0.0026353493312839156,0.0010031369177900893,0.001102001167436991,-0.00027480325637035794,-0.004465684160140638,0.5555555555555556,-0.01639676658930091,0.07407407407407407,0.04857541973925565,0.37037037037037035,0.002822718703720517
BTCUSDT,7,opening_range,-1,0.05,0.015,discovery,2024Q2,53,-0.00013664624517837416,0.9832532130257927,0.41509433962264153,-0.0072422509944538305,0.13762076556049005,0,963.0188679245283,0.0018264539545013103,0.0009986728824866288,0.0010995447204103922,-0.0001351174032173351,-0.00013664624517837416,0.4716981132075472,-0.016543858316055225,0.09433962264150944,0.048468217271079805,0.4339622641509434,0.007131005241370774
BTCUSDT,7,opening_range,-1,0.05,0.015,discovery,2024Q3,49,-0.003056182390964118,0.7094550119335855,0.30612244897959184,-0.14975293715724178,0.2540827308527114,0,884.3673469387755,-0.0010394856446179599,0.0010015402557723861,0.001101122564245215,-8.596607367144248e-05,-0.003056182390964118,0.6122448979591837,-0.01655270683134692,0.10204081632653061,0.04854776351579364,0.2857142857142857,0.007434960728871255
BTCUSDT,7,opening_range,-1,0.05,0.015,discovery,2024Q4,49,-0.005547163922590807,0.4905834622208603,0.2653061224489796,-0.2718110322069495,0.27181103220694947,0,945.3265306122449,-0.003654327198277048,0.0010041564054008528,0.001102562165982023,-0.0002138818470691168,-0.005547163922590807,0.5918367346938775,-0.016482855878186983,0.061224489795918366,0.04883390672566956,0.3469387755102041,0.0035111804754979
BTCUSDT,7,opening_range,-1,0.05,0.015,validation,2025Q1,47,0.0011164774068632031,1.130807510564648,0.3617021276595745,0.05247443812257055,0.14689678044992635,0,1040.8936170212767,0.0031212758835952262,0.0009973774128226984,0.0010988318558410753,-9.141079193174976e-05,0.0011164774068632031,0.44680851063829785,-0.016559472946408454,0.1276595744680851,0.04852522838669482,0.425531914893617,0.005453599983848955
BTCUSDT,7,opening_range,-1,0.05,0.015,validation,2025Q2,52,-0.005424913901596525,0.36065312947187506,0.3076923076923077,-0.2820955228830193,0.2931307043719764,0,1109.9423076923076,-0.003375623993866035,0.0010038775627751351,0.001102408725856153,-5.699638090079779e-05,-0.005424913901596525,0.4230769230769231,-0.01658819578616538,0.0,,0.5769230769230769,0.0027614928137539682
BTCUSDT,7,opening_range,-1,0.05,0.015,validation,2025Q3,45,-0.00047371765012783846,0.9259647202001187,0.4666666666666667,-0.021317294255752732,0.1039714696576454,0,1219.8,0.0014590851754561593,0.00099904043504196,0.0010997469753927724,-0.0001659845848507343,-0.00047371765012783846,0.28888888888888886,-0.01654488338074079,0.0,,0.7111111111111111,0.006055193427933675
BTCUSDT,7,opening_range,-1,0.05,0.015,validation,2025Q4,51,-0.0031811558624910774,0.6654446456492669,0.3333333333333333,-0.16223894898704494,0.2222354280650885,0,963.8627450980392,-0.0011291351263991141,0.0010016299501013383,0.0011011719207920756,-5.078113480144975e-05,-0.0031811558624910774,0.5294117647058824,-0.016578982595007497,0.058823529411764705,0.04851127050572757,0.4117647058823529,0.006659989026713083
BTCUSDT,8,sweep_reclaim,1,0.03,0.01,discovery,2022Q1,204,-0.0012455590637944442,0.8500535086047655,0.27450980392156865,-0.2540940490140666,0.4026629890901075,0,351.19117647058823,0.0008872046364660656,0.0010003870111307872,0.0010999377496939342,3.243893943578819e-05,-0.0012455590637944442,0.7107843137254902,-0.011628291446555774,0.23529411764705882,0.028355208353956506,0.05392156862745098,0.006450746340600762
BTCUSDT,8,sweep_reclaim,1,0.03,0.01,discovery,2022Q2,232,-0.003392645454574178,0.6222869946260887,0.21982758620689655,-0.7870937454612092,0.7870937454612101,0,335.4741379310345,-0.0012621222434817782,0.0009982387583772159,0.0010987568014489775,3.352765126620681e-05,-0.003392645454574178,0.771551724137931,-0.011614086537451548,0.17672413793103448,0.0283330215702913,0.05172413793103448,0.010847821696722876
BTCUSDT,8,sweep_reclaim,1,0.03,0.01,discovery,2022Q3,172,-0.0018941248921360578,0.7742583057220319,0.27906976744186046,-0.32578948144740194,0.4099705559713891,0,455.7848837209302,0.00025741124448505496,0.0009997575324781317,0.0010995917095416037,5.2186894601377506e-05,-0.0018941248921360578,0.7209302325581395,-0.011638676391639237,0.20930232558139536,0.028318430023685844,0.06976744186046512,0.008161909188597738
BTCUSDT,8,sweep_reclaim,1,0.03,0.01,discovery,2022Q4,145,-0.0030093363567379326,0.5843893760040589,0.27586206896551724,-0.43635377172700024,0.4427124075913163,0,674.3241379310344,-0.0009064124519765598,0.000998594290402721,0.0010989522462916915,5.377368066960457e-06,-0.0030093363567379326,0.593103448275862,-0.011587556694216832,0.10344827586206896,0.02841915218888464,0.30344827586206896,0.003042927753235855
BTCUSDT,8,sweep_reclaim,1,0.03,0.01,discovery,2023Q1,137,-0.0005007354364280139,0.929225009245243,0.34306569343065696,-0.0686007547906379,0.2972640392900798,0,652.978102189781,0.001704324108981704,0.0010012037222477388,0.0011003867162127038,0.00010346910694927541,-0.0005007354364280139,0.5912408759124088,-0.01165343961061051,0.19708029197080293,0.028258733698218904,0.2116788321167883,0.0038738635798932068
BTCUSDT,8,sweep_reclaim,1,0.03,0.01,discovery,2023Q2,132,-0.0032948541510367814,0.5783101519527573,0.2803030303030303,-0.43492074793685515,0.5006263592342766,0,701.2651515151515,-0.0010906499010776003,0.0009984101450263032,0.0010988510169746427,0.00010694308795823528,-0.0032948541510367814,0.6515151515151515,-0.011661745053676792,0.09090909090909091,0.028278196040788673,0.25757575757575757,0.006725028652643671
BTCUSDT,8,sweep_reclaim,1,0.03,0.01,discovery,2023Q3,115,-0.0037121719723681302,0.47825041432033155,0.28695652173913044,-0.426899776822335,0.43399477873442516,0,861.304347826087,-0.00152306485983617,0.000997977946166974,0.001098613426456698,9.251573990828823e-05,-0.0037121719723681302,0.5652173913043478,-0.011652965181593379,0.06086956521739131,0.02827278060143575,0.3739130434782609,0.0030844999016554514
BTCUSDT,8,sweep_reclaim,1,0.03,0.01,discovery,2023Q4,127,-0.0009233030656492927,0.8685040000202784,0.30708661417322836,-0.11725948933746018,0.19345953591519155,0,713.1811023622047,0.0013965246355882477,0.0010008960765971872,0.0011002175957074453,0.00021871402893290846,-0.0009233030656492927,0.5669291338582677,-0.011711690751079445,0.15748031496062992,0.028065852155375732,0.2755905511811024,0.004704720046649868
BTCUSDT,8,sweep_reclaim,1,0.03,0.01,discovery,2024Q1,165,-0.0016983629154038416,0.7907516336876086,0.28484848484848485,-0.2802298810416339,0.3562572568070454,0,516.7818181818182,0.0005934164809775473,0.0010000933697959671,0.0010997763277111497,0.00019190969887427213,-0.0016983629154038416,0.6848484848484848,-0.011725325316906626,0.19393939393939394,0.028160825728671176,0.12121212121212122,0.0071792728225668736
BTCUSDT,8,sweep_reclaim,1,0.03,0.01,discovery,2024Q2,157,-0.0035398344919352416,0.5655083556290331,0.27388535031847133,-0.5557540152338329,0.6054421551021836,0,566.828025477707,-0.0013682333676017535,0.0009981327002821434,0.0010986984986626638,7.476992538868059e-05,-0.0035398344919352416,0.6878980891719745,-0.011635302772226238,0.12101910828025478,0.028308577837742387,0.1910828025477707,0.00543319017498317
BTCUSDT,8,sweep_reclaim,1,0.03,0.01,discovery,2024Q3,179,-0.0027645012370961725,0.6698667263332233,0.2681564245810056,-0.4948457214402149,0.5630469194098741,0,501.06145251396646,-0.0006198780496728928,0.0009988806816094056,0.0010991096826977946,4.663282311607981e-05,-0.0027645012370961725,0.7150837988826816,-0.011617871988540623,0.17318435754189945,0.02830047117283209,0.11173184357541899,0.005746364336759497
BTCUSDT,8,sweep_reclaim,1,0.03,0.01,discovery,2024Q4,158,8.84445415537811e-06,1.001227341044553,0.34810126582278483,0.0013974237565497413,0.2147978762275831,0,591.4113924050633,0.0022569279562270265,0.0010017560499311537,0.0011006903445484628,0.00014563710759203218,8.84445415537811e-06,0.6012658227848101,-0.011660407863185882,0.2088607594936709,0.028200331617308866,0.189873417721519,0.00595084091293386
BTCUSDT,8,sweep_reclaim,1,0.03,0.01,validation,2025Q1,188,-0.002976190157302616,0.6383970936526516,0.26063829787234044,-0.5595237495728917,0.6589222009361316,0,482.7659574468085,-0.0008303861170822515,0.000998670278743435,0.001098994018982296,4.813974249463371e-05,-0.002976190157302616,0.6968085106382979,-0.011617539092344783,0.14893617021276595,0.02834221504338308,0.15425531914893617,0.00582040863136374
BTCUSDT,8,sweep_reclaim,1,0.03,0.01,validation,2025Q2,130,-0.0007974294055366334,0.8851159339323043,0.36153846153846153,-0.10366582271976234,0.22967016816450136,0,749.1692307692308,0.0013457999806044012,0.0010008453772918549,0.001100189725031822,4.21942838173573e-05,-0.0007974294055366334,0.5615384615384615,-0.01161285016387867,0.16923076923076924,0.028318975052318097,0.2692307692307692,0.0034587082312109276
BTCUSDT,8,sweep_reclaim,1,0.03,0.01,validation,2025Q3,118,-0.0008880086758596032,0.8539945007638406,0.3983050847457627,-0.10478502375143318,0.2575817910567838,0,895.7796610169491,0.0013472995317471194,0.0010008468760935954,0.0011001905489606094,0.00013427078255251823,-0.0008880086758596032,0.4830508474576271,-0.011648009417277028,0.07627118644067797,0.0282212120288987,0.4406779661016949,0.005868473168716712
BTCUSDT,8,sweep_reclaim,1,0.03,0.01,validation,2025Q4,152,-0.004214210358033326,0.5024861186934447,0.25,-0.6405599744210656,0.7191116053289668,0,569.8684210526316,-0.0020844274206296073,0.000997416864147189,0.0010983049856433727,3.406108761315778e-05,-0.004214210358033326,0.7236842105263158,-0.011607972013882282,0.1118421052631579,0.028343720261584562,0.16447368421052633,0.006178948106361922
BTCUSDT,9,sweep_reclaim,1,0.03,0.015,discovery,2022Q1,163,-0.0006483065753458673,0.9347999120225906,0.3803680981595092,-0.10567397178137636,0.2994115349502547,0,504.00613496932516,0.0014950792691863029,0.0010009945819780877,0.0011002717465779645,4.2119515976117526e-05,-0.0006483065753458673,0.588957055214724,-0.016630403750963228,0.3128834355828221,0.028358589796666472,0.09815950920245399,0.0027847942925689918
BTCUSDT,9,sweep_reclaim,1,0.03,0.015,discovery,2022Q2,185,-0.004783924872816765,0.5891937798812971,0.2864864864864865,-0.8850261014711016,0.8850261014711013,0,450.8540540540541,-0.0026406574213254648,0.0009968609121225093,0.0010979993649166036,4.840717445218741e-05,-0.004783924872816765,0.6918918918918919,-0.01661701375179197,0.21081081081081082,0.02831934925068543,0.0972972972972973,0.007638724332307683
BTCUSDT,9,sweep_reclaim,1,0.03,0.015,discovery,2022Q3,136,-0.0010177478284762536,0.8976976660811494,0.38235294117647056,-0.13841370467277048,0.30659472205692156,0,634.9117647058823,0.0011575809638569704,0.00100065725233757,0.0011000863080413356,7.458523195431821e-05,-0.0010177478284762536,0.5808823529411765,-0.016651681546801182,0.2867647058823529,0.02831367997241147,0.1323529411764706,0.004046423255581956
BTCUSDT,9,sweep_reclaim,1,0.03,0.015,discovery,2022Q4,115,-0.002886230227890306,0.6497022779787628,0.3130434782608696,-0.3319164762073852,0.38344025489425093,0,849.5391304347826,-0.0007836327920187638,0.000998717008703524,0.0010990197076096028,4.86071955841565e-06,-0.002886230227890306,0.43478260869565216,-0.016606326260747352,0.14782608695652175,0.028464753342209277,0.41739130434782606,0.0003020631252588482
BTCUSDT,9,sweep_reclaim,1,0.03,0.015,discovery,2023Q1,111,0.0021261937609932907,1.2986461526214732,0.4774774774774775,0.23600750747025526,0.22743818402482796,0,836.8198198198198,0.004367641615983368,0.0010038657087614881,0.001101850076748972,0.00013573206947961705,0.0021261937609932907,0.40540540540540543,-0.016656828832926775,0.26126126126126126,0.028265464976020296,0.3333333333333333,0.004482873531010042
BTCUSDT,9,sweep_reclaim,1,0.03,0.015,discovery,2023Q2,106,-0.003650829897127288,0.5963945707877937,0.3584905660377358,-0.3869879690954925,0.4420934049591607,0,897.7264150943396,-0.0014145604641643016,0.00099808639633756,0.001098673044226724,0.00013950999239870267,-0.003650829897127288,0.5188679245283019,-0.01667890440444341,0.11320754716981132,0.028253309804034277,0.36792452830188677,0.004905437320525224
BTCUSDT,9,sweep_reclaim,1,0.03,0.015,discovery,2023Q3,96,-0.0029553608724448457,0.5762100905364097,0.3541666666666667,-0.2837146437547052,0.30785344694907185,0,1093.9375,-0.0007432967857494817,0.0009987573245518711,0.0010990418702393342,0.00011426489190415828,-0.0029553608724448457,0.3229166666666667,-0.01663098541543686,0.08333333333333333,0.028283103152197873,0.59375,9.791366502200872e-05
BTCUSDT,9,sweep_reclaim,1,0.03,0.015,discovery,2023Q4,101,-0.0005649856327605804,0.9297123433347918,0.39603960396039606,-0.05706354890881862,0.19665328307118324,0,913.5148514851485,0.001814940828061118,0.0010013142836861164,0.0011004474945994062,0.00027816468253617614,-0.0005649856327605804,0.44554455445544555,-0.01675582839556477,0.18811881188118812,0.028088693404607536,0.36633663366336633,0.004412528492001424
BTCUSDT,9,sweep_reclaim,1,0.03,0.015,discovery,2024Q1,130,-0.0019882028266310545,0.7895766000005284,0.36923076923076925,-0.2584663674620371,0.3172719647734735,0,691.2923076923076,0.00038199084309803016,0.00099988204981808,0.0010996601598363043,0.00027065146007470105,-0.0019882028266310545,0.5384615384615384,-0.016772345371714896,0.2153846153846154,0.028108437824072432,0.24615384615384617,0.004017548421374303
BTCUSDT,9,sweep_reclaim,1,0.03,0.015,discovery,2024Q2,122,-0.003156673682164612,0.6647276349217837,0.38524590163934425,-0.3851141892240827,0.4476751644036973,0,800.4180327868852,-0.0009525400834084643,0.0009985481858235752,0.0010989269014519223,0.00010665851148065006,-0.003156673682164612,0.5491803278688525,-0.01665248623934449,0.1557377049180328,0.02829725756194108,0.29508196721311475,0.005359847087086595
BTCUSDT,9,sweep_reclaim,1,0.03,0.015,discovery,2024Q3,138,-0.002419243084239678,0.763175299087949,0.36231884057971014,-0.3338555456250756,0.4468555175417788,0,686.7753623188406,-0.0002562895112860401,0.0009992440884443803,0.0010993094565201484,6.440002798910941e-05,-0.002419243084239678,0.6086956521739131,-0.01662496610446549,0.2463768115942029,0.02828575264943803,0.14492753623188406,0.00504630085345662
BTCUSDT,9,sweep_reclaim,1,0.03,0.015,discovery,2024Q4,126,-0.00026756968865102634,0.9687388703837017,0.42857142857142855,-0.03371378077002932,0.25967576161730893,0,777.8174603174604,0.002041132919417171,0.0010015403627379358,0.0011005717759061734,0.00020659046942408713,-0.00026756968865102634,0.48412698412698413,-0.01670895197829095,0.23809523809523808,0.028168316915181443,0.2777777777777778,0.004013793784293588
BTCUSDT,9,sweep_reclaim,1,0.03,0.015,validation,2025Q1,150,-0.0025517462677142476,0.7438900634267259,0.35333333333333333,-0.38276194015713716,0.47293101426003104,0,641.0466666666666,-0.00039028381443831806,0.0009991101611049023,0.0010992358333134515,6.311645885757638e-05,-0.0025517462677142476,0.58,-0.0166233779666996,0.21333333333333335,0.02833783283189839,0.20666666666666667,0.0050535900749993385
BTCUSDT,9,sweep_reclaim,1,0.03,0.015,validation,2025Q2,102,-0.0003722482434178876,0.951804278792351,0.4411764705882353,-0.03796932082862454,0.15985364805750443,0,983.7745098039215,0.001783469434467439,0.0010012828280203544,0.001100430202633546,5.4004647231426074e-05,-0.0003722482434178876,0.4117647058823529,-0.01661476026057997,0.17647058823529413,0.0283277553954223,0.4117647058823529,0.003570262214241258
BTCUSDT,9,sweep_reclaim,1,0.03,0.015,validation,2025Q3,98,-0.0011884196903483577,0.8274811640015551,0.4489795918367347,-0.11646512965413905,0.2704169877590286,0,1091.642857142857,0.0010706162628211495,0.0010005703310971567,0.0011000385252624481,0.0001584270968099019,-0.0011884196903483577,0.3469387755102041,-0.01665355055062449,0.061224489795918366,0.02821960962355104,0.5918367346938775,0.004835136746996334
BTCUSDT,9,sweep_reclaim,1,0.03,0.015,validation,2025Q4,116,-0.0043909459615198215,0.5621096453073482,0.33620689655172414,-0.5093497315362993,0.6011685553905077,0,791.7413793103449,-0.002244531813183931,0.0009972568397668214,0.0010982170162408772,5.094029232819218e-05,-0.0043909459615198215,0.5689655172413793,-0.016603544397696072,0.13793103448275862,0.028339943212333716,0.29310344827586204,0.003913091391597121
BTCUSDT,10,sweep_reclaim,1,0.05,0.01,discovery,2022Q1,176,-0.00201974081129238,0.7748020882088952,0.2159090909090909,-0.35547438278745885,0.5315199250986943,0,483.1818181818182,0.00011887045220059208,0.0009996190609216278,0.0010995155882652036,3.947661430614041e-05,-0.00201974081129238,0.7670454545454546,-0.011629889833979537,0.09090909090909091,0.04832016477415846,0.14204545454545456,0.017657524336529732
BTCUSDT,10,sweep_reclaim,1,0.05,0.01,discovery,2022Q2,218,-0.0047340432143874915,0.5047949801023476,0.16972477064220184,-1.032021420736473,1.032021420736474,0,389.8256880733945,-0.0026056506149226724,0.0009968959014342426,0.0010980185994160035,3.347809861457189e-05,-0.0047340432143874915,0.8211009174311926,-0.011615136040924219,0.06880733944954129,0.048371416050741016,0.11009174311926606,0.013396528742826963
BTCUSDT,10,sweep_reclaim,1,0.05,0.01,discovery,2022Q3,160,-0.0010505276151550824,0.8765665937949829,0.26875,-0.16808441842481317,0.3511451550765949,0,567.74375,0.0011115091983260848,0.0010006112035964086,0.0011000609938971013,6.136461598765691e-05,-0.0010505276151550824,0.73125,-0.011638818088756976,0.0875,0.04824075065848662,0.18125,0.017871958232446212
BTCUSDT,10,sweep_reclaim,1,0.05,0.01,discovery,2022Q4,140,-0.002854024363108462,0.6233835466876778,0.24285714285714285,-0.39956341083518465,0.42590651416220504,0,716.35,-0.0007510535811847059,0.0009987495716329005,0.0010990376082659502,5.183602024904743e-06,-0.002854024363108462,0.6214285714285714,-0.011581023823379874,0.05714285714285714,0.04837946619435868,0.32142857142857145,0.004909998494310996
BTCUSDT,10,sweep_reclaim,1,0.05,0.01,discovery,2023Q1,130,-0.00028239816364136343,0.9621306296469739,0.3076923076923077,-0.03671176127337725,0.3238003057674673,0,713.8076923076923,0.0019298222862401285,0.0010014291077322587,0.0011005106162481795,0.00011028072590105433,-0.00028239816364136343,0.6230769230769231,-0.011655315158830701,0.09230769230769231,0.04830282798372834,0.2846153846153846,0.008857698129382958
BTCUSDT,10,sweep_reclaim,1,0.05,0.01,discovery,2023Q2,129,-0.003186351433067113,0.5955778599922495,0.2713178294573643,-0.4110393348656576,0.4885347795121386,0,741.8449612403101,-0.0009743894067845487,0.000998526347419401,0.0010989148963351878,0.00011452078252797615,-0.003186351433067113,0.6589147286821705,-0.011660871868085326,0.023255813953488372,0.04832451170833352,0.3178294573643411,0.01061368875113645
BTCUSDT,10,sweep_reclaim,1,0.05,0.01,discovery,2023Q3,111,-0.0037996111588760634,0.4534332423053383,0.2972972972972973,-0.42175683863524305,0.42885184054733344,0,912.9639639639639,-0.0016064112169021799,0.0009978946414622616,0.0010985676317778995,9.673766873372189e-05,-0.0037996111588760634,0.5495495495495496,-0.011653803270167372,0.018018018018018018,0.04830740049599919,0.43243243243243246,0.004010632496936836
BTCUSDT,10,sweep_reclaim,1,0.05,0.01,discovery,2023Q4,122,-2.3917404114849445e-05,0.9965864605915985,0.3114754098360656,-0.002917923302011632,0.12976851156874858,0,773.6803278688525,0.0023120538069676716,0.0010018111482327466,0.001100720633462304,0.00023343942938746964,-2.3917404114849445e-05,0.5655737704918032,-0.011712533721724339,0.06557377049180328,0.048103335131787675,0.36885245901639346,0.009342671609837028
BTCUSDT,10,sweep_reclaim,1,0.05,0.01,discovery,2024Q1,153,-0.0006121178978642965,0.9268699655754298,0.2679738562091503,-0.09365403837323737,0.28912428939456636,0,593.2418300653595,0.0017194006985416558,0.0010012187913027786,0.0011003950000489813,0.0002299048050541917,-0.0006121178978642965,0.7058823529411765,-0.01173359869570225,0.09803921568627451,0.04798818420388466,0.19607843137254902,0.015125061923477857
BTCUSDT,10,sweep_reclaim,1,0.05,0.01,discovery,2024Q2,151,-0.0037982838366959182,0.5420954742588643,0.2582781456953642,-0.5735408593410837,0.6415847791637311,0,638.384105960265,-0.001617749186434048,0.000997883309158871,0.0010985614021274239,8.408993897557609e-05,-0.0037982838366959182,0.7019867549668874,-0.011632348952297884,0.026490066225165563,0.04839583650685742,0.271523178807947,0.011363531306708833
BTCUSDT,10,sweep_reclaim,1,0.05,0.01,discovery,2024Q3,159,-0.001986513688267235,0.7637374903547733,0.2641509433962264,-0.31585567643449036,0.4559796246136089,0,628.5723270440252,0.00017066963997089846,0.0009996708342227447,0.0010995440493431615,5.796844467222681e-05,-0.001986513688267235,0.7169811320754716,-0.01162320119637775,0.06289308176100629,0.04828378574907136,0.22012578616352202,0.015038611498910273
BTCUSDT,10,sweep_reclaim,1,0.05,0.01,discovery,2024Q4,138,-3.547985455973819e-05,0.9954242326030246,0.3115942028985507,-0.00489621992924387,0.15340845985086193,0,717.1594202898551,0.0022462885906291614,0.0010017454158825856,0.0011006844987461106,0.0001793385305602025,-3.547985455973819e-05,0.6521739130434783,-0.011673135537597294,0.08695652173913043,0.048082476796243716,0.2608695652173913,0.013019340469433004
BTCUSDT,10,sweep_reclaim,1,0.05,0.01,validation,2025Q1,173,-0.004006968312403758,0.5391812920428228,0.2254335260115607,-0.6932055180458501,0.7660326730543238,0,566.6416184971098,-0.0018551158816177745,0.0009976460610877271,0.0010984309809315119,5.577538876674347e-05,-0.004006968312403758,0.7341040462427746,-0.011616402340158498,0.05202312138728324,0.0482510614001026,0.2138728323699422,0.009400487204144752
BTCUSDT,10,sweep_reclaim,1,0.05,0.01,validation,2025Q2,124,-0.0003404634558344402,0.9519814437336512,0.3467741935483871,-0.04221746852347058,0.22521853610063963,0,810.3870967741935,0.0018102706327297734,0.0010013096158247134,0.001100444928559298,4.897954418020231e-05,-0.0003404634558344402,0.5725806451612904,-0.011613762738104015,0.056451612903225805,0.04825813890557854,0.3709677419354839,0.009664189424844878
BTCUSDT,10,sweep_reclaim,1,0.05,0.01,validation,2025Q3,114,-0.0006645234616365436,0.8871249769766687,0.41228070175438597,-0.07575567462656597,0.23347017336925438,0,947.5964912280701,0.001580056183500658,0.0010010795164251845,0.0011003184371668913,0.0001431816915451257,-0.0006645234616365436,0.4649122807017544,-0.011646811295737788,0.008771929824561403,0.04826819585370052,0.5263157894736842,0.008220952136563937
BTCUSDT,10,sweep_reclaim,1,0.05,0.01,validation,2025Q4,140,-0.004614682721714538,0.4642386452335497,0.24285714285714285,-0.6460555810400354,0.7212161091963656,0,658.1642857142857,-0.002478371172140838,0.000997023117269118,0.0010980885331408246,4.1199899163757926e-05,-0.004614682721714538,0.7357142857142858,-0.011608439564994464,0.02857142857142857,0.04830534355055699,0.2357142857142857,0.010799767271277773
BTCUSDT,11,sweep_reclaim,1,0.05,0.015,discovery,2022Q1,138,-0.002619764296636809,0.7649847074598121,0.30434782608695654,-0.3615274729358796,0.54524502406863,0,668.1231884057971,-0.0004704824659055951,0.0009990300025327218,0.001099191768142359,5.106006005613143e-05,-0.002619764296636809,0.6594202898550725,-0.01663371045919601,0.10869565217391304,0.04831251178514049,0.2318840579710145,0.013357890689807805
BTCUSDT,11,sweep_reclaim,1,0.05,0.015,discovery,2022Q2,173,-0.006230052355303716,0.50735971558044,0.2254335260115607,-1.077799057467543,1.0777990574675431,0,511.36416184971097,-0.00409193099976041,0.0009954103638182236,0.001097201962250032,4.550902947505135e-05,-0.006230052355303716,0.7514450867052023,-0.01661857799397732,0.08670520231213873,0.048352807630871665,0.16184971098265896,0.012761570260229777
BTCUSDT,11,sweep_reclaim,1,0.05,0.015,discovery,2022Q3,127,-0.0008977570133061397,0.9145114179465598,0.3464566929133858,-0.11401514068987975,0.34931690479394084,0,761.2598425196851,0.0012884659003031696,0.0010007880718642507,0.001100158222805641,8.527661893941647e-05,-0.0008977570133061397,0.6141732283464567,-0.01665337599298022,0.11811023622047244,0.04824215100792327,0.2677165354330709,0.013568115342462595
BTCUSDT,11,sweep_reclaim,1,0.05,0.015,discovery,2022Q4,112,-0.0028170603680874495,0.6737366219534257,0.2857142857142857,-0.31551076122579436,0.36098632090446114,0,902.1071428571429,-0.0007210092226920631,0.000998779600976714,0.0010990541161469824,-1.7825717283096414e-06,-0.0028170603680874495,0.45535714285714285,-0.01660028340871193,0.07142857142857142,0.048484510440798254,0.4732142857142857,0.002702407718719399
BTCUSDT,11,sweep_reclaim,1,0.05,0.015,discovery,2023Q1,103,0.0019199252062020444,1.250172713342097,0.4368932038834951,0.19775229623881058,0.24956529979169706,0,942.0097087378641,0.004174940502260897,0.001003673103950172,0.001101744197069071,0.00014959799503960885,0.0019199252062020444,0.4368932038834951,-0.01666138669109324,0.11650485436893204,0.0482914944131587,0.44660194174757284,0.008000364443045693
BTCUSDT,11,sweep_reclaim,1,0.05,0.015,discovery,2023Q2,103,-0.0036703750191522774,0.5991885398459884,0.33980582524271846,-0.3780486269726846,0.4170385411373064,0,948.6116504854369,-0.0014280821244221143,0.0009980728814347598,0.0010986656147467788,0.00014555439854862465,-0.0036703750191522774,0.5242718446601942,-0.016679818280235667,0.038834951456310676,0.04826246018622929,0.4368932038834951,0.00732470487589165
BTCUSDT,11,sweep_reclaim,1,0.05,0.015,discovery,2023Q3,93,-0.003408423931331763,0.501670006798474,0.34408602150537637,-0.31698342561385395,0.3600957778596192,0,1128.752688172043,-0.001191970718656497,0.0009983088748438216,0.001098795346223575,0.00011934899160786887,-0.003408423931331763,0.3118279569892473,-0.016633999801388372,0.021505376344086023,0.04830740049599919,0.6666666666666666,0.0011094801231356522
BTCUSDT,11,sweep_reclaim,1,0.05,0.015,discovery,2023Q4,96,0.0002336912681694243,1.029847865121525,0.3958333333333333,0.022434361744264733,0.12132366418251947,0,1001.625,0.0026347145486972415,0.0010021336477247322,0.0011008979194955348,0.00029799171330754996,0.0002336912681694243,0.4270833333333333,-0.016753893917510768,0.0625,0.048140658228621985,0.5104166666666666,0.008581633938581107
BTCUSDT,11,sweep_reclaim,1,0.05,0.015,discovery,2024Q1,120,-0.0005903393909849423,0.9391640305175181,0.3416666666666667,-0.07084072691819307,0.2773243100713527,0,806.2166666666667,0.0018359185852999593,0.001001335250959711,0.001100459020833887,0.0003244637044913029,-0.0005903393909849423,0.55,-0.01677120705448979,0.10833333333333334,0.047979900450266726,0.3416666666666667,0.010056591044504041
BTCUSDT,11,sweep_reclaim,1,0.05,0.015,discovery,2024Q2,116,-0.0025767340188600223,0.7230827626300095,0.39655172413793105,-0.2989011461877626,0.4014958192130139,0,897.6465517241379,-0.00036233468071509585,0.0009991380962710474,0.0010992511899726577,0.00011601005190122047,-0.0025767340188600223,0.5431034482758621,-0.016647379367373726,0.05172413793103448,0.04833314825835657,0.4051724137931034,0.009784784349077499
BTCUSDT,11,sweep_reclaim,1,0.05,0.015,discovery,2024Q3,122,-0.0004252691435868216,0.9559129338808081,0.39344262295081966,-0.051882835517592235,0.2929816257459687,0,849.7377049180328,0.0017541579876368088,0.0010012535312219162,0.001100414097451028,7.775950255068601e-05,-0.0004252691435868216,0.5737704918032787,-0.01662297047071551,0.09016393442622951,0.048288907067327476,0.3360655737704918,0.01415968584614368
BTCUSDT,11,sweep_reclaim,1,0.05,0.015,discovery,2024Q4,113,-6.974091901317546e-05,0.992271302133851,0.3805309734513274,-0.007880723848488827,0.18330691948015337,0,911.9026548672566,0.0022706742645617903,0.0010017697893697677,0.0011006978974613553,0.0002379474967438415,-6.974091901317546e-05,0.5132743362831859,-0.016703040093728375,0.08849557522123894,0.04808851775374778,0.39823008849557523,0.01066689831222843
BTCUSDT,11,sweep_reclaim,1,0.05,0.015,validation,2025Q1,137,-0.0035834592313243804,0.6584567193160225,0.30656934306569344,-0.4909339146914401,0.5637610696999141,0,754.6131386861314,-0.0014135623616593654,0.0009980873939412639,0.0010986735926344197,7.313588308933164e-05,-0.0035834592313243804,0.5985401459854015,-0.016620229627016425,0.08029197080291971,0.048268892565209255,0.32116788321167883,0.007749252193331933
BTCUSDT,11,sweep_reclaim,1,0.05,0.015,validation,2025Q2,98,0.0005365941038603905,1.069765813056482,0.45918367346938777,0.052586222178318265,0.15392625817707717,0,1058.8163265306123,0.0027018332406090087,0.0010022007328740676,0.0011009347978792544,6.210360599529696e-05,0.0005365941038603905,0.41836734693877553,-0.016618457068308605,0.061224489795918366,0.04829095927005362,0.5204081632653061,0.008709749144287243
BTCUSDT,11,sweep_reclaim,1,0.05,0.015,validation,2025Q3,96,-0.0006603682141430228,0.9012254619545544,0.4583333333333333,-0.06339534855773019,0.22272388620269756,0,1130.1145833333333,0.0016068672904233957,0.0010011063141332384,0.0011003331685369596,0.0001657960218962196,-0.0006603682141430228,0.3333333333333333,-0.016654781008261926,0.010416666666666666,0.04826819585370052,0.65625,0.006687134092903984
BTCUSDT,11,sweep_reclaim,1,0.05,0.015,validation,2025Q4,108,-0.004426901992014508,0.5511117809729642,0.3425925925925926,-0.4781054151375669,0.5619381304805794,0,922.6111111111111,-0.0022669366109479313,0.0009972344461658582,0.0010982047059185875,6.452622898213161e-05,-0.004426901992014508,0.5555555555555556,-0.016605961815576237,0.027777777777777776,0.04830010488343003,0.4166666666666667,0.008296710647704828
BTCUSDT,12,sweep_reclaim,-1,0.03,0.01,discovery,2022Q1,202,-0.0033801602817602077,0.6146811838027063,0.2376237623762376,-0.6827923769155619,0.8969206663385068,0,406.7821782178218,-0.001310694438395714,0.001001811600238401,0.0011012718783212489,-3.361763519515617e-05,-0.0033801602817602077,0.7524752475247525,-0.011601347701834854,0.16831683168316833,0.028497459090696543,0.07920792079207921,0.006981179042478312
BTCUSDT,12,sweep_reclaim,-1,0.03,0.01,discovery,2022Q2,185,0.0001733377553305669,1.0222527112181794,0.31351351351351353,0.03206748473615487,0.20280830270373884,0,394.47027027027025,0.0022388966841792577,0.0009982602334324218,0.0010993176499520892,-3.201895453581976e-05,0.0001733377553305669,0.6648648648648648,-0.011594632463326,0.2648648648648649,0.028466769786296097,0.07027027027027027,0.0048719660151341545
BTCUSDT,12,sweep_reclaim,-1,0.03,0.01,discovery,2022Q3,185,-0.003634728834016147,0.57730571298067,0.24864864864864866,-0.6724248342929873,0.7730970432782833,0,471.04324324324324,-0.001575223896690241,0.0010020762620276025,0.001101417515087295,-4.398883978899156e-05,-0.003634728834016147,0.7405405405405405,-0.0115890942657936,0.14594594594594595,0.028479771432845385,0.11351351351351352,0.00696796435399575
BTCUSDT,12,sweep_reclaim,-1,0.03,0.01,discovery,2022Q4,117,-0.000687387620782444,0.8924117794784364,0.38461538461538464,-0.08042435163154595,0.22093065736465806,0,776.2478632478633,0.0014263763089353597,0.0009990731602710905,0.0010997649832682347,1.4925786178478367e-05,-0.000687387620782444,0.5213675213675214,-0.011674442380742422,0.11965811965811966,0.02842038016399446,0.358974358974359,0.0055674121737576045
BTCUSDT,12,sweep_reclaim,-1,0.03,0.01,discovery,2023Q1,159,-0.003969530985805814,0.5316334248458169,0.23270440251572327,-0.6311554267431245,0.6556345313884187,0,552.4842767295597,-0.0019337205917983442,0.0010024349380607128,0.0011016148855414224,-6.823942959466458e-05,-0.003969530985805814,0.7232704402515723,-0.011587524440797931,0.12578616352201258,0.028561623015518643,0.1509433962264151,0.005424059318261028
BTCUSDT,12,sweep_reclaim,-1,0.03,0.01,discovery,2023Q2,134,-0.00032829161877864077,0.9532781688887172,0.3656716417910448,-0.043991076916337864,0.19058183161150055,0,708.6417910447761,0.0016708745223650303,0.0009988285397474026,0.0010996303747095604,-9.929277331329193e-05,-0.00032829161877864077,0.5970149253731343,-0.011559440289938189,0.1791044776119403,0.028559898892213206,0.22388059701492538,0.006510885762186681
BTCUSDT,12,sweep_reclaim,-1,0.03,0.01,discovery,2023Q3,107,-0.001755231899974559,0.6880448633451131,0.34579439252336447,-0.1878098132972778,0.20230401499779704,0,957.9065420560747,0.00025178334489980235,0.0010002483408254102,0.0011004116557477592,-9.364475169880838e-05,-0.001755231899974559,0.42990654205607476,-0.011576554108094243,0.06542056074766354,0.028566114005951382,0.5046728971962616,0.0026805347709888457
BTCUSDT,12,sweep_reclaim,-1,0.03,0.01,discovery,2023Q4,147,-0.0032768022236946068,0.5844358510131156,0.2653061224489796,-0.4816899268831072,0.5789987021367792,0,653.0272108843537,-0.0013707684511206797,0.001001871704303163,0.0011013049520854832,-0.0001971428838147196,-0.0032768022236946068,0.673469387755102,-0.01149643872428758,0.10884353741496598,0.028665038084012075,0.21768707482993196,0.006181778046161567
BTCUSDT,12,sweep_reclaim,-1,0.03,0.01,discovery,2024Q1,175,-0.0031537926220600297,0.612488857893998,0.25142857142857145,-0.5519137088605052,0.5994043351573435,0,499.25142857142856,-0.0012717580744608422,0.00100177264439654,0.0011012504418953714,-0.0002209885386927243,-0.0031537926220600297,0.7028571428571428,-0.011466386148979785,0.14857142857142858,0.028751369057456122,0.14857142857142858,0.004266007383467272
BTCUSDT,12,sweep_reclaim,-1,0.03,0.01,discovery,2024Q2,140,-0.00012400524380112518,0.9825750282409997,0.3357142857142857,-0.017360734132157524,0.20190357075888427,0,657.95,0.001895073935439908,0.0009986042281785415,0.001099506941661006,-7.903199059851445e-05,-0.00012400524380112518,0.5928571428571429,-0.011566628393739896,0.21428571428571427,0.028525722598802417,0.19285714285714287,0.0032184349845993158
BTCUSDT,12,sweep_reclaim,-1,0.03,0.01,discovery,2024Q3,171,-0.00180991456314257,0.7736933113388025,0.28654970760233917,-0.3094953902973795,0.4661590317688733,0,528.7719298245614,0.0002408230767311478,0.0010002593065764434,0.001100417689926415,-4.993935662914041e-05,-0.00180991456314257,0.6783625730994152,-0.011575312484162934,0.1871345029239766,0.028484404406178235,0.13450292397660818,0.0052930398638181535
BTCUSDT,12,sweep_reclaim,-1,0.03,0.01,discovery,2024Q4,157,-0.002367637577627556,0.703778440918198,0.2802547770700637,-0.3717190996875263,0.40113323097881903,0,582.7579617834394,-0.00042656445633882,0.0010009270279702164,0.0011007851203163699,-0.00016063902699784975,-0.002367637577627556,0.6687898089171974,-0.011524904093844855,0.1592356687898089,0.028597935042396615,0.17197452229299362,0.004572127929861779
BTCUSDT,12,sweep_reclaim,-1,0.03,0.01,validation,2025Q1,161,-0.0013106982510300415,0.8276088054613068,0.3105590062111801,-0.2110224184158367,0.2734926271443909,0,552.2608695652174,0.0007334495151914154,0.0009997664337015502,0.0011001464743051806,-5.576514178527411e-05,-0.0013106982510300415,0.6459627329192547,-0.011575657624105083,0.18012422360248448,0.02848623843241698,0.17391304347826086,0.005955180712535704
BTCUSDT,12,sweep_reclaim,-1,0.03,0.01,validation,2025Q2,137,-0.003457465328086871,0.5447481881564611,0.2846715328467153,-0.4736727499479013,0.4865653987853778,0,729.1605839416059,-0.001399891928709983,0.001001900842349769,0.0011013209860240832,-4.5648428996964465e-05,-0.003457465328086871,0.6277372262773723,-0.011580380482351394,0.08759124087591241,0.02849272328604709,0.2846715328467153,0.004623776720557786
BTCUSDT,12,sweep_reclaim,-1,0.03,0.01,validation,2025Q3,101,-0.0021818414277459263,0.6493003414739889,0.33663366336633666,-0.22036598420233855,0.23991320454022394,0,998.980198019802,-0.00022777584351097504,0.0010007281399133595,0.0011006756771908832,-0.00014733823286929154,-0.0021818414277459263,0.4752475247524752,-0.011518609552865128,0.04950495049504951,0.028534096206307542,0.4752475247524752,0.003955349860492704
BTCUSDT,12,sweep_reclaim,-1,0.03,0.01,validation,2025Q4,146,-0.0015550524114994507,0.7942783567965473,0.2876712328767123,-0.22703765207891982,0.23387818287666282,0,629.8287671232877,0.0004964348225572088,0.0010000035669608114,0.001100276962809422,-4.8793295713573723e-05,-0.0015550524114994507,0.636986301369863,-0.011580482690556552,0.17123287671232876,0.028493610606355264,0.1917808219178082,0.004914534749427069
BTCUSDT,13,sweep_reclaim,-1,0.03,0.015,discovery,2022Q1,155,-0.003744031216422274,0.6539748360644232,0.3161290322580645,-0.5803248385454525,0.8216599661047097,0,555.6,-0.001676536465673505,0.0010021776252782028,0.0011014732927500236,-3.615616727945637e-05,-0.003744031216422274,0.6387096774193548,-0.016623611672155186,0.2129032258064516,0.028483465125687803,0.14838709677419354,0.005454711645661454
BTCUSDT,13,sweep_reclaim,-1,0.03,0.015,discovery,2022Q2,152,0.0011268215391724236,1.1225508782470222,0.40789473684210525,0.17127687395420838,0.19461696497674472,0,531.2368421052631,0.0031847435946327192,0.0009973139133619385,0.0010987969136753012,-3.818877157694358e-05,0.0011268215391724236,0.5328947368421053,-0.01659726300041088,0.3355263157894737,0.028447295998400325,0.13157894736842105,0.003242154053453647
BTCUSDT,13,sweep_reclaim,-1,0.03,0.015,discovery,2022Q3,140,-0.0034614615283351706,0.6589543734301145,0.36428571428571427,-0.4846046139669239,0.5827327660036076,0,674.3,-0.0014172265448866978,0.0010019181856375935,0.0011013305296017884,-5.901373179090919e-05,-0.0034614615283351706,0.6071428571428571,-0.016591453650426347,0.18571428571428572,0.028496161648904825,0.20714285714285716,0.006371335980958289
BTCUSDT,13,sweep_reclaim,-1,0.03,0.015,discovery,2022Q4,95,-1.2508697375347317e-05,0.9981816789937183,0.4421052631578947,-0.0011883262506579952,0.19157179682447434,0,981.6105263157895,0.0021076199216042524,0.0009983915758662288,0.0010993899244098446,2.234711870352632e-05,-1.2508697375347317e-05,0.3684210526315789,-0.016709708672429144,0.15789473684210525,0.028356151875364003,0.47368421052631576,0.003517982203420046
BTCUSDT,13,sweep_reclaim,-1,0.03,0.015,discovery,2023Q1,127,-0.0044140685997674034,0.5631922674741692,0.30708661417322836,-0.5605867121704602,0.5937477447241687,0,734.7637795275591,-0.0024069535123466736,0.0010029084077160886,0.001101875424056035,-9.766874435139296e-05,-0.0044140685997674034,0.5826771653543307,-0.016576844791279532,0.16535433070866143,0.02856353877945363,0.25196850393700787,0.0020707965004905953
BTCUSDT,13,sweep_reclaim,-1,0.03,0.015,discovery,2023Q2,114,-0.0008918316802108419,0.8920271419118305,0.4473684210526316,-0.10166881154403598,0.21040501711272583,0,879.8157894736842,0.0010826848154364306,0.0009994170236963034,0.0010999542027145433,-0.00012485473076357352,-0.0008918316802108419,0.4824561403508772,-0.016554139968828083,0.19298245614035087,0.028557253783740976,0.32456140350877194,0.004879710905383977
BTCUSDT,13,sweep_reclaim,-1,0.03,0.015,discovery,2023Q3,91,-0.0012613593208398472,0.7765262223380541,0.3956043956043956,-0.1147836981964261,0.12464371190781381,0,1149.0549450549452,0.0007237439011622002,0.0009997761441708217,0.0011001518177336548,-0.00011482473990242875,-0.0012613593208398472,0.26373626373626374,-0.01659141271601613,0.07692307692307693,0.028549714006776798,0.6593406593406593,0.001392703482342057
BTCUSDT,13,sweep_reclaim,-1,0.03,0.015,discovery,2023Q4,120,-0.003943871493217946,0.579711387780822,0.325,-0.47326457918615356,0.5727678285869171,0,826.35,-0.002085567610075102,0.0010025868610404848,0.0011016984849591136,-0.0002459814628567538,-0.003943871493217946,0.5333333333333333,-0.01650325421261938,0.125,0.02871326891707217,0.3416666666666667,0.003713284308912298
BTCUSDT,13,sweep_reclaim,-1,0.03,0.015,discovery,2024Q1,139,-0.0033544260895761323,0.6568944477375798,0.34532374100719426,-0.46626522645108237,0.5529885464015394,0,667.2374100719425,-0.001531521986727044,0.0010020325382557355,0.001101393454988741,-0.0002805218903953877,-0.0033544260895761323,0.5827338129496403,-0.016408466635396975,0.18705035971223022,0.028655180981863225,0.2302158273381295,0.0036808082964883953
BTCUSDT,13,sweep_reclaim,-1,0.03,0.015,discovery,2024Q2,114,0.0002918306862374997,1.0364344049512042,0.4298245614035088,0.033268698231074964,0.14978075399642238,0,852.3947368421053,0.0022861265006679735,0.0009982129799892155,0.0010992916475636267,-0.00010320881312236795,0.0002918306862374997,0.4473684210526316,-0.016565011223497232,0.24561403508771928,0.02852778645495087,0.30701754385964913,0.0022658928540231324
BTCUSDT,13,sweep_reclaim,-1,0.03,0.015,discovery,2024Q3,130,-0.00125243563798004,0.8659116706117076,0.4,-0.1628166329374052,0.3142809007395736,0,745.3692307692307,0.0007789898067850519,0.0009997208706284191,0.0011001214020851142,-6.841682794844131e-05,-0.00125243563798004,0.5461538461538461,-0.01656261882880058,0.2230769230769231,0.028492700174664428,0.23076923076923078,0.006228033294738911
BTCUSDT,13,sweep_reclaim,-1,0.03,0.015,discovery,2024Q4,125,-0.002315058937000348,0.7540278980164395,0.376,-0.2893823671250435,0.414093176282821,0,772.656,-0.0004278440052429002,0.0010009283081592133,0.0011007858247723712,-0.0002144992011741367,-0.002315058937000348,0.544,-0.016482148239988618,0.192,0.02860606760879061,0.264,0.0043896391085820555
BTCUSDT,13,sweep_reclaim,-1,0.03,0.015,validation,2025Q1,128,-0.0008658553429979039,0.9038970183468069,0.3984375,-0.1108294839037317,0.2288806620611772,0,721.984375,0.0011593263225971279,0.0009993403438492234,0.0010999120077116887,-7.407068596587995e-05,-0.0008658553429979039,0.515625,-0.01656709540005201,0.234375,0.02849290511438835,0.25,0.003994114345876569
BTCUSDT,13,sweep_reclaim,-1,0.03,0.015,validation,2025Q2,111,-0.0032898182541983624,0.6155739788242031,0.34234234234234234,-0.36516982621601823,0.44382935178579597,0,960.6486486486486,-0.0012492444713147017,0.001001750119530971,0.0011012380470249653,-6.241438367227492e-05,-0.0032898182541983624,0.43243243243243246,-0.016574129499779922,0.13513513513513514,0.02849419755239196,0.43243243243243246,6.198805182372235e-05
BTCUSDT,13,sweep_reclaim,-1,0.03,0.015,validation,2025Q3,88,-0.0019307153936704486,0.7059046815039287,0.38636363636363635,-0.16990295464299948,0.19020683241992228,0,1173.784090909091,-8.885064026301055e-06,0.0010005091396337441,0.0011005551668120132,-0.0001792339768016098,-0.0019307153936704486,0.2840909090909091,-0.016495938040306236,0.056818181818181816,0.028534096206307542,0.6590909090909091,0.001721120954019287
BTCUSDT,13,sweep_reclaim,-1,0.03,0.015,validation,2025Q4,118,-0.0006592359116131967,0.9218174589479895,0.3813559322033898,-0.0777898375703572,0.18410085261145853,0,825.8135593220339,0.0013731454588066132,0.0009991264177499632,0.0010997942895274193,-6.653933685757145e-05,-0.0006592359116131967,0.4661016949152542,-0.01658143076860766,0.2288135593220339,0.028492011590627083,0.3050847457627119,0.0018029039376703518
BTCUSDT,14,sweep_reclaim,-1,0.05,0.01,discovery,2022Q1,181,-0.002885902058258485,0.6756206446605287,0.2265193370165746,-0.5223482725447858,0.7412993160789371,0,499.47513812154693,-0.0008251928915607561,0.0010013258558193574,0.001101004585311059,-4.1621274432687655e-05,-0.002885902058258485,0.7624309392265194,-0.011606421465072273,0.08839779005524862,0.04854574659594946,0.14917127071823205,0.01120762755925913
BTCUSDT,14,sweep_reclaim,-1,0.05,0.01,discovery,2022Q2,169,0.0017467103163727835,1.2104139363060749,0.27218934911242604,0.2951940434670004,0.14810248210919005,0,491.38461538461536,0.0038015060179774473,0.0009966968424031122,0.0010984573549534342,-4.035849575188239e-05,0.0017467103163727835,0.7100591715976331,-0.011597646995561121,0.15976331360946747,0.04852453291723182,0.1301775147928994,0.017124967916776188
BTCUSDT,14,sweep_reclaim,-1,0.05,0.01,discovery,2022Q3,171,-0.004322216611413895,0.5212527865989816,0.21052631578947367,-0.739099040551776,0.8539203676945938,0,545.4619883040936,-0.0022701233646102506,0.0010027715091190657,0.0011018000921805512,-5.247835449597145e-05,-0.004322216611413895,0.7777777777777778,-0.011584348655908187,0.04678362573099415,0.04852968637465453,0.17543859649122806,0.013779394656225886
BTCUSDT,14,sweep_reclaim,-1,0.05,0.01,discovery,2022Q4,116,-0.001544985877448849,0.7700100916667547,0.35344827586206895,-0.1792183617840665,0.2629876147871344,0,802.3189655172414,0.0005706608447966578,0.0009999293038069903,0.0011002360976524557,1.5481320786060963e-05,-0.001544985877448849,0.5517241379310345,-0.011670679908358631,0.04310344827586207,0.04841112350347415,0.4051724137931034,0.006928713507096065
BTCUSDT,14,sweep_reclaim,-1,0.05,0.01,discovery,2023Q1,148,-0.004071043678227877,0.524278163478555,0.22297297297297297,-0.6025144643777258,0.6379758648296028,0,632.6891891891892,-0.0020464747850172825,0.0010025477486592293,0.001101676962393522,-7.965581784215698e-05,-0.004071043678227877,0.7297297297297297,-0.011588193942695404,0.033783783783783786,0.04860109602752785,0.23648648648648649,0.011600142894163968
BTCUSDT,14,sweep_reclaim,-1,0.05,0.01,discovery,2023Q2,128,-0.0008684019536787633,0.8814730510520027,0.34375,-0.1111554500708817,0.21857338814557545,0,766.15625,0.001123195923943032,0.00099937649232211,0.0010999318993126085,-0.0001077105140129229,-0.0008684019536787633,0.625,-0.011558938259854731,0.0390625,0.048545820001262556,0.3359375,0.013275128156074048
BTCUSDT,14,sweep_reclaim,-1,0.05,0.01,discovery,2023Q3,108,-0.001383350098880898,0.7582213418893203,0.3425925925925926,-0.149401810679137,0.17944352839440186,0,972.6574074074074,0.0006196159001492294,0.0009998803242618802,0.001100209145433262,-9.712347066501366e-05,-0.001383350098880898,0.4351851851851852,-0.01157728227068798,0.027777777777777776,0.0486908638164219,0.5370370370370371,0.00428720456196435
BTCUSDT,14,sweep_reclaim,-1,0.05,0.01,discovery,2023Q4,143,-0.0038731734900923497,0.5176434186583185,0.2517482517482518,-0.553863809083206,0.5898241346962654,0,691.3706293706293,-0.0019777743871551845,0.0010024790138939985,0.0011016391393705769,-0.00020871905032741067,-0.0038731734900923497,0.6853146853146853,-0.011502756057866024,0.027972027972027972,0.04888752223292774,0.2867132867132867,0.009216004772096427
BTCUSDT,14,sweep_reclaim,-1,0.05,0.01,discovery,2024Q1,165,-0.00395720570271044,0.5334897274663702,0.21818181818181817,-0.6529389409472227,0.680198037549127,0,567.1939393939394,-0.0021059723906568326,0.0010026072760285548,0.0011017097188166772,-0.0002530836827916237,-0.00395720570271044,0.7333333333333333,-0.011452371377117998,0.05454545454545454,0.04878006226675555,0.21212121212121213,0.008393641008093004
BTCUSDT,14,sweep_reclaim,-1,0.05,0.01,discovery,2024Q2,132,0.00030358322875162356,1.0408334928508125,0.3106060606060606,0.04007298619521431,0.1905865669494547,0,752.3712121212121,0.0023083957094260322,0.0009981906996402849,0.0010992793872446178,-9.26576062104939e-05,0.00030358322875162356,0.6212121212121212,-0.011563140141572196,0.09090909090909091,0.0485656098074991,0.2878787878787879,0.010670083160898557
BTCUSDT,14,sweep_reclaim,-1,0.05,0.01,discovery,2024Q3,159,-0.001220171859796506,0.8505397405778194,0.27044025157232704,-0.19400732570764445,0.43552156955393045,0,615.5911949685535,0.0008217476205236135,0.0009996780914250756,0.001100097861758996,-5.7856472863952506e-05,-0.001220171859796506,0.6918238993710691,-0.011574512719525885,0.09433962264150944,0.04851849311534257,0.2138364779874214,0.010335637550296019
BTCUSDT,14,sweep_reclaim,-1,0.05,0.01,discovery,2024Q4,144,-0.0024453619563303726,0.7025071505251437,0.2638888888888889,-0.35213212171157365,0.4695634572311918,0,670.6666666666666,-0.0005270656715848145,0.0010010275794612087,0.0011008404512880756,-0.00018357174600372553,-0.0024453619563303726,0.6875,-0.0115152134349289,0.05555555555555555,0.04873548907222687,0.2569444444444444,0.010756489074826282
BTCUSDT,14,sweep_reclaim,-1,0.05,0.01,validation,2025Q1,146,-0.0010756278146864325,0.8635727247495674,0.2808219178082192,-0.15704166094421915,0.33307326741157717,0,656.7876712328767,0.0009581147495890649,0.000999541656078341,0.0011000227847985692,-6.582187660141296e-05,-0.0010756278146864325,0.6712328767123288,-0.011577685649782676,0.07534246575342465,0.04858183627634412,0.2534246575342466,0.01197760361337021
BTCUSDT,14,sweep_reclaim,-1,0.05,0.01,validation,2025Q2,129,-0.003460769675444788,0.5282172802149456,0.3023255813953488,-0.44643928813237765,0.4653186086365448,0,806.046511627907,-0.0014077072082173184,0.0010019086615388711,0.001101325288728366,-5.017148303976772e-05,-0.003460769675444788,0.6046511627906976,-0.011581397417911993,0.023255813953488372,0.0485484509203963,0.37209302325581395,0.006484674118824355
BTCUSDT,14,sweep_reclaim,-1,0.05,0.01,validation,2025Q3,101,-0.002401160216023093,0.620931876189893,0.32673267326732675,-0.24251718181833237,0.25943603718999175,0,1008.9108910891089,-0.00044869461300967603,0.0010009491691974992,0.0011007973040802136,-0.0001492808702642962,-0.002401160216023093,0.48514851485148514,-0.011516414212576463,0.009900990099009901,0.04855067781866766,0.504950495049505,0.0053575771917499316
BTCUSDT,14,sweep_reclaim,-1,0.05,0.01,validation,2025Q4,135,-0.0012023696781068042,0.8377305018077582,0.2962962962962963,-0.16231990654441858,0.22654369714022915,0,756.2444444444444,0.0008427536861878145,0.0009996570748511294,0.0011000862968637648,-5.462000742027515e-05,-0.0012023696781068042,0.6222222222222222,-0.011579271197208101,0.044444444444444446,0.048545830342350826,0.3333333333333333,0.011534753154821265
BTCUSDT,15,sweep_reclaim,-1,0.05,0.015,discovery,2022Q1,142,-0.0036869578742064852,0.6654734282389645,0.3028169014084507,-0.5235480181373209,0.7461962200582564,0,659.1971830985915,-0.0016273747435406143,0.001002128438962909,0.001101446226750377,-4.399153504741406e-05,-0.0036869578742064852,0.647887323943662,-0.01663082598995061,0.1056338028169014,0.04852552618307244,0.24647887323943662,0.007960145148344245
BTCUSDT,15,sweep_reclaim,-1,0.05,0.015,discovery,2022Q2,139,0.00244562925522956,1.245259050746188,0.3597122302158273,0.33994246647690884,0.19272865995442745,0,656.9280575539568,0.0044884555168960135,0.000996009549257625,0.0010980791547177992,-5.1262442308970034e-05,0.00244562925522956,0.5827338129496403,-0.016594973316502067,0.17985611510791366,0.04849773667609935,0.23741007194244604,0.01429369358215432
BTCUSDT,15,sweep_reclaim,-1,0.05,0.015,discovery,2022Q3,132,-0.004620656533086525,0.5796488964280886,0.3106060606060606,-0.6099266623674213,0.7146846308550822,0,741.8181818181819,-0.002584926770417722,0.0010030864700053084,0.0011019734072822327,-6.933011461873638e-05,-0.004620656533086525,0.6515151515151515,-0.016588972532562123,0.045454545454545456,0.04853517382694115,0.30303030303030304,0.013137848311781858
BTCUSDT,15,sweep_reclaim,-1,0.05,0.015,discovery,2022Q4,93,-0.0008402435119313007,0.8856973985277115,0.40860215053763443,-0.07814264660961097,0.19923564279334188,0,1035.3978494623657,0.0012817008994977224,0.0009992179080544237,0.0010998446343547066,2.288186901989365e-05,-0.0008402435119313007,0.3978494623655914,-0.016703125730186806,0.053763440860215055,0.048363636090026765,0.5483870967741935,0.005844212254062098
BTCUSDT,15,sweep_reclaim,-1,0.05,0.015,discovery,2023Q1,119,-0.004420707102050818,0.5684900292013707,0.29411764705882354,-0.5260641451440473,0.5670038713948009,0,828.9411764705883,-0.002426329606965493,0.0010029277935036003,0.0011018860915702584,-0.0001104363899885325,-0.004420707102050818,0.5882352941176471,-0.016580421461037876,0.05042016806722689,0.04857628648127323,0.36134453781512604,0.007979247400952672
BTCUSDT,15,sweep_reclaim,-1,0.05,0.015,discovery,2023Q2,110,-0.0010822182935370827,0.8711161914034743,0.43636363636363634,-0.1190440122890791,0.22066407788080888,0,949.9,0.000883825994527823,0.0009996159819963585,0.0011000636844931077,-0.00013363537842456014,-0.0010822182935370827,0.4909090909090909,-0.01655368249629011,0.045454545454545456,0.04850657938700664,0.4636363636363636,0.0104376852073638
BTCUSDT,15,sweep_reclaim,-1,0.05,0.015,discovery,2023Q3,92,-0.0006076124652170066,0.8921330250332531,0.391304347826087,-0.05590034679996461,0.1124014017456437,0,1171.5217391304348,0.0013704342809670864,0.0009991291302840764,0.0010997957821671247,-0.00012087816626710771,-0.0006076124652170066,0.2608695652173913,-0.01659141271601613,0.03260869565217391,0.0486908638164219,0.7065217391304348,0.003018784106694719
BTCUSDT,15,sweep_reclaim,-1,0.05,0.015,discovery,2023Q4,115,-0.004533848468499939,0.5289043178353232,0.30434782608695654,-0.521392573877493,0.5872090399012402,0,875.591304347826,-0.002693328863922316,0.0010031949263269826,0.0011020330880846373,-0.00026470840983399514,-0.004533848468499939,0.5391304347826087,-0.016509989330790193,0.043478260869565216,0.0488399762670989,0.41739130434782606,0.005375560068666758
BTCUSDT,15,sweep_reclaim,-1,0.05,0.015,discovery,2024Q1,129,-0.0044021988036819695,0.5738959156479099,0.3023255813953488,-0.5678836456749741,0.6245338169885419,0,757.031007751938,-0.002616979254024527,0.0010031185385231706,0.0011019910537859016,-0.0003198900426516288,-0.0044021988036819695,0.6124031007751938,-0.016408217150478577,0.06976744186046512,0.048650568186574115,0.3178294573643411,0.007085619403260164
BTCUSDT,15,sweep_reclaim,-1,0.05,0.015,discovery,2024Q2,108,0.0010276813928066443,1.119863435841032,0.3888888888888889,0.11098959042311758,0.19001944922361308,0,946.0092592592592,0.0030084420176778597,0.000997490303133775,0.001098893976557001,-0.00011562365481956061,0.0010276813928066443,0.48148148148148145,-0.016559915165151887,0.1111111111111111,0.048555267682258735,0.4074074074074074,0.008850953791452516
BTCUSDT,15,sweep_reclaim,-1,0.05,0.015,discovery,2024Q3,124,-0.0015111486940876666,0.8469507810544319,0.3548387096774194,-0.18738243806687066,0.4236973082438314,0,831.5564516129032,0.0005121522140447517,0.0009999878417066958,0.0011002683095952144,-7.695524316949105e-05,-0.0015111486940876666,0.5806451612903226,-0.0165685374013366,0.08870967741935484,0.048554874142056996,0.33064516129032256,0.011498747299188726
BTCUSDT,15,sweep_reclaim,-1,0.05,0.015,discovery,2024Q4,113,-0.0021855277602974353,0.7670795806383616,0.37168141592920356,-0.24696463691361017,0.481804984913927,0,891.0176991150443,-0.0003306791440047969,0.0010008310946912407,0.001100732330631283,-0.00024671480902988555,-0.0021855277602974353,0.5398230088495575,-0.0164688160527732,0.07079646017699115,0.04877031670447415,0.3893805309734513,0.008351604742494587
BTCUSDT,15,sweep_reclaim,-1,0.05,0.015,validation,2025Q1,117,-0.0008216204965173452,0.9129914665489595,0.37606837606837606,-0.09612959809252938,0.2378511945741335,0,864.2564102564103,0.001191132598226992,0.000999308521662498,0.00109989449675789,-8.644992367604959e-05,-0.0008216204965173452,0.5470085470085471,-0.016564399275682685,0.08547008547008547,0.04854797783944481,0.36752136752136755,0.01112819016643522
BTCUSDT,15,sweep_reclaim,-1,0.05,0.015,validation,2025Q2,104,-0.0032967347240792826,0.5950983121853735,0.38461538461538464,-0.3428604113042454,0.39753977112958466,0,1043.5,-0.0012588880005161031,0.0010017597678843486,0.0011012433562726206,-6.515640059379003e-05,-0.0032967347240792826,0.4230769230769231,-0.01657473254100036,0.028846153846153848,0.0485484509203963,0.5480769230769231,0.004224253819975116
BTCUSDT,15,sweep_reclaim,-1,0.05,0.015,validation,2025Q3,88,-0.0021059112368361343,0.6825045243434139,0.38636363636363635,-0.18532018884157983,0.19660351194952838,0,1187.6022727272727,-0.00018602311545149413,0.0010006863662984993,0.0011006526902149628,-0.00018145093512882178,-0.0021059112368361343,0.29545454545454547,-0.01649287462543755,0.011363636363636364,0.04855067781866766,0.6931818181818182,0.003195801206575882
BTCUSDT,15,sweep_reclaim,-1,0.05,0.015,validation,2025Q4,109,7.935902338195051e-05,1.0096659173302256,0.3853211009174312,0.008650133548632605,0.19577991656638327,0,978.816513761468,0.002104587639937255,0.000998394609664791,0.00109939159383335,-7.255758694283646e-05,7.935902338195051e-05,0.44954128440366975,-0.016578979665901054,0.07339449541284404,0.04855722123811516,0.47706422018348627,0.008318507062939672
ETHUSDT,0,opening_range,1,0.03,0.01,discovery,2022Q1,48,8.850255691681142e-06,1.0011066268740032,0.3125,0.0004248122732006948,0.07801902537316355,0,406.875,0.0021572559551607013,0.0010016564277411752,0.0011006355797400808,4.611369198776442e-05,8.850255691681142e-06,0.6875,-0.011632736824228242,0.2708333333333333,0.028315648925810604,0.041666666666666664,0.008100845718597385
ETHUSDT,0,opening_range,1,0.03,0.01,discovery,2022Q2,50,-0.001703384497281949,0.801299150401206,0.26,-0.08516922486409745,0.1302279319571508,0,433.26,0.00040383617719569304,0.0009999038842349707,0.0010996721627611287,7.644627481543138e-06,-0.001703384497281949,0.74,-0.011584605435360324,0.22,0.028313251588468643,0.04,0.016007704385539806
ETHUSDT,0,opening_range,1,0.03,0.01,discovery,2022Q3,50,-0.001374847666219921,0.8340728929681321,0.28,-0.06874238331099605,0.12461401442888259,0,313.18,0.0006572298619826573,0.0010001571512862307,0.0010998113899908834,-6.789101307453515e-05,-0.001374847666219921,0.72,-0.011508129573794885,0.24,0.028414436405583398,0.04,0.002288522239309549
ETHUSDT,0,opening_range,1,0.03,0.01,discovery,2022Q4,45,0.0013184469774304938,1.1980435329838703,0.35555555555555557,0.05933011398437222,0.058831855336996516,0,686.8222222222222,0.0033748143333088526,0.0010028733776443755,0.001101304567525616,-4.781058929163207e-05,0.0013184469774304938,0.5555555555555556,-0.011530985953485885,0.2222222222222222,0.028445408913379506,0.2222222222222222,0.006315067368772423
ETHUSDT,0,opening_range,1,0.03,0.01,discovery,2023Q1,38,0.001376269771635895,1.195183066508385,0.39473684210526316,0.05229825132216401,0.07622799555561273,0,617.3157894736842,0.003542195923720155,0.001003040675585819,0.0011013965353864742,6.148894111196911e-05,0.001376269771635895,0.6052631578947368,-0.011649765805423736,0.2631578947368421,0.028378433340965847,0.13157894736842105,0.007291706287450285
ETHUSDT,0,opening_range,1,0.03,0.01,discovery,2023Q2,48,-0.0025392798053778497,0.6533469118544679,0.2708333333333333,-0.12188543065813678,0.14339087523118732,0,799.5416666666666,-0.00032635727364626065,0.0009991740556983982,0.0010992709577688604,0.00011447751826432976,-0.0025392798053778497,0.5833333333333334,-0.011649767688546834,0.14583333333333334,0.028264419131157324,0.2708333333333333,0.0004967023617748705
ETHUSDT,0,opening_range,1,0.03,0.01,discovery,2023Q3,46,-0.003088279148763837,0.47914626696224205,0.2608695652173913,-0.1420608408431365,0.1778688640979423,0,1061.391304347826,-0.0008782375633486329,0.0009986224512109163,0.0010989677269919926,0.00011245140721229604,-0.003088279148763837,0.43478260869565216,-0.01167204309383417,0.06521739130434782,0.028367951804658103,0.5,0.00027287676606837174
ETHUSDT,0,opening_range,1,0.03,0.01,discovery,2023Q4,54,-0.0009361746579806292,0.8733798696842038,0.3148148148148148,-0.05055343153095398,0.15264020194285988,0,672.5555555555555,0.001305386085309261,0.001000804983593398,0.001100167519605944,0.00014058824009054852,-0.0009361746579806292,0.6111111111111112,-0.01168001533707586,0.18518518518518517,0.028230488539811194,0.2037037037037037,0.004780199017676136
ETHUSDT,0,opening_range,1,0.03,0.01,discovery,2024Q1,51,-0.001370448135824599,0.8279866326959087,0.29411764705882354,-0.06989285492705455,0.1339998075764,0,569.6862745098039,0.0009488245148464083,0.0010004486002146336,0.0010999716067530477,0.00021885244370332623,-0.001370448135824599,0.6666666666666666,-0.011727592122877942,0.21568627450980393,0.028068908018256896,0.11764705882352941,0.0033478815083282675
ETHUSDT,0,opening_range,1,0.03,0.01,discovery,2024Q2,59,-0.002469042222393963,0.6816701484068446,0.3050847457627119,-0.1456734911212438,0.22480329557980022,0,663.6271186440678,-0.00027154007817054666,0.0009992288454989777,0.0010993010770919817,9.897222163245698e-05,-0.002469042222393963,0.6440677966101694,-0.011641855752705559,0.13559322033898305,0.02826954135756264,0.22033898305084745,0.005427745893928179
ETHUSDT,0,opening_range,1,0.03,0.01,discovery,2024Q3,48,-0.00040431182377518096,0.9478571928777992,0.3333333333333333,-0.019406967541208686,0.16384008771596167,0,545.75,0.0017523182281996008,0.0010012516923818976,0.0011004130865947,5.496527299818458e-05,-0.00040431182377518096,0.6666666666666666,-0.011630899238728482,0.22916666666666666,0.028333599656591046,0.10416666666666667,0.00822244237512023
ETHUSDT,0,opening_range,1,0.03,0.01,discovery,2024Q4,62,-0.0026130029246167865,0.6826493545199552,0.27419354838709675,-0.16200618132624076,0.17677359927943284,0,559.7096774193549,-0.000398917016251651,0.0009991015322175262,0.0010992310897983417,0.00011575328634926747,-0.0026130029246167865,0.6935483870967742,-0.011649089393142992,0.16129032258064516,0.028135591311935028,0.14516129032258066,0.00639430549550639
ETHUSDT,0,opening_range,1,0.03,0.01,validation,2025Q1,53,-0.002525540909349714,0.6978631436870907,0.24528301886792453,-0.13385366819553485,0.1505813914247405,0,513.2830188679245,-0.0003633809928120411,0.000999137050481827,0.0010992506150761887,6.377225097965825e-05,-0.002525540909349714,0.7169811320754716,-0.011625901374913797,0.18867924528301888,0.02827217426063683,0.09433962264150944,0.005041768288964236
ETHUSDT,0,opening_range,1,0.03,0.01,validation,2025Q2,57,-0.001201814482274883,0.8498737923412973,0.2631578947368421,-0.06850342548966834,0.15094505075781184,0,415.57894736842104,0.0009339986698684504,0.0010004337817788537,0.0010999634606884492,3.5415909676030275e-05,-0.001201814482274883,0.6842105263157895,-0.011614330988705707,0.22807017543859648,0.02832472271738987,0.08771929824561403,0.0032468175487572063
ETHUSDT,0,opening_range,1,0.03,0.01,validation,2025Q3,65,-0.00046453761880327777,0.9417800630688142,0.2923076923076923,-0.030194945222213054,0.13018656752907254,0,611.3538461538461,0.0017268229710726748,0.0010012262098660367,0.0011003990782186635,8.973530179125225e-05,-0.00046453761880327777,0.676923076923077,-0.01165070330194107,0.24615384615384617,0.02825061494967834,0.07692307692307693,0.0060852321736681245
ETHUSDT,0,opening_range,1,0.03,0.01,validation,2025Q4,66,-0.002495813890523343,0.6885189956413188,0.2878787878787879,-0.16472371677454065,0.24266188614725098,0,577.7878787878788,-0.0003475345808869019,0.0009991528889745208,0.0010992593218915765,4.986709877034417e-05,-0.002495813890523343,0.6515151515151515,-0.01162169953186144,0.18181818181818182,0.02831532794238317,0.16666666666666666,-0.000434052019372436
ETHUSDT,1,opening_range,1,0.03,0.015,discovery,2022Q1,47,-0.0022208520298675097,0.7919172739576303,0.3404255319148936,-0.10438004540377295,0.13912438068991467,0,473.4468085106383,-6.479477003324469e-05,0.000999435487486116,0.0010994146733583647,5.720709898978529e-05,-0.0022208520298675097,0.6382978723404256,-0.016629915868828095,0.2765957446808511,0.028315648925810604,0.0851063829787234,0.006603498656382972
ETHUSDT,1,opening_range,1,0.03,0.015,discovery,2022Q2,47,-0.004363823826689415,0.618273004602534,0.2765957446808511,-0.2050997198544025,0.24516367557245566,0,566.936170212766,-0.00224939766021337,0.0009972519763514869,0.0010982143426998897,1.8959847424667825e-05,-0.004363823826689415,0.6808510638297872,-0.01660129012734791,0.2127659574468085,0.028318002956243322,0.10638297872340426,0.008592306931659495
ETHUSDT,1,opening_range,1,0.03,0.015,discovery,2022Q3,50,-0.003167787461172669,0.7173808990039349,0.32,-0.15838937305863346,0.22371970786250212,0,460.62,-0.0011436701380173476,0.000998357151286227,0.0010988218849908834,-7.306171312178822e-05,-0.003167787461172669,0.68,-0.016483355002879334,0.28,0.028390546611474627,0.04,0.002288522239309549
ETHUSDT,1,opening_range,1,0.03,0.015,discovery,2022Q4,45,0.0006648602029203494,1.0829073224850916,0.4,0.029918709131415727,0.09293759741709699,0,790.1777777777778,0.002724426019120015,0.0010022233143618386,0.0011009472114876173,-4.360470964979006e-05,0.0006648602029203494,0.4444444444444444,-0.016560139627083394,0.24444444444444444,0.028439741105932215,0.3111111111111111,0.0034488821077020885
ETHUSDT,1,opening_range,1,0.03,0.015,discovery,2023Q1,36,0.0017349788956878567,1.213646926901327,0.5,0.06245924024476284,0.09234644960124372,0,829.3888888888889,0.003938167921959995,0.0010034364496970163,0.001101614102309745,9.813847426537792e-05,0.0017349788956878567,0.4722222222222222,-0.016662500829178237,0.3055555555555556,0.028332167819587993,0.2222222222222222,0.00425848854066562
ETHUSDT,1,opening_range,1,0.03,0.015,discovery,2023Q2,46,-0.0015286197617584737,0.8080988252506552,0.34782608695652173,-0.07031650904088979,0.10634084128272941,0,1000.804347826087,0.0007235116573850596,0.0010002233999573036,0.0010998478085415856,0.00015206021064464464,-0.0015286197617584737,0.41304347826086957,-0.01667275566899008,0.1956521739130435,0.028274906965488584,0.391304347826087,-0.00044490633441531116
ETHUSDT,1,opening_range,1,0.03,0.015,discovery,2023Q3,45,-0.0024065202843578204,0.608878624242599,0.35555555555555557,-0.10829341279610191,0.14871939608530474,0,1215.7111111111112,-0.00018590711967115628,0.000999314435662376,0.0010993481281445668,0.0001219506008797213,-0.0024065202843578204,0.28888888888888886,-0.01667747202544121,0.08888888888888889,0.028351908329920815,0.6222222222222222,-0.0001747824923231949
ETHUSDT,1,opening_range,1,0.03,0.015,discovery,2023Q4,53,0.0004542425817647464,1.057156471706501,0.4339622641509434,0.02407485683353156,0.11131637375876721,0,888.0943396226415,0.002751150553733703,0.0010022500255408456,0.0011009618952905064,0.000193696051137605,0.0004542425817647464,0.41509433962264153,-0.01670234313532561,0.22641509433962265,0.02822809846487902,0.3584905660377358,0.00277838022274457
ETHUSDT,1,opening_range,1,0.03,0.015,discovery,2024Q1,48,0.0011987784500492645,1.143761576601388,0.4375,0.0575413656023647,0.12194011262891115,0,774.2708333333334,0.0036217529362519885,0.0010031201928397248,0.0011014402480088769,0.00031841404535412344,0.0011987784500492645,0.4791666666666667,-0.01677671332294074,0.2916666666666667,0.028075039442668214,0.22916666666666666,0.004577747257513341
ETHUSDT,1,opening_range,1,0.03,0.015,discovery,2024Q2,57,-0.0033642914019557752,0.6504966537825817,0.38596491228070173,-0.1917646099114792,0.28689236194438666,0,844.8947368421053,-0.00113808183416478,0.0009983627367973322,0.001098824955485971,0.00012902187550769257,-0.0033642914019557752,0.5614035087719298,-0.016670309907780834,0.15789473684210525,0.028280568234500123,0.2807017543859649,0.005447512064187897
ETHUSDT,1,opening_range,1,0.03,0.015,discovery,2024Q3,47,-0.0016629821935595728,0.8302543932795126,0.3829787234042553,-0.07816016309729992,0.2138602579863601,0,677.0851063829788,0.0005058768895054153,0.0010000058739524258,0.0010997282290585546,6.912498005400897e-05,-0.0016629821935595728,0.5531914893617021,-0.016638528072599395,0.2553191489361702,0.028336846834539645,0.19148936170212766,0.0015999338639787317
ETHUSDT,1,opening_range,1,0.03,0.015,discovery,2024Q4,61,-0.0030094951490442653,0.7042951299040086,0.3442622950819672,-0.18357920409170017,0.22533879955346306,0,698.5081967213115,-0.0007490452747315081,0.0009987515789356832,0.0010990387117304832,0.00016265958364659078,-0.0030094951490442653,0.5901639344262295,-0.01669182712955386,0.21311475409836064,0.028133235861317683,0.19672131147540983,0.004299542197925739
ETHUSDT,1,opening_range,1,0.03,0.015,validation,2025Q1,51,-0.002485936392935255,0.7485959888714186,0.3333333333333333,-0.126782756039698,0.15909822743769428,0,676.843137254902,-0.00030314934801602096,0.0009991972520258551,0.0010992837093699772,8.430608352340135e-05,-0.002485936392935255,0.5882352941176471,-0.016628238654630915,0.23529411764705882,0.02827625939924473,0.17647058823529413,0.0036388100898103104
ETHUSDT,1,opening_range,1,0.03,0.015,validation,2025Q2,57,-0.0005104101176066481,0.9479006722571969,0.3508771929824561,-0.029093376703578942,0.1419229252853554,0,566.3157894736842,0.001643067882322627,0.001001142496633881,0.001100353058962129,5.1982444333266136e-05,-0.0005104101176066481,0.5789473684210527,-0.016630718787720485,0.3157894736842105,0.028319289713742552,0.10526315789473684,0.0016621880739718326
ETHUSDT,1,opening_range,1,0.03,0.015,validation,2025Q3,60,-0.0008718714117207473,0.9074084535446136,0.36666666666666664,-0.05231228470324484,0.172803449925447,0,785.9833333333333,0.001343332614464042,0.0010008429111587815,0.0011001883693368178,0.00011417274568919006,-0.0008718714117207473,0.55,-0.016656592295453077,0.26666666666666666,0.028264135840834974,0.18333333333333332,0.0041026443266679365
ETHUSDT,1,opening_range,1,0.03,0.015,validation,2025Q4,65,-0.004310409278529659,0.57560202290849,0.3230769230769231,-0.2801766031044278,0.3542107689623498,0,706.6769230769231,-0.0021603944153239622,0.0009973409351170172,0.0010982632455572578,5.441068253142282e-05,-0.004310409278529659,0.5692307692307692,-0.016613714703606054,0.18461538461538463,0.02831532794238317,0.24615384615384617,-0.00032831839872513014
ETHUSDT,2,opening_range,1,0.05,0.01,discovery,2022Q1,48,-0.0014931861865556072,0.8336071518708327,0.22916666666666666,-0.07167293695466914,0.12300101973307767,0,501.1666666666667,0.0006617775015386407,0.001000161696653101,0.0010998138886926872,5.498810274845932e-05,-0.0014931861865556072,0.7708333333333334,-0.011641764811168505,0.125,0.04830219916679127,0.10416666666666667,0.013851833211563589
ETHUSDT,2,opening_range,1,0.05,0.01,discovery,2022Q2,49,-0.0034621718416626385,0.6247014865095118,0.20408163265306123,-0.16964642024146928,0.19606983297797248,0,526.265306122449,-0.0013474674557774336,0.0009981534558162121,0.0010987099084986238,1.7841021570369064e-05,-0.0034621718416626385,0.7959183673469388,-0.011590528752334031,0.08163265306122448,0.0482972124672739,0.12244897959183673,0.01486589187174373
ETHUSDT,2,opening_range,1,0.05,0.01,discovery,2022Q3,50,-0.0006792369941310346,0.9243730533745552,0.22,-0.03396184970655173,0.12082079544768287,0,408.36,0.0013492614854177488,0.0010008488370667706,0.0011001916269565933,-7.254198447458181e-05,-0.0006792369941310346,0.78,-0.011514634637508486,0.16,0.04838708768465101,0.06,0.009337399893023717
ETHUSDT,2,opening_range,1,0.05,0.01,discovery,2022Q4,44,0.001904517633443518,1.2660765299641927,0.29545454545454547,0.0837987758715148,0.08112079475775108,0,782.5909090909091,0.003987817116591091,0.001003486074079437,0.0011016413820733818,-2.1827973005245605e-05,0.001904517633443518,0.5909090909090909,-0.01154101053743837,0.11363636363636363,0.0483810926520578,0.29545454545454547,0.01091996819881719
ETHUSDT,2,opening_range,1,0.05,0.01,discovery,2023Q1,35,0.0019626204508589678,1.2681637562715466,0.37142857142857144,0.06869171578006388,0.06977719448363794,0,738.0571428571428,0.00416266373485156,0.0010036608333180749,0.0011017374515958436,9.464499907867583e-05,0.0019626204508589678,0.6285714285714286,-0.011643447871881275,0.05714285714285714,0.0482385051934496,0.3142857142857143,0.020760959870413882
ETHUSDT,2,opening_range,1,0.05,0.01,discovery,2023Q2,46,-0.001620864311546856,0.7779462229081945,0.2826086956521739,-0.07455975833115538,0.11477168273085334,0,876.9565217391304,0.0006056161243635165,0.0010001055633425844,0.0010997830308085619,0.00012659184175922556,-0.001620864311546856,0.5869565217391305,-0.011652009908493011,0.06521739130434782,0.048239372041396354,0.34782608695652173,0.005957899567122934
ETHUSDT,2,opening_range,1,0.05,0.01,discovery,2023Q3,46,-0.0036417440353217973,0.3858016441536393,0.2608695652173913,-0.16752022562480268,0.2028350903371365,0,1111.0434782608695,-0.0014316087852369256,0.0009980693565363665,0.001098663677022025,0.00011340221652648131,-0.0036417440353217973,0.43478260869565216,-0.01167204309383417,0.0,,0.5652173913043478,0.0025354090866107942
ETHUSDT,2,opening_range,1,0.05,0.01,discovery,2023Q4,52,-0.002611292596991184,0.6787971469018842,0.25,-0.13578721504354155,0.1870391477894501,0,763.0,-0.00034707824420106466,0.0009991533450831383,0.0010992595726258938,0.00016580143508108618,-0.002611292596991184,0.6730769230769231,-0.01168382187938933,0.057692307692307696,0.048220477905431304,0.2692307692307692,0.00917750835848508
ETHUSDT,2,opening_range,1,0.05,0.01,discovery,2024Q1,51,-0.0013726954106992987,0.8277045634162696,0.29411764705882354,-0.07000746594566423,0.15469395994368287,0,701.0784313725491,0.001036770945991126,0.0010005365026945375,0.0011000199289438132,0.00030890992505207374,-0.0013726954106992987,0.6666666666666666,-0.011727592122877942,0.0784313725490196,0.04784419382014041,0.2549019607843137,0.010565683919355705
ETHUSDT,2,opening_range,1,0.05,0.01,discovery,2024Q2,59,-0.0031403465179524674,0.6107489663675804,0.2711864406779661,-0.18528044455919557,0.28165913031768974,0,717.1864406779661,-0.0009378486168533719,0.000998562869948071,0.0010989349736822591,0.00010500005746876487,-0.0031403465179524674,0.6610169491525424,-0.011645951584872673,0.05084745762711865,0.048214132117952,0.288135593220339,0.007309957111587212
ETHUSDT,2,opening_range,1,0.05,0.01,discovery,2024Q3,45,-0.002073505412427922,0.7492848588351573,0.28888888888888886,-0.09330774355925649,0.20298739705607072,0,674.4,9.299265569706192e-05,0.0009995931960575537,0.001099501369702802,6.740350236462816e-05,-0.002073505412427922,0.7111111111111111,-0.011630199008641495,0.08888888888888889,0.04826155233135061,0.2,0.009534712821318765
ETHUSDT,2,opening_range,1,0.05,0.01,discovery,2024Q4,61,-0.0029329421383412746,0.6579379414276705,0.2459016393442623,-0.17890947043881775,0.22686945153629312,0,633.5737704918033,-0.0006907149472389773,0.0009988098801125963,0.0010990707613449566,0.00014434654964474498,-0.0029329421383412746,0.7213114754098361,-0.011669254810573314,0.06557377049180328,0.0480307518436674,0.21311475409836064,0.01095497952705679
ETHUSDT,2,opening_range,1,0.05,0.01,validation,2025Q1,53,-0.0032005742734882024,0.6269210262375233,0.22641509433962265,-0.16963043649487472,0.21220772607780028,0,613.0377358490566,-0.001019789458820914,0.0009984809700560322,0.0010988899512641179,8.341389334713694e-05,-0.0032005742734882024,0.7358490566037735,-0.011626614616003676,0.05660377358490566,0.04826510967644156,0.20754716981132076,0.012637473136358546
ETHUSDT,2,opening_range,1,0.05,0.01,validation,2025Q2,57,-0.005103358725277775,0.43489429581920125,0.17543859649122806,-0.29089144734083316,0.2983495683248226,0,553.578947368421,-0.002959188007492581,0.0009965425407220303,0.001097824348198482,4.980382886468272e-05,-0.005103358725277775,0.7719298245614035,-0.011622935198320377,0.05263157894736842,0.04834518876652391,0.17543859649122806,0.007548213508569171
ETHUSDT,2,opening_range,1,0.05,0.01,validation,2025Q3,63,-0.0004478463629248861,0.9467898440672221,0.25396825396825395,-0.028214320864267825,0.19798937842726255,0,665.6825396825396,0.0017543851613155282,0.0010012537582820714,0.001100414222271668,0.00010056354368667559,-0.0004478463629248861,0.7142857142857143,-0.011649739334359453,0.1111111111111111,0.048185667604874236,0.1746031746031746,0.014429479631617085
ETHUSDT,2,opening_range,1,0.05,0.01,validation,2025Q4,65,-0.00114638365030002,0.8590901614225058,0.27692307692307694,-0.0745149372695013,0.24652769004498368,0,660.9076923076923,0.0010170295774326779,0.0010005167711917323,0.001100009082043433,6.288737449753273e-05,-0.00114638365030002,0.6615384615384615,-0.011621061138893262,0.12307692307692308,0.048267451470873926,0.2153846153846154,0.002789362852565542
ETHUSDT,3,opening_range,1,0.05,0.015,discovery,2022Q1,47,-0.002802730135807228,0.7613131618980663,0.2765957446808511,-0.13172831638293972,0.18368992467031148,0,590.0851063829788,-0.000634166382243009,0.0009988664004174411,0.0010991018319695372,7.059552117724037e-05,-0.002802730135807228,0.7021276595744681,-0.016641135916774106,0.14893617021276595,0.04827967137492152,0.14893617021276595,0.01135306703516501
ETHUSDT,3,opening_range,1,0.05,0.015,discovery,2022Q2,46,-0.006429289914324525,0.48167617547668645,0.21739130434782608,-0.29574733605892817,0.3289547189134292,0,649.7608695652174,-0.0043113622716111424,0.0009951910422071695,0.0010970813956774003,2.565520482881416e-05,-0.006429289914324525,0.7391304347826086,-0.016603857050299695,0.08695652173913043,0.0482972124672739,0.17391304347826086,0.009449369222770737
ETHUSDT,3,opening_range,1,0.05,0.015,discovery,2022Q3,50,-0.0032734009168149196,0.7389559680202527,0.24,-0.163670045840746,0.22084663337651833,0,570.02,-0.001252038514582257,0.000998248837066766,0.0010987623419565933,-7.564877679069666e-05,-0.0032734009168149196,0.76,-0.016499540084591847,0.18,0.048366697521630336,0.06,0.009337399893023717
ETHUSDT,3,opening_range,1,0.05,0.015,discovery,2022Q4,44,0.0009425388074762423,1.1087853029555028,0.3409090909090909,0.04147170752895466,0.11621780954165922,0,897.1590909090909,0.003027380865260321,0.0010025261178062512,0.0011011136701110998,-1.879773013327212e-05,0.0009425388074762423,0.4772727272727273,-0.01657091281204373,0.11363636363636363,0.0483810926520578,0.4090909090909091,0.008197522962310229
ETHUSDT,3,opening_range,1,0.05,0.015,discovery,2023Q1,33,0.001081329201988131,1.1220176529919583,0.45454545454545453,0.03568386366560833,0.09442188662910907,0,951.4848484848485,0.003316376973751376,0.0010028149694889,0.0011012724591023444,0.00013096034317200083,0.001081329201988131,0.5151515151515151,-0.01666840809398417,0.06060606060606061,0.0482385051934496,0.42424242424242425,0.015897842205460002
ETHUSDT,3,opening_range,1,0.05,0.015,discovery,2023Q2,44,-0.0011604051347019284,0.8540957151872373,0.3181818181818182,-0.051057825926884855,0.0852983885202749,0,1102.7045454545455,0.001105307984709882,0.0010006050054818668,0.0011000575866385758,0.0001650505272913685,-0.0011604051347019284,0.4090909090909091,-0.016666636759324796,0.06818181818181818,0.048239372041396354,0.5227272727272727,0.004531457374642279
ETHUSDT,3,opening_range,1,0.05,0.015,discovery,2023Q3,45,-0.002529339946405366,0.5889172736143353,0.35555555555555557,-0.11382029758824147,0.15289515362213293,0,1268.911111111111,-0.0003069088131569655,0.0009991934944395017,0.0010992816437308222,0.00012395599507807604,-0.002529339946405366,0.28888888888888886,-0.01667747202544121,0.022222222222222223,0.0482362778952356,0.6888888888888889,0.0017661471241051175
ETHUSDT,3,opening_range,1,0.05,0.015,discovery,2023Q4,51,-0.0016271305524948878,0.8239949892446947,0.35294117647058826,-0.08298365817723928,0.13378857262968252,0,984.0196078431372,0.0006924756587084097,0.0010001923794688498,0.0010998307558035818,0.0002195830759308654,-0.0016271305524948878,0.49019607843137253,-0.016709061767947894,0.0784313725490196,0.04820131680683172,0.43137254901960786,0.006451709945187783
ETHUSDT,3,opening_range,1,0.05,0.015,discovery,2024Q1,48,0.001513231892886437,1.1814718997291924,0.4375,0.07263513085854897,0.11900078172816267,0,904.0,0.003999049503109072,0.0010034973008525732,0.001101647553711241,0.0003806727556588207,0.001513231892886437,0.4791666666666667,-0.01677671332294074,0.125,0.04790512028468013,0.3958333333333333,0.009003621872531857
ETHUSDT,3,opening_range,1,0.05,0.015,discovery,2024Q2,57,-0.0049365147165155105,0.5220232814921454,0.3333333333333333,-0.2813813388413841,0.378611662850023,0,909.3157894736842,-0.0027054011987663004,0.0009967962007007777,0.0010979637914302932,0.0001363535256181405,-0.0049365147165155105,0.5964912280701754,-0.01667330889700479,0.05263157894736842,0.048214132117952,0.3508771929824561,0.007043438365146133
ETHUSDT,3,opening_range,1,0.05,0.015,discovery,2024Q3,44,-0.0035103162673342,0.6644736735382186,0.3409090909090909,-0.15445391576270479,0.2604943674894204,0,839.2727272727273,-0.0013332781011464111,0.0009981676380797068,0.001098717704843426,8.015282326465549e-05,-0.0035103162673342,0.5909090909090909,-0.016633855784007952,0.09090909090909091,0.04826155233135061,0.3181818181818182,0.0060700089497214
ETHUSDT,3,opening_range,1,0.05,0.015,discovery,2024Q4,57,-0.0022048228405878913,0.7861402579252934,0.3333333333333333,-0.1256749019135098,0.21351876860494834,0,796.1754385964912,9.890807272655532e-05,0.0009995991085183563,0.0010995046199303146,0.0002046271848657759,-0.0022048228405878913,0.5964912280701754,-0.01669817112982174,0.08771929824561403,0.04802537935698945,0.3157894736842105,0.01121866776197123
ETHUSDT,3,opening_range,1,0.05,0.015,validation,2025Q1,51,-0.002769831738063734,0.7288374257404034,0.3137254901960784,-0.14126141864125044,0.20299537470655576,0,804.7843137254902,-0.0005633914305643173,0.0009989371399993208,0.0010991407192861903,0.00010836244821390515,-0.002769831738063734,0.6078431372549019,-0.01662889125133376,0.0784313725490196,0.04827501915027045,0.3137254901960784,0.01132088334681339
ETHUSDT,3,opening_range,1,0.05,0.015,validation,2025Q2,56,-0.00540448606423308,0.5161003704306548,0.26785714285714285,-0.3026512195970525,0.30531120335313733,0,782.0892857142857,-0.003235461422638888,0.000996266405374553,0.0010976725496945926,7.508568652504688e-05,-0.00540448606423308,0.6607142857142857,-0.016644176049561806,0.07142857142857142,0.04834569838391603,0.26785714285714285,0.007986700046738007
ETHUSDT,3,opening_range,1,0.05,0.015,validation,2025Q3,58,0.0004644659577184968,1.0476865157689992,0.3448275862068966,0.026939025547672815,0.16997001641094903,0,861.0689655172414,0.002697304899065287,0.001002196206795575,0.0011009323097807486,0.00012971042477046655,0.0004644659577184968,0.5689655172413793,-0.01665477664021597,0.1206896551724138,0.048185677180758044,0.3103448275862069,0.013291495244971861
ETHUSDT,3,opening_range,1,0.05,0.015,validation,2025Q4,64,-0.0029682472437404447,0.7122339565136685,0.3125,-0.18996782359938846,0.34343269176288727,0,787.15625,-0.00080283487694372,0.0009986978162148472,0.0010990091570187628,6.770539356311557e-05,-0.0029682472437404447,0.578125,-0.016612972787453845,0.125,0.048267451470873926,0.296875,0.002030134619442753
ETHUSDT,4,opening_range,-1,0.03,0.01,discovery,2022Q1,54,-0.0012046202657625593,0.8597093227727801,0.25925925925925924,-0.0650494943511782,0.1771990551678371,0,368.51851851851853,0.0008701851851851257,0.000999629629629518,0.0011000711944444447,-2.4895373126278262e-05,-0.0012046202657625593,0.7407407407407407,-0.011591913239862283,0.25925925925925924,0.02847335966023665,0.0,
ETHUSDT,4,opening_range,-1,0.03,0.01,discovery,2022Q2,57,0.0028991162924818935,1.396287104803423,0.3684210526315789,0.16524962867146792,0.09350830950297959,0,325.1578947368421,0.00496146540276016,0.0009955363027485237,0.0010978187389949939,-3.100593146524928e-05,0.0028991162924818935,0.631578947368421,-0.011583186552015911,0.3508771929824561,0.028458626183371156,0.017543859649122806,0.013071820876617632
ETHUSDT,4,opening_range,-1,0.03,0.01,discovery,2022Q3,49,-0.0042439585439485415,0.5525008305731214,0.1836734693877551,-0.20795396865347854,0.21613352415074688,0,363.9795918367347,-0.0021517346938776183,0.0010026530612243774,0.0011017349132653063,-1.2164124418760528e-05,-0.0042439585439485415,0.8163265306122449,-0.011617561710774205,0.1836734693877551,0.02852761108638774,0.0,
ETHUSDT,4,opening_range,-1,0.03,0.01,discovery,2022Q4,51,-0.0016434305465149086,0.7928699888186376,0.27450980392156865,-0.08381495787226034,0.13071610377698117,0,634.2549019607843,0.00042016709159450085,0.0010000798728447122,0.0011003189520296878,-3.680118676499054e-05,-0.0016434305465149086,0.6666666666666666,-0.011597505904484533,0.17647058823529413,0.028441669308322988,0.1568627450980392,0.006815652388163361
ETHUSDT,4,opening_range,-1,0.03,0.01,discovery,2023Q1,48,-0.0019481797096549916,0.7620730245033854,0.2916666666666667,-0.0935126260634396,0.15460805466142583,0,623.3541666666666,8.22070755313132e-05,0.001000418001925309,0.0011005050160095167,-7.053623274852048e-05,-0.0019481797096549916,0.7083333333333334,-0.011559728984350431,0.20833333333333334,0.028564997800530782,0.08333333333333333,0.0034670453497917747
ETHUSDT,4,opening_range,-1,0.03,0.01,discovery,2023Q2,52,-0.0014548221992726415,0.8004289503711915,0.3269230769230769,-0.07565075436217736,0.10789105265958433,0,758.7307692307693,0.0005465158150915625,0.0009999534609152606,0.0011002493907052034,-9.886483725625927e-05,-0.0014548221992726415,0.6153846153846154,-0.011557221405253847,0.17307692307692307,0.028562384587398144,0.21153846153846154,0.0033744426653965847
ETHUSDT,4,opening_range,-1,0.03,0.01,discovery,2023Q3,50,-0.002950791745249842,0.4950813996205714,0.36,-0.14753958726249208,0.17159559938944036,0,1085.96,-0.0009497871873634115,0.0010014505124434703,0.001101073180734894,-0.00010151913529193427,-0.002950791745249842,0.46,-0.011568198934450675,0.02,0.02863065242915566,0.52,0.0034576283000276086
ETHUSDT,4,opening_range,-1,0.03,0.01,discovery,2023Q4,54,-0.0026259611981936833,0.6658888750505763,0.2777777777777778,-0.1418019047024589,0.14446974438324495,0,749.9629629629629,-0.0006785982137164048,0.001001179187807519,0.0011009238775708384,-0.00015474008090107867,-0.0026259611981936833,0.6666666666666666,-0.01148664162581984,0.14814814814814814,0.028692203223345692,0.18518518518518517,0.00421795680402897
ETHUSDT,4,opening_range,-1,0.03,0.01,discovery,2024Q1,56,-0.004243928473612746,0.5070129720846598,0.21428571428571427,-0.2376599945223138,0.25184189420045083,0,514.9285714285714,-0.002289663554419816,0.0010027910590838611,0.001101810850037427,-0.00015033698992835795,-0.004243928473612746,0.7321428571428571,-0.01153426865257167,0.125,0.028625553936296518,0.14285714285714285,0.004358267834881137
ETHUSDT,4,opening_range,-1,0.03,0.01,discovery,2024Q2,53,-0.0016094000219392416,0.8069583890366798,0.2641509433962264,-0.08529820116277981,0.16334105656302925,0,507.2830188679245,0.00042774625328470973,0.0010000722898915657,0.001100314779320134,-6.3240793987748e-05,-0.0016094000219392416,0.7169811320754716,-0.011570274638140582,0.20754716981132076,0.028495619619091327,0.07547169811320754,0.010230104819139448
ETHUSDT,4,opening_range,-1,0.03,0.01,discovery,2024Q3,56,-0.00042912349329057793,0.94376125472846,0.32142857142857145,-0.024030915624272363,0.1048801784923214,0,529.3571428571429,0.0016274285997237782,0.000998872007403871,0.0010996542938742243,-4.1974208263738884e-05,-0.00042912349329057793,0.6428571428571429,-0.01159428632849256,0.21428571428571427,0.028467681203795933,0.14285714285714285,0.006468902219488568
ETHUSDT,4,opening_range,-1,0.03,0.01,discovery,2024Q4,52,-0.004093170827674715,0.5352499040770093,0.21153846153846154,-0.21284488303908522,0.2267310669927123,0,407.5,-0.0021017863235922914,0.0010026030878674279,0.0011017074141763028,-0.00011292599796130621,-0.004093170827674715,0.75,-0.01157006604948269,0.1346153846153846,0.02860340229697921,0.11538461538461539,0.006360646135314201
ETHUSDT,4,opening_range,-1,0.03,0.01,validation,2025Q1,54,0.007545111805073901,2.311135680797056,0.48148148148148145,0.40743603747399065,0.03491634774065394,0,448.05555555555554,0.00960431256093284,0.000990891133005464,0.0010952626182146401,-2.6952995361163757e-05,0.007545111805073901,0.48148148148148145,-0.011597130253814923,0.46296296296296297,0.028461488348828726,0.05555555555555555,-0.0008585948825131766
ETHUSDT,4,opening_range,-1,0.03,0.01,validation,2025Q2,52,-0.003959307041671454,0.5604174999669002,0.21153846153846154,-0.20588396616691562,0.24490165464410368,0,510.9807692307692,-0.001873131647810501,0.0010023743188071078,0.00110158152828164,-1.778045322779446e-05,-0.003959307041671454,0.7692307692307693,-0.011601218270882825,0.17307692307692307,0.028458846390859938,0.057692307692307696,0.0006783823835526562
ETHUSDT,4,opening_range,-1,0.03,0.01,validation,2025Q3,52,-0.0013620984463697436,0.8271065138423516,0.2692307692307692,-0.07082911921122667,0.19137854784163175,0,521.5576923076923,0.000681173625952512,0.0009998187357418092,0.0011001752548103845,-5.672191822993766e-05,-0.0013620984463697436,0.6730769230769231,-0.011575997945063074,0.21153846153846154,0.028485131969631247,0.11538461538461539,0.0034990595333395345
ETHUSDT,4,opening_range,-1,0.03,0.01,validation,2025Q4,49,-0.0033819509195763277,0.6149598063894591,0.22448979591836735,-0.16571559505924005,0.2147902294327479,0,436.0612244897959,-0.0013017447794475734,0.001001802646102398,0.0011012669510840527,-2.28634570576963e-05,-0.0033819509195763277,0.7551020408163265,-0.011594251354595178,0.1836734693877551,0.028443311200417487,0.061224489795918366,0.00242730141900803
ETHUSDT,5,opening_range,-1,0.03,0.015,discovery,2022Q1,54,-0.002393766714708934,0.7891015731058535,0.3148148148148148,-0.12926340259428243,0.19165233128708847,0,465.81481481481484,-0.00033291666666663866,0.0010008333333332284,0.0011007335625000001,-4.071684779093255e-05,-0.002393766714708934,0.6851851851851852,-0.016565346299499167,0.3148148148148148,0.028450259440422756,0.0,
ETHUSDT,5,opening_range,-1,0.03,0.015,discovery,2022Q2,55,0.0044177761116885005,1.5183844427798519,0.4727272727272727,0.24297768614286752,0.09651193281655926,0,429.45454545454544,0.00647048673284835,0.0009940265265303194,0.0010969879468865254,-3.830385225699186e-05,0.0044177761116885005,0.509090909090909,-0.016573190300570615,0.43636363636363634,0.02846567555675959,0.05454545454545454,0.007950267065538223
ETHUSDT,5,opening_range,-1,0.03,0.015,discovery,2022Q3,48,-0.00274067652132335,0.7530464561380183,0.3125,-0.1315524730235208,0.20847893414380717,0,490.75,-0.0006410986795035808,0.0010011416695141482,0.00110090323219196,-2.4670598863380555e-06,-0.00274067652132335,0.6666666666666666,-0.016608000378975557,0.2916666666666667,0.028492288677458243,0.041666666666666664,0.0005057488096407845
ETHUSDT,5,opening_range,-1,0.03,0.015,discovery,2022Q4,51,-0.002368954563216313,0.759691338238052,0.35294117647058826,-0.12081668272403195,0.16259574894271214,0,822.1764705882352,-0.0003051567013453397,0.0010008055594809605,0.0011007182792434546,-3.7725976853440865e-05,-0.002368954563216313,0.5686274509803921,-0.016594166444379246,0.21568627450980393,0.028418307397647617,0.21568627450980393,0.004346614798985661
ETHUSDT,5,opening_range,-1,0.03,0.015,discovery,2023Q1,46,-0.001743651569399346,0.8214013284938102,0.3695652173913043,-0.08020797219236991,0.1523269041137079,0,781.1739130434783,0.0002661358394595837,0.0010002339811509917,0.0011004037539779307,-9.085032626999184e-05,-0.001743651569399346,0.5434782608695652,-0.01657035649591373,0.2608695652173913,0.028584202993114007,0.1956521739130435,-0.000995499523543859
ETHUSDT,5,opening_range,-1,0.03,0.015,discovery,2023Q2,50,-0.0038288641976956233,0.589554635225402,0.32,-0.19144320988478117,0.19144320988478114,0,904.94,-0.001849089312041306,0.0010023502644441555,0.0011015682917670671,-0.0001241436705569051,-0.0038288641976956233,0.54,-0.016548346109330273,0.16,0.028578778504572893,0.3,0.0017821271353702026
ETHUSDT,5,opening_range,-1,0.03,0.015,discovery,2023Q3,47,-0.0022513271783068303,0.5919727949068805,0.40425531914893614,-0.10581237738042101,0.12701813907762166,0,1260.659574468085,-0.0002848033382569148,0.0010007851959361166,0.0011007070736938063,-0.00013496842958000719,-0.0022513271783068303,0.2553191489361702,-0.016554449047164847,0.02127659574468085,0.02863065242915566,0.723404255319149,0.001888539963423574
ETHUSDT,5,opening_range,-1,0.03,0.015,discovery,2023Q4,49,-0.0029089159910509334,0.6770254040087182,0.32653061224489793,-0.14253688356149574,0.17555623236108087,0,911.265306122449,-0.0010192403657188227,0.0010015200003657828,0.001101111418201347,-0.00021295579323501735,-0.0029089159910509334,0.5102040816326531,-0.01646079643501618,0.16326530612244897,0.028725786541432534,0.32653061224489793,0.002448545936403027
ETHUSDT,5,opening_range,-1,0.03,0.015,discovery,2024Q1,54,-0.005219718115936312,0.523327272064743,0.2777777777777778,-0.28186477826056083,0.2920115774683995,0,664.425925925926,-0.003299454342016083,0.0010038013550194142,0.0011023667906333698,-0.0001859043717325536,-0.005219718115936312,0.6296296296296297,-0.016513672848455143,0.16666666666666666,0.028648225000195735,0.2037037037037037,0.0019787339622865732
ETHUSDT,5,opening_range,-1,0.03,0.015,discovery,2024Q2,52,-0.0008789206540744594,0.9069227696268849,0.34615384615384615,-0.045703874011871884,0.1367077521649126,0,667.7115384615385,0.0011357049312951037,0.0009993639770571319,0.0010999250124751692,-8.4663404162738e-05,-0.0008789206540744594,0.5384615384615384,-0.016585841589724287,0.2692307692307692,0.028503689217168778,0.19230769230769232,0.0019648041460045332
ETHUSDT,5,opening_range,-1,0.03,0.015,discovery,2024Q3,56,-0.00027191632599743643,0.9713886287066706,0.39285714285714285,-0.015227314255856439,0.1202033586217347,0,651.0892857142857,0.0017789124443791948,0.0009987204477794078,0.0010995708944018703,-4.746257180464631e-05,-0.00027191632599743643,0.5535714285714286,-0.016589444369484535,0.2857142857142857,0.028457873182250848,0.16071428571428573,0.004857721142461169
ETHUSDT,5,opening_range,-1,0.03,0.015,discovery,2024Q4,52,-0.007602020730680174,0.3827575233839031,0.21153846153846154,-0.395305077995369,0.4042778776329769,0,570.5,-0.005647252175034036,0.0010061503273385895,0.001103659371376305,-0.00015504114306875766,-0.007602020730680174,0.7307692307692307,-0.016543313048200652,0.1346153846153846,0.02860340229697921,0.1346153846153846,0.004731000251057334
ETHUSDT,5,opening_range,-1,0.03,0.015,validation,2025Q1,54,0.005974221179700372,1.7608889388518092,0.5,0.32260794370382007,0.059225437661666214,0,527.2037037037037,0.00803102552389586,0.0009924652070795474,0.0010961287918257513,-3.178965470981247e-05,0.005974221179700372,0.46296296296296297,-0.01659052504386495,0.48148148148148145,0.028459494401845524,0.05555555555555555,-0.0008585948825131766
ETHUSDT,5,opening_range,-1,0.03,0.015,validation,2025Q2,49,-0.005179252398123258,0.5268087275963644,0.30612244897959184,-0.25378336750803965,0.25905481619996495,0,714.5918367346939,-0.0031099311966553307,0.0010036117370650858,0.0011022624486135466,-3.655298421070448e-05,-0.005179252398123258,0.6326530612244898,-0.01659625729541705,0.1836734693877551,0.028458846390859938,0.1836734693877551,0.0005078879035721763
ETHUSDT,5,opening_range,-1,0.03,0.015,validation,2025Q3,52,-0.003370029885111742,0.6770405058217618,0.28846153846153844,-0.17524155402581057,0.2770685414623012,0,632.7884615384615,-0.0013354922852615045,0.0010018364104903955,0.001101285530782664,-6.858434142282113e-05,-0.003370029885111742,0.5961538461538461,-0.01657982702439531,0.23076923076923078,0.02848887266730191,0.17307692307692307,-0.00034815425301986606
ETHUSDT,5,opening_range,-1,0.03,0.015,validation,2025Q4,49,-0.004401741590077616,0.6186753029188536,0.2857142857142857,-0.21568533791380318,0.2308220451122284,0,535.3061224489796,-0.002321642738631185,0.0010028230542656648,0.0011018284561860935,-2.4552659005327062e-05,-0.004401741590077616,0.6938775510204082,-0.016594803776345292,0.24489795918367346,0.0284380071854094,0.061224489795918366,0.00242730141900803
ETHUSDT,6,opening_range,-1,0.05,0.01,discovery,2022Q1,54,0.00047462040844316577,1.0526703658539653,0.2222222222222222,0.025629502055930953,0.20661552650673884,0,451.51851851851853,0.002528569946959829,0.0009979704152605557,0.0010991581702575657,-4.3179047001457984e-05,0.00047462040844316577,0.7777777777777778,-0.011585760408781861,0.18518518518518517,0.04852116088281849,0.037037037037037035,0.013509915198292081
ETHUSDT,6,opening_range,-1,0.05,0.01,discovery,2022Q2,55,0.004918339165694781,1.6141633864581497,0.3090909090909091,0.27050865411321295,0.10453108447608672,0,410.3636363636364,0.006968575178763399,0.000993528188915605,0.001096713724155584,-4.0005900002571676e-05,0.004918339165694781,0.6909090909090909,-0.011590806207947155,0.23636363636363636,0.04850377458263609,0.07272727272727272,0.02010255511023392
ETHUSDT,6,opening_range,-1,0.05,0.01,discovery,2022Q3,47,-0.007939506097274224,0.2530000301390436,0.0851063829787234,-0.37315678657188855,0.3731567865718885,0,453.3829787234043,-0.005844047819738133,0.0010063472214303468,0.001103767717272643,-1.465666116689958e-05,-0.007939506097274224,0.9148936170212766,-0.011617222428553387,0.02127659574468085,0.04864901284063433,0.06382978723404255,0.025911588338424274
ETHUSDT,6,opening_range,-1,0.05,0.01,discovery,2022Q4,50,-0.0015011335740139867,0.8146077038800268,0.26,-0.07505667870069933,0.14437331566147102,0,692.58,0.0005541224375599366,0.0009999458504875674,0.0011002452028771104,-4.493504179075446e-05,-0.0015011335740139867,0.68,-0.011603513216364759,0.06,0.04851081717679015,0.26,0.013379255317333232
ETHUSDT,6,opening_range,-1,0.05,0.01,discovery,2023Q1,47,-0.0032254394826740015,0.6252660839645668,0.2553191489361702,-0.15159565568567807,0.18509219155432746,0,722.4255319148937,-0.0012009959874520358,0.0010017018469107841,0.0011012114838089,-7.846983549772032e-05,-0.0032254394826740015,0.7446808510638298,-0.01155834650352993,0.0425531914893617,0.048649837108139096,0.2127659574468085,0.01556467977215914
ETHUSDT,6,opening_range,-1,0.05,0.01,discovery,2023Q2,51,0.0011190067773830363,1.15528334611261,0.3333333333333333,0.05706934564653485,0.09233202945280915,0,787.6666666666666,0.003112044114122847,0.000997386649210381,0.0010988369383942984,-0.00010318625086486797,0.0011190067773830363,0.6078431372549019,-0.011557477395871627,0.11764705882352941,0.048581772893787206,0.27450980392156865,0.008847179111130856
ETHUSDT,6,opening_range,-1,0.05,0.01,discovery,2023Q3,50,-0.002550371635249842,0.5635984550279697,0.36,-0.1275185817624921,0.1715955993894404,0,1086.8,-0.0005499871873634104,0.001001050512443471,0.0011008530707348938,-0.00010151913529193427,-0.002550371635249842,0.46,-0.011568198934450675,0.02,0.04865165792915568,0.52,0.0034576283000276086
ETHUSDT,6,opening_range,-1,0.05,0.01,discovery,2023Q4,52,-0.003807029105820626,0.5207245200458372,0.2692307692307692,-0.19796551350267255,0.2006333531834586,0,821.9807692307693,-0.0018730605259126539,0.0010023742476496333,0.0011015814891254595,-0.0001699871568671211,-0.003807029105820626,0.6730769230769231,-0.011490152137062205,0.019230769230769232,0.048452238750000196,0.3076923076923077,0.00973359828403153
ETHUSDT,6,opening_range,-1,0.05,0.01,discovery,2024Q1,56,-0.0028217334683190037,0.6722192645882079,0.21428571428571427,-0.1580170742258642,0.2598110017752698,0,551.625,-0.000878389788098422,0.001001379079327663,0.0011010338728770846,-0.0001590692719841662,-0.0028217334683190037,0.7321428571428571,-0.01153426865257167,0.08928571428571429,0.048703977690613284,0.17857142857142858,0.007136805207650791
ETHUSDT,6,opening_range,-1,0.05,0.01,discovery,2024Q2,51,-0.0028302752535633476,0.6757333002174221,0.21568627450980393,-0.14434403793173073,0.27671566270252995,0,615.5882352941177,-0.0008185016133632261,0.0010013191611938706,0.0011010009014260065,-9.054642241975569e-05,-0.0028302752535633476,0.7450980392156863,-0.011570274638140582,0.058823529411764705,0.04866652554616211,0.19607843137254902,0.014932682167912511
ETHUSDT,6,opening_range,-1,0.05,0.01,discovery,2024Q3,55,-0.0010841965443049676,0.8641026621772534,0.2909090909090909,-0.05963080993677322,0.16731040459306362,0,642.0909090909091,0.0009673435643215107,0.0009995324226468889,0.0011000177038720791,-4.8010017892489515e-05,-0.0010841965443049676,0.6727272727272727,-0.01159150277892706,0.09090909090909091,0.04853155300369281,0.23636363636363636,0.009738232912697226
ETHUSDT,6,opening_range,-1,0.05,0.01,discovery,2024Q4,51,-0.004151497904906097,0.5375929760777697,0.19607843137254902,-0.21172639315021094,0.27140550777540906,0,484.11764705882354,-0.002179759243354753,0.0010026810997931495,0.0011017503421887314,-0.00013269278043053648,-0.004151497904906097,0.7647058823529411,-0.011567547641048698,0.0392156862745098,0.048649221410549615,0.19607843137254902,0.014210952202958907
ETHUSDT,6,opening_range,-1,0.05,0.01,validation,2025Q1,52,0.007478738172162996,2.2068530671656257,0.4423076923076923,0.3888943849524758,0.058921243472870366,0,630.5192307692307,0.009522021223624274,0.0009909734655090233,0.0010953079237330367,-4.2998337780783674e-05,0.007478738172162996,0.5192307692307693,-0.011593085057054829,0.23076923076923078,0.04848305379012613,0.25,0.009239310462418663
ETHUSDT,6,opening_range,-1,0.05,0.01,validation,2025Q2,50,-0.004935489345215471,0.4858818787314239,0.16,-0.24677446726077354,0.2987892328787712,0,583.98,-0.0028528903749067075,0.0010033545676586227,0.001102120934718411,-2.2876532068271687e-05,-0.004935489345215471,0.82,-0.011601996936972135,0.06,0.048533956435266694,0.12,0.013884256308214002
ETHUSDT,6,opening_range,-1,0.05,0.01,validation,2025Q3,49,-0.0015715831690781494,0.8007814214133215,0.2653061224489796,-0.07700757528482932,0.1879331100756423,0,660.1020408163265,0.0004683393608816826,0.0010000316764772563,0.0011002924307735777,-6.040157729100189e-05,-0.0015715831690781494,0.673469387755102,-0.011576939017618389,0.04081632653061224,0.0484828331342714,0.2857142857142857,0.014861839002002483
ETHUSDT,6,opening_range,-1,0.05,0.01,validation,2025Q4,48,-0.0021195939774091184,0.7643803077171213,0.20833333333333334,-0.10174051091563768,0.21450468271080625,0,494.8541666666667,-3.556925307773908e-05,0.00100053583717156,0.0011005698577996371,-1.7080970639818103e-05,-0.0021195939774091184,0.7708333333333334,-0.011594251354595178,0.125,0.048464562510904086,0.10416666666666667,0.007291882827791874
ETHUSDT,7,opening_range,-1,0.05,0.015,discovery,2022Q1,54,-0.0007110292319163754,0.9407225957204502,0.25925925925925924,-0.03839557852348427,0.23375877390217858,0,587.0925925925926,0.0013235663300157935,0.000999176021680721,0.001099821585330416,-6.440204507896596e-05,-0.0007110292319163754,0.7222222222222222,-0.016572327522504853,0.2222222222222222,0.04852597053681174,0.05555555555555555,0.008537849470821347
ETHUSDT,7,opening_range,-1,0.05,0.015,discovery,2022Q2,52,0.00637719430014625,1.660206745221097,0.40384615384615385,0.331614103607605,0.11643462691368278,0,539.25,0.008414411279209612,0.0009920816295354664,0.0010959177186926794,-5.078236916478423e-05,0.00637719430014625,0.5769230769230769,-0.016587219177642096,0.2692307692307692,0.04850694363413458,0.15384615384615385,0.018766683507372962
ETHUSDT,7,opening_range,-1,0.05,0.015,discovery,2022Q3,46,-0.007875953098665152,0.39786394036955086,0.17391304347826086,-0.36229384253859703,0.362293842538597,0,611.7608695652174,-0.005761141544468046,0.0010062642736812031,0.0011037220731999824,4.825207315921474e-06,-0.007875953098665152,0.782608695652174,-0.01660629843875143,0.06521739130434782,0.048551434932631476,0.15217391304347827,0.01283979949408002
ETHUSDT,7,opening_range,-1,0.05,0.015,discovery,2022Q4,50,-0.0021268688987619187,0.7885650179871901,0.34,-0.10634344493809594,0.15623195532720202,0,895.0,-7.234658491212485e-05,0.0010005726329012352,0.0011005901055697977,-4.6640424621238636e-05,-0.0021268688987619187,0.58,-0.016601209499687093,0.08,0.04845178132406492,0.34,0.010663794426857063
ETHUSDT,7,opening_range,-1,0.05,0.015,discovery,2023Q1,44,-0.0036832090358084007,0.6517265347794107,0.3181818181818182,-0.16206119757556964,0.19492111673494056,0,916.7045454545455,-0.0016833545945599319,0.0010021844468178455,0.0011014770464727582,-0.00010380705204213296,-0.0036832090358084007,0.5909090909090909,-0.016557315980225026,0.045454545454545456,0.048649837108139096,0.36363636363636365,0.010695583980875174
ETHUSDT,7,opening_range,-1,0.05,0.015,discovery,2023Q2,49,-0.0015067420549807501,0.8359197546350076,0.32653061224489793,-0.07383036069405675,0.1157487231636297,0,928.4489795918367,0.00046629513945793005,0.0010000337217212986,0.001100293556220245,-0.00012729008350286314,-0.0015067420549807501,0.5306122448979592,-0.016551627098992407,0.10204081632653061,0.048607679722544636,0.3673469387755102,0.006304085848167922
ETHUSDT,7,opening_range,-1,0.05,0.015,discovery,2023Q3,47,-0.0018253483378812979,0.6691765693570948,0.40425531914893614,-0.085791371880421,0.12701813907762166,0,1261.5531914893618,0.00014051581067925663,0.0010003596640212238,0.001100472914119338,-0.00013496842958000719,-0.0018253483378812979,0.2553191489361702,-0.016554449047164847,0.02127659574468085,0.04865165792915568,0.723404255319149,0.001888539963423574
ETHUSDT,7,opening_range,-1,0.05,0.015,discovery,2023Q4,47,-0.0033393146663177036,0.6159251332504517,0.3404255319148936,-0.15694778931693207,0.20030673515276054,0,982.3191489361702,-0.001464057777787526,0.0010019650402978157,0.001101356312549947,-0.00022806446431758364,-0.0033393146663177036,0.48936170212765956,-0.016471003056821285,0.02127659574468085,0.048452238750000196,0.48936170212765956,0.007540567053911186
ETHUSDT,7,opening_range,-1,0.05,0.015,discovery,2024Q1,53,-0.0038016505783635825,0.6577384508054701,0.2830188679245283,-0.20148748065326988,0.3123449246098999,0,711.1132075471698,-0.0019039678958593137,0.0010024051704809929,0.0011015985051864873,-0.00020632099316321098,-0.0038016505783635825,0.6415094339622641,-0.016513672848455143,0.11320754716981132,0.04881797144052196,0.24528301886792453,0.005159197503928704
ETHUSDT,7,opening_range,-1,0.05,0.015,discovery,2024Q2,50,-0.000892944576712728,0.9096771781542552,0.3,-0.044647228835636404,0.21273162768365977,0,786.18,0.0010922504544346235,0.0009994074532721036,0.0010999489363493608,-0.00011416135847411219,-0.000892944576712728,0.56,-0.016585841589724284,0.12,0.04861698196900515,0.32,0.008003402741413292
ETHUSDT,7,opening_range,-1,0.05,0.015,discovery,2024Q3,55,-0.0007407204899968881,0.9279196076038909,0.34545454545454546,-0.04073962694982884,0.16309658544210143,0,797.0363636363636,0.0013033089334252076,0.000999196289211073,0.0010998327380456823,-5.499960383465879e-05,-0.0007407204899968881,0.6,-0.016583572162123947,0.14545454545454545,0.04849411925111943,0.2545454545454545,0.008468950027950424
ETHUSDT,7,opening_range,-1,0.05,0.015,discovery,2024Q4,51,-0.007729148786401855,0.3844095632382961,0.19607843137254902,-0.3941865881064946,0.40672624785687134,0,645.7058823529412,-0.005794744033060059,0.0010062978929794289,0.001103740573059322,-0.0001756337126969575,-0.007729148786401855,0.7450980392156863,-0.016540728365860503,0.0392156862745098,0.048649221410549615,0.21568627450980393,0.012460240634100471
ETHUSDT,7,opening_range,-1,0.05,0.015,validation,2025Q1,52,0.006138106047165828,1.724783440422871,0.46153846153846156,0.31918151445262305,0.08882632315090677,0,718.3076923076923,0.00817654045439356,0.0009923196193551884,0.001096048678540729,-4.9933890668186364e-05,0.006138106047165828,0.5,-0.01658295454875378,0.25,0.0484790228237522,0.25,0.009239310462418663
ETHUSDT,7,opening_range,-1,0.05,0.015,validation,2025Q2,47,-0.006378082603563609,0.45797177900759695,0.2553191489361702,-0.29976988236748964,0.3332960449024841,0,798.4893617021277,-0.0043111872701127795,0.001004813594067035,0.0011029238004752993,-4.0842061091503987e-05,-0.006378082603563609,0.6808510638297872,-0.016600410422002044,0.06382978723404255,0.048533956435266694,0.2553191489361702,0.0071534484858979674
ETHUSDT,7,opening_range,-1,0.05,0.015,validation,2025Q3,49,-0.003264999348436321,0.6912527734445607,0.2857142857142857,-0.15998496807337972,0.2425611462356573,0,773.9591836734694,-0.0012329150247389767,0.0010017337819155942,0.0011012290568436604,-7.087851506191053e-05,-0.003264999348436321,0.6122448979591837,-0.016578620287708495,0.061224489795918366,0.048538234583180496,0.32653061224489793,0.011984933550520853
ETHUSDT,7,opening_range,-1,0.05,0.015,validation,2025Q4,48,-0.0032775919755549717,0.7225493760292694,0.2708333333333333,-0.15732441482663864,0.2206753474421395,0,624.5416666666666,-0.0011919926257325407,0.0010016928390451565,0.0011012065270056281,-1.730001622835393e-05,-0.0032775919755549717,0.7083333333333334,-0.016594803776345292,0.14583333333333334,0.04846751221684827,0.14583333333333334,0.009660904007309078
ETHUSDT,8,sweep_reclaim,1,0.03,0.01,discovery,2022Q1,255,-0.0025226343525869962,0.7159498216033059,0.23529411764705882,-0.643271759909684,0.8287249780173626,0,254.49803921568628,-0.0003923906875374029,0.0009991080552847003,0.0010992346756914476,3.190093407344558e-05,-0.0025226343525869962,0.7647058823529411,-0.011613545031439325,0.21568627450980393,0.028332820544003837,0.0196078431372549,0.0126128782601546
ETHUSDT,8,sweep_reclaim,1,0.03,0.01,discovery,2022Q2,305,-0.0039740172141248045,0.5686453709948559,0.20327868852459016,-1.2120752503080654,1.2636599144328777,0,234.7344262295082,-0.0018562872709505965,0.0009976448902837911,0.001098430337311321,2.1654715579096286e-05,-0.0039740172141248045,0.7934426229508197,-0.011604815998523258,0.1737704918032787,0.02834869353850056,0.03278688524590164,0.009380946379403366
ETHUSDT,8,sweep_reclaim,1,0.03,0.01,discovery,2022Q3,256,-0.001920009945730933,0.7781752321763544,0.25,-0.4915225461071189,0.5559860018592221,1,246.28515625,0.00018234024662193172,0.0009996824989970115,0.0010995504617611934,3.1172315946599696e-06,-0.001920009945730933,0.74609375,-0.011585379112540877,0.234375,0.02834829199179011,0.01953125,0.004077468976156464
ETHUSDT,8,sweep_reclaim,1,0.03,0.01,discovery,2022Q4,183,-0.0022932033625485907,0.7221158698286073,0.2677595628415301,-0.4196562153463921,0.4516349655212661,0,455.3551912568306,-0.00018263194588506422,0.0009993177091994088,0.0010993499276897034,1.1903779774414553e-05,-0.0022932033625485907,0.7049180327868853,-0.01159848466682159,0.18579234972677597,0.028382765783760783,0.1092896174863388,0.005576713501286326
ETHUSDT,8,sweep_reclaim,1,0.03,0.01,discovery,2023Q1,149,-0.001265032116241511,0.8401841577102264,0.2953020134228188,-0.18848978531998511,0.3524618685159843,0,525.0671140939597,0.0009096363644289647,0.0010004094316484954,0.0010999500748130292,7.4308974208951e-05,-0.001265032116241511,0.6711409395973155,-0.011639723466404527,0.2080536912751678,0.028268348579953785,0.12080536912751678,0.005509097518994473
ETHUSDT,8,sweep_reclaim,1,0.03,0.01,discovery,2023Q2,147,-0.002867308681156766,0.6490516687635148,0.2925170068027211,-0.4214943761300446,0.5231957834047243,0,597.2312925170068,-0.000681718183448887,0.0009988188723802516,0.001099075704619294,8.76959207083334e-05,-0.002867308681156766,0.7006802721088435,-0.011647855101360545,0.14285714285714285,0.02828845157454166,0.1564625850340136,0.008007705054118118
ETHUSDT,8,sweep_reclaim,1,0.03,0.01,discovery,2023Q3,108,-0.0026727442555024073,0.5860597708149589,0.32407407407407407,-0.28865637959426,0.3316027290754123,0,902.6203703703703,-0.0004953792889909659,0.0009990051181518122,0.0010991780885760713,7.91817597835571e-05,-0.0026727442555024073,0.5092592592592593,-0.011619299264437657,0.08333333333333333,0.02832900559795075,0.4074074074074074,0.0021691824901876
ETHUSDT,8,sweep_reclaim,1,0.03,0.01,discovery,2023Q4,142,-0.0028759263561790867,0.6480683302784866,0.28169014084507044,-0.4083815425774303,0.4367503258274301,0,570.9154929577464,-0.0006205500221686908,0.0009988800099727376,0.0010991093134823222,0.00015738701055533567,-0.0028759263561790867,0.6901408450704225,-0.011688021911436506,0.14084507042253522,0.028143718191613633,0.16901408450704225,0.007257093371294773
ETHUSDT,8,sweep_reclaim,1,0.03,0.01,discovery,2024Q1,176,-0.002609584437729594,0.6946655053439836,0.2556818181818182,-0.4592868610404086,0.6018992605839362,0,439.35795454545456,-0.0003403619157182436,0.0009991600580551404,0.0010992632629144245,0.00017079920104178588,-0.002609584437729594,0.7272727272727273,-0.011716212603419297,0.1875,0.02814895999536133,0.08522727272727272,0.007431511490022498
ETHUSDT,8,sweep_reclaim,1,0.03,0.01,discovery,2024Q2,168,-0.0041169769514777495,0.5342990346201455,0.2261904761904762,-0.6916521278482619,0.7272449968443593,0,479.125,-0.0019455382325151472,0.0009975556839254141,0.0010983812983459576,7.55017366912303e-05,-0.0041169769514777495,0.7559523809523809,-0.011637866951523952,0.13690476190476192,0.028268980820352004,0.10714285714285714,0.007565023118176869
ETHUSDT,8,sweep_reclaim,1,0.03,0.01,discovery,2024Q3,206,-0.003701618286978652,0.5860703391374554,0.21844660194174756,-0.7625333671176023,0.7625333671176027,0,386.8883495145631,-0.001573337273253717,0.0009979276988771935,0.0010985858042653277,3.176751058241407e-05,-0.003701618286978652,0.7669902912621359,-0.011606760549778886,0.16019417475728157,0.02833708017006408,0.07281553398058252,0.009080743609023131
ETHUSDT,8,sweep_reclaim,1,0.03,0.01,discovery,2024Q4,195,-0.0022095046893147955,0.739319709355023,0.2564102564102564,-0.43085341441638514,0.45901434694578164,0,410.7846153846154,1.3071024253883807e-05,0.000999513314366956,0.0010994574567404377,0.00012360494246128634,-0.0022095046893147955,0.7230769230769231,-0.011664723656892615,0.2,0.028188324981124238,0.07692307692307693,0.007635196462775217
ETHUSDT,8,sweep_reclaim,1,0.03,0.01,validation,2025Q1,255,-0.0034120563734090325,0.6192913343189698,0.22745098039215686,-0.8700743752193033,0.9714229020596369,0,285.47058823529414,-0.0012865999917767111,0.0009982142928616881,0.0010987433521434486,2.8498736627185045e-05,-0.0034120563734090325,0.7725490196078432,-0.01160105243757967,0.17647058823529413,0.028308522292236602,0.050980392156862744,0.010880727064095683
ETHUSDT,8,sweep_reclaim,1,0.03,0.01,validation,2025Q2,205,-0.0028151295683579067,0.6798367734711007,0.23414634146341465,-0.5771015615133709,0.6446221379806283,0,328.1658536585366,-0.000692732990013225,0.0009988078630783306,0.0010990696525307994,2.4519062735551837e-05,-0.0028151295683579067,0.7560975609756098,-0.011606397150104128,0.2,0.02833347824728727,0.04390243902439024,0.006690820957110077
ETHUSDT,8,sweep_reclaim,1,0.03,0.01,validation,2025Q3,202,-0.002008868367058499,0.7615439882028701,0.26732673267326734,-0.4057914101458168,0.4665101790795913,0,403.8069306930693,0.00013833754180558397,0.0009996385182825507,0.0010995262844629376,4.804110611859518e-05,-0.002008868367058499,0.7178217821782178,-0.011609971291092265,0.2079207920792079,0.02827696054102479,0.07425742574257425,0.00600147228930135
ETHUSDT,8,sweep_reclaim,1,0.03,0.01,validation,2025Q4,229,-0.002844643641321497,0.6732882403139961,0.23580786026200873,-0.6514233938626228,0.7286351370406846,0,332.9694323144105,-0.0007322752850891843,0.0009987683405445306,0.0010990479260059012,1.4552089681880566e-05,-0.002844643641321497,0.7467248908296943,-0.011597083308828469,0.18777292576419213,0.028351078811238616,0.06550218340611354,0.007505430870919017
ETHUSDT,9,sweep_reclaim,1,0.03,0.015,discovery,2022Q1,202,-0.002457942026006109,0.7783214584069013,0.32673267326732675,-0.49650428925323403,0.769835345189478,0,359.38613861386136,-0.0003135584109331722,0.0009991868481648736,0.001099277990107496,4.5918776800567206e-05,-0.002457942026006109,0.6633663366336634,-0.016618221462065385,0.297029702970297,0.02831951552534648,0.039603960396039604,0.0038958068928422627
ETHUSDT,9,sweep_reclaim,1,0.03,0.015,discovery,2022Q2,246,-0.004521394368713411,0.6136529528087146,0.2764227642276423,-1.112263014703499,1.1820332022881233,0,316.7764227642276,-0.0023978043674916377,0.0009971036438104915,0.0010981328005937833,2.8353556817497947e-05,-0.004521394368713411,0.7032520325203252,-0.016603189205643343,0.23983739837398374,0.02834591161468967,0.056910569105691054,0.006262852329007736
ETHUSDT,9,sweep_reclaim,1,0.03,0.015,discovery,2022Q3,201,-0.0013275023208095453,0.8744542933758772,0.35323383084577115,-0.2668279664827186,0.3794877086897028,1,360.452736318408,0.0007785149526932246,0.0010002783757647048,0.0010998780301173104,5.86086762075468e-06,-0.0013275023208095453,0.6368159203980099,-0.01657682556003869,0.31840796019900497,0.02834893448564181,0.04477611940298507,0.004519322013461943
ETHUSDT,9,sweep_reclaim,1,0.03,0.015,discovery,2022Q4,144,-0.002370765257576112,0.7621128705859126,0.3611111111111111,-0.3413901970909601,0.3750572176083011,0,616.9722222222222,-0.00025619470052908006,0.0009992441832077682,0.001099309508613945,1.6016865225319556e-05,-0.002370765257576112,0.5833333333333334,-0.01659983074647467,0.2361111111111111,0.028374715242632395,0.18055555555555555,0.003394433360131172
ETHUSDT,9,sweep_reclaim,1,0.03,0.015,discovery,2023Q1,117,0.0008165783113666084,1.0982247401784722,0.4444444444444444,0.09553966242989317,0.2101992662355227,0,703.5641025641025,0.003020761703554596,0.001002519501952461,0.001101110033210881,0.00010055385702464652,0.0008165783113666084,0.48717948717948717,-0.016646289693543675,0.27350427350427353,0.028277263753006616,0.23931623931623933,0.004982347673773966
ETHUSDT,9,sweep_reclaim,1,0.03,0.015,discovery,2023Q2,111,-0.002904050198572235,0.6993370942131786,0.3783783783783784,-0.3223495720415181,0.41237723277073435,0,827.8828828828829,-0.0006833587653202378,0.0009988172326182605,0.0010990748032011339,0.00012279939743260247,-0.002904050198572235,0.5585585585585585,-0.016673859749194803,0.18018018018018017,0.028277394471277657,0.26126126126126126,0.005030408378724365
ETHUSDT,9,sweep_reclaim,1,0.03,0.015,discovery,2023Q3,96,-0.00393736852518611,0.48260694621346867,0.34375,-0.37798737841786656,0.4224350804847091,0,1025.6770833333333,-0.0017493029685945818,0.000997751821120734,0.0010984891198656565,9.182461560513717e-05,-0.00393736852518611,0.3958333333333333,-0.016628840546883728,0.07291666666666667,0.028304232646719718,0.53125,0.0010937045850328867
ETHUSDT,9,sweep_reclaim,1,0.03,0.015,discovery,2023Q4,113,-0.002221260066788418,0.7637410146503684,0.39823008849557523,-0.25100238754709125,0.27945326407123716,0,780.8849557522124,8.718022810571225e-05,0.0009995873865347314,0.0010994981760628637,0.0002093547322965345,-0.002221260066788418,0.5486725663716814,-0.01674091212151439,0.19469026548672566,0.028158713863264972,0.25663716814159293,0.005773877896378318
ETHUSDT,9,sweep_reclaim,1,0.03,0.015,discovery,2024Q1,138,-0.0021970406002159303,0.7868308688427583,0.34782608695652173,-0.3031916028297984,0.42537722055332766,0,603.9202898550725,0.00013593724271445063,0.0009996361191830132,0.0010995249656179423,0.00023381675812942534,-0.0021970406002159303,0.6014492753623188,-0.01676172368403129,0.2608695652173913,0.028112901802229067,0.13768115942028986,0.00399826305602905
ETHUSDT,9,sweep_reclaim,1,0.03,0.015,discovery,2024Q2,135,-0.004765075874376529,0.5592623030588835,0.3111111111111111,-0.6432852430408315,0.6994402267022836,0,644.6148148148148,-0.0025696310113275337,0.0009969319030370342,0.0010980383903970996,0.0001004745696148619,-0.004765075874376529,0.6370370370370371,-0.01665221000747176,0.17037037037037037,0.0282796662205707,0.1925925925925926,0.005322019020331295
ETHUSDT,9,sweep_reclaim,1,0.03,0.015,discovery,2024Q3,157,-0.0036440594964793245,0.6670467450689115,0.3248407643312102,-0.572117340947254,0.572117340947254,0,546.5031847133758,-0.0015013263584320617,0.0009979996738045606,0.00109862537068227,4.610809356043218e-05,-0.0036440594964793245,0.6496815286624203,-0.016609894308398963,0.2229299363057325,0.028323982658199718,0.12738853503184713,0.0065376242736225176
ETHUSDT,9,sweep_reclaim,1,0.03,0.015,discovery,2024Q4,147,-0.002490701606554834,0.7600146278693672,0.3469387755102041,-0.3661331361635606,0.41194111749204415,0,563.6734693877551,-0.0002262542739604694,0.0009992741086715844,0.0010993259593895526,0.0001658472645332274,-0.002490701606554834,0.6122448979591837,-0.016693446813496854,0.24489795918367346,0.02816930605699753,0.14285714285714285,0.00581819328567834
ETHUSDT,9,sweep_reclaim,1,0.03,0.015,validation,2025Q1,198,-0.004268779762162553,0.6261666449146546,0.30303030303030304,-0.8452183929081856,0.9409199822353719,0,398.42929292929296,-0.00213245728149805,0.0009973688582892474,0.001098278595623117,4.067502675213838e-05,-0.004268779762162553,0.6818181818181818,-0.016602251300689604,0.22727272727272727,0.028312443577949282,0.09090909090909091,0.006779198426510744
ETHUSDT,9,sweep_reclaim,1,0.03,0.015,validation,2025Q2,161,-0.0013093961944804268,0.8729933713832406,0.3416149068322981,-0.2108127873113487,0.3119754022345331,0,478.72049689440996,0.000827090788027852,0.0010003269273242512,0.0010999047201233872,3.62553350606405e-05,-0.0013093961944804268,0.6086956521739131,-0.016607238725953426,0.30434782608695654,0.02831864234645291,0.08695652173913043,0.0020773666325638917
ETHUSDT,9,sweep_reclaim,1,0.03,0.015,validation,2025Q3,154,-0.0011249348541737545,0.8881039914827928,0.37012987012987014,-0.1732399675427582,0.4732851486099378,0,570.8051948051948,0.0010453136754228916,0.0010005450411547441,0.0011000246227488473,6.967886569305457e-05,-0.0011249348541737545,0.5909090909090909,-0.016614520267462605,0.2922077922077922,0.028271302729003252,0.11688311688311688,0.003692930777288458
ETHUSDT,9,sweep_reclaim,1,0.03,0.015,validation,2025Q4,177,-0.0038016430154483617,0.6564634776114456,0.3107344632768362,-0.67289081373436,0.7469087703397858,0,485.5141242937853,-0.0016841441178429674,0.0009978169474083465,0.0010985249214141117,2.1157028782935522e-05,-0.0038016430154483617,0.6610169491525424,-0.01659372458481767,0.23163841807909605,0.028342806438039558,0.10734463276836158,0.00560631045945712
ETHUSDT,10,sweep_reclaim,1,0.05,0.01,discovery,2022Q1,229,-0.0028109501929927333,0.7051166107392445,0.17903930131004367,-0.643707594195336,0.9118242759131442,0,332.5633187772926,-0.0006720812405610782,0.0009988285045070626,0.0010990809996402125,4.095944828437976e-05,-0.0028109501929927333,0.8209606986899564,-0.011611290054188502,0.11353711790393013,0.048271128812406354,0.06550218340611354,0.018944372457969153
ETHUSDT,10,sweep_reclaim,1,0.05,0.01,discovery,2022Q2,272,-0.0034506533478241325,0.6375579915300262,0.17647058823529413,-0.9385777106081641,0.9769856068284078,0,304.9117647058824,-0.0013268320542274667,0.0009981740809052002,0.0010987212466256771,2.6925966065788547e-05,-0.0034506533478241325,0.8198529411764706,-0.011605525113944476,0.10661764705882353,0.048311888052849375,0.07352941176470588,0.0124204818134411
ETHUSDT,10,sweep_reclaim,1,0.05,0.01,discovery,2022Q3,225,-0.0011620927117348032,0.8747292947328126,0.19555555555555557,-0.2614708601403307,0.4520797143374279,0,341.72444444444443,0.0009186037917902298,0.0010004183945943803,0.0010999550019684576,-1.96768930378054e-05,-0.0011620927117348032,0.8,-0.011579108451524567,0.1511111111111111,0.04843765765768852,0.04888888888888889,0.015989845524789267
ETHUSDT,10,sweep_reclaim,1,0.05,0.01,discovery,2022Q4,163,-0.002745497760278033,0.679208345879191,0.2331288343558282,-0.44751613492531944,0.5122080748544439,0,553.2576687116565,-0.0006358462829359584,0.00099886472135628,0.0010991009089476394,1.1685847038156101e-05,-0.002745497760278033,0.7300613496932515,-0.011600449440205636,0.06748466257668712,0.048431069716800446,0.20245398773006135,0.012127138835586262
ETHUSDT,10,sweep_reclaim,1,0.05,0.01,discovery,2023Q1,139,-0.0007719183924261956,0.9062628351224211,0.26618705035971224,-0.10729665654724119,0.29985931791542786,0,616.6402877697842,0.0014136111391870592,0.0010009131545618,0.0011002269838915441,8.438939315991044e-05,-0.0007719183924261956,0.697841726618705,-0.011641320376788444,0.09352517985611511,0.048310053724081405,0.20863309352517986,0.013582093847868263
ETHUSDT,10,sweep_reclaim,1,0.05,0.01,discovery,2023Q2,141,-0.00202781631237892,0.7504643378884144,0.2978723404255319,-0.28592210004542773,0.41834133148512354,0,658.5531914893617,0.00017050069117933214,0.000999670665358387,0.0010995439565142015,9.910238168566361e-05,-0.00202781631237892,0.6950354609929078,-0.011644257033548914,0.07092198581560284,0.048238742433858395,0.23404255319148937,0.011297808027387325
ETHUSDT,10,sweep_reclaim,1,0.05,0.01,discovery,2023Q3,107,-0.0025774119741407155,0.6019723194772019,0.32710280373831774,-0.27578308123305656,0.32164123735062,0,923.1121495327103,-0.0003992077384997254,0.0009991012416405592,0.001099230930060923,7.987206393950755e-05,-0.0025774119741407155,0.514018691588785,-0.011623249225631347,0.037383177570093455,0.04834840433468958,0.4485981308411215,0.0035437918507897777
ETHUSDT,10,sweep_reclaim,1,0.05,0.01,discovery,2023Q4,137,-0.0019313712288123244,0.76238126830999,0.2846715328467153,-0.26459785834728844,0.31294564709728856,0,629.4963503649635,0.00034206575773934546,0.00099984214468529,0.0010996382229871797,0.00017395661887920031,-0.0019313712288123244,0.6861313868613139,-0.011686868246807433,0.08029197080291971,0.0480379453127694,0.23357664233576642,0.009548448700379596
ETHUSDT,10,sweep_reclaim,1,0.05,0.01,discovery,2024Q1,153,-0.0023234875837063133,0.7306801051311796,0.24183006535947713,-0.35549360030706595,0.5379430915007419,0,560.6535947712418,-5.973641153401416e-06,0.0009994942792191299,0.001099446992643795,0.00021857267068998689,-0.0023234875837063133,0.7320261437908496,-0.011715130440414908,0.0457516339869281,0.04804354596090606,0.2222222222222222,0.018244005508619446
ETHUSDT,10,sweep_reclaim,1,0.05,0.01,discovery,2024Q2,164,-0.0032774084512905287,0.6380947731643287,0.2073170731707317,-0.5374949860116467,0.5915189779120688,0,532.1646341463414,-0.0010964914209781792,0.0009984043064257013,0.0010988478073499278,8.36649165367201e-05,-0.0032774084512905287,0.774390243902439,-0.011637839557891876,0.06707317073170732,0.04816032704584077,0.15853658536585366,0.015797963089860503
ETHUSDT,10,sweep_reclaim,1,0.05,0.01,discovery,2024Q3,176,-0.0037501118111805463,0.5840727025884487,0.21022727272727273,-0.6600196787677761,0.6731143852873512,0,496.1761363636364,-0.0016127289649710596,0.0009978883268714767,0.0010985641604894865,4.0930358848523985e-05,-0.0037501118111805463,0.7727272727272727,-0.011606987037707132,0.045454545454545456,0.04833485564331014,0.18181818181818182,0.016620366037934764
ETHUSDT,10,sweep_reclaim,1,0.05,0.01,discovery,2024Q4,168,-0.0012994560947662797,0.850769679904955,0.23809523809523808,-0.218308623920735,0.25720272034585095,0,538.9821428571429,0.0009607599048494667,0.0010004605296399151,0.0010999781646563653,0.00015977730531946621,-0.0012994560947662797,0.7440476190476191,-0.011678367084818795,0.10119047619047619,0.0479939669963485,0.15476190476190477,0.01636883933629577
ETHUSDT,10,sweep_reclaim,1,0.05,0.01,validation,2025Q1,226,-0.003753267233885722,0.6027858125226379,0.18584070796460178,-0.8482383948581731,0.9446068235786079,0,380.2787610619469,-0.0016191088910442431,0.000997881950133783,0.001098560655037352,3.7715737670343064e-05,-0.003753267233885722,0.8141592920353983,-0.011605807198580603,0.08849557522123894,0.04827334851820943,0.09734513274336283,0.014625598150748613
ETHUSDT,10,sweep_reclaim,1,0.05,0.01,validation,2025Q2,183,-0.0034347298983836145,0.6304533715968913,0.18579234972677597,-0.6285555714042015,0.7146739166225712,0,416.9890710382514,-0.0013044683139558234,0.0009981964334691944,0.001098733534388916,3.333161656968061e-05,-0.0034347298983836145,0.7978142076502732,-0.011608306501896664,0.09289617486338798,0.04830395225800503,0.1092896174863388,0.012254499474331297
ETHUSDT,10,sweep_reclaim,1,0.05,0.01,validation,2025Q3,174,-0.0018453509751815143,0.7852370924316838,0.25287356321839083,-0.32109106968158346,0.46571759959048176,0,514.1091954022988,0.00032100695587909504,0.0009998210964075605,0.0010996266522227092,6.69101824303388e-05,-0.0018453509751815143,0.735632183908046,-0.01161475880667328,0.08620689655172414,0.048220776560224034,0.1781609195402299,0.014267303521588257
ETHUSDT,10,sweep_reclaim,1,0.05,0.01,validation,2025Q4,201,-0.0034205266435226494,0.6335321435494254,0.18407960199004975,-0.6875258553480526,0.7773482959900929,0,443.3333333333333,-0.0013024048896387761,0.0009981984958623226,0.0010987346681379743,2.1188589883576312e-05,-0.0034205266435226494,0.8009950248756219,-0.011596121862042034,0.08955223880597014,0.04829307188520943,0.10945273631840796,0.014098839568497508
ETHUSDT,11,sweep_reclaim,1,0.05,0.015,discovery,2022Q1,179,-0.0021576226085363768,0.8198483208946171,0.2737430167597765,-0.38621444692801143,0.7412684757122231,0,479.75977653631287,4.5508478779197664e-06,0.0009995047984485356,0.0010994527753271862,6.32158826385754e-05,-0.0021576226085363768,0.7206703910614525,-0.01661632657860404,0.1564245810055866,0.04828575844262862,0.12290502793296089,0.01842229296901403
ETHUSDT,11,sweep_reclaim,1,0.05,0.015,discovery,2022Q2,222,-0.004865409059118169,0.61204492137304,0.22072072072072071,-1.0801208111242335,1.1460689909666284,0,397.7117117117117,-0.002734173410336049,0.000996767442868114,0.0010979479825307373,3.652022338326728e-05,-0.004865409059118169,0.7522522522522522,-0.016605897882462885,0.13513513513513514,0.04831361742520935,0.11261261261261261,0.009746224499631527
ETHUSDT,11,sweep_reclaim,1,0.05,0.015,discovery,2022Q3,175,-0.0003201455984773612,0.9723168023410177,0.29714285714285715,-0.056025479733538205,0.2594807163872297,0,482.6114285714286,0.0017396016273452794,0.0010012389821361723,0.001100406099454865,-4.1897855768397195e-05,-0.0003201455984773612,0.6971428571428572,-0.01656394239547388,0.2,0.04835056713748155,0.10285714285714286,0.01513920237235671
ETHUSDT,11,sweep_reclaim,1,0.05,0.015,discovery,2022Q4,129,-0.0023540601712924323,0.7735578651849347,0.3333333333333333,-0.30367376209672375,0.3989060469502215,0,732.9612403100775,-0.00023982658916317038,0.0009992605431391654,0.001099318502077234,1.5654536912862097e-05,-0.0023540601712924323,0.6124031007751938,-0.016602993319463296,0.10077519379844961,0.04841974924503209,0.2868217054263566,0.010229891079877288
ETHUSDT,11,sweep_reclaim,1,0.05,0.015,discovery,2023Q1,107,0.00038095107917127244,1.0423746315708624,0.40186915887850466,0.04076176547132615,0.2499197167534065,0,822.3551401869158,0.002597671854956331,0.0010020966235430725,0.0011008775663772774,0.00011374658586470892,0.00038095107917127244,0.5327102803738317,-0.016654157486881073,0.102803738317757,0.04821954102591053,0.3644859813084112,0.011785481818936702
ETHUSDT,11,sweep_reclaim,1,0.05,0.015,discovery,2023Q2,109,-0.001966115150487586,0.7975052677719757,0.3761467889908257,-0.21430655140314686,0.3670068312746599,0,883.1009174311927,0.00026564861690169645,0.000999765765733923,0.0010995962355681422,0.00013240176608721684,-0.001966115150487586,0.5596330275229358,-0.016665381833641645,0.08256880733944955,0.04822685587442658,0.3577981651376147,0.00944205224561934
ETHUSDT,11,sweep_reclaim,1,0.05,0.015,discovery,2023Q3,95,-0.00386223382487199,0.490775488440283,0.35789473684210527,-0.366912213362839,0.4077756181054026,0,1052.5578947368422,-0.0016742065897745947,0.000997826879970129,0.0010985303815916404,9.16699735356251e-05,-0.00386223382487199,0.4,-0.016634179669819366,0.031578947368421054,0.04837012074242462,0.5684210526315789,0.00222363429375969
ETHUSDT,11,sweep_reclaim,1,0.05,0.015,discovery,2023Q4,109,-0.001102253797378473,0.8812842122447758,0.4036697247706422,-0.12014566391425355,0.19400404046757852,0,858.440366972477,0.0012323007739486673,0.0010007319348064414,0.0011001273628615282,0.0002336952736591704,-0.001102253797378473,0.5412844036697247,-0.016738602070753363,0.11009174311926606,0.04805515202994256,0.3486238532110092,0.007651842997391692
ETHUSDT,11,sweep_reclaim,1,0.05,0.015,discovery,2024Q1,121,-0.0012939719749517646,0.874146310677489,0.33884297520661155,-0.15657060896916353,0.40511354927291104,0,744.7190082644628,0.0010989889834621307,0.0010005986896385395,0.0011000541146616025,0.0002923081541137526,-0.0012939719749517646,0.5950413223140496,-0.016765123927319665,0.08264462809917356,0.04800721437973045,0.32231404958677684,0.01462682487180892
ETHUSDT,11,sweep_reclaim,1,0.05,0.015,discovery,2024Q2,132,-0.0040047233180513135,0.6418121837822973,0.2878787878787879,-0.5286234779827734,0.5799477524881941,0,716.9166666666666,-0.0017949177719368524,0.0009977062291133905,0.0010984640567994225,0.00011363526020164908,-0.0040047233180513135,0.6590909090909091,-0.016647734062404256,0.06818181818181818,0.04816735240319641,0.2727272727272727,0.013506200383823028
ETHUSDT,11,sweep_reclaim,1,0.05,0.015,discovery,2024Q3,138,-0.0030973812852519295,0.717537171114082,0.3188405797101449,-0.4274386173647663,0.4581788847232941,0,685.963768115942,-0.0009436350584383576,0.000998557086398252,0.00109893179432034,5.6257346094978956e-05,-0.0030973812852519295,0.6521739130434783,-0.016609834733760636,0.07971014492753623,0.04834070846601047,0.26811594202898553,0.01447834366344799
ETHUSDT,11,sweep_reclaim,1,0.05,0.015,discovery,2024Q4,131,-0.001245418986640444,0.8846961597972265,0.3282442748091603,-0.16314988724989815,0.2223583002731116,0,702.3053435114504,0.0010721418817146383,0.001000571855953619,0.0011000393635141688,0.00021694964888729386,-0.001245418986640444,0.6412213740458015,-0.016706395900535704,0.13740458015267176,0.04794306670948815,0.22137404580152673,0.013007316124976357
ETHUSDT,11,sweep_reclaim,1,0.05,0.015,validation,2025Q1,176,-0.00397789093786477,0.6699987396677926,0.26704545454545453,-0.7001088050641995,0.7709546149831525,0,517.1363636363636,-0.0018284486296785169,0.0009976727150127075,0.0010984456332604198,5.3323959913124944e-05,-0.00397789093786477,0.7215909090909091,-0.016608392512307574,0.125,0.0482876419499711,0.1534090909090909,0.012845515596277703
ETHUSDT,11,sweep_reclaim,1,0.05,0.015,validation,2025Q2,140,-0.0018084719626631524,0.8348494238344856,0.2857142857142857,-0.25318607477284133,0.37069921391897287,0,635.9285714285714,0.000341353512247288,0.000999841432795738,0.0010996378316436984,5.034621047100383e-05,-0.0018084719626631524,0.6357142857142857,-0.016608217111988666,0.12857142857142856,0.04829809094613871,0.2357142857142857,0.01077513973223192
ETHUSDT,11,sweep_reclaim,1,0.05,0.015,validation,2025Q3,133,-0.0010838674301263279,0.8955566364787865,0.3458646616541353,-0.1441543682068016,0.4347257278306207,0,721.8721804511279,0.0011092440649854902,0.0010006089395950797,0.0011000597493189648,9.244280619777337e-05,-0.0010838674301263279,0.6090225563909775,-0.01661517275734733,0.11278195488721804,0.04822246567016413,0.2781954887218045,0.012928044326645145
ETHUSDT,11,sweep_reclaim,1,0.05,0.015,validation,2025Q4,157,-0.005301889407198791,0.5628997927900604,0.2484076433121019,-0.8323966369302102,0.9323797240338081,0,607.6178343949044,-0.003180639213588998,0.000996321200186214,0.0010977026717724238,2.7226321651155316e-05,-0.005301889407198791,0.7261146496815286,-0.016593369904406675,0.09554140127388536,0.048293963364531116,0.17834394904458598,0.011958502918006564
ETHUSDT,12,sweep_reclaim,-1,0.03,0.01,discovery,2022Q1,225,-0.002475214117180641,0.7156906422538197,0.24888888888888888,-0.5569231763656443,0.7203053045639313,0,286.8933333333333,-0.00040368166253907094,0.001000904133729295,0.0011007725221879477,-3.0144201275672044e-05,-0.002475214117180641,0.7511111111111111,-0.011590907301016813,0.21333333333333335,0.028490404334684232,0.035555555555555556,0.004300093680169221
ETHUSDT,12,sweep_reclaim,-1,0.03,0.01,discovery,2022Q2,223,8.854569383785604e-05,1.011004182202463,0.29596412556053814,0.019745689725841897,0.30811271066990953,0,297.82959641255604,0.0021645759613175505,0.0009983345913342366,0.0010993585672465092,-2.166289110105074e-05,8.854569383785604e-05,0.6905829596412556,-0.011589791184930023,0.2825112107623318,0.028447683756579606,0.026905829596412557,0.002061575923425009
ETHUSDT,12,sweep_reclaim,-1,0.03,0.01,discovery,2022Q3,263,-0.003386559577703294,0.6318066489315217,0.20532319391634982,-0.8906651689359664,0.8906651689359673,0,245.74524714828897,-0.0012600441587411438,0.0010017609246209423,0.0011012439927958492,2.351050154535875e-05,-0.003386559577703294,0.7908745247148289,-0.011607559880206194,0.20532319391634982,0.028302771118633246,0.0038022813688212928,-0.004642354259273525
ETHUSDT,12,sweep_reclaim,-1,0.03,0.01,discovery,2022Q4,168,-0.002183589323040778,0.7231541729156565,0.2916666666666667,-0.36684300627085065,0.3897697155965303,0,534.5952380952381,-9.724438817722851e-05,0.0010005975431596483,0.0011006038130622353,-1.4856421358334212e-05,-0.002183589323040778,0.6726190476190477,-0.011604834542875496,0.15476190476190477,0.028456447820394935,0.17261904761904762,0.0070564018532349
ETHUSDT,12,sweep_reclaim,-1,0.03,0.01,discovery,2023Q1,175,-0.0037112272536074568,0.565820693986249,0.25142857142857145,-0.6494647693813049,0.6702185024850364,0,463.8228571428571,-0.0016759001974025391,0.00100217698869164,0.0011014729424523519,-6.832287493907402e-05,-0.0037112272536074568,0.7371428571428571,-0.01156794753699683,0.13714285714285715,0.02854363646120155,0.12571428571428572,0.0071705994464749435
ETHUSDT,12,sweep_reclaim,-1,0.03,0.01,discovery,2023Q2,137,-0.001978609823045927,0.7434465593280576,0.29927007299270075,-0.27106954575729203,0.31899596946076647,0,671.9124087591241,1.748775523490354e-05,0.0010004827536214747,0.0011005406472491127,-0.00010492582258975655,-0.001978609823045927,0.6496350364963503,-0.011545064840080334,0.16058394160583941,0.028561601756769864,0.1897810218978102,0.004926384090804652
ETHUSDT,12,sweep_reclaim,-1,0.03,0.01,discovery,2023Q3,101,-0.00047566274104771556,0.9113159550405607,0.44554455445544555,-0.04804193684581927,0.119556988828252,0,1010.3564356435644,0.001537993384703155,0.0009989614873588699,0.0010997035324564605,-8.50088940644607e-05,-0.00047566274104771556,0.43564356435643564,-0.011570630019932015,0.09900990099009901,0.028427027334887545,0.46534653465346537,0.0037616066102619974
ETHUSDT,12,sweep_reclaim,-1,0.03,0.01,discovery,2023Q4,163,-0.0015501345527935651,0.7987495361109945,0.3006134969325153,-0.2526719321053511,0.4220611690594912,0,600.7914110429448,0.0003948582796002549,0.0010001051943174435,0.0011003328858030946,-0.0001554452477267182,-0.0015501345527935651,0.656441717791411,-0.011506816573970506,0.17791411042944785,0.028625715592450182,0.1656441717791411,0.005496729226979184
ETHUSDT,12,sweep_reclaim,-1,0.03,0.01,discovery,2024Q1,204,-0.0025142822756971037,0.6963241342172604,0.24509803921568626,-0.5129135842422091,0.6469086484200709,0,438.12254901960785,-0.0005773843037429862,0.001001077923265258,0.0011008681542248547,-0.0001650481055359954,-0.0025142822756971037,0.7107843137254902,-0.011502327965092147,0.18627450980392157,0.02866808627802335,0.10294117647058823,0.0031207948633935633
ETHUSDT,12,sweep_reclaim,-1,0.03,0.01,discovery,2024Q2,160,-0.0013995991657834766,0.8240078762416118,0.29375,-0.22393586652535627,0.38822075552020574,0,531.45625,0.0006100896964807659,0.0009998898552310224,0.001100214390087313,-9.041538305409218e-05,-0.0013995991657834766,0.68125,-0.011549556976430654,0.19375,0.02853833797404301,0.125,0.007513868335512588
ETHUSDT,12,sweep_reclaim,-1,0.03,0.01,discovery,2024Q3,196,-0.0018640418001698812,0.7768151374208496,0.27040816326530615,-0.36535219283329673,0.49020982274757235,0,434.2040816326531,0.00020170815958906615,0.0010002984410608286,0.0011004392246548097,-3.4987705956690894e-05,-0.0018640418001698812,0.7193877551020408,-0.011587641085908774,0.20408163265306123,0.028482203596648242,0.07653061224489796,0.008614470427594034
ETHUSDT,12,sweep_reclaim,-1,0.03,0.01,discovery,2024Q4,206,-0.0029056324852049435,0.665322581231377,0.23300970873786409,-0.5985602919522184,0.6630192945878508,0,420.33009708737865,-0.0009348187833908143,0.001001435536551558,0.0011010649398759684,-0.00013168677461339646,-0.0029056324852049435,0.7475728155339806,-0.011514981551326468,0.18446601941747573,0.028590248818659902,0.06796116504854369,0.006308386560212926
ETHUSDT,12,sweep_reclaim,-1,0.03,0.01,validation,2025Q1,220,-0.0009166540979032407,0.8881664550539611,0.2863636363636364,-0.20166390153871294,0.3232077661275407,0,346.6136363636364,0.0011420596578131633,0.0009993576191516633,0.0010999215138787365,-4.056537731399572e-05,-0.0009166540979032407,0.7045454545454546,-0.011580803055600322,0.2409090909090909,0.028472233254015263,0.05454545454545454,0.00702768413471067
ETHUSDT,12,sweep_reclaim,-1,0.03,0.01,validation,2025Q2,235,-0.002591577332553969,0.7009132616676775,0.2425531914893617,-0.6090206731501827,0.7589401270727765,0,332.82553191489365,-0.0005202371529160489,0.0010010207475265678,0.0011008366918452436,-3.0517259733891204e-05,-0.002591577332553969,0.7446808510638298,-0.01158750677722694,0.2,0.028468801159566386,0.05531914893617021,0.006212258335762473
ETHUSDT,12,sweep_reclaim,-1,0.03,0.01,validation,2025Q3,203,-0.0029024373514890084,0.6639887210250974,0.23645320197044334,-0.5891947823522687,0.6340919242378246,0,425.92118226600985,-0.0008569889928906688,0.001001357667826696,0.0011010220906633947,-5.69313998917519e-05,-0.0029024373514890084,0.7389162561576355,-0.01156616079033482,0.18719211822660098,0.02849961795881405,0.07389162561576355,0.0041829235842013625
ETHUSDT,12,sweep_reclaim,-1,0.03,0.01,validation,2025Q4,213,-0.001494260339462724,0.8220012480712099,0.2676056338028169,-0.3182774523055602,0.365781529144723,0,353.40845070422534,0.0005770949142367328,0.0009999228665189125,0.0011002325553737553,-2.880016819321103e-05,-0.001494260339462724,0.7230046948356808,-0.011588560257165596,0.2300469483568075,0.0284740161445004,0.046948356807511735,0.007113403621742223
ETHUSDT,13,sweep_reclaim,-1,0.03,0.015,discovery,2022Q1,183,-0.0025789699334208306,0.7640945212161278,0.32786885245901637,-0.471951497816012,0.6830571420570577,0,403.4535519125683,-0.0005174334630307426,0.0010010179424341406,0.001100835148273006,-4.0316620317057986e-05,-0.0025789699334208306,0.6557377049180327,-0.01658742389036565,0.2786885245901639,0.028476985450038968,0.06557377049180328,0.005517759256323224
ETHUSDT,13,sweep_reclaim,-1,0.03,0.015,discovery,2022Q2,174,0.0006341442396854934,1.064185463298671,0.3850574712643678,0.11034109770527584,0.21734220311867497,0,413.98275862068965,0.0027033323638109064,0.0009977955654187792,0.0010990619547608849,-2.766939605425026e-05,0.0006341442396854934,0.5804597701149425,-0.016589807663244763,0.3620689655172414,0.02844866298964018,0.05747126436781609,-0.0006354096654334728
ETHUSDT,13,sweep_reclaim,-1,0.03,0.015,discovery,2022Q3,202,-0.004087401066748547,0.6542418508991352,0.27722772277227725,-0.8256550154832065,0.8374800677604329,1,358.66831683168317,-0.0019542306662433074,0.001002455458395332,0.0011016261773685516,2.9088764741355907e-05,-0.004087401066748547,0.7079207920792079,-0.016608644068599965,0.2722772277227723,0.02830141328067052,0.019801980198019802,-0.001799161027572428
ETHUSDT,13,sweep_reclaim,-1,0.03,0.015,discovery,2022Q4,129,-0.0015807384916705013,0.8294755703667839,0.3798449612403101,-0.20391526542549468,0.2430782550808273,0,742.4341085271318,0.0005009004697350385,0.0009999990990797035,0.00110027450424614,-1.8634641920302803e-05,-0.0015807384916705013,0.5348837209302325,-0.01661564309010835,0.20155038759689922,0.0284429189138137,0.26356589147286824,0.005972006353906625
ETHUSDT,13,sweep_reclaim,-1,0.03,0.015,discovery,2023Q1,133,-0.004118673946617599,0.6125003956932588,0.3308270676691729,-0.5477836349001407,0.5734168919782823,0,649.3834586466165,-0.0021135836914217125,0.0010026148911368867,0.0011017139092204073,-9.923854516140633e-05,-0.004118673946617599,0.6390977443609023,-0.016543895800988983,0.19548872180451127,0.02855576878698966,0.16541353383458646,0.005272614532826904
ETHUSDT,13,sweep_reclaim,-1,0.03,0.015,discovery,2023Q2,111,-0.0018622099686554305,0.7858250039624509,0.3783783783783784,-0.20670530652075278,0.26093537746810685,0,842.8018018018018,0.00011039883531612033,0.0010003897960626064,0.001100489495028411,-0.0001282704871194663,-0.0018622099686554305,0.4864864864864865,-0.016543787466220015,0.1891891891891892,0.028558552005810943,0.32432432432432434,0.002414711792586061
ETHUSDT,13,sweep_reclaim,-1,0.03,0.015,discovery,2023Q3,86,-7.426857366293401e-05,0.9857842852706444,0.46511627906976744,-0.006387097335012325,0.09549662161800915,0,1183.1627906976744,0.001925836401143265,0.0009985734503239147,0.0010994900053770491,-9.795848089476518e-05,-7.426857366293401e-05,0.23255813953488372,-0.016580675822253838,0.08139534883720931,0.028411954068365348,0.686046511627907,0.002141402383584864
ETHUSDT,13,sweep_reclaim,-1,0.03,0.015,discovery,2023Q4,125,-0.0015204566331667427,0.8293662936311658,0.376,-0.19005707914584283,0.4000638414888301,0,782.12,0.00036514695168585784,0.0010001349205084544,0.0011003492433828525,-0.0002148805790387057,-0.0015204566331667427,0.512,-0.016475826621626853,0.208,0.028653089707644394,0.28,0.003411871206843475
ETHUSDT,13,sweep_reclaim,-1,0.03,0.015,discovery,2024Q1,157,-0.0037518401549745,0.6527413262947941,0.2929936305732484,-0.5890389043309965,0.7368966867817529,0,598.0955414012739,-0.001872071065699942,0.0010023732576944333,0.0011015809443778671,-0.00022418511279774175,-0.0037518401549745,0.643312101910828,-0.016464130258746188,0.2229299363057325,0.028730890405397665,0.1337579617834395,0.0032503375054023648
ETHUSDT,13,sweep_reclaim,-1,0.03,0.015,discovery,2024Q2,125,-0.0007918102189381194,0.9137996118093838,0.408,-0.09897627736726491,0.328546543023486,0,710.152,0.001186416636607217,0.000999313239983278,0.0010998970931318575,-0.0001209834775697984,-0.0007918102189381194,0.544,-0.016529864701834634,0.248,0.028548747638978505,0.208,0.005386282521121406
ETHUSDT,13,sweep_reclaim,-1,0.03,0.015,discovery,2024Q3,149,-0.0022681397734947927,0.7766025155524073,0.35570469798657717,-0.3379528262507241,0.4714851607973313,0,629.3892617449665,-0.000219663740129919,0.0010007200237518886,0.001100671211070135,-5.2915201457150154e-05,-0.0022681397734947927,0.6040268456375839,-0.016580536428133282,0.24161073825503357,0.028471344437471815,0.15436241610738255,0.005622915327490698
ETHUSDT,13,sweep_reclaim,-1,0.03,0.015,discovery,2024Q4,158,-0.0032859587223832225,0.6982891837918662,0.310126582278481,-0.5191814781365491,0.6191288644194588,0,575.2658227848101,-0.0013660175962273923,0.0010018669510716547,0.0011013023365010147,-0.00018322816141683838,-0.0032859587223832225,0.6455696202531646,-0.01647601514259214,0.24050632911392406,0.02862158657466769,0.11392405063291139,0.004097320920582052
ETHUSDT,13,sweep_reclaim,-1,0.03,0.015,validation,2025Q1,166,-0.0007576543271822999,0.9249702811784558,0.3795180722891566,-0.12577061831226177,0.21153934927818643,0,487.0722891566265,0.001282817972500744,0.0009992167904226041,0.0010998440193498572,-5.8588510089417044e-05,-0.0007576543271822999,0.6024096385542169,-0.016570362150766512,0.30120481927710846,0.028476874113907643,0.0963855421686747,0.006713868191812962
ETHUSDT,13,sweep_reclaim,-1,0.03,0.015,validation,2025Q2,179,-0.0031097351881606166,0.7146237841938274,0.31843575418994413,-0.5566425986807504,0.7114670226926844,0,469.44692737430165,-0.001048222070534219,0.0010015489965687079,0.0011011273740869068,-4.116325302921662e-05,-0.0031097351881606166,0.6480446927374302,-0.016584287110146652,0.25139664804469275,0.028471600846464877,0.1005586592178771,0.004772926000296777
ETHUSDT,13,sweep_reclaim,-1,0.03,0.015,validation,2025Q3,149,-0.0030763528742564906,0.7056175828768813,0.3288590604026846,-0.4583765782642171,0.5508659077857878,0,628.2684563758389,-0.0010607682591693677,0.0010015615490335775,0.0011011342813945118,-8.711121534096525e-05,-0.0030763528742564906,0.6174496644295302,-0.016551079562331393,0.22818791946308725,0.028523418429555768,0.15436241610738255,0.004109848472407619
ETHUSDT,13,sweep_reclaim,-1,0.03,0.015,validation,2025Q4,157,-0.0013192954103723525,0.8710515467346387,0.35668789808917195,-0.20712937942845935,0.2554304546299076,0,541.2929936305733,0.0007379370914336538,0.00099976194388039,0.0011001440036688458,-4.2673445743229067e-05,-0.0013192954103723525,0.5987261146496815,-0.016584713245238154,0.28662420382165604,0.028477029597615663,0.11464968152866242,0.00390929631840126
ETHUSDT,14,sweep_reclaim,-1,0.05,0.01,discovery,2022Q1,206,-0.002817275433915592,0.6983852218492691,0.1941747572815534,-0.580358739386612,0.8748280689748562,0,372.4660194174757,-0.0007552536615188253,0.00100125588160221,0.0011009660802487166,-4.020018945415918e-05,-0.002817275433915592,0.8058252427184466,-0.011591398159242443,0.10194174757281553,0.048520314525246445,0.09223300970873786,0.017099302632497797
ETHUSDT,14,sweep_reclaim,-1,0.05,0.01,discovery,2022Q2,201,0.0016249554254336121,1.18842851142405,0.24875621890547264,0.32661604051215604,0.27517666942845165,0,394.64179104477614,0.0036908811864057108,0.0009968075225747666,0.0010985182594848931,-2.9400021087560822e-05,0.0016249554254336121,0.7412935323383084,-0.011587786529522557,0.1890547263681592,0.04848279508599682,0.06965174129353234,0.015060715724509831
ETHUSDT,14,sweep_reclaim,-1,0.05,0.01,discovery,2022Q3,226,-0.004215411000631365,0.5680847960996922,0.1592920353982301,-0.9526828861426885,0.9526828861426886,0,346.50442477876106,-0.002078962268846286,0.001002580252394935,0.0011016948483866828,3.2173631003461096e-05,-0.004215411000631365,0.8407079646017699,-0.011609039015306116,0.08849557522123894,0.04832780101723854,0.07079646017699115,0.017904906651293934
ETHUSDT,14,sweep_reclaim,-1,0.05,0.01,discovery,2022Q4,158,-0.001281785216982589,0.8393064978637882,0.2848101265822785,-0.20252206428324904,0.2583886301540111,0,605.7848101265823,0.0007988728381465564,0.0009997009776505728,0.0011001104554767271,-1.9153377998154412e-05,-0.001281785216982589,0.6835443037974683,-0.011604266008847466,0.08227848101265822,0.04845527976533617,0.23417721518987342,0.011373514262781282
ETHUSDT,14,sweep_reclaim,-1,0.05,0.01,discovery,2023Q1,163,-0.0030996881905026967,0.6310174195412853,0.25766871165644173,-0.5052491750519396,0.6063689091156634,0,538.8773006134969,-0.0010761193742167313,0.0010015769078280193,0.0011011427329551248,-7.915082449717896e-05,-0.0030996881905026967,0.7239263803680982,-0.011572002263921535,0.06748466257668712,0.04857973450652346,0.2085889570552147,0.009584412132913049
ETHUSDT,14,sweep_reclaim,-1,0.05,0.01,discovery,2023Q2,129,-0.002304403794301377,0.7058300692358263,0.2868217054263566,-0.2972680894648776,0.31790490192593396,0,751.0852713178294,-0.0003174912375355256,0.0010008179001875282,0.0011007250700257477,-0.00011463041344742483,-0.002304403794301377,0.6589147286821705,-0.011546604992080968,0.046511627906976744,0.04860441306974653,0.29457364341085274,0.010330706748513831
ETHUSDT,14,sweep_reclaim,-1,0.05,0.01,discovery,2023Q3,99,-0.0008080750013907626,0.8473580455302355,0.4444444444444444,-0.0799994251376855,0.13484518578801785,0,1056.8181818181818,0.0012048376577844804,0.000999294809746983,0.0010998869514335793,-8.626910200531943e-05,-0.0008080750013907626,0.42424242424242425,-0.011569306674663365,0.020202020202020204,0.048485939065351036,0.5555555555555556,0.005617083219408614
ETHUSDT,14,sweep_reclaim,-1,0.05,0.01,discovery,2023Q4,151,-0.001827117722871988,0.7664234589410209,0.2913907284768212,-0.2758947761536702,0.43517540315662473,0,693.8211920529801,8.691363425337122e-05,0.0010004132930121368,0.0011005024248123172,-0.0001868843606990947,-0.001827117722871988,0.6688741721854304,-0.011495966190079861,0.052980132450331126,0.048649564755206376,0.2781456953642384,0.011809554547684398
ETHUSDT,14,sweep_reclaim,-1,0.05,0.01,discovery,2024Q1,184,-0.0032188436296529243,0.6276015103738372,0.21195652173913043,-0.5922672278561381,0.749729236394484,0,520.1739130434783,-0.0013137477013255379,0.001001814655028726,0.001101273559295995,-0.00019799228599733475,-0.0032188436296529243,0.7445652173913043,-0.011497153171895624,0.07065217391304347,0.048777508622120776,0.18478260869565216,0.010256916017823312
ETHUSDT,14,sweep_reclaim,-1,0.05,0.01,discovery,2024Q2,145,-0.0010104589768412224,0.875135644772721,0.2689655172413793,-0.14651655164197724,0.30887461947224326,0,636.0206896551724,0.0009794616252834717,0.0009995202985238693,0.0011000110322702823,-0.00010961072866945698,-0.0010104589768412224,0.6896551724137931,-0.011540991117102838,0.09655172413793103,0.048581120625956216,0.21379310344827587,0.010562802300158703
ETHUSDT,14,sweep_reclaim,-1,0.05,0.01,discovery,2024Q3,184,-0.0020452517203834626,0.7626651355123926,0.2391304347826087,-0.37632631655055715,0.539160770482138,0,509.82065217391306,1.4174319991664004e-05,0.0010004860687142538,0.0011005424714617975,-4.160249980092406e-05,-0.0020452517203834626,0.7391304347826086,-0.011587159031571492,0.07608695652173914,0.04847511381309961,0.18478260869565216,0.01531987406940503
ETHUSDT,14,sweep_reclaim,-1,0.05,0.01,discovery,2024Q4,187,-0.0026429290303157955,0.7004459343432166,0.2192513368983957,-0.49422772866905373,0.6015761282694507,0,516.2727272727273,-0.000701740820624641,0.001001202341991512,0.001100936618739439,-0.00016095075103979623,-0.0026429290303157955,0.7593582887700535,-0.011506740889059048,0.0855614973262032,0.04868845476191283,0.15508021390374332,0.012438420737473315
ETHUSDT,14,sweep_reclaim,-1,0.05,0.01,validation,2025Q1,196,0.0002910281913176501,1.0339771005036569,0.24489795918367346,0.05704152549825943,0.2439388747460562,0,453.81632653061223,0.002338571222060614,0.0009981605090323517,0.0010992627741078344,-4.988025239722194e-05,0.0002910281913176501,0.7346938775510204,-0.011578844175147228,0.15306122448979592,0.048514943354696326,0.11224489795918367,0.012224853912662302
ETHUSDT,14,sweep_reclaim,-1,0.05,0.01,validation,2025Q2,218,-0.0025546139252992524,0.7192288766458003,0.20642201834862386,-0.556905835715237,0.7775627829352594,0,406.60550458715596,-0.0004886134953822035,0.0010009891080492931,0.0011008192814318874,-3.5807959564132435e-05,-0.0025546139252992524,0.7798165137614679,-0.011587951546482992,0.10091743119266056,0.048512845121789945,0.11926605504587157,0.013298589788749735
ETHUSDT,14,sweep_reclaim,-1,0.05,0.01,validation,2025Q3,181,-0.0029030908685023205,0.6759932243565153,0.19889502762430938,-0.52545944719892,0.620339761637611,0,518.8674033149172,-0.0008712118764964198,0.0010013718978253015,0.001101029921075877,-7.05228268952784e-05,-0.0029030908685023205,0.7679558011049724,-0.011563479371763078,0.08287292817679558,0.04858273900584395,0.14917127071823205,0.013078633347721802
ETHUSDT,14,sweep_reclaim,-1,0.05,0.01,validation,2025Q4,184,-0.0006500713010036905,0.9247953973426329,0.24456521739130435,-0.11961311938467906,0.2471722870559201,0,466.5923913043478,0.0014158121305565341,0.0009990837297342045,0.001099770799379548,-3.2971097553526855e-05,-0.0006500713010036905,0.7445652173913043,-0.011584327092397411,0.1358695652173913,0.04851834532305635,0.11956521739130435,0.011567320872607147
ETHUSDT,15,sweep_reclaim,-1,0.05,0.015,discovery,2022Q1,163,-0.002542181130803222,0.7855437282934554,0.27607361963190186,-0.41437552432092517,0.7405036862585386,0,529.0858895705521,-0.0004936314092119456,0.0010009941284733425,0.0011008220440457271,-5.326645092779247e-05,-0.002542181130803222,0.7116564417177914,-0.01658256938337875,0.1411042944785276,0.04847498905577566,0.147239263803681,0.016428240661173748
ETHUSDT,15,sweep_reclaim,-1,0.05,0.015,discovery,2022Q2,155,0.0025434123900858396,1.2336637314241723,0.3225806451612903,0.39422892046330515,0.21741508788198924,0,546.483870967742,0.004598486166741029,0.0009958994635649236,0.0010980185773132533,-3.8844264222985826e-05,0.0025434123900858396,0.6387096774193548,-0.016586860891539313,0.24516129032258063,0.04847957389884494,0.11612903225806452,0.01078357447608829
ETHUSDT,15,sweep_reclaim,-1,0.05,0.015,discovery,2022Q3,175,-0.004704292665000943,0.6287786743754213,0.22857142857142856,-0.823251216375165,0.8294187031151107,0,476.6457142857143,-0.002559441430475699,0.0010030609719163233,0.0011019593763213157,3.9830886287604894e-05,-0.004704292665000943,0.76,-0.01661207599043851,0.12571428571428572,0.04834122269243255,0.11428571428571428,0.016132399555982
ETHUSDT,15,sweep_reclaim,-1,0.05,0.015,discovery,2022Q4,121,-0.001682311303891428,0.8263241880699886,0.35537190082644626,-0.2035596677708628,0.29065216588572773,0,816.5537190082645,0.00039607246037976016,0.0010001039795292798,0.0011003322173355325,-2.205243259362316e-05,-0.001682311303891428,0.5619834710743802,-0.01660923951466504,0.08264462809917356,0.048475246928107216,0.35537190082644626,0.01025851511500669
ETHUSDT,15,sweep_reclaim,-1,0.05,0.015,discovery,2023Q1,121,-0.003236703482599116,0.686906379583279,0.33884297520661155,-0.39164112139449303,0.4700782244128715,0,758.198347107438,-0.0012477940044953234,0.0010017486683385577,0.001101237248470059,-0.00011407643870482354,-0.003236703482599116,0.6198347107438017,-0.016548896475773418,0.09090909090909091,0.048580071711279496,0.2892561983471074,0.009004152156126828
ETHUSDT,15,sweep_reclaim,-1,0.05,0.015,discovery,2023Q2,105,-0.0025939986053072086,0.7128666260888973,0.3523809523809524,-0.2723698535572569,0.2930066660183133,0,939.7523809523809,-0.0006317075753834269,0.001001132273712129,0.0011008980619170029,-0.0001397393057053494,-0.0025939986053072086,0.5047619047619047,-0.016543851912120534,0.05714285714285714,0.04862118555287606,0.4380952380952381,0.006798417053649456
ETHUSDT,15,sweep_reclaim,-1,0.05,0.015,discovery,2023Q3,85,-0.0005179166130132177,0.9011379829456553,0.47058823529411764,-0.0440229121061235,0.10247058290300187,0,1213.8470588235293,0.0014834250333793167,0.0009990160830080218,0.0010997335750772958,-9.74080116927835e-05,-0.0005179166130132177,0.24705882352941178,-0.016577045624759024,0.011764705882352941,0.04832160450036806,0.7411764705882353,0.0040598958970388555
ETHUSDT,15,sweep_reclaim,-1,0.05,0.015,discovery,2023Q4,116,-0.002189557605793514,0.7606338749562241,0.35344827586206895,-0.25398868227204763,0.43665849258753264,0,892.6637931034483,-0.00034215228377619696,0.0010008425735704466,0.001100738647171541,-0.00025417589872467014,-0.002189557605793514,0.5258620689655172,-0.016454929723234056,0.05172413793103448,0.04858298277715084,0.4224137931034483,0.009352329269027031
ETHUSDT,15,sweep_reclaim,-1,0.05,0.015,discovery,2024Q1,144,-0.0036780962638952707,0.6637672051059099,0.2777777777777778,-0.529645862000919,0.7636120717390786,0,686.0069444444445,-0.0018411288929758459,0.0010023423000428899,0.0011015639091561606,-0.00026693883827962484,-0.0036780962638952707,0.6527777777777778,-0.016450272414904755,0.09027777777777778,0.04868399000826095,0.2569444444444444,0.010372645267371229
ETHUSDT,15,sweep_reclaim,-1,0.05,0.015,discovery,2024Q2,114,1.6569874281153072e-05,1.0017945117810976,0.38596491228070173,0.0018889656680514504,0.2502810028913089,0,842.0438596491229,0.0019699830367534785,0.000998529281603942,0.001099465700434668,-0.00014458181956628367,1.6569874281153072e-05,0.5350877192982456,-0.01653013769810444,0.12280701754385964,0.048616489374255896,0.34210526315789475,0.008451192666995896
ETHUSDT,15,sweep_reclaim,-1,0.05,0.015,discovery,2024Q3,140,-0.0015580107063553285,0.8484589315156729,0.3357142857142857,-0.218121498889746,0.42302572908090663,0,726.5,0.0004822100850848663,0.001000017798814207,0.0011002847942425513,-6.008180161656307e-05,-0.0015580107063553285,0.6071428571428571,-0.016578268082590636,0.10714285714285714,0.04849283933248976,0.2857142857142857,0.011590967453577808
ETHUSDT,15,sweep_reclaim,-1,0.05,0.015,discovery,2024Q4,142,-0.0027090179896749004,0.7562528142087753,0.29577464788732394,-0.3846805545338359,0.6157871735193552,0,711.4084507042254,-0.0008339532620610881,0.0010013346205722386,0.0011010094083354486,-0.00022727930129387376,-0.0027090179896749004,0.6619718309859155,-0.016441634133547597,0.11267605633802817,0.04868850250522181,0.22535211267605634,0.011931781685502796
ETHUSDT,15,sweep_reclaim,-1,0.05,0.015,validation,2025Q1,150,0.0006516963671723042,1.0606530130890552,0.3333333333333333,0.09775445507584563,0.12195594563086931,0,614.98,0.0026806957279701424,0.0009978182133786081,0.0010990744173669748,-6.78932699477442e-05,0.0006516963671723042,0.64,-0.016566855611615788,0.18666666666666668,0.04850359616176801,0.17333333333333334,0.012695073125440642
ETHUSDT,15,sweep_reclaim,-1,0.05,0.015,validation,2025Q2,164,-0.003649709536046235,0.6913734625017225,0.2621951219512195,-0.5985523639115825,0.7751818685503318,0,561.9939024390244,-0.0015936426309025667,0.0010020946899757805,0.0011014276555264834,-4.7455440358595175e-05,-0.003649709536046235,0.7012195121951219,-0.016584917554184515,0.12195121951219512,0.048527726979444186,0.17682926829268292,0.011660641904508719
ETHUSDT,15,sweep_reclaim,-1,0.05,0.015,validation,2025Q3,137,-0.0022853866644001433,0.7811189315003406,0.32116788321167883,-0.3130979730228196,0.45557047509752535,0,736.3795620437957,-0.000285551104137051,0.0010007859440760642,0.0011007074853765174,-0.00010165786918948901,-0.0022853866644001433,0.6204379562043796,-0.016553260753492532,0.10218978102189781,0.048581220185029715,0.2773722627737226,0.010889266011411302
ETHUSDT,15,sweep_reclaim,-1,0.05,0.015,validation,2025Q4,142,-0.000236463119987199,0.9777414295685839,0.33098591549295775,-0.03357776303818226,0.20606721236597483,0,660.3943661971831,0.0018171462112605242,0.000998682194886068,0.0010995498447909941,-4.462270842933789e-05,-0.000236463119987199,0.6267605633802817,-0.016582124719456987,0.16901408450704225,0.048518747754739466,0.20422535211267606,0.009578668651025598
SOLUSDT,0,opening_range,1,0.03,0.01,discovery,2022Q1,51,-0.002719113124401205,0.7065204793874175,0.23529411764705882,-0.13867476934446146,0.25541702318804976,0,202.7450980392157,0.00041117647058811597,0.00199882352941164,0.0010991267941176473,3.2339271460033634e-05,-0.002719113124401205,0.7647058823529411,-0.012115882256801673,0.23529411764705882,0.02782038655590033,0.0,
SOLUSDT,0,opening_range,1,0.03,0.01,discovery,2022Q2,52,-0.005943513860369665,0.4190884030464052,0.15384615384615385,-0.3090627207392226,0.3249813362046819,0,152.80769230769232,-0.0028500000000001168,0.0019923076923075928,0.001097336730769231,3.869437292724061e-06,-0.005943513860369665,0.8461538461538461,-0.012091603577737415,0.15384615384615385,0.02787097958515295,0.0,
SOLUSDT,0,opening_range,1,0.03,0.01,discovery,2022Q3,52,-0.005944821833857435,0.41926151873043327,0.15384615384615385,-0.3091307353605866,0.30913073536058655,0,241.78846153846155,-0.0028500000000001354,0.001992307692307581,0.001097336730769231,5.177410780487162e-06,-0.005944821833857435,0.8461538461538461,-0.012097869794271889,0.15384615384615385,0.027896941948422065,0.0,
SOLUSDT,0,opening_range,1,0.03,0.01,discovery,2022Q4,53,-0.0043167434232185406,0.5378921410063814,0.20754716981132076,-0.22878740143058265,0.23250727442572308,0,396.22641509433964,-0.0013209383796048222,0.001995362760480196,0.0010981760343729535,-9.773375123942991e-05,-0.0043167434232185406,0.7735849056603774,-0.012009277167538095,0.16981132075471697,0.028081757520818176,0.05660377358490566,0.0036190482503718775
SOLUSDT,0,opening_range,1,0.03,0.01,discovery,2023Q1,50,-0.002298164080146001,0.7444647583838553,0.24,-0.11490820400730005,0.20652682791436877,0,263.76,0.0008203659921764423,0.0019996410908933466,0.001099351398695706,1.9537582733390536e-05,-0.002298164080146001,0.74,-0.012116247899135086,0.24,0.02789736156403298,0.02,-0.0013753705076976425
SOLUSDT,0,opening_range,1,0.03,0.01,discovery,2023Q2,50,-0.0006931210229636924,0.9184928234965966,0.3,-0.03465605114818462,0.19853587358882072,0,474.6,0.0024825531458627474,0.0020029621441474857,0.0011002637750509435,7.244824962801122e-05,-0.0006931210229636924,0.7,-0.012148290891990184,0.28,0.027768877344379373,0.02,0.0017698472501606337
SOLUSDT,0,opening_range,1,0.03,0.01,discovery,2023Q3,51,-0.00685948833595786,0.3230892681707071,0.1568627450980392,-0.3498339051338509,0.3500526607628296,0,387.7843137254902,-0.00374826848561597,0.0019905129500785617,0.0010968436702103682,2.3863230052960577e-05,-0.00685948833595786,0.8235294117647058,-0.012094517677946094,0.11764705882352941,0.02776050812028801,0.058823529411764705,-0.002809070460614326
SOLUSDT,0,opening_range,1,0.03,0.01,discovery,2023Q4,66,-0.00042547609355365196,0.9496340589884439,0.30303030303030304,-0.02808142217454103,0.11140787930851752,0,176.03030303030303,0.002711775029641161,0.0020034201299292363,0.0011003895951948416,3.344139807073455e-05,-0.00042547609355365196,0.696969696969697,-0.012120605456502332,0.2878787878787879,0.027815506612920468,0.015151515151515152,0.0009718031790775595
SOLUSDT,0,opening_range,1,0.03,0.01,discovery,2024Q1,60,-0.005539967544641836,0.4532877672064001,0.16666666666666666,-0.33239805267851014,0.3474055226501096,0,237.81666666666666,-0.0023366666666667897,0.0019933333333332086,0.0010976184999999998,0.00011234904464183761,-0.005539967544641836,0.8333333333333334,-0.01215989080690647,0.16666666666666666,0.02755964876668133,0.0,
SOLUSDT,0,opening_range,1,0.03,0.01,discovery,2024Q2,62,-0.007037415170420753,0.32154723063540924,0.14516129032258066,-0.4363197405660867,0.4520898515660868,0,302.35483870967744,-0.0038907949668114165,0.00199022818188437,0.0010967654372682168,5.962658445674731e-05,-0.007037415170420753,0.8548387096774194,-0.012134150388861013,0.11290322580645161,0.027810379753554344,0.03225806451612903,0.006058785884333383
SOLUSDT,0,opening_range,1,0.03,0.01,discovery,2024Q3,54,-0.004150751685520457,0.5603293802250944,0.2037037037037037,-0.22414059101810466,0.24696060838856745,0,341.72222222222223,-0.0010409668656020826,0.0019959221441245623,0.0010983297110446506,1.55329647491606e-05,-0.004150751685520457,0.7777777777777778,-0.012094237882435858,0.16666666666666666,0.027801460999869923,0.05555555555555555,0.011201417015124034
SOLUSDT,0,opening_range,1,0.03,0.01,discovery,2024Q4,67,-0.005581226037039664,0.4492316872301167,0.16417910447761194,-0.37394214448165747,0.37394214448165747,0,305.43283582089555,-0.0024362686567165216,0.001993134328358107,0.0010975638283582088,5.425922360682548e-05,-0.005581226037039664,0.835820895522388,-0.012124042250602849,0.16417910447761194,0.027727656504736565,0.0,
SOLUSDT,0,opening_range,1,0.03,0.01,validation,2025Q1,58,-0.0028573682843548607,0.688600385138131,0.2413793103448276,-0.1657273604925819,0.24302475356780495,0,282.2931034482759,0.0002623100317674492,0.0019985260939694494,0.001099045081165789,2.2107140987071095e-05,-0.0028573682843548607,0.7586206896551724,-0.012095489976622848,0.22413793103448276,0.02780482872006511,0.017241379310344827,0.005011425117977073
SOLUSDT,0,opening_range,1,0.03,0.01,validation,2025Q2,58,-0.002195975090644593,0.7550757201770891,0.25862068965517243,-0.1273665552573864,0.24327252805375346,0,346.6551724137931,0.0009226716599320619,0.001999845497821916,0.0010994075543891608,1.9393698365578453e-05,-0.002195975090644593,0.7413793103448276,-0.012093586291665794,0.2413793103448276,0.02779137125822712,0.017241379310344827,0.0035784576690631913
SOLUSDT,0,opening_range,1,0.03,0.01,validation,2025Q3,65,-0.002647018296621076,0.7103679272597241,0.24615384615384617,-0.17205618928036995,0.23428652581932635,0,423.84615384615387,0.0004996085149857484,0.0019990002168130522,0.001099175334563995,4.8451260229777554e-05,-0.002647018296621076,0.7538461538461538,-0.012123487459170187,0.2153846153846154,0.027810775150968334,0.03076923076923077,0.01632192205270625
SOLUSDT,0,opening_range,1,0.03,0.01,validation,2025Q4,68,-0.00267103471222025,0.6996846362061692,0.2647058823529412,-0.181630360430977,0.3027690781487874,0,337.8235294117647,0.00043148165731306677,0.001998864099215304,0.001099137939656954,4.514330661059176e-06,-0.00267103471222025,0.7352941176470589,-0.012095975253245312,0.20588235294117646,0.02790939576954613,0.058823529411764705,0.008109215364410682
SOLUSDT,1,opening_range,1,0.03,0.015,discovery,2022Q1,51,-0.00302784293620391,0.7425008756981931,0.3137254901960784,-0.15441998974639942,0.22906146210753678,0,320.4901960784314,0.00011676470588223363,0.001998235294117536,0.0010989651911764706,4.7407156792138174e-05,-0.00302784293620391,0.6862745098039216,-0.01713403771373147,0.3137254901960784,0.027829458139637622,0.0,
SOLUSDT,1,opening_range,1,0.03,0.015,discovery,2022Q2,51,-0.007570026154117964,0.4214933144684876,0.21568627450980393,-0.38607133386001613,0.4247502474001893,0,283.7843137254902,-0.004481998720812424,0.0019890469556026573,0.0010964409248779717,2.5395528249096767e-06,-0.007570026154117964,0.7647058823529411,-0.01707294759707158,0.19607843137254902,0.027857445400593744,0.0392156862745098,0.0005995842099189631
SOLUSDT,1,opening_range,1,0.03,0.015,discovery,2022Q3,52,-0.008425032424134938,0.3891644834233547,0.19230769230769232,-0.43810168605501676,0.4381016860550168,0,403.9230769230769,-0.00535250000000012,0.001987307692307583,0.001095963105769231,-1.0738373941994981e-05,-0.008425032424134938,0.8076923076923077,-0.017076597941748213,0.19230769230769232,0.02791154274984082,0.0,
SOLUSDT,1,opening_range,1,0.03,0.015,discovery,2022Q4,53,-0.005518725079005765,0.536364317668098,0.2641509433962264,-0.29249242918730556,0.32011159637416214,0,565.6415094339623,-0.002527736726604445,0.0019929515749717067,0.0010975136214341334,-9.947684400451924e-05,-0.005518725079005765,0.6792452830188679,-0.016962398342293628,0.20754716981132076,0.027999537191613064,0.11320754716981132,0.001693167004586881
SOLUSDT,1,opening_range,1,0.03,0.015,discovery,2023Q1,50,-0.0018905195311320327,0.8278339943900329,0.34,-0.09452597655660164,0.19506299924313616,0,368.22,0.0012306198345650929,0.002000460778890142,0.0010995765874806213,2.1101999326363197e-05,-0.0018905195311320327,0.64,-0.017114511110947885,0.32,0.027867665207151192,0.04,0.0036278678396558174
SOLUSDT,1,opening_range,1,0.03,0.015,discovery,2023Q2,49,-0.0008513344411579171,0.9190974900193849,0.3673469387755102,-0.04171538761673794,0.19482294927157795,0,589.265306122449,0.0023426110252205536,0.0020026825395108357,0.0011001869606671404,9.107596620049562e-05,-0.0008513344411579171,0.5918367346938775,-0.017164467565935693,0.3469387755102041,0.027772949833703403,0.061224489795918366,-0.005361991792520229
SOLUSDT,1,opening_range,1,0.03,0.015,discovery,2023Q3,51,-0.006912390775139533,0.4273545701823847,0.23529411764705882,-0.3525319295321162,0.40813144706054655,0,660.5294117647059,-0.003788717371946712,0.001990432133122861,0.0010968214677722118,3.641980229774986e-05,-0.006912390775139533,0.6666666666666666,-0.01708413380771167,0.17647058823529413,0.02773289042996439,0.1568627450980392,-0.002658424242449867
SOLUSDT,1,opening_range,1,0.03,0.015,discovery,2023Q4,66,-0.0005062622120520614,0.9524128707656906,0.3787878787878788,-0.03341330599543605,0.13077223059312904,0,262.5,0.002635941696307828,0.0020032686147777212,0.0011003479701948416,3.8587323387328e-05,-0.0005062622120520614,0.6212121212121212,-0.017125611398048843,0.36363636363636365,0.027823539922728707,0.015151515151515152,0.0009718031790775595
SOLUSDT,1,opening_range,1,0.03,0.015,discovery,2024Q1,60,-0.006011644203536853,0.5346812126821131,0.25,-0.3606986522122112,0.3707138694338106,0,344.15,-0.0027537500000001255,0.0019924999999998776,0.0010973895625,0.00016800464103685118,-0.006011644203536853,0.75,-0.017225880027147752,0.25,0.027631063267295856,0.0,
SOLUSDT,1,opening_range,1,0.03,0.015,discovery,2024Q2,61,-0.007732099709484367,0.3927371993220485,0.21311475409836064,-0.4716580822785464,0.4824359405285465,0,538.4590163934427,-0.0045428455860499995,0.001988925383444349,0.0010964075259667781,0.00010392121402324076,-0.007732099709484367,0.7049180327868853,-0.017148548220440995,0.16393442622950818,0.027777796441081398,0.13114754098360656,-0.001506059151299697
SOLUSDT,1,opening_range,1,0.03,0.015,discovery,2024Q3,53,-0.0009892516979911137,0.9065072140503073,0.3584905660377358,-0.05243033999352903,0.22575299985667452,0,489.0188679245283,0.002143986757780676,0.002002285687827642,0.0011000779355884742,3.0874832355673016e-05,-0.0009892516979911137,0.6037735849056604,-0.017106490532688305,0.32075471698113206,0.027819229873742933,0.07547169811320754,0.005512612299716762
SOLUSDT,1,opening_range,1,0.03,0.015,discovery,2024Q4,67,-0.005109426825063776,0.5929769513382619,0.26865671641791045,-0.342331597279273,0.38684054924058137,0,483.67164179104475,-0.00191335820895533,0.001994179104477514,0.001097850854477612,0.00010403865715331992,-0.005109426825063776,0.7313432835820896,-0.01716452950543971,0.26865671641791045,0.02770724158262627,0.0,
SOLUSDT,1,opening_range,1,0.03,0.015,validation,2025Q1,57,-0.002517200285915922,0.7698239316377327,0.3333333333333333,-0.14348041629720754,0.29135207278328334,0,411.140350877193,0.0006237690714473463,0.001999248289852938,0.001099243486429877,4.2477581080453415e-05,-0.002517200285915922,0.631578947368421,-0.017086644845081746,0.2982456140350877,0.027805765707070183,0.07017543859649122,-0.0002648047236144264
SOLUSDT,1,opening_range,1,0.03,0.015,validation,2025Q2,58,-0.00358944226569471,0.6957763563321221,0.3103448275862069,-0.2081876514102932,0.30692524368174373,0,512.3275862068965,-0.0004580179952403546,0.0019970868771322712,0.001098649692320195,3.5687701001889734e-05,-0.00358944226569471,0.6896551724137931,-0.01710810909535786,0.29310344827586204,0.027797544396174004,0.017241379310344827,0.0035784576690631913
SOLUSDT,1,opening_range,1,0.03,0.015,validation,2025Q3,64,-0.0028194489228698,0.7496436375244757,0.328125,-0.1804447310636672,0.24010625467245206,0,586.484375,0.0003445818973637463,0.001998690473321292,0.0010990902402832233,6.625010662903146e-05,-0.0028194489228698,0.65625,-0.017132822812192534,0.28125,0.027810211876663875,0.0625,0.0096375033171174
SOLUSDT,1,opening_range,1,0.03,0.015,validation,2025Q4,68,-0.004287802419581905,0.6348274805385191,0.3088235294117647,-0.29157056453156954,0.43235979366539645,0,457.2352941176471,-0.0011903596463158199,0.0019956236570502213,0.0010982477091831487,3.571407032715802e-06,-0.004287802419581905,0.6764705882352942,-0.017090199435448008,0.25,0.027908155770956074,0.07352941176470588,0.004027992278557128
SOLUSDT,2,opening_range,1,0.05,0.01,discovery,2022Q1,50,-0.0024041419552364002,0.7519025923815784,0.2,-0.12020709776182001,0.29316761595225715,0,331.84,0.0007350175738525369,0.001999470564582999,0.0010993045508550982,4.038441365083953e-05,-0.0024041419552364002,0.8,-0.012112893370766365,0.14,0.04778180145577291,0.06,0.00994534229280806
SOLUSDT,2,opening_range,1,0.05,0.01,discovery,2022Q2,51,-0.005567013916805187,0.4781585983193675,0.11764705882352941,-0.28391770975706454,0.2839177097570645,0,202.94117647058823,-0.0024749565906115024,0.001993057029788893,0.00109754259250878,1.4577038960116306e-06,-0.005567013916805187,0.8823529411764706,-0.012090421378461585,0.09803921568627451,0.047839487594918635,0.0196078431372549,0.020953814299113634
SOLUSDT,2,opening_range,1,0.05,0.01,discovery,2022Q3,52,-0.006918788585711608,0.36701032986066595,0.09615384615384616,-0.3597770064570036,0.35977700645700356,0,298.8269230769231,-0.003819088325413143,0.0019903714518971576,0.0010968047971224794,1.252401127882611e-05,-0.006918788585711608,0.9038461538461539,-0.01209313561615012,0.07692307692307693,0.04784455218971362,0.019230769230769232,0.017222158743197637
SOLUSDT,2,opening_range,1,0.05,0.01,discovery,2022Q4,51,-0.00593799122523011,0.3998944751951864,0.1568627450980392,-0.3028375524867356,0.30283755248673566,0,496.3137254901961,-0.0030304707555063727,0.0019919471113774958,0.001097237670173214,-0.00018166431182697163,-0.00593799122523011,0.8235294117647058,-0.011950610103922042,0.0392156862745098,0.04780946285488838,0.13725490196078433,0.014781306595459046
SOLUSDT,2,opening_range,1,0.05,0.01,discovery,2023Q1,50,-0.0020274467468123615,0.7861553803099703,0.2,-0.10137233734061808,0.27170412759902995,0,351.04,0.001044567438631388,0.002000089045831327,0.0010994744631160403,-2.7549323503617483e-05,-0.0020274467468123615,0.78,-0.01211977780684522,0.14,0.048346660404525184,0.08,0.008218093573667304
SOLUSDT,2,opening_range,1,0.05,0.01,discovery,2023Q2,50,-0.0014640006122717253,0.8417200804221739,0.24,-0.07320003061358626,0.25695331039103514,0,610.52,0.0017421853673025272,0.0020014828878466596,0.0010998573863637009,0.00010484570536389178,-0.0014640006122717253,0.76,-0.01217031573071535,0.1,0.04774200100431442,0.14,0.02150885173314641
SOLUSDT,2,opening_range,1,0.05,0.01,discovery,2023Q3,51,-0.00698340992800778,0.3268643748210985,0.13725490196078433,-0.3561539063283968,0.35637266195737555,0,425.2352941176471,-0.003869695324440579,0.0019902703390119784,0.0010967770188851013,2.6667245670121498e-05,-0.00698340992800778,0.8431372549019608,-0.012099000740872883,0.058823529411764705,0.04777726243351146,0.09803921568627451,0.004154267645720542
SOLUSDT,2,opening_range,1,0.05,0.01,discovery,2023Q4,65,-0.0014157655543059157,0.8512586818327624,0.2153846153846154,-0.09202476102988452,0.25613827520576493,0,286.4153846153846,0.0017372961169582672,0.0020014731191146866,0.001099854702648814,5.1733849500680684e-05,-0.0014157655543059157,0.7846153846153846,-0.012131175797356817,0.15384615384615385,0.04780142418209153,0.06153846153846154,0.012162740703599472
SOLUSDT,2,opening_range,1,0.05,0.01,discovery,2024Q1,57,-0.004459217248865802,0.5740854133841662,0.14035087719298245,-0.2541753831853507,0.3279344984135674,0,312.50877192982455,-0.0012018753873126247,0.0019956006485766773,0.001098241388180261,0.00016349982479623777,-0.004459217248865802,0.8596491228070176,-0.012179091491757657,0.10526315789473684,0.04725216679010528,0.03508771929824561,0.02954354958507139
SOLUSDT,2,opening_range,1,0.05,0.01,discovery,2024Q2,62,-0.005937809985184846,0.4275563497600893,0.14516129032258066,-0.36814421908146044,0.3796504257560632,0,371.758064516129,-0.0027777386412436832,0.001992452070646742,0.00109737639510846,7.024287818595876e-05,-0.005937809985184846,0.8548387096774194,-0.012134150388861013,0.08064516129032258,0.04775230403860096,0.06451612903225806,0.00905105783379214
SOLUSDT,2,opening_range,1,0.05,0.01,discovery,2024Q3,54,-0.002407880697091257,0.75089823493305,0.18518518518518517,-0.13002555764292786,0.2126480838573064,0,391.22222222222223,0.0007140141220362994,0.0019994285996443235,0.0010992930220373159,2.317319744591703e-05,-0.002407880697091257,0.7962962962962963,-0.012096362693740866,0.12962962962962962,0.047754753632186904,0.07407407407407407,0.013958690690655272
SOLUSDT,2,opening_range,1,0.05,0.01,discovery,2024Q4,65,-0.005469994376715208,0.47690211483731243,0.13846153846153847,-0.3555496344864885,0.372634124406907,0,367.7076923076923,-0.002297276093624897,0.0019934120357768706,0.001097640121528829,8.16661257846121e-05,-0.005469994376715208,0.8615384615384616,-0.012137500066274466,0.06153846153846154,0.04767006493661837,0.07692307692307693,0.026694021895681597
SOLUSDT,2,opening_range,1,0.05,0.01,validation,2025Q1,58,-0.0036882237367313457,0.6316630823200456,0.1724137931034483,-0.21391697673041804,0.3796290049373825,0,387.7758620689655,-0.000556721905350858,0.0019968896665226617,0.0010985955136354696,3.601665122235582e-05,-0.0036882237367313457,0.8275862068965517,-0.01209925877089525,0.10344827586206896,0.04773125149255805,0.06896551724137931,0.0201149838293014
SOLUSDT,2,opening_range,1,0.05,0.01,validation,2025Q2,58,-0.0023081461948474065,0.7594360839266326,0.20689655172413793,-0.13387247930114957,0.24084947715128813,0,467.6551724137931,0.0008110883872239613,0.0019996225542200964,0.0010993463062081523,2.0265721643119004e-05,-0.0023081461948474065,0.7931034482758621,-0.012097704995240635,0.13793103448275862,0.04778846399690666,0.06896551724137931,0.010078559626166607
SOLUSDT,2,opening_range,1,0.05,0.01,validation,2025Q3,63,-0.00222942906573603,0.7635997743017736,0.2222222222222222,-0.1404540311413699,0.22635417206556002,0,536.8571428571429,0.0009335951956463107,0.0019998673230681194,0.0010994135503299173,6.374338798430351e-05,-0.00222942906573603,0.7777777777777778,-0.012125237149572528,0.07936507936507936,0.047699923131238484,0.14285714285714285,0.02390921928127686
SOLUSDT,2,opening_range,1,0.05,0.01,validation,2025Q4,68,-0.0055392229249790524,0.44117068032358064,0.17647058823529413,-0.37666715889857555,0.45850838788696185,0,461.0735294117647,-0.002427643645287351,0.0019931515611481695,0.0010975685626364606,2.085915590707143e-05,-0.0055392229249790524,0.8088235294117647,-0.012103514741641567,0.07352941176470588,0.047882833244040544,0.11764705882352941,0.006201498208938484
SOLUSDT,3,opening_range,1,0.05,0.015,discovery,2022Q1,50,-0.0025198504596663784,0.8012612501838994,0.26,-0.12599252298331892,0.2625844711198756,0,473.26,0.000634917573852539,0.0019992705645830115,0.0010992496058550984,5.624786308080759e-05,-0.0025198504596663784,0.74,-0.017134068353677513,0.2,0.04781319792243248,0.06,0.00994534229280806
SOLUSDT,3,opening_range,1,0.05,0.015,discovery,2022Q2,50,-0.0075594169762651904,0.4518106819287385,0.16,-0.37797084881325954,0.37797084881325943,0,358.54,-0.00448562436891502,0.0019890397115505097,0.001096438934755744,-1.168603895608347e-05,-0.0075594169762651904,0.8,-0.017072976099483852,0.12,0.04797538117744473,0.08,0.0042739770253565545
SOLUSDT,3,opening_range,1,0.05,0.015,discovery,2022Q3,51,-0.010166606460220036,0.3101871742921903,0.13725490196078433,-0.5184969294712218,0.5184969294712221,0,472.2156862745098,-0.007087270920605742,0.001983841616542127,0.0010950108881045688,4.830349676009284e-07,-0.010166606460220036,0.8627450980392157,-0.017082925520056098,0.0784313725490196,0.04784455218971362,0.058823529411764705,0.013924528217463992
SOLUSDT,3,opening_range,1,0.05,0.015,discovery,2022Q4,51,-0.0067605100259883755,0.46570931463386456,0.21568627450980393,-0.34478601132540715,0.36701345408743125,0,682.2745098039215,-0.0038581476418305077,0.00199029341130492,0.0010967833574207755,-0.0001847143845678275,-0.0067605100259883755,0.7254901960784313,-0.016894453972750703,0.058823529411764705,0.04775541911263211,0.21568627450980393,0.012458411666224785
SOLUSDT,3,opening_range,1,0.05,0.015,discovery,2023Q1,49,0.0010772357979709876,1.0961397720335437,0.32653061224489793,0.0527845541005784,0.17509398824313602,0,481.1020408163265,0.004162617806766683,0.0020063189166967398,0.0011011859643895387,-2.2122872290582785e-05,0.0010772357979709876,0.6530612244897959,-0.01711451111094789,0.22448979591836735,0.04811833335475883,0.12244897959183673,0.01185787379142727
SOLUSDT,3,opening_range,1,0.05,0.015,discovery,2023Q2,48,-0.002262412537610612,0.8008835329712316,0.2708333333333333,-0.10859580180530937,0.2668556380578865,0,788.6875,0.0009730943493059125,0.0019999462424560525,0.0010994352314587675,0.00013612541300170387,-0.002262412537610612,0.625,-0.017167693506923373,0.125,0.04770509800745367,0.25,0.010017034613139157
SOLUSDT,3,opening_range,1,0.05,0.015,discovery,2023Q3,51,-0.007024861794227939,0.42241978672950786,0.21568627450980393,-0.3582679515056249,0.4116808067053737,0,728.8039215686274,-0.003893616001720135,0.001990222545450981,0.001096763888799056,4.4259358257767945e-05,-0.007024861794227939,0.6666666666666666,-0.01708413380771167,0.058823529411764705,0.04777726243351146,0.27450980392156865,0.005661486475431252
SOLUSDT,3,opening_range,1,0.05,0.015,discovery,2023Q4,64,0.0003692087782585767,1.0313470055092702,0.3125,0.02362936180854891,0.14729438524592592,0,387.875,0.003535247587018072,0.0020050654297441794,0.0011008416001865007,6.0131778828814494e-05,0.0003692087782585767,0.6875,-0.01713181024693027,0.234375,0.047801726519302284,0.078125,0.01208062297678931
SOLUSDT,3,opening_range,1,0.05,0.015,discovery,2024Q1,57,-0.005901342846208998,0.5757194787455527,0.19298245614035087,-0.3363765422339129,0.3634888908451146,0,453.10526315789474,-0.002590366290496511,0.001992826440977907,0.0010974792439976892,0.00022067087073689054,-0.005901342846208998,0.8070175438596491,-0.017235138453218692,0.14035087719298245,0.04735653702990171,0.05263157894736842,0.025862510124977766
SOLUSDT,3,opening_range,1,0.05,0.015,discovery,2024Q2,60,-0.00601584248397071,0.5352738571629952,0.2,-0.36095054903824264,0.36095054903824286,0,607.0333333333333,-0.002810355183280663,0.0019923869027306017,0.0010973584918526939,0.00011574190610675332,-0.00601584248397071,0.7166666666666667,-0.017148548220440995,0.11666666666666667,0.04774557835149496,0.16666666666666666,0.004221797598025541
SOLUSDT,3,opening_range,1,0.05,0.015,discovery,2024Q3,50,0.00039703362627760246,1.0353716374784812,0.32,0.019851681313880123,0.2009817157574092,0,628.2,0.0035526450911480788,0.0020051001899922087,0.001100851149695636,4.9660125182632e-05,0.00039703362627760246,0.64,-0.0171201170803309,0.18,0.04776557769190976,0.18,0.015311692073031227
SOLUSDT,3,opening_range,1,0.05,0.015,discovery,2024Q4,65,-0.005130290694618465,0.6117874854733218,0.23076923076923078,-0.33346889515020023,0.4324174579521928,0,582.2153846153847,-0.0018989134117552015,0.0019942079652111784,0.0010978587832426684,0.00013931053440941675,-0.005130290694618465,0.7692307692307693,-0.017179708673574146,0.1076923076923077,0.04761046949923241,0.12307692307692308,0.024030406504235047
SOLUSDT,3,opening_range,1,0.05,0.015,validation,2025Q1,57,-0.0021116688233834076,0.8216030795614181,0.2807017543859649,-0.12036512293285424,0.3693323581653303,0,538.3508771929825,0.0010511468302087136,0.002000102191468847,0.0010994780745513068,6.32353875719678e-05,-0.0021116688233834076,0.6842105263157895,-0.017089039525698426,0.17543859649122806,0.04774134218824124,0.14035087719298245,0.008586749585871477
SOLUSDT,3,opening_range,1,0.05,0.015,validation,2025Q2,58,-0.004977223397111779,0.6196777488205113,0.22413793103448276,-0.28867895703248314,0.34909362859190285,0,650.0,-0.0018447945387128188,0.0019943160948276287,0.0010978884891515528,4.022427441977716e-05,-0.004977223397111779,0.7413793103448276,-0.01711311841541753,0.15517241379310345,0.047782731552234975,0.10344827586206896,0.002856758476725974
SOLUSDT,3,opening_range,1,0.05,0.015,validation,2025Q3,60,-0.0019505392141138354,0.826904438580583,0.31666666666666665,-0.11703235284683013,0.20460376415787182,0,735.3,0.001240978744740518,0.0020004814760133504,0.0010995822734978001,9.145420934320329e-05,-0.0019505392141138354,0.65,-0.0171307696058433,0.1,0.04766931051640022,0.25,0.017670119912177148
SOLUSDT,3,opening_range,1,0.05,0.015,validation,2025Q4,67,-0.008298943411530247,0.38577537734317824,0.19402985074626866,-0.5560292085725266,0.6279383090767685,0,594.6567164179105,-0.005192478232492341,0.0019876274161188027,0.001096050941893264,2.2786821025839432e-05,-0.008298943411530247,0.7611940298507462,-0.017093636588217692,0.08955223880597014,0.04785555454480286,0.14925373134328357,0.0028612930157758546
SOLUSDT,4,opening_range,-1,0.03,0.01,discovery,2022Q1,55,-0.004150619118601221,0.5707790261728364,0.2,-0.22828405152306716,0.2963605946099356,0,215.34545454545454,-0.0010729128520293395,0.0020041499756796185,0.00110169238455524,-2.8136093662976107e-05,-0.004150619118601221,0.8,-0.012087652315752663,0.18181818181818182,0.02794596650000015,0.01818181818181818,0.024112985370048464
SOLUSDT,4,opening_range,-1,0.03,0.01,discovery,2022Q2,57,-0.005097899008502427,0.4903056852725744,0.17543859649122806,-0.29058024348463835,0.3185262099846385,0,158.71929824561403,-0.0019794736842105236,0.0020059649122805886,0.00110219199122807,1.0268420783245067e-05,-0.005097899008502427,0.8245614035087719,-0.012129933949370996,0.17543859649122806,0.02795266521357983,0.0,
SOLUSDT,4,opening_range,-1,0.03,0.01,discovery,2022Q3,50,-0.009706558890735855,0.1474667965069288,0.06,-0.4853279445367928,0.48532794453679273,0,227.58,-0.006592400000000016,0.002015199999999892,0.00110473418,-5.775289264053074e-06,-0.009706558890735855,0.94,-0.012112286579803754,0.06,0.027983174904661217,0.0,
SOLUSDT,4,opening_range,-1,0.03,0.01,discovery,2022Q4,55,-0.0003945715773828124,0.952023085991492,0.3090909090909091,-0.02170143675605468,0.14805008915463758,0,326.9818181818182,0.0027599966553780936,0.001996476483172306,0.0010995800639052868,5.851168568331302e-05,-0.0003945715773828124,0.6727272727272727,-0.0122169183175937,0.2727272727272727,0.02796215921131861,0.05454545454545454,0.0036307176083777335
SOLUSDT,4,opening_range,-1,0.03,0.01,discovery,2023Q1,48,0.0012461777382825382,1.154527531913916,0.3333333333333333,0.05981653143756183,0.12072968694307523,0,332.6458333333333,0.004330000000000004,0.0019933333333332294,0.0010987148333333333,-8.225904949097366e-06,0.0012461777382825382,0.6666666666666666,-0.012096657367601875,0.3333333333333333,0.027931847950051363,0.0,
SOLUSDT,4,opening_range,-1,0.03,0.01,discovery,2023Q2,52,-0.004799812087108706,0.5072441817518545,0.19230769230769232,-0.2495902285296527,0.25312098178213127,0,404.78846153846155,-0.0017619688224311664,0.0020055294671118672,0.0011020721240592487,-6.975832649357666e-05,-0.004799812087108706,0.8076923076923077,-0.012059978327457569,0.17307692307692307,0.02805606504777455,0.019230769230769232,0.004424275793594252
SOLUSDT,4,opening_range,-1,0.03,0.01,discovery,2023Q3,50,-1.6092096036453737e-05,0.9980443097565511,0.32,-0.0008046048018226868,0.08288914557003044,0,430.98,0.003034630073005789,0.001995926666520404,0.001099428713126433,-4.463321060459399e-05,-1.6092096036453737e-05,0.68,-0.012100508857014603,0.28,0.02802944421737999,0.04,0.00910023864667699
SOLUSDT,4,opening_range,-1,0.03,0.01,discovery,2023Q4,45,-0.0014043021906933973,0.8416953371713838,0.26666666666666666,-0.06319359858120288,0.11437480565770854,0,203.06666666666666,0.0016660000000000028,0.001998666666666556,0.0011001829666666665,-2.8547442639822097e-05,-0.0014043021906933973,0.7333333333333333,-0.012096659053163171,0.26666666666666666,0.02799967918109848,0.0,
SOLUSDT,4,opening_range,-1,0.03,0.01,discovery,2024Q1,53,-0.0063969888902552,0.37591385823134016,0.1509433962264151,-0.33904041118352557,0.33904041118352557,0,238.39622641509433,-0.0033393912512435188,0.002008687469972345,0.0011029414432966688,-5.4031274257333686e-05,-0.0063969888902552,0.8490566037735849,-0.012072422147176493,0.1320754716981132,0.028032141669463165,0.018867924528301886,0.00799359375317463
SOLUSDT,4,opening_range,-1,0.03,0.01,discovery,2024Q2,56,0.0018551159755847053,1.2384204429707741,0.35714285714285715,0.10388649463274349,0.129232968776394,0,289.625,0.004909159306889778,0.001992173855241352,0.0010983956580015934,-3.652618193787379e-05,0.0018551159755847053,0.6428571428571429,-0.012103559267249535,0.3392857142857143,0.028011951945438957,0.017857142857142856,0.007387541290386563
SOLUSDT,4,opening_range,-1,0.03,0.01,discovery,2024Q3,58,-0.004945176708266289,0.49636996890266594,0.1896551724137931,-0.28682024907944476,0.3427121820794452,0,294.1551724137931,-0.0018315857268581487,0.002005668840293894,0.0011021104900119333,5.8116511023112e-06,-0.004945176708266289,0.8103448275862069,-0.012117145750334735,0.1724137931034483,0.027912681439122716,0.017241379310344827,0.003558786795060804
SOLUSDT,4,opening_range,-1,0.03,0.01,discovery,2024Q4,54,-0.005586817005597766,0.4445599931968963,0.16666666666666666,-0.3016881183022794,0.30533030625212443,0,302.22222222222223,-0.0025408385239470083,0.002007088765813601,0.0011025013600093685,-6.361164417221099e-05,-0.005586817005597766,0.8333333333333334,-0.01207003515159805,0.14814814814814814,0.028004904238211857,0.018518518518518517,0.01742422961393796
SOLUSDT,4,opening_range,-1,0.03,0.01,validation,2025Q1,58,0.000662237638861015,1.0825212598601028,0.3275862068965517,0.03840978305393887,0.10556675938525412,0,307.58620689655174,0.0037537109603873295,0.0019944870651442785,0.0010990324268576163,-2.046170475580456e-06,0.000662237638861015,0.6551724137931034,-0.012124119589217577,0.3103448275862069,0.027956606396073218,0.034482758620689655,-0.002046293842555617
SOLUSDT,4,opening_range,-1,0.03,0.01,validation,2025Q2,56,-0.005686511610600723,0.4416140473422956,0.16071428571428573,-0.3184446501936405,0.3501300529837451,0,343.23214285714283,-0.002567857142857142,0.002007142857142752,0.0011025162499999999,8.995360600828995e-06,-0.005686511610600723,0.8392857142857143,-0.012133933629558526,0.16071428571428573,0.027983358932845575,0.0,
SOLUSDT,4,opening_range,-1,0.03,0.01,validation,2025Q3,51,-0.006282618339778554,0.3610907051302521,0.1568627450980392,-0.32041353532870626,0.3483300078136059,0,323.96078431372547,-0.0031933058769775882,0.0020083950067606134,0.0011028609354860558,-2.1943479445703455e-05,-0.006282618339778554,0.803921568627451,-0.012101699136574159,0.11764705882352941,0.027975457174882826,0.0784313725490196,0.0019758465553843083
SOLUSDT,4,opening_range,-1,0.03,0.01,validation,2025Q4,53,-0.0029919627770145186,0.6728824934682397,0.24528301886792453,-0.1585740271817695,0.22772776996745658,0,355.7358490566038,0.00010433207715336358,0.002001793128974563,0.0011010436035785015,-6.5418783851823135e-06,-0.0029919627770145186,0.7547169811320755,-0.012119041629951208,0.20754716981132076,0.027978000494834277,0.03773584905660377,0.009214816286550864
SOLUSDT,5,opening_range,-1,0.03,0.015,discovery,2022Q1,54,-0.003793762006994666,0.6842194541927504,0.2962962962962963,-0.20486314837771197,0.26793193871458054,0,335.05555555555554,-0.0007413001270668364,0.00200348608634036,0.0011015096324173742,-5.253383882990325e-05,-0.003793762006994666,0.7037037037037037,-0.017072411696047642,0.2777777777777778,0.027985034046803338,0.018518518518518517,0.024112985370048464
SOLUSDT,5,opening_range,-1,0.03,0.015,discovery,2022Q2,57,-0.0013168500397206357,0.8814998240277343,0.3508771929824561,-0.07506045226407623,0.26118363736521694,0,263.82456140350877,0.0017886842105263932,0.001998421052631468,0.0011001153552631581,6.997842352403186e-06,-0.0013168500397206357,0.6491228070175439,-0.017119475607165823,0.3508771929824561,0.027918007260052963,0.0,
SOLUSDT,5,opening_range,-1,0.03,0.015,discovery,2022Q3,50,-0.009897763146527142,0.3113702311989752,0.16,-0.4948881573263571,0.5321248552378322,0,369.98,-0.006792199999999922,0.002015599999999879,0.0011048442900000002,-1.4881143472660207e-05,-0.009897763146527142,0.84,-0.01711086551693629,0.16,0.02797102429812088,0.0,
SOLUSDT,5,opening_range,-1,0.03,0.015,discovery,2022Q4,54,0.0017285450997612426,1.2006339068030667,0.4444444444444444,0.0933414353871071,0.13525635106716669,0,533.9444444444445,0.005161592369485914,0.0019916684837446687,0.0010982565418628425,0.0003431222441171613,0.0017285450997612426,0.48148148148148145,-0.017451824211846177,0.35185185185185186,0.02761204380506265,0.16666666666666666,0.0024955591776574773
SOLUSDT,5,opening_range,-1,0.03,0.015,discovery,2023Q1,48,0.0026081888403876436,1.2710819139516563,0.4375,0.12519306433860689,0.1021138226876315,0,431.0625,0.005682812500000069,0.0019906249999998905,0.0010979692968750001,-1.3970637262464385e-05,0.0026081888403876436,0.5625,-0.017104719725108825,0.4375,0.027953356996025962,0.0,
SOLUSDT,5,opening_range,-1,0.03,0.015,discovery,2023Q2,51,-0.005622333859914402,0.5175840807896862,0.27450980392156865,-0.2867390268556345,0.2897343301148943,0,581.5490196078431,-0.002613537815945327,0.0020072343099417113,0.0011025414246692382,-0.00010097969064187255,-0.005622333859914402,0.6666666666666666,-0.017067321753888927,0.19607843137254902,0.028038848809006294,0.13725490196078433,0.0018802035266465794
SOLUSDT,5,opening_range,-1,0.03,0.015,discovery,2023Q3,48,0.00042614014425013347,1.044272017406702,0.4375,0.020454726924006406,0.08097703691309736,0,585.2916666666666,0.003474568928623238,0.001995045908050695,0.001099186262338685,-4.580338601627569e-05,0.00042614014425013347,0.5625,-0.017111993603260038,0.3333333333333333,0.028016664449279756,0.10416666666666667,0.006842384604710258
SOLUSDT,5,opening_range,-1,0.03,0.015,discovery,2023Q4,45,-0.0030509200604851663,0.7408990796597195,0.3111111111111111,-0.1372914027218325,0.17692944780665582,0,271.73333333333335,1.0000000000818767e-06,0.002001999999999895,0.00110110055,-5.118048951464606e-05,-0.0030509200604851663,0.6888888888888889,-0.01709277960377135,0.3111111111111111,0.028041768928219944,0.0,
SOLUSDT,5,opening_range,-1,0.03,0.015,discovery,2024Q1,53,-0.006965359841160472,0.46180761466093645,0.22641509433962265,-0.369164071581505,0.38008645178983996,0,365.7169811320755,-0.003987385747012022,0.0020099847562501613,0.0011032985537767948,-0.00013530921587850614,-0.006965359841160472,0.7547169811320755,-0.0170229661926115,0.20754716981132076,0.028070511004321022,0.03773584905660377,0.0014894775377118866
SOLUSDT,5,opening_range,-1,0.03,0.015,discovery,2024Q2,55,-0.00025054712706054644,0.9763025748342389,0.38181818181818183,-0.013780091988330054,0.20017386680586371,0,375.25454545454545,0.002800598567015116,0.0019963951980639166,0.0010995576881470772,-4.4807192135331286e-05,-0.00025054712706054644,0.6181818181818182,-0.0171029898966306,0.36363636363636365,0.0280167011603362,0.01818181818181818,0.007387541290386563
SOLUSDT,5,opening_range,-1,0.03,0.015,discovery,2024Q3,58,-0.004037385935558971,0.650938143695616,0.3103448275862069,-0.23416838426242031,0.3263458440791546,0,429.0689655172414,-0.000937430565408992,0.0020038787398705855,0.0011016177201179037,-5.541089838510067e-06,-0.004037385935558971,0.6724137931034483,-0.01711912845862517,0.25862068965517243,0.027917663657838446,0.06896551724137931,0.003678167689096112
SOLUSDT,5,opening_range,-1,0.03,0.015,discovery,2024Q4,53,-0.006390668468488766,0.4904350684249454,0.22641509433962265,-0.3387054288299046,0.33870542882990473,0,432.811320754717,-0.0033828044527060004,0.002008774383288591,0.0011029653683597973,-0.00010387573586562059,-0.006390668468488766,0.7169811320754716,-0.017073190088397885,0.20754716981132076,0.028051424415782348,0.07547169811320754,0.0003775314889022637
SOLUSDT,5,opening_range,-1,0.03,0.015,validation,2025Q1,57,0.0018789889267196295,1.1995151934751436,0.42105263157894735,0.10710236882301888,0.1214327254916339,0,394.0175438596491,0.004958762035479654,0.001992074550479417,0.00109836832188325,-1.0669763602642386e-05,0.0018789889267196295,0.543859649122807,-0.017123644412662974,0.40350877192982454,0.027968322375290143,0.05263157894736842,-0.0017786896720340863
SOLUSDT,5,opening_range,-1,0.03,0.015,validation,2025Q2,54,-0.005701661160861195,0.5467917410295261,0.25925925925925924,-0.30788970268650456,0.3683620341419665,0,479.8333333333333,-0.0025806760435518475,0.002007168520607611,0.001102523314510288,1.1293282191451206e-05,-0.005701661160861195,0.7222222222222222,-0.017144557083017254,0.2222222222222222,0.027980873803198397,0.05555555555555555,0.008325845970929146
SOLUSDT,5,opening_range,-1,0.03,0.015,validation,2025Q3,50,-0.008043142955161654,0.3708778618842028,0.2,-0.4021571477580827,0.4300736202429823,0,482.88,-0.004964131586933127,0.0020119402033771387,0.001103836839484671,-3.676567463328132e-05,-0.008043142955161654,0.72,-0.017084967950448685,0.16,0.027980465040603697,0.12,-0.0018236703111266085
SOLUSDT,5,opening_range,-1,0.03,0.015,validation,2025Q4,50,-0.003414173822288336,0.6914824689332109,0.32,-0.1707086911144168,0.22351431132124777,0,547.18,-0.0003138581536595332,0.00200263034665386,0.0011012740686751727,-3.5887467002297543e-06,-0.003414173822288336,0.64,-0.017122027305578234,0.26,0.027973132710369424,0.1,0.0027090914858568437
SOLUSDT,6,opening_range,-1,0.05,0.01,discovery,2022Q1,55,-0.00377262188311928,0.6346352642480096,0.14545454545454545,-0.2074942035715604,0.2557368483342355,0,287.2,-0.000709640124756613,0.0020034227029523525,0.00110149218455524,-4.193312914492483e-05,-0.00377262188311928,0.8545454545454545,-0.012083186626290475,0.12727272727272726,0.04804322607057765,0.01818181818181818,0.024112985370048464
SOLUSDT,6,opening_range,-1,0.05,0.01,discovery,2022Q2,57,-0.005806638796935935,0.4652292866725452,0.10526315789473684,-0.3309784114253483,0.37895538892534847,0,194.94736842105263,-0.0026805263157894743,0.002007368421052524,0.001102578342105263,1.6165717988673373e-05,-0.005806638796935935,0.8947368421052632,-0.012135617398838708,0.10526315789473684,0.047989679319237616,0.0,
SOLUSDT,6,opening_range,-1,0.05,0.01,discovery,2022Q3,50,-0.009706132458036438,0.1652274014552156,0.04,-0.48530662290182186,0.4853066229018218,0,259.84,-0.006592400000000016,0.0020151999999998916,0.00110473418,-6.201721963469636e-06,-0.009706132458036438,0.96,-0.012111747152952981,0.04,0.04802862021996064,0.0,
SOLUSDT,6,opening_range,-1,0.05,0.01,discovery,2022Q4,53,0.0004001802197451475,1.0468894685149777,0.2830188679245283,0.021209551646492818,0.11114973427304992,0,401.9622641509434,0.0035694007116737828,0.001994856054631176,0.0010991340004386264,7.523043685883265e-05,0.0004001802197451475,0.6981132075471698,-0.0122169183175937,0.1509433962264151,0.04805743754656603,0.1509433962264151,0.011097003628116449
SOLUSDT,6,opening_range,-1,0.05,0.01,discovery,2023Q1,48,0.0018677119265020567,1.2053953808494158,0.25,0.08965017247209872,0.1603859545464666,0,421.4583333333333,0.0049554942964810085,0.001992081092499445,0.00109837012273781,-2.668845258302018e-06,0.0018677119265020567,0.75,-0.012124335797479022,0.20833333333333334,0.04807622980010147,0.041666666666666664,0.022681981590164428
SOLUSDT,6,opening_range,-1,0.05,0.01,discovery,2023Q2,52,-0.002709530615775315,0.7218355736820059,0.19230769230769232,-0.1408955920203164,0.21305895978213107,0,445.78846153846155,0.00031821381107364284,0.00200136493731506,0.0011009257331194328,-7.454624358553453e-05,-0.002709530615775315,0.8076923076923077,-0.012059978327457569,0.11538461538461539,0.0480754844586094,0.07692307692307693,0.019292647745311274
SOLUSDT,6,opening_range,-1,0.05,0.01,discovery,2023Q3,50,0.0003445160822348986,1.0385306582583287,0.26,0.01722580411174493,0.084413066011394,0,557.12,0.003372963228877811,0.001995249322865005,0.001099242257351693,-6.604443357378512e-05,0.0003445160822348986,0.74,-0.012082904739624319,0.14,0.04811776270159648,0.12,0.021244823427778236
SOLUSDT,6,opening_range,-1,0.05,0.01,discovery,2023Q4,43,-0.003452081703298272,0.6588748555149517,0.16279069767441862,-0.1484395132418257,0.1912808231315642,0,308.2325581395349,-0.0003987050263171084,0.002002800210262794,0.0011013208278801189,-5.0744361161748403e-05,-0.003452081703298272,0.8372093023255814,-0.012087410966134934,0.09302325581395349,0.04796835474592247,0.06976744186046512,0.03161128751844734
SOLUSDT,6,opening_range,-1,0.05,0.01,discovery,2024Q1,53,-0.00607010354045762,0.42072391186013103,0.1320754716981132,-0.32171548764425384,0.32171548764425395,0,279.1320754716981,-0.0030214865943051,0.0020080510242127115,0.0011027662456901848,-6.220032375037585e-05,-0.00607010354045762,0.8679245283018868,-0.012073370698324828,0.07547169811320754,0.04805110121450734,0.05660377358490566,0.013818386540219664
SOLUSDT,6,opening_range,-1,0.05,0.01,discovery,2024Q2,55,0.0016217659978935554,1.1841634424705232,0.2727272727272727,0.08919712988414555,0.1702694797763931,0,378.9818181818182,0.004657513881509399,0.0019926776498867577,0.0010985343400726076,-5.5464106343520764e-05,0.0016217659978935554,0.7272727272727273,-0.012108419658046713,0.2,0.048108936851085395,0.07272727272727272,0.011083902711018681
SOLUSDT,6,opening_range,-1,0.05,0.01,discovery,2024Q3,58,-0.004954153238325263,0.5075935936831483,0.15517241379310345,-0.28734088782286527,0.3833283205897523,0,392.5,-0.0018418148883491462,0.00200568931909568,0.0011021161273140944,4.532903566341732e-06,-0.004954153238325263,0.8275862068965517,-0.012115078394378323,0.08620689655172414,0.04797098436773157,0.08620689655172414,0.010865590653727305
SOLUSDT,6,opening_range,-1,0.05,0.01,discovery,2024Q4,54,-0.006350541863657612,0.3821809205644279,0.14814814814814814,-0.34292926063751106,0.3482083991840396,0,402.85185185185185,-0.003328053843994429,0.002008664772460344,0.0011029351952390502,-8.911194803621035e-05,-0.006350541863657612,0.8518518518518519,-0.012066613309697634,0.037037037037037035,0.0482766199893937,0.1111111111111111,0.01926361860496545
SOLUSDT,6,opening_range,-1,0.05,0.01,validation,2025Q1,58,0.003734754660811436,1.442452553768008,0.29310344827586204,0.21661577032706328,0.14529090055953128,0,412.87931034482756,0.0068157053480748814,0.001988356946250007,0.0010973449583789963,-4.751217365557074e-06,0.003734754660811436,0.6896551724137931,-0.012121075509754862,0.2413793103448276,0.047987189315630674,0.06896551724137931,0.007409535074607034
SOLUSDT,6,opening_range,-1,0.05,0.01,validation,2025Q2,56,-0.008327762704364979,0.23120495622947695,0.10714285714285714,-0.4663547114444388,0.49632428464657946,0,440.44642857142856,-0.0052067548720754414,0.002012425935679727,0.0011039705494442652,4.611347165545394e-06,-0.008327762704364979,0.8928571428571429,-0.012132094638831739,0.03571428571428571,0.048071331041654855,0.07142857142857142,0.011026839603459626
SOLUSDT,6,opening_range,-1,0.05,0.01,validation,2025Q3,51,-0.006207008745130859,0.3835525774792446,0.13725490196078433,-0.3165574460016738,0.3644655629988043,0,399.19607843137254,-0.0031209766121515366,0.0020082502034276285,0.0011028210747485684,-2.5039145196874833e-05,-0.006207008745130859,0.8235294117647058,-0.012099709890164397,0.0392156862745098,0.048011914134170115,0.13725490196078433,0.013658077302412948
SOLUSDT,6,opening_range,-1,0.05,0.01,validation,2025Q4,52,-0.0018154916578129424,0.8053590253329336,0.23076923076923078,-0.09440556620627301,0.21447818482554082,0,434.0576923076923,0.0012764176084331413,0.0019994466113944253,0.0011003976659516286,-7.935011099971365e-06,-0.0018154916578129424,0.7692307692307693,-0.012125602839760972,0.11538461538461539,0.04803259849508822,0.11538461538461539,0.017070492735606093
SOLUSDT,7,opening_range,-1,0.05,0.015,discovery,2022Q1,53,-0.0029171686913465125,0.773526132883404,0.24528301886792453,-0.15460994064136516,0.24126429311269004,0,458.75471698113205,0.00011036521501688501,0.002001781050620474,0.0011010402787095823,-7.528742296665882e-05,-0.0029171686913465125,0.7547169811320755,-0.0170670840094949,0.16981132075471697,0.04803964939075636,0.07547169811320754,0.02392914380540593
SOLUSDT,7,opening_range,-1,0.05,0.015,discovery,2022Q2,55,-0.00019118163868369053,0.9846546436628166,0.2727272727272727,-0.010514990127602979,0.22460204036909084,0,329.07272727272726,0.002913290391578703,0.0019961695888055437,0.001099495583558475,8.806857898375783e-06,-0.00019118163868369053,0.7272727272727273,-0.01713057340695966,0.23636363636363636,0.047997087735895366,0.03636363636363636,0.02537290279207182
SOLUSDT,7,opening_range,-1,0.05,0.015,discovery,2022Q3,49,-0.011377310117133705,0.2597027749002538,0.10204081632653061,-0.5574881957395516,0.5574881957395513,0,406.3673469387755,-0.008269050620517162,0.0020185566578988113,0.001105658184003129,-1.5955345285395737e-05,-0.011377310117133705,0.8979591836734694,-0.017114998999355743,0.061224489795918366,0.047914961166268054,0.04081632653061224,0.02591343836664852
SOLUSDT,7,opening_range,-1,0.05,0.015,discovery,2022Q4,52,0.001658270129262271,1.1769602561774297,0.40384615384615385,0.08623004672163809,0.11714934144677323,0,637.3653846153846,0.005115678632584115,0.0019917604031378646,0.0010982818449738047,0.0003673662552101756,0.001658270129262271,0.5192307692307693,-0.017622209035253356,0.17307692307692307,0.04781987044070173,0.3076923076923077,0.008228178544197693
SOLUSDT,7,opening_range,-1,0.05,0.015,discovery,2023Q1,47,0.001126911070072282,1.0965868969563697,0.3191489361702128,0.05296482029339725,0.1866151449690476,0,571.8510638297872,0.004197706813113356,0.0019935981845582342,0.001098787740254295,-2.1590181771454196e-05,0.001126911070072282,0.6808510638297872,-0.017136388954666723,0.23404255319148937,0.04810325761361052,0.0851063829787234,0.018048358273254204
SOLUSDT,7,opening_range,-1,0.05,0.015,discovery,2023Q2,50,-0.004248086969281559,0.6425834396723931,0.26,-0.212404348464078,0.2153996517233376,0,637.4,-0.001251353067547101,0.002004507213348318,0.0011017907231544927,-0.00010956403476835109,-0.004248086969281559,0.68,-0.017064244909700252,0.12,0.0480754844586094,0.2,0.007932707171407424
SOLUSDT,7,opening_range,-1,0.05,0.015,discovery,2023Q3,47,0.00047502718586073576,1.0450514175292183,0.3829787234042553,0.02232627773545458,0.0806292522801857,0,747.936170212766,0.0034975632634790138,0.0019949998733462793,0.0010991735901354275,-7.163738586342852e-05,0.00047502718586073576,0.6170212765957447,-0.017088733013802544,0.14893617021276595,0.04811776270159648,0.23404255319148937,0.01646138147495936
SOLUSDT,7,opening_range,-1,0.05,0.015,discovery,2023Q4,43,-0.005534987852921638,0.5901768326453415,0.20930232558139536,-0.23800447767563043,0.3294346612025321,0,407.4186046511628,-0.0025093216582314187,0.0020070256689853497,0.0011024839910299693,-8.384346532510022e-05,-0.005534987852921638,0.7906976744186046,-0.01708085890196686,0.11627906976744186,0.048109415661117476,0.09302325581395349,0.025549411671413832
SOLUSDT,7,opening_range,-1,0.05,0.015,discovery,2024Q1,52,-0.00615281488858785,0.5449212067564135,0.19230769230769232,-0.31994637420656824,0.3924846444361759,0,407.9807692307692,-0.0031849923466659965,0.00200837836305628,0.0011028563538903477,-0.00014341217502477076,-0.00615281488858785,0.7884615384615384,-0.017025425754986823,0.1346153846153846,0.04809120561120151,0.07692307692307693,0.010364410617370205
SOLUSDT,7,opening_range,-1,0.05,0.015,discovery,2024Q2,54,8.731384938424909e-05,1.007448368769968,0.3148148148148148,0.004714947866749451,0.23816597891423263,0,472.537037037037,0.00311820667845488,0.0019957593459889685,0.0010993826539671442,-6.42491708854802e-05,8.731384938424909e-05,0.6851851851851852,-0.017108581403684486,0.2222222222222222,0.04810611929216246,0.09259259259259259,0.012091805659425182
SOLUSDT,7,opening_range,-1,0.05,0.015,discovery,2024Q3,58,-0.0034291686223854754,0.7117079058535658,0.27586206896551724,-0.19889178009835756,0.30545425897394174,0,553.1896551724138,-0.00033027590467455564,0.0020026632150242705,0.0011012831165158345,-5.053613829184165e-06,-0.0034291686223854754,0.6896551724137931,-0.017116791882520205,0.13793103448275862,0.04789422221736436,0.1724137931034483,0.010262611746353578
SOLUSDT,7,opening_range,-1,0.05,0.015,discovery,2024Q4,52,-0.005918074023901782,0.53694848167551,0.21153846153846154,-0.30773984924289266,0.3077398492428926,0,544.6730769230769,-0.0029397742937688253,0.0020078874360234555,0.001102721213951386,-0.00013230891984188577,-0.005918074023901782,0.7307692307692307,-0.017070443369147675,0.09615384615384616,0.04825387816265105,0.17307692307692307,0.011074178663495977
SOLUSDT,7,opening_range,-1,0.05,0.015,validation,2025Q1,56,0.004445167548524408,1.4329669617672953,0.35714285714285715,0.24892938271736686,0.15401250880953,0,536.1607142857143,0.00751692623826435,0.001986953100623994,0.001096958514774298,-1.2152925658350241e-05,0.004445167548524408,0.5892857142857143,-0.017120453281590255,0.26785714285714285,0.04799321359689104,0.14285714285714285,0.011750767132059955
SOLUSDT,7,opening_range,-1,0.05,0.015,validation,2025Q2,54,-0.007381566169398546,0.4452758543092569,0.2037037037037037,-0.3986045731475215,0.49742309701501974,0,588.6111111111111,-0.004261235385860513,0.002010533003775399,0.0011034494726143,6.348307148335957e-06,-0.007381566169398546,0.7592592592592593,-0.01714047213320429,0.09259259259259259,0.04803119006521609,0.14814814814814814,0.00799985424847175
SOLUSDT,7,opening_range,-1,0.05,0.015,validation,2025Q3,50,-0.007265372062625567,0.44645738555459,0.18,-0.36326860313127834,0.41787375189121234,0,571.22,-0.004191055736810553,0.002010392503977492,0.0011034107965324337,-3.948697469490967e-05,-0.007265372062625567,0.74,-0.017083371614959913,0.08,0.048013753398411144,0.18,0.008529014780954863
SOLUSDT,7,opening_range,-1,0.05,0.015,validation,2025Q4,49,-0.003463403773179713,0.702696881834957,0.2857142857142857,-0.16970678488580593,0.26223885396059216,0,647.734693877551,-0.000361737883860104,0.0020027262019695832,0.0011013004552472064,-2.3607678971804462e-06,-0.003463403773179713,0.673469387755102,-0.017133525852842394,0.12244897959183673,0.04803259849508822,0.20408163265306123,0.010750397728746369
SOLUSDT,8,sweep_reclaim,1,0.03,0.01,discovery,2022Q1,299,-0.0032924051599739976,0.6508574223332119,0.22073578595317725,-0.9844291428322253,1.1886355958122434,0,175.69899665551839,-0.00017173913043489728,0.001997658862876142,0.0010988068311036788,2.4200335559280146e-05,-0.0032924051599739976,0.7792642140468228,-0.012101124442141389,0.22073578595317725,0.02780504321495027,0.0,
SOLUSDT,8,sweep_reclaim,1,0.03,0.01,discovery,2022Q2,428,-0.004845516272571299,0.5095810058015143,0.1822429906542056,-2.073880964660516,2.136961408660517,0,110.00233644859813,-0.001755844993959812,0.0019944938161957733,0.0010979373136544147,-2.75985123870051e-06,-0.004845516272571299,0.8177570093457944,-0.012082268947246715,0.17990654205607476,0.027861971001658232,0.002336448598130841,0.009541399748150487
SOLUSDT,8,sweep_reclaim,1,0.03,0.01,discovery,2022Q3,280,-0.002070777728290867,0.7706322555084052,0.25,-0.5798177639214428,0.5834928410355434,0,190.48928571428573,0.001040819124423855,0.0020000815566920535,0.0010994724056622527,1.2042890360415704e-05,-0.002070777728290867,0.7464285714285714,-0.012093615767284238,0.25,0.027829686601253373,0.0035714285714285713,-0.0003301306467724736
SOLUSDT,8,sweep_reclaim,1,0.03,0.01,discovery,2022Q4,262,-0.004368938260411492,0.5429404447461885,0.20229007633587787,-1.1446618242278108,1.1681815070854207,0,250.22137404580153,-0.0013775461992734624,0.0019952496579433983,0.0010981449622785306,-0.00010200255908390069,-0.004368938260411492,0.7938931297709924,-0.01200647468058589,0.17557251908396945,0.027979584703136898,0.030534351145038167,0.008203001623719623
SOLUSDT,8,sweep_reclaim,1,0.03,0.01,discovery,2023Q1,268,-0.002498077149113445,0.725915815823903,0.24253731343283583,-0.6694846759624034,0.8807331647346953,0,199.13805970149255,0.0005999529760294359,0.0019992007052466974,0.0010992304137489306,-4.009938527467445e-07,-0.002498077149113445,0.753731343283582,-0.012084705533055462,0.23507462686567165,0.02786736842313621,0.011194029850746268,0.005327210352406159
SOLUSDT,8,sweep_reclaim,1,0.03,0.01,discovery,2023Q2,214,-0.003930179698903468,0.5820453432984968,0.2102803738317757,-0.8410584555653422,0.8634276544781886,0,328.0981308411215,-0.0007800544707953152,0.0019964434476106895,0.0010984729261448766,5.520885435258652e-05,-0.003930179698903468,0.7710280373831776,-0.012128281575895756,0.18691588785046728,0.027793786744463082,0.04205607476635514,0.0053729482976593934
SOLUSDT,8,sweep_reclaim,1,0.03,0.01,discovery,2023Q3,215,-0.0037465924313473263,0.5911970354630569,0.23255813953488372,-0.8055173727396752,0.8743413469279226,0,349.2418604651163,-0.0006319595598731136,0.001996739341538605,0.0010985542156042236,1.9339314331383732e-05,-0.0037465924313473263,0.7534883720930232,-0.012101029074010736,0.1813953488372093,0.027840861858784278,0.06511627906976744,0.004932551768391231
SOLUSDT,8,sweep_reclaim,1,0.03,0.01,discovery,2023Q4,284,-0.0007348793866336036,0.9144920722741927,0.2887323943661972,-0.20870574580394344,0.3925737058946529,0,169.0281690140845,0.0024074960809659144,0.0020028121799818364,0.0011002225761455413,3.93407114721401e-05,-0.0007348793866336036,0.7077464788732394,-0.012118206086752228,0.28169014084507044,0.02779061778758598,0.01056338028169014,0.0012680848754586483
SOLUSDT,8,sweep_reclaim,1,0.03,0.01,discovery,2024Q1,294,-0.0028511901232006883,0.6918082601675496,0.23469387755102042,-0.8382498962210023,1.118524167086677,0,177.22448979591837,0.0003275895488950988,0.001998656522575104,0.0010990809131644762,8.10422363562071e-05,-0.0028511901232006883,0.7619047619047619,-0.012138709929513552,0.22789115646258504,0.02773628632195101,0.01020408163265306,0.007496648139771845
SOLUSDT,8,sweep_reclaim,1,0.03,0.01,discovery,2024Q2,282,-0.004662847277537427,0.5183537578583476,0.19858156028368795,-1.3149229322655545,1.3599892483570497,0,219.87234042553192,-0.0015252513919911173,0.0019949545426732364,0.0010980638867359347,4.457745613713914e-05,-0.004662847277537427,0.7978723404255319,-0.01211645923767209,0.17375886524822695,0.02778734689973151,0.028368794326241134,0.006212549765477718
SOLUSDT,8,sweep_reclaim,1,0.03,0.01,discovery,2024Q3,290,-0.0037408719884230953,0.6051515395860928,0.21379310344827587,-1.0848528766426977,1.169200070521932,0,241.43793103448274,-0.0006365814722880899,0.0019967301069483663,0.00109855167863142,9.00873055521889e-06,-0.0037408719884230953,0.7793103448275862,-0.012088058763545757,0.2,0.027838933577781756,0.020689655172413793,0.005398376067883535
SOLUSDT,8,sweep_reclaim,1,0.03,0.01,discovery,2024Q4,260,-0.004143456577249776,0.5675479795720294,0.2076923076923077,-1.0772987100849418,1.1051527765849418,0,259.74615384615385,-0.0009742328432886648,0.001996055478834482,0.0010983663414228324,7.48019137037964e-05,-0.004143456577249776,0.7846153846153846,-0.012143965471122698,0.19230769230769232,0.027750344309317544,0.023076923076923078,0.0020921717597019696
SOLUSDT,8,sweep_reclaim,1,0.03,0.01,validation,2025Q1,336,-0.004166813609315623,0.5669063886560611,0.20238095238095238,-1.4000493727300494,1.471405395006772,0,193.08928571428572,-0.0010623154309977148,0.0019958794896482454,0.001098317992793645,1.030069587601788e-05,-0.004166813609315623,0.7946428571428571,-0.012088355028579412,0.1875,0.02782611709585952,0.017857142857142856,0.012416007143584025
SOLUSDT,8,sweep_reclaim,1,0.03,0.01,validation,2025Q2,250,-0.002459646934637996,0.7294362813429945,0.248,-0.614911733659499,0.8367942246015081,0,281.724,0.0006456427428772153,0.0019992919934921564,0.001099255492912162,6.7421911108936585e-06,-0.002459646934637996,0.752,-0.012088860657921101,0.228,0.027839371838253447,0.02,0.01418997504984427
SOLUSDT,8,sweep_reclaim,1,0.03,0.01,validation,2025Q3,246,-0.0024680667108017505,0.7270195214433365,0.25203252032520324,-0.6071444108572306,0.6688393645639611,0,316.7113821138211,0.0006636758390249013,0.00199932802365428,0.001099265391298454,3.314913487391843e-05,-0.0024680667108017505,0.7439024390243902,-0.012101646323895147,0.22357723577235772,0.02777796702711185,0.032520325203252036,0.00995858499055373
SOLUSDT,8,sweep_reclaim,1,0.03,0.01,validation,2025Q4,251,-0.004179541693049907,0.5558681295757453,0.20717131474103587,-1.0490649649555266,1.1783818497759562,0,294.48605577689244,-0.0010956825488144246,0.001995812822080189,0.0010982996775460083,-1.0253355390715058e-05,-0.004179541693049907,0.7768924302788844,-0.012077253802634465,0.17928286852589642,0.027883031579020393,0.043824701195219126,0.004660282318388699
SOLUSDT,9,sweep_reclaim,1,0.03,0.015,discovery,2022Q1,242,-0.0032681937221322108,0.7231193968371448,0.30991735537190085,-0.790902880755995,0.9932446417459933,0,259.3471074380165,-0.00013502380996136142,0.0019977322201598143,0.0010988269841834331,3.66107078276021e-05,-0.0032681937221322108,0.6900826446280992,-0.017104648500649546,0.30578512396694213,0.027802590662629332,0.004132231404958678,0.008181709817908552
SOLUSDT,9,sweep_reclaim,1,0.03,0.015,discovery,2022Q2,345,-0.005267725107851624,0.5807841159900377,0.263768115942029,-1.8173651622088103,1.933061096464656,0,157.54202898550724,-0.0021867294417819987,0.001993632908208116,0.0010977008007075054,-1.0338042845995393e-05,-0.005267725107851624,0.736231884057971,-0.017067533045594142,0.2608695652173913,0.02786940924026612,0.002898550724637681,0.009541399748150487
SOLUSDT,9,sweep_reclaim,1,0.03,0.015,discovery,2022Q3,220,-0.0027187793906142898,0.7651202876452642,0.3181818181818182,-0.5981314659351438,0.5981314659351438,1,275.97727272727275,0.0003922016129031167,0.0019987856176080974,0.001099116378797412,1.3079007111897945e-05,-0.0027187793906142898,0.6772727272727272,-0.0170886820786991,0.3181818181818182,0.027834461349111366,0.004545454545454545,-0.0003301306467724736
SOLUSDT,9,sweep_reclaim,1,0.03,0.015,discovery,2022Q4,211,-0.00563454246462254,0.5432578466767067,0.2559241706161137,-1.188888460035356,1.2102303210319572,0,335.9620853080569,-0.0027086888372249507,0.0019925900322931463,0.0010974142966217648,-0.0001641507015173221,-0.00563454246462254,0.7203791469194313,-0.016939013105945255,0.22748815165876776,0.02804135240501364,0.052132701421800945,0.003623328784333491
SOLUSDT,9,sweep_reclaim,1,0.03,0.015,discovery,2023Q1,204,-0.0016741225879840123,0.8486141719935282,0.3480392156862745,-0.3415210079487385,0.6101708887751804,0,303.0049019607843,0.0014329095703539021,0.002000864954186407,0.001099687624538892,6.479579612614696e-06,-0.0016741225879840123,0.6470588235294118,-0.0170791701567441,0.3333333333333333,0.027851688203172808,0.0196078431372549,0.0047536637314330565
SOLUSDT,9,sweep_reclaim,1,0.03,0.015,discovery,2023Q2,163,-0.004794460272577332,0.5931835709014407,0.2822085889570552,-0.781497024430105,0.8593106288645169,0,473.5398773006135,-0.0016223512366889245,0.0019947605369895188,0.0010980105885244767,7.933791037441255e-05,-0.004794460272577332,0.6809815950920245,-0.017137586224418664,0.2331288343558282,0.02778221510896746,0.08588957055214724,0.0046464908814002155
SOLUSDT,9,sweep_reclaim,1,0.03,0.015,discovery,2023Q3,158,-0.0043478352142636316,0.6167702653416924,0.31645569620253167,-0.6869579638536538,0.8106874531562641,0,519.5443037974684,-0.0012309835049401142,0.001995542490499508,0.0010982254107025082,2.308380812150167e-05,-0.0043478352142636316,0.6518987341772152,-0.01710504311529056,0.22151898734177214,0.02783816868206657,0.12658227848101267,0.005026278657447175
SOLUSDT,9,sweep_reclaim,1,0.03,0.015,discovery,2023Q4,235,-0.0006464299859868578,0.9392453944666517,0.3659574468085106,-0.15191104670691158,0.3914258890306177,0,237.57872340425533,0.002514351187010364,0.0020030256766972146,0.001100281229030672,5.747426726933614e-05,-0.0006464299859868578,0.6170212765957447,-0.017126905438565338,0.3574468085106383,0.02778306421963114,0.02553191489361702,-0.00038119209399207376
SOLUSDT,9,sweep_reclaim,1,0.03,0.015,discovery,2024Q1,240,-0.0027083077707791958,0.7662200675034254,0.325,-0.649993864987007,0.8806579626178952,0,251.1,0.0005123743404788352,0.001999025722957889,0.0010991823417396364,0.0001224740465605055,-0.0027083077707791958,0.6708333333333333,-0.01717825543062289,0.31666666666666665,0.027724424304015373,0.0125,0.0028830040793701487
SOLUSDT,9,sweep_reclaim,1,0.03,0.015,discovery,2024Q2,221,-0.004813345042068208,0.6009711011152298,0.2850678733031674,-1.0637492542970741,1.1193728981623257,0,322.50678733031674,-0.0016589953719763923,0.0019946873219340087,0.0010979904745183492,6.167187363945856e-05,-0.004813345042068208,0.7013574660633484,-0.017122843671004237,0.248868778280543,0.027795380895804547,0.049773755656108594,0.005595051403575638
SOLUSDT,9,sweep_reclaim,1,0.03,0.015,discovery,2024Q3,219,-0.003207136036501187,0.72264951800278,0.3150684931506849,-0.70236279199376,0.8100663954464483,0,357.82191780821915,-9.856627669041699e-05,0.0019978050623841296,0.0010988469957635089,1.1917701663131619e-05,-0.003207136036501187,0.6712328767123288,-0.01708704843243347,0.2922374429223744,0.027849521884853422,0.0365296803652968,0.0033829908679177075
SOLUSDT,9,sweep_reclaim,1,0.03,0.015,discovery,2024Q4,203,-0.004413061000319213,0.630629429239009,0.29064039408866993,-0.8958513830648003,0.9236313278852017,0,372.6256157635468,-0.0012125799055705483,0.0019955792609278244,0.0010982355124584257,0.00010666632136241554,-0.004413061000319213,0.6896551724137931,-0.01716493505134288,0.26108374384236455,0.0277546106083914,0.04926108374384237,0.0036245161878458755
SOLUSDT,9,sweep_reclaim,1,0.03,0.015,validation,2025Q1,262,-0.005167053653868732,0.5816858549153339,0.26717557251908397,-1.3537680573136077,1.4601252339173232,0,286.19847328244276,-0.002058486855273841,0.001993889137152187,0.0010977711932041658,1.690646823853781e-05,-0.005167053653868732,0.7175572519083969,-0.017080830607270923,0.2480916030534351,0.027815265825619623,0.03435114503816794,0.005492868687561111
SOLUSDT,9,sweep_reclaim,1,0.03,0.015,validation,2025Q2,183,-0.0020695406448420434,0.8133907865704473,0.3442622950819672,-0.37872593800609394,0.5861290503878899,0,415.8415300546448,0.0010385842312172428,0.0020000770913709527,0.0010994711789269155,8.576605761417593e-06,-0.0020695406448420434,0.644808743169399,-0.017080612207110175,0.3114754098360656,0.027839117552986747,0.04371584699453552,0.006244575239082804
SOLUSDT,9,sweep_reclaim,1,0.03,0.015,validation,2025Q3,192,-0.002899288818236277,0.7425483826803518,0.3333333333333333,-0.5566634531013652,0.6794944684701264,0,435.6927083333333,0.00024172451863165262,0.001998484964073072,0.0010990337817550072,4.349459103985026e-05,-0.002899288818236277,0.6510416666666666,-0.01710576621590587,0.2708333333333333,0.02779511669603613,0.078125,0.009080750379532652
SOLUSDT,9,sweep_reclaim,1,0.03,0.015,validation,2025Q4,192,-0.004524923805271729,0.6143597257259279,0.3020833333333333,-0.868785370612172,1.024421790125134,0,415.3125,-0.0014462014078504735,0.0019951124846995,0.0010981072773590974,-1.4497364637342353e-05,-0.004524923805271729,0.6822916666666666,-0.017065248116122707,0.23958333333333334,0.027885182100610032,0.078125,0.005602917064789396
SOLUSDT,10,sweep_reclaim,1,0.05,0.01,discovery,2022Q1,272,-0.0033583855528482496,0.6704890508430632,0.15808823529411764,-0.9134808703747239,1.1080295226103754,0,243.07720588235293,-0.00022792204875454197,0.001997546609293085,0.001098775992238074,3.4140902562548423e-05,-0.0033583855528482496,0.8419117647058824,-0.012105817558283657,0.13602941176470587,0.047751248906117025,0.022058823529411766,0.015325856824317302
SOLUSDT,10,sweep_reclaim,1,0.05,0.01,discovery,2022Q2,395,-0.005182297594841006,0.5102263829298906,0.1240506329113924,-2.0470075499621974,2.142140960462198,0,150.7367088607595,-0.0020990509314452546,0.0019938080900469527,0.0010977489275381795,-8.31035418938107e-06,-0.005182297594841006,0.8759493670886076,-0.012079472200217304,0.10886075949367088,0.04785461726343044,0.015189873417721518,0.012456881497580013
SOLUSDT,10,sweep_reclaim,1,0.05,0.01,discovery,2022Q3,241,-0.0017419855415677194,0.8230057119060634,0.1825726141078838,-0.4198185155178204,0.5854851208487613,0,290.85477178423236,0.0013756036996742087,0.002000750456942305,0.0010996561692835029,1.7182615016119845e-05,-0.0017419855415677194,0.8132780082987552,-0.012100012413505527,0.16182572614107885,0.04779566773642848,0.024896265560165973,0.01462547930142541
SOLUSDT,10,sweep_reclaim,1,0.05,0.01,discovery,2022Q4,240,-0.004399136004806071,0.5571363877420223,0.1625,-1.055792641153457,1.0685026892357703,0,303.3833333333333,-0.0014765985822800952,0.001995051751084244,0.0010980905923166496,-0.00017060492087491843,-0.004399136004806071,0.8291666666666667,-0.011938901090612413,0.09166666666666666,0.04794590502594787,0.07916666666666666,0.013959935016187376
SOLUSDT,10,sweep_reclaim,1,0.05,0.01,discovery,2023Q1,229,-0.002212082523477397,0.7760674110104238,0.17903930131004367,-0.5065668978763239,0.7880807043638347,0,289.1353711790393,0.0008869586439416068,0.0019997741431446257,0.0010993879514754384,-1.209272010604898e-07,-0.002212082523477397,0.8165938864628821,-0.012088911240609589,0.14410480349344978,0.047896996220169824,0.039301310043668124,0.019273180983562732
SOLUSDT,10,sweep_reclaim,1,0.05,0.01,discovery,2023Q2,188,-0.0026485383069973054,0.7226036973145971,0.19680851063829788,-0.49792520171549337,0.5650461999269751,0,428.5159574468085,0.0005234613557043856,0.0019990478748364623,0.0010991884274144776,7.376336045075062e-05,-0.0026485383069973054,0.7819148936170213,-0.012130620404727874,0.11170212765957446,0.04773080908257169,0.10638297872340426,0.014146450352274936
SOLUSDT,10,sweep_reclaim,1,0.05,0.01,discovery,2023Q3,181,-0.004261017251722763,0.5436750002783938,0.20441988950276244,-0.7712441225618201,0.9081388462189867,0,483.96685082872926,-0.0011334028968438925,0.001995737456749456,0.0010982789728055237,3.3597925323890194e-05,-0.004261017251722763,0.7624309392265194,-0.012104504198401828,0.0718232044198895,0.04782242554906184,0.16574585635359115,0.009249530822660947
SOLUSDT,10,sweep_reclaim,1,0.05,0.01,discovery,2023Q4,257,0.0001797927982961331,1.0191105612145126,0.22178988326848248,0.04620674916210621,0.32644666460897764,0,247.72762645914398,0.0033445530461940166,0.002004684421670605,0.001100736927743488,5.9338898483789925e-05,0.0001797927982961331,0.77431906614786,-0.012124861543624538,0.19066147859922178,0.04766002626123714,0.03501945525291829,0.013745878838085597
SOLUSDT,10,sweep_reclaim,1,0.05,0.01,discovery,2024Q1,258,-0.0036058929537853275,0.649380250007808,0.1511627906976744,-0.9303203820766145,1.0755170081555352,0,246.00387596899225,-0.0003836701298509427,0.0019972354243158737,0.0010986905019452083,0.00012629689767330193,-0.0036058929537853275,0.8449612403100775,-0.012167585171059331,0.13178294573643412,0.04760720385937357,0.023255813953488372,0.01726137566593643
SOLUSDT,10,sweep_reclaim,1,0.05,0.01,discovery,2024Q2,260,-0.004811693388739654,0.5293288197047049,0.15384615384615385,-1.25104028107231,1.2857713082339808,0,288.33076923076925,-0.0016629247431357505,0.001994679471042579,0.001097988317682202,5.610085687912107e-05,-0.004811693388739654,0.8423076923076923,-0.01211934184462713,0.09615384615384616,0.047728483126758814,0.06153846153846154,0.013117719045753807
SOLUSDT,10,sweep_reclaim,1,0.05,0.01,discovery,2024Q3,249,-0.003186428650029083,0.6747134691486146,0.18875502008032127,-0.7934207338572417,0.9663068695822178,0,331.77510040160644,-7.470578312314519e-05,0.0019978527356979466,0.0010988600928146484,1.5010038393342422e-05,-0.003186428650029083,0.8072289156626506,-0.01209046376396657,0.11646586345381527,0.04778739844079125,0.07630522088353414,0.01320673304826803
SOLUSDT,10,sweep_reclaim,1,0.05,0.01,discovery,2024Q4,232,-0.003093166941809358,0.6907997143448458,0.1724137931034483,-0.7176147304997711,0.7840338436056491,0,349.7284482758621,0.00010978767476986135,0.0019982213539954372,0.0010989613614764261,0.00010577190110735635,-0.003093166941809358,0.8146551724137931,-0.012162253125924831,0.1336206896551724,0.04764133065602758,0.05172413793103448,0.00868082166359726
SOLUSDT,10,sweep_reclaim,1,0.05,0.01,validation,2025Q1,300,-0.0042108373895517765,0.5891500911548023,0.15,-1.263251216865533,1.3698938864446453,0,266.69666666666666,-0.001103053793297522,0.001995798094318978,0.001098295631461811,1.3689870473465263e-05,-0.0042108373895517765,0.8466666666666667,-0.012085220767928194,0.11333333333333333,0.04778885087404034,0.04,0.015131160705904685
SOLUSDT,10,sweep_reclaim,1,0.05,0.01,validation,2025Q2,217,-0.002306134577406814,0.7585935565570721,0.2073732718894009,-0.5004312032972786,0.7297996129089163,0,389.06912442396316,0.0008044996805200036,0.0019996093899709603,0.0010993426896598023,1.168217829605451e-05,-0.002306134577406814,0.7880184331797235,-0.012091662127110147,0.12903225806451613,0.04779166099861928,0.08294930875576037,0.012726472915400931
SOLUSDT,10,sweep_reclaim,1,0.05,0.01,validation,2025Q3,216,-0.001462581343033294,0.8437389629339874,0.2222222222222222,-0.3159175700951915,0.5583170099076634,0,414.10648148148147,0.0016784164196957207,0.0020013554773619137,0.0010998223835182838,3.981990184881672e-05,-0.001462581343033294,0.7731481481481481,-0.01210571875108149,0.12037037037037036,0.04775975000290184,0.10648148148148148,0.020173215706955204
SOLUSDT,10,sweep_reclaim,1,0.05,0.01,validation,2025Q4,230,-0.004012759610719793,0.5931451606249826,0.16521739130434782,-0.9229347104655523,1.0934802325680375,0,361.0652173913044,-0.000936173511757728,0.0019961315214549265,0.0010983872322317333,-1.793265472459481e-05,-0.004012759610719793,0.8130434782608695,-0.012067176599230034,0.09565217391304348,0.04790571523223317,0.09130434782608696,0.013319122784825433
SOLUSDT,11,sweep_reclaim,1,0.05,0.015,discovery,2022Q1,209,-0.0034780500702870404,0.7345069511897294,0.23444976076555024,-0.7269124646899915,0.8718601247126594,0,368.6507177033493,-0.00032993302618046266,0.0019973427911563796,0.0010987199983004646,5.205425464973373e-05,-0.0034780500702870404,0.7655502392344498,-0.01711232337219931,0.18660287081339713,0.047758904217581936,0.04784688995215311,0.014846201037620198
SOLUSDT,11,sweep_reclaim,1,0.05,0.015,discovery,2022Q2,313,-0.005897721973387584,0.5757360943332811,0.1853035143769968,-1.8459869776703137,2.0030266020677177,0,220.4153354632588,-0.0028265988561966575,0.0019923544478396564,0.00109734957568278,-1.858090633150979e-05,-0.005897721973387584,0.8146964856230032,-0.017062881196407247,0.1597444089456869,0.047859091027141455,0.025559105431309903,0.014011647007057612
SOLUSDT,11,sweep_reclaim,1,0.05,0.015,discovery,2022Q3,190,-0.001288391822423327,0.8971060340324463,0.2578947368421053,-0.24479444626043212,0.4436782462231118,0,401.0105263157895,0.0018344841918957458,0.0020016673010826045,0.0010999080492899473,2.1300663946520534e-05,-0.001288391822423327,0.7315789473684211,-0.017091274319434652,0.22105263157894736,0.04778766495279888,0.04736842105263158,0.01375675068038132
SOLUSDT,11,sweep_reclaim,1,0.05,0.015,discovery,2022Q4,194,-0.005592259103577187,0.5704009491842742,0.211340206185567,-1.0848982660939743,1.102284726942698,0,403.4329896907216,-0.0027509087438855433,0.0019925056768352834,0.0010973911220686036,-0.00024854643921224225,-0.005592259103577187,0.7628865979381443,-0.016872492284414835,0.12371134020618557,0.04820515296140398,0.1134020618556701,0.011604860042078436
SOLUSDT,11,sweep_reclaim,1,0.05,0.015,discovery,2023Q1,173,-0.001169578684534495,0.9053475281666589,0.27167630057803466,-0.20233711242446764,0.5293445918283919,0,431.46242774566474,0.001937961328097527,0.002001874048607475,0.0010999648480037195,5.70111602082733e-06,-0.001169578684534495,0.7225433526011561,-0.01708936530481408,0.20809248554913296,0.047912930656940446,0.06936416184971098,0.017414003918953046
SOLUSDT,11,sweep_reclaim,1,0.05,0.015,discovery,2023Q2,149,-0.0029327029217763394,0.750603483995026,0.2751677852348993,-0.43697273534467457,0.5895147613954861,0,571.0939597315436,0.00025855071912014665,0.001998518582855276,0.001099043017674946,9.36920403662653e-05,-0.0029327029217763394,0.6778523489932886,-0.017131132051754275,0.1342281879194631,0.047758129373935886,0.18791946308724833,0.012075321942992484
SOLUSDT,11,sweep_reclaim,1,0.05,0.015,discovery,2023Q3,136,-0.0038936315491233174,0.6553635513163184,0.29411764705882354,-0.5295338906807712,0.7096044621875616,0,669.7279411764706,-0.0007581069671281041,0.0019964872987668653,0.0010984849731537577,4.0552310074590354e-05,-0.0038936315491233174,0.6397058823529411,-0.017114159549636635,0.11029411764705882,0.04780332605235297,0.25,0.007127885275068277
SOLUSDT,11,sweep_reclaim,1,0.05,0.015,discovery,2023Q4,207,0.0006607687492669089,1.055777947680706,0.2898550724637681,0.13677913109825013,0.3520058496605744,0,347.8840579710145,0.0038528952588483116,0.0020057000904271645,0.0011010159573426317,8.541046181160614e-05,0.0006607687492669089,0.6859903381642513,-0.017132099572009677,0.2463768115942029,0.047671090483751254,0.06763285024154589,0.009879403975165055
SOLUSDT,11,sweep_reclaim,1,0.05,0.015,discovery,2024Q1,203,-0.003554375920497436,0.7296132944594363,0.2315270935960591,-0.7215383118609795,0.8525005784130624,0,365.4039408866995,-0.00026703582768887343,0.001997468459884626,0.0010987545226418345,0.00019111711028210076,-0.003554375920497436,0.7586206896551724,-0.017206579077285126,0.18226600985221675,0.04755321332730072,0.059113300492610835,0.014067164410900265
SOLUSDT,11,sweep_reclaim,1,0.05,0.015,discovery,2024Q2,195,-0.005131199263220036,0.6081168126175245,0.2205128205128205,-1.000583856327907,1.0379114453240332,0,440.57948717948716,-0.0019550394587533864,0.0019940958252571413,0.0010978279755937941,8.423600361571462e-05,-0.005131199263220036,0.7589743589743589,-0.017131974778683893,0.13846153846153847,0.04773558414426166,0.10256410256410256,0.012304381951112189
SOLUSDT,11,sweep_reclaim,1,0.05,0.015,discovery,2024Q3,186,-0.002840187717330213,0.7656770948480977,0.27419354838709675,-0.5282749154234196,0.7559030151357401,0,492.93548387096774,0.00027618917537146446,0.0019985538245261072,0.001099052699442965,1.8770368732604934e-05,-0.002840187717330213,0.6989247311827957,-0.01708887379856008,0.16666666666666666,0.0478067858603159,0.13440860215053763,0.00845073266878393
SOLUSDT,11,sweep_reclaim,1,0.05,0.015,discovery,2024Q4,181,-0.002988401694852345,0.7629559370502864,0.2430939226519337,-0.5409007067682744,0.6241057353829628,0,489.1933701657459,0.00025199499512296614,0.001998505484505631,0.0010990394192308395,0.000142851786238841,-0.002988401694852345,0.7182320441988951,-0.017169966238779307,0.1712707182320442,0.047624494274913255,0.11049723756906077,0.010741779087536226
SOLUSDT,11,sweep_reclaim,1,0.05,0.015,validation,2025Q1,233,-0.005280927272636046,0.6029108475218147,0.21030042918454936,-1.2304560545241987,1.3120547471149548,0,373.9914163090129,-0.002169832030825284,0.0019936666692689665,0.001097710075714948,1.971849682684774e-05,-0.005280927272636046,0.7725321888412017,-0.017075769112838618,0.13733905579399142,0.0477986633664948,0.09012875536480687,0.014934531336138979
SOLUSDT,11,sweep_reclaim,1,0.05,0.015,validation,2025Q2,157,-0.002024613678582347,0.8270444967010324,0.29936305732484075,-0.3178643475374285,0.544459031844488,0,573.8025477707006,0.0010906365478655377,0.0020001810920036154,0.0010994997505007242,1.5569383943546203e-05,-0.002024613678582347,0.6751592356687898,-0.017086780415541233,0.17197452229299362,0.04778928957075977,0.15286624203821655,0.008459314920809525
SOLUSDT,11,sweep_reclaim,1,0.05,0.015,validation,2025Q3,169,-0.0011812935135885932,0.8967074629358233,0.3136094674556213,-0.19963860379647225,0.523545450105788,0,558.7100591715977,0.0019728888994515557,0.002001943833964824,0.0010999840197860177,5.225455928930732e-05,-0.0011812935135885932,0.6627218934911243,-0.017107458193494716,0.15384615384615385,0.047759000014802,0.1834319526627219,0.015311700435164001
SOLUSDT,11,sweep_reclaim,1,0.05,0.015,validation,2025Q4,174,-0.004746160254555429,0.6225284641342903,0.2471264367816092,-0.8258318842926446,1.0440145819118705,0,517.2241379310345,-0.0016751265047400099,0.0019946550918985197,0.0010979816201218489,-2.1602962204948857e-05,-0.004746160254555429,0.7298850574712644,-0.01705197480913002,0.12643678160919541,0.04791315780196868,0.14367816091954022,0.011427177792942233
SOLUSDT,12,sweep_reclaim,-1,0.03,0.01,discovery,2022Q1,299,-0.0033731937054895644,0.6421498024847699,0.22073578595317725,-1.0085849179413797,1.041325678213285,0,173.59197324414717,-0.00029479795307253963,0.0020025921880941315,0.0011012635645776415,-2.5460000254747985e-05,-0.0033731937054895644,0.7792642140468228,-0.012096376263023628,0.2140468227424749,0.027983951694065548,0.006688963210702341,0.009448921461465
SOLUSDT,12,sweep_reclaim,-1,0.03,0.01,discovery,2022Q2,342,-0.002418494477981307,0.7365551617280015,0.24269005847953215,-0.827125111469607,0.9683617809549598,0,140.53216374269005,0.0006913991766288348,0.0020006178194660966,0.0011007200702535603,8.555764890483974e-06,-0.002418494477981307,0.7573099415204678,-0.01212220846635142,0.23976608187134502,0.027931155673506226,0.0029239766081871343,0.022172116087900585
SOLUSDT,12,sweep_reclaim,-1,0.03,0.01,discovery,2022Q3,311,-0.00498461216955376,0.4981414051492273,0.18006430868167203,-1.5502143847312193,1.6097245060506218,1,177.7620578778135,-0.0018818511073238051,0.0020057694716862193,0.0011021381913184556,-5.14660077471889e-06,-0.00498461216955376,0.819935691318328,-0.01211351595720472,0.17684887459807075,0.02796934825081069,0.003215434083601286,0.00041803056139602484
SOLUSDT,12,sweep_reclaim,-1,0.03,0.01,discovery,2022Q4,197,-0.0013270056603551115,0.8449831227847487,0.29949238578680204,-0.261420115089957,0.3346243222403663,0,320.11675126903555,0.0019438716476004071,0.0019981103670717567,0.0011000298312957091,0.00017273710958805243,-0.0013270056603551115,0.6954314720812182,-0.012278176801140414,0.22842639593908629,0.02768033537507287,0.07614213197969544,0.01167166765253338
SOLUSDT,12,sweep_reclaim,-1,0.03,0.01,discovery,2023Q1,286,-0.0017111389032648991,0.8091051845762444,0.26223776223776224,-0.48938572633376115,0.6188870390569243,0,191.44405594405595,0.0014088129928694036,0.0019991815555697174,0.0011003247027094847,2.0445637855099704e-05,-0.0017111389032648991,0.7377622377622378,-0.012149956125130727,0.25874125874125875,0.027959587201334405,0.0034965034965034965,0.00524556317007656
SOLUSDT,12,sweep_reclaim,-1,0.03,0.01,discovery,2023Q2,220,-0.003152429729058322,0.6562269901687358,0.2409090909090909,-0.6935345403928308,0.7536887058295024,0,333.9227272727273,-0.00010991135796754302,0.002002222044760582,0.0011011616733715003,-6.0865347041303715e-05,-0.003152429729058322,0.759090909090909,-0.012080359192585892,0.19545454545454546,0.028063559154799314,0.045454545454545456,0.011715240111264175
SOLUSDT,12,sweep_reclaim,-1,0.03,0.01,discovery,2023Q3,207,-0.002625678703880003,0.707080666359089,0.2560386473429952,-0.5435154917031606,0.5788113594735385,0,376.231884057971,0.0004608511643889552,0.0020010793770481572,0.0011008471255169621,-1.539663429616225e-05,-0.002625678703880003,0.7391304347826086,-0.012103536711207645,0.20772946859903382,0.027980986513117725,0.05314009661835749,0.009558473186140644
SOLUSDT,12,sweep_reclaim,-1,0.03,0.01,discovery,2023Q4,380,-0.004344646454993504,0.5527731476444165,0.19473684210526315,-1.6509656528975318,1.7516747423559538,0,150.11315789473684,-0.0012726768420749642,0.002004549903587624,0.0011018024747101141,-3.43827653791974e-05,-0.004344646454993504,0.8026315789473685,-0.012085024964536022,0.18947368421052632,0.028002598179667812,0.007894736842105263,0.006259964116623856
SOLUSDT,12,sweep_reclaim,-1,0.03,0.01,discovery,2024Q1,293,-0.0029917982454647734,0.6763615675864189,0.23208191126279865,-0.8765968859211787,0.8839181116748391,0,209.51194539249147,2.254129107199929e-06,0.0020019974892309033,0.0011010998588480679,-0.00010904497350699719,-0.0029917982454647734,0.7679180887372014,-0.01203808253115922,0.2150170648464164,0.02811230482070114,0.017064846416382253,0.012179295977094681
SOLUSDT,12,sweep_reclaim,-1,0.03,0.01,discovery,2024Q2,256,-0.0011936913423411777,0.8611089823352247,0.2890625,-0.3055849836393415,0.6201640759538563,0,271.7265625,0.0018536313724694497,0.0019982910282832426,0.0011000795628106975,-5.104787628331253e-05,-0.0011936913423411777,0.7109375,-0.01208889098715678,0.25,0.028024104322953856,0.0390625,0.010105049935414567
SOLUSDT,12,sweep_reclaim,-1,0.03,0.01,discovery,2024Q3,270,-0.003414783617842336,0.6350251183035562,0.2222222222222222,-0.9219915768174307,0.9797324814125622,0,276.54814814814813,-0.00032166181972543016,0.002002645969608951,0.0011012783692841337,-1.0802540776178497e-05,-0.003414783617842336,0.7703703703703704,-0.012111293642869577,0.2074074074074074,0.027973401795675177,0.022222222222222223,0.005107833390271855
SOLUSDT,12,sweep_reclaim,-1,0.03,0.01,discovery,2024Q4,262,-0.002133189743583157,0.7616399120442376,0.25572519083969464,-0.5588957128187871,0.6445509775389151,0,277.69847328244276,0.0008816153990666626,0.002000237006207959,0.0011006152418839275,-8.60471054420672e-05,-0.002133189743583157,0.7404580152671756,-0.012057764183458376,0.2366412213740458,0.028085806426986524,0.022900763358778626,0.0064984233831622195
SOLUSDT,12,sweep_reclaim,-1,0.03,0.01,validation,2025Q1,290,-0.0027292584800434265,0.7022950793179985,0.2413793103448276,-0.7914849592125937,0.7914849592125943,0,212.34137931034482,0.0003557204910274724,0.0020012898488667025,0.0011009050631468115,-1.7215940942615416e-05,-0.0027292584800434265,0.7551724137931034,-0.012103038294833415,0.22413793103448276,0.027958640863587535,0.020689655172413793,0.006961461870455821
SOLUSDT,12,sweep_reclaim,-1,0.03,0.01,validation,2025Q2,272,-0.003913121595200711,0.5867101866717416,0.21323529411764705,-1.0643690738945935,1.0923150403945938,0,277.875,-0.0008276516872663067,0.002003658962336754,0.0011015572208572817,-1.9746275259630732e-05,-0.003913121595200711,0.7794117647058824,-0.012101032018945442,0.1801470588235294,0.02798724620437881,0.04044117647058824,0.011788604555207164
SOLUSDT,12,sweep_reclaim,-1,0.03,0.01,validation,2025Q3,244,-0.004210934083267013,0.5575472484725656,0.20901639344262296,-1.0274679163171512,1.1088496746987702,0,331.8360655737705,-0.001142971470030584,0.0020042902331731238,0.0011017309939367619,-3.805861387345607e-05,-0.004210934083267013,0.7868852459016393,-0.012088195189884141,0.18032786885245902,0.028004419524179116,0.03278688524590164,0.007658887634590307
SOLUSDT,12,sweep_reclaim,-1,0.03,0.01,validation,2025Q4,261,-0.0024721033225892455,0.725446779792731,0.25287356321839083,-0.6452189671957931,0.6452189671957926,0,288.911877394636,0.0006275496044075622,0.0020007456464375115,0.0011007552578231163,-1.8479772638204492e-06,-0.0024721033225892455,0.7432950191570882,-0.012112251985180835,0.2260536398467433,0.027943142393248986,0.03065134099616858,0.006989064590949791
SOLUSDT,13,sweep_reclaim,-1,0.03,0.015,discovery,2022Q1,233,-0.003495352375739479,0.7058850155375456,0.30472103004291845,-0.8144171035472987,0.8534946086629495,0,248.40772532188842,-0.00042904734848426044,0.0020028609556525094,0.0011013375495672751,-3.789347796456608e-05,-0.003495352375739479,0.6952789699570815,-0.017092859381060817,0.296137339055794,0.027992663285192735,0.008583690987124463,0.011566174753127524
SOLUSDT,13,sweep_reclaim,-1,0.03,0.015,discovery,2022Q2,283,-0.00316512249633635,0.7308265228485913,0.31095406360424027,-0.895729666463187,1.0959587948764056,0,188.20141342756185,-4.720623105285061e-05,0.002002096508970961,0.001101127116507013,1.4692639805525243e-05,-0.00316512249633635,0.6855123674911661,-0.017135728521082746,0.30742049469964666,0.027925965785056107,0.007067137809187279,-0.00047867833650804296
SOLUSDT,13,sweep_reclaim,-1,0.03,0.015,discovery,2022Q3,240,-0.005113702173055712,0.5903910995655159,0.2708333333333333,-1.2272885215333709,1.2832098772227654,0,281.2875,-0.0020148375841044044,0.0020060357108789752,0.0011022114803122408,-9.382602239908121e-06,-0.005113702173055712,0.7291666666666666,-0.017121398627974148,0.2625,0.027975586499620307,0.008333333333333333,0.0032471444430127623
SOLUSDT,13,sweep_reclaim,-1,0.03,0.015,discovery,2022Q4,156,-0.0016571451081396121,0.8431491908136589,0.38461538461538464,-0.2585146368697795,0.40979342652004974,0,445.0128205128205,0.0017073148254728408,0.001998583954303241,0.0011001601980208566,0.0002657157812883553,-0.0016571451081396121,0.6025641025641025,-0.01746330770271599,0.27564102564102566,0.02771941560060346,0.12179487179487179,0.01005796928208289
SOLUSDT,13,sweep_reclaim,-1,0.03,0.015,discovery,2023Q1,241,-0.0023207029707707503,0.7979266873231036,0.3278008298755187,-0.5592894159557508,0.677818466065573,0,253.75103734439833,0.0008009310779075883,0.0020003985363804544,0.0011006597071021597,2.057580519572353e-05,-0.0023207029707707503,0.6680497925311203,-0.017161029021262427,0.3278008298755187,0.02795526020846395,0.004149377593360996,-0.004829300001152765
SOLUSDT,13,sweep_reclaim,-1,0.03,0.015,discovery,2023Q2,175,-0.003815417830975337,0.6705112251038148,0.3028571428571429,-0.667698120420684,0.7188359096967585,0,452.2342857142857,-0.0007907550140764369,0.002003585095123168,0.0011015368870600597,-8.045916528432796e-05,-0.003815417830975337,0.6685714285714286,-0.01707690794772904,0.2571428571428571,0.02806491597010485,0.07428571428571429,0.005182991600684269
SOLUSDT,13,sweep_reclaim,-1,0.03,0.015,discovery,2023Q3,166,-0.002759578313392223,0.7471197955167754,0.3313253012048193,-0.45809000002310907,0.5067971980767726,0,509.4879518072289,0.00031897846569671116,0.0020013634064749717,0.001100925311717428,-2.3731939103465402e-05,-0.002759578313392223,0.6204819277108434,-0.017110038725823635,0.2710843373493976,0.027994217388029614,0.10843373493975904,0.0024724559041885055
SOLUSDT,13,sweep_reclaim,-1,0.03,0.015,discovery,2023Q4,297,-0.004816456536697842,0.6093380727644057,0.2760942760942761,-1.430487591399259,1.5300295562385922,0,220.6969696969697,-0.0017571609615675743,0.0020055198417647893,0.0011020694744418328,-4.829374107635478e-05,-0.004816456536697842,0.7205387205387206,-0.017084451847016336,0.26262626262626265,0.028022207364136954,0.016835016835016835,0.00797058589191094
SOLUSDT,13,sweep_reclaim,-1,0.03,0.015,discovery,2024Q1,236,-0.0030668570951357093,0.7336669558819393,0.3135593220338983,-0.7237782744520274,0.7237782744520277,0,292.5974576271187,-0.00011895519798346952,0.002002240150546401,0.0011011666574416914,-0.000155504910835853,-0.0030668570951357093,0.673728813559322,-0.017011818531862174,0.2923728813559322,0.028147036009509182,0.03389830508474576,0.004869423432240607
SOLUSDT,13,sweep_reclaim,-1,0.03,0.015,discovery,2024Q2,189,-0.00042549034622844364,0.9584494850537467,0.3968253968253968,-0.08041767543717585,0.4312777025845834,0,410.4232804232804,0.002594936246331412,0.001996806934441675,0.0010996710288784604,-7.605137076028054e-05,-0.00042549034622844364,0.5978835978835979,-0.017082244776334136,0.328042328042328,0.028033967157057995,0.07407407407407407,0.007983572896498963
SOLUSDT,13,sweep_reclaim,-1,0.03,0.015,discovery,2024Q3,197,-0.0028985168815560173,0.7432795815669623,0.3248730964467005,-0.5710078256665354,0.6558330941867044,0,410.56852791878174,0.0001861119570827855,0.0020016294054912144,0.0011009985345966245,-1.799910144903648e-05,-0.0028985168815560173,0.649746192893401,-0.017117814943339624,0.2893401015228426,0.02798237334615603,0.06091370558375635,0.002089767195836934
SOLUSDT,13,sweep_reclaim,-1,0.03,0.015,discovery,2024Q4,198,-0.0017178776024321934,0.8411851885624809,0.35353535353535354,-0.3401397652815743,0.5865286585814554,0,408.74747474747477,0.0012588373682889114,0.001999481807070384,0.0011004073544413297,-0.00012317419079060934,-0.0017178776024321934,0.6313131313131313,-0.017034383023143293,0.31313131313131315,0.028099061169178596,0.05555555555555555,0.004274210920205851
SOLUSDT,13,sweep_reclaim,-1,0.03,0.015,validation,2025Q1,222,-0.0028511077637854046,0.7504146858470657,0.32432432432432434,-0.6329459235603598,0.6777389142364921,0,313.9549549549549,0.0002277510875454885,0.0020015460438686686,0.0011009755872259776,-2.3662779763753334e-05,-0.0028511077637854046,0.6621621621621622,-0.01710324267450073,0.2972972972972973,0.02795486854390942,0.04054054054054054,0.0040232695214695285
SOLUSDT,13,sweep_reclaim,-1,0.03,0.015,validation,2025Q2,199,-0.003857570807486703,0.6705840367506913,0.31155778894472363,-0.7676565906898539,0.7784385802984508,0,418.25125628140705,-0.0007831850910084138,0.0020035699401220247,0.0011015327152671217,-3.0716938910856766e-05,-0.003857570807486703,0.6834170854271356,-0.01709737858886496,0.25125628140703515,0.02798002803732341,0.06532663316582915,0.01219888427150842
SOLUSDT,13,sweep_reclaim,-1,0.03,0.015,validation,2025Q3,182,-0.00465811427208331,0.6093875426513854,0.29120879120879123,-0.8477767975191625,0.9210596273324138,0,485.5989010989011,-0.0016080527203244294,0.0020052213267673052,0.0011019873007259004,-5.714707573432389e-05,-0.00465811427208331,0.6978021978021978,-0.017075335511863247,0.24725274725274726,0.02800531341649533,0.054945054945054944,0.006055170874517841
SOLUSDT,13,sweep_reclaim,-1,0.03,0.015,validation,2025Q4,193,-0.0019381656333959728,0.8207739312998344,0.3471502590673575,-0.37406596724542274,0.4188561124559892,0,440.7046632124352,0.0011609038276345505,0.001999677870214834,0.001100461325723419,-1.0697349077296545e-06,-0.0019381656333959728,0.6269430051813472,-0.017123371710692288,0.30569948186528495,0.02794372187288499,0.06735751295336788,0.0037832630190868877
SOLUSDT,14,sweep_reclaim,-1,0.05,0.01,discovery,2022Q1,266,-0.004146759111365427,0.6016358447030099,0.13909774436090225,-1.1030379236232035,1.1279605454111745,0,249.31954887218046,-0.0010774432560614888,0.002004159045557576,0.0011016948812658904,-3.6538071519528894e-05,-0.004146759111365427,0.8609022556390977,-0.012091347647012491,0.12406015037593984,0.048064202099414456,0.015037593984962405,0.019940504565495027
SOLUSDT,14,sweep_reclaim,-1,0.05,0.01,discovery,2022Q2,314,-0.0014869017513879385,0.8495985502498505,0.18471337579617833,-0.4668871499358127,0.8395292301293271,0,195.21019108280254,0.0016259928225138645,0.0019987467611159767,0.001100205014666231,1.3942798119595351e-05,-0.0014869017513879385,0.8152866242038217,-0.01212606615472439,0.16560509554140126,0.04793869782489073,0.01910828025477707,0.02409558312988552
SOLUSDT,14,sweep_reclaim,-1,0.05,0.01,discovery,2022Q3,276,-0.005618334725841154,0.4735910055633281,0.11594202898550725,-1.5506603843321585,1.5986667845215534,0,257.7427536231884,-0.002523089671139155,0.0020070532325747407,0.0011024915785970426,-1.4299756469784608e-05,-0.005618334725841154,0.8804347826086957,-0.012108775608531956,0.09420289855072464,0.04801664336553076,0.025362318840579712,0.020477051576758082
SOLUSDT,14,sweep_reclaim,-1,0.05,0.01,discovery,2022Q4,180,0.0005533846393411912,1.0636004203696714,0.28888888888888886,0.09960923508141442,0.3172741503376919,0,397.44444444444446,0.00389614364581522,0.0019942019146228845,0.0010989539320478438,0.0002496031598032995,0.0005533846393411912,0.7055555555555556,-0.012298307462336533,0.15,0.04748075072267096,0.14444444444444443,0.014596692818693763
SOLUSDT,14,sweep_reclaim,-1,0.05,0.01,discovery,2023Q1,256,-0.002573693653969089,0.7417076839042058,0.1796875,-0.6588655754160868,0.8474238340604242,0,269.58203125,0.0005452285578615777,0.0020009104533374967,0.0011008006250425115,1.7211133450658667e-05,-0.002573693653969089,0.8203125,-0.012146916208941268,0.1328125,0.048014625498852985,0.046875,0.021624130125048182
SOLUSDT,14,sweep_reclaim,-1,0.05,0.01,discovery,2023Q2,202,-0.0028157201504621,0.7074649384421825,0.20297029702970298,-0.5687754703933442,0.5973154950493705,0,401.8217821782178,0.00021563216225018459,0.002001570305981369,0.0011009822659790518,-7.120025924813515e-05,-0.0028157201504621,0.7970297029702971,-0.012076387965395535,0.09900990099009901,0.04812381374036111,0.10396039603960396,0.0196688912965769
SOLUSDT,14,sweep_reclaim,-1,0.05,0.01,discovery,2023Q3,190,-0.0016271438233614825,0.8226979987113145,0.24210526315789474,-0.30915732643868166,0.3948195531917389,0,460.9842105263158,0.0014514269148327892,0.0019990962424126365,0.0011003012181301686,-2.082672234853375e-05,-0.0016271438233614825,0.7578947368421053,-0.012108864324383718,0.11578947368421053,0.04804086353304862,0.12631578947368421,0.015734172439395993
SOLUSDT,14,sweep_reclaim,-1,0.05,0.01,discovery,2023Q4,335,-0.004504941597046997,0.5637555278495772,0.14328358208955225,-1.5091554350107441,1.716043788040093,0,215.16417910447763,-0.00145114612445869,0.002004907199448253,0.0011019008293281487,-5.301255618809397e-05,-0.004504941597046997,0.8537313432835821,-0.012076211667755616,0.10746268656716418,0.04809525780108409,0.03880597014925373,0.016400909317564227
SOLUSDT,14,sweep_reclaim,-1,0.05,0.01,discovery,2024Q1,263,-0.002973337098831526,0.7002862221484847,0.17490494296577946,-0.7819876569926912,0.8534793829805503,0,277.42585551330797,-1.466704224108241e-05,0.002002031365449821,0.0011011091841242298,-0.00014447049298360766,-0.002973337098831526,0.8250950570342205,-0.012023570559749194,0.12927756653992395,0.04826364364733645,0.045627376425855515,0.015513605871953683
SOLUSDT,14,sweep_reclaim,-1,0.05,0.01,discovery,2024Q2,216,-0.0014197793164616086,0.8480330599743162,0.22685185185185186,-0.30667233235570746,0.6405688927184521,0,382.02777777777777,0.0016076241937064307,0.0019987835351476272,0.0011002151376377925,-7.15951626173796e-05,-0.0014197793164616086,0.7731481481481481,-0.012083952412812304,0.13425925925925927,0.04814499972917516,0.09259259259259259,0.015757136421893386
SOLUSDT,14,sweep_reclaim,-1,0.05,0.01,discovery,2024Q3,238,-0.002622641331300944,0.7307171844889997,0.19327731092436976,-0.6241886368496247,0.7077172956348443,0,350.93697478991595,0.0004663651215742389,0.0020010683380948372,0.0011008440867690864,-1.2905971988739642e-05,-0.002622641331300944,0.8025210084033614,-0.012111172491493996,0.12184873949579832,0.04799334594448025,0.07563025210084033,0.016513237590877868
SOLUSDT,14,sweep_reclaim,-1,0.05,0.01,discovery,2024Q4,228,-0.002437341618273168,0.7472821058512817,0.19736842105263158,-0.5557138889662823,0.7453195687752757,0,384.7763157894737,0.000550682998395453,0.0020008995335366255,0.0011007976190943276,-0.0001136725359623326,-0.002437341618273168,0.7982456140350878,-0.012051659329572868,0.12280701754385964,0.0482307258610394,0.07894736842105263,0.01595709916149315
SOLUSDT,14,sweep_reclaim,-1,0.05,0.01,validation,2025Q1,260,-0.002455016917664737,0.7498749524531377,0.18461538461538463,-0.6383043985928316,0.6693923255177812,0,285.5692307692308,0.0006258862756456392,0.002000748976425024,0.0011007561744854283,-2.0601957600075283e-05,-0.002455016917664737,0.8076923076923077,-0.012099129927717662,0.13846153846153847,0.04798131997888807,0.05384615384615385,0.012513240499136186
SOLUSDT,14,sweep_reclaim,-1,0.05,0.01,validation,2025Q2,241,-0.003477936745459041,0.6443790807505407,0.18672199170124482,-0.8381827556556288,0.8741006601447048,0,369.149377593361,-0.00039895829382833594,0.002002800717304852,0.0011013209674561235,-2.514323313026947e-05,-0.003477936745459041,0.8049792531120332,-0.012098025087943989,0.0995850622406639,0.04803534670766946,0.0954356846473029,0.015477643061801636
SOLUSDT,14,sweep_reclaim,-1,0.05,0.01,validation,2025Q3,214,-0.0052442369990706485,0.484871265447846,0.14485981308411214,-1.1222667178011188,1.1545017269690476,0,424.88317757009344,-0.002183870673938379,0.0020063741154632297,0.0011023046346341704,-4.8312424965131384e-05,-0.0052442369990706485,0.8364485981308412,-0.012079393982921169,0.07476635514018691,0.04806414321731324,0.08878504672897196,0.01425886914025043
SOLUSDT,14,sweep_reclaim,-1,0.05,0.01,validation,2025Q4,229,-0.0015472156600930486,0.8366490832490009,0.21397379912663755,-0.3543123861613081,0.36572946185831284,0,372.06113537117903,0.0015482555472482343,0.001998902391296692,0.0011002478557642268,-3.679039719636209e-06,-0.0015472156600930486,0.7816593886462883,-0.012115832685891349,0.14410480349344978,0.047975122206368424,0.07423580786026202,0.013602507753122646
SOLUSDT,15,sweep_reclaim,-1,0.05,0.015,discovery,2022Q1,201,-0.004674539160028229,0.65422938002917,0.208955223880597,-0.9395823711656739,0.9708333290254063,0,355.3482587064677,-0.0016181611762813486,0.0020052415639163676,0.0011019928715071087,-5.085645167659557e-05,-0.004674539160028229,0.7910447761194029,-0.01709029844580437,0.1691542288557214,0.048050394214307464,0.03980099502487562,0.018007709803845896
SOLUSDT,15,sweep_reclaim,-1,0.05,0.015,discovery,2022Q2,254,-0.002185421612236844,0.8306235565990152,0.2440944881889764,-0.5550970895081584,0.9042406904160296,0,262.34251968503935,0.0009370832984767875,0.002000125959362293,0.001100584673463487,2.1794277887852095e-05,-0.002185421612236844,0.7519685039370079,-0.01714097045715245,0.20866141732283464,0.047933602265072,0.03937007874015748,0.01783473477591438
SOLUSDT,15,sweep_reclaim,-1,0.05,0.015,discovery,2022Q3,209,-0.005871263587515046,0.5762433107728505,0.18660287081339713,-1.2270940897906446,1.2751004899800393,0,402.09090909090907,-0.0027815523944567933,0.0020075706754642646,0.0011026340176884565,-2.0493500094467524e-05,-0.005871263587515046,0.8086124401913876,-0.017115094385551123,0.14832535885167464,0.048011511659291094,0.0430622009569378,0.01966666665883017
SOLUSDT,15,sweep_reclaim,-1,0.05,0.015,discovery,2022Q4,146,0.0009997368614131756,1.0925898306660742,0.3698630136986301,0.14596158176632362,0.23403572313481397,0,520.3150684931506,0.00444159702419509,0.0019931099158673683,0.0010986533320904196,0.0003500969148241271,0.0009997368614131756,0.6164383561643836,-0.017442520106661034,0.19863013698630136,0.04750322425644297,0.18493150684931506,0.012525736589961863
SOLUSDT,15,sweep_reclaim,-1,0.05,0.015,discovery,2023Q1,208,-0.0029729573161127176,0.7694361447217639,0.24519230769230768,-0.6183751217514453,0.7483284458470228,0,370.69711538461536,0.0001481862290853584,0.0020017053328745906,0.001101019435507084,1.8418776816401615e-05,-0.0029729573161127176,0.75,-0.017161430208919883,0.16826923076923078,0.048017104689945855,0.08173076923076923,0.022247607452467715
SOLUSDT,15,sweep_reclaim,-1,0.05,0.015,discovery,2023Q2,158,-0.0038014304748678345,0.6950646021429538,0.25316455696202533,-0.6006260150291178,0.629166039685144,0,551.5696202531645,-0.0007924799143052385,0.002003588548376884,0.001101537837654475,-9.617582546876307e-05,-0.0038014304748678345,0.7215189873417721,-0.017068902566367335,0.13291139240506328,0.04813257539952665,0.14556962025316456,0.014541078006378202
SOLUSDT,15,sweep_reclaim,-1,0.05,0.015,discovery,2023Q3,150,-0.0014310434910094463,0.8731729653533044,0.31333333333333335,-0.21465652365141696,0.3909171797712162,0,616.9066666666666,0.0016359521713449766,0.001998726822479678,0.001100199526058124,-3.1930686183378294e-05,-0.0014310434910094463,0.6466666666666666,-0.017107370979369627,0.15333333333333332,0.048011116229785746,0.2,0.011350092935412155
SOLUSDT,15,sweep_reclaim,-1,0.05,0.015,discovery,2023Q4,259,-0.00525060449775417,0.6121308481272687,0.20077220077220076,-1.3599065649183302,1.559390351703889,0,314.3706563706564,-0.002218456283236855,0.0020064433559222874,0.0011023236948015376,-7.661883620650942e-05,-0.00525060449775417,0.7915057915057915,-0.017073121735130807,0.1583011583011583,0.048130115905365124,0.05019305019305019,0.012826818358731982
SOLUSDT,15,sweep_reclaim,-1,0.05,0.015,discovery,2024Q1,209,-0.003819579060181351,0.6998415948226014,0.23444976076555024,-0.7982920235779023,0.8066474458593903,0,389.29665071770336,-0.0009279523092342826,0.002003859764382739,0.0011016124966404892,-0.00021384551007615923,-0.003819579060181351,0.7464114832535885,-0.01696689835479056,0.15311004784688995,0.04826002954515349,0.10047846889952153,0.01448681782497682
SOLUSDT,15,sweep_reclaim,-1,0.05,0.015,discovery,2024Q2,165,-9.539981133796151e-05,0.9914588304365032,0.3393939393939394,-0.01574096887076365,0.406943519306344,0,537.1878787878788,0.00289967376851047,0.0019961968493121844,0.0010995030876944408,-0.0001006263571581938,-9.539981133796151e-05,0.6484848484848484,-0.017086679186169997,0.1696969696969697,0.04811650687051472,0.18181818181818182,0.015509050389167138
SOLUSDT,15,sweep_reclaim,-1,0.05,0.015,discovery,2024Q3,177,-0.0015393914974293384,0.8704320590544757,0.288135593220339,-0.2724722950449929,0.43244783141500426,0,519.1242937853108,0.0015368859243328505,0.0019989251533045283,0.0011002541215759344,-2.2901853118273118e-05,-0.0015393914974293384,0.6836158192090396,-0.017117847604066438,0.1807909604519774,0.048008673784160454,0.13559322033898305,0.010937904331412987
SOLUSDT,15,sweep_reclaim,-1,0.05,0.015,discovery,2024Q4,168,-0.0022674584431373163,0.8099207719277218,0.2857142857142857,-0.38093301844706917,0.7126327409597253,0,564.2380952380952,0.0006674811400648707,0.0020006657034231804,0.001100733251509847,-0.0001664593717308389,-0.0022674584431373163,0.6964285714285714,-0.01702251723048139,0.16666666666666666,0.0482632919404407,0.13690476190476192,0.01127518796464841
SOLUSDT,15,sweep_reclaim,-1,0.05,0.015,validation,2025Q1,200,-0.003346627495784956,0.7395140861673538,0.24,-0.6693254991569912,0.7540728818491921,0,410.145,-0.00026896952341301316,0.0020025404795262396,0.0011012493305016166,-2.61318376559125e-05,-0.003346627495784956,0.745,-0.017098745490240132,0.18,0.04797479432400373,0.075,0.010086332214976956
SOLUSDT,15,sweep_reclaim,-1,0.05,0.015,validation,2025Q2,179,-0.004060683978138279,0.6698047541762235,0.2737430167597765,-0.7268624320867519,0.7602318834170768,0,537.245810055866,-0.0009877528265333669,0.0020039794851380993,0.0011016454527714192,-3.269378630460642e-05,-0.004060683978138279,0.7150837988826816,-0.017094374008317273,0.11731843575418995,0.04803361312574387,0.16759776536312848,0.01508371884457458
SOLUSDT,15,sweep_reclaim,-1,0.05,0.015,validation,2025Q3,163,-0.0054799120063115814,0.5755336025000658,0.22699386503067484,-0.8932256570287878,0.9405029169386745,0,603.1717791411043,-0.0024377221378968326,0.0020068823266022858,0.0011024445324554746,-6.71369906430117e-05,-0.0054799120063115814,0.7484662576687117,-0.017066071181926205,0.12269938650306748,0.0480723990026113,0.12883435582822086,0.01082795462447538
SOLUSDT,15,sweep_reclaim,-1,0.05,0.015,validation,2025Q4,164,-0.0012300544493334818,0.8938214393173397,0.29878048780487804,-0.20172892969069103,0.2386790018874993,0,575.7134146341464,0.001867454566032102,0.001998263354222044,0.0011000719448335044,-8.262836899645059e-07,-0.0012300544493334818,0.6707317073170732,-0.01712830196169277,0.18292682926829268,0.04797686348748843,0.14634146341463414,0.010128265894619183
