id,symbol,tf,side,target,policy,filter,discovery_n,discovery_n_closed,discovery_mean,discovery_pf,discovery_win_rate,discovery_median_hours,discovery_p95_hours,discovery_max_hours,discovery_mtm_drawdown,discovery_exposure,discovery_boundary_count,discovery_boundary_net,discovery_mean_gross,discovery_mean_fees,discovery_mean_funding,discovery_stress_mean,validation_n,validation_n_closed,validation_mean,validation_pf,validation_win_rate,validation_median_hours,validation_p95_hours,validation_max_hours,validation_mtm_drawdown,validation_exposure,validation_boundary_count,validation_boundary_net,validation_mean_gross,validation_mean_fees,validation_mean_funding,validation_stress_mean,passes_screen
BTCUSDT_15m_long_1.5pct_orders,BTCUSDT,15,1,0.015,orders,baseline,734,734,-0.0022307897952153,0.6954185165217134,0.3991825613079019,4.966666666666667,28.690833333333337,73.43333333333334,1.6753316464878725,0.2380784924979724,0.0,0.0,-0.001019915791423,0.0010994390463147,0.0001114349574775,-0.0032286663114377,147,147,-0.0011426555008536,0.8317684639785045,0.4421768707482993,8.016666666666667,44.021666666666654,72.65,0.2558978975741879,0.2408314307458143,0.0,0.0,5.386762401118547e-05,0.0011000296271932,9.649349767158394e-05,-0.002141612137385,False
BTCUSDT_15m_long_1.5pct_orders,BTCUSDT,15,1,0.015,orders,both,10,10,-0.0046847688855905,0.4493972191569944,0.3,4.566666666666666,15.60333333333333,16.983333333333334,0.0791650361750845,0.0025883262368207,0.0,0.0,-0.0034970014992502,0.0010980766491754,8.969073716482836e-05,-0.0056801817757575,2,2,0.012733836946269,,1.0,12.466666666666669,20.16166666666667,21.016666666666666,0.00963341904656,0.0028462709284627,0.0,0.0,0.0139855072463768,0.0011076920289855,0.0001439782711222,0.0117209870027394,False
BTCUSDT_15m_long_1.5pct_orders,BTCUSDT,15,1,0.015,orders,structure,361,361,-0.0018134226889925,0.7453743106850684,0.4155124653739612,5.0,28.383333333333333,70.28333333333333,0.7292498067131664,0.1178768755068937,0.0,0.0,-0.0006120762333514,0.0010996633580716,0.0001016830975694,-0.0028117114880179,80,80,-0.0018972388900972,0.7346756596114561,0.4125,11.241666666666667,49.05416666666667,77.83333333333333,0.2279894413980058,0.1564649923896499,0.0,0.0,-0.000687312593703,0.0010996219780734,0.0001103043183207,-0.0028954482253794,False
BTCUSDT_15m_long_1.5pct_orders,BTCUSDT,15,1,0.015,orders,zones,18,18,-0.0052324999433474,0.4037927371225431,0.2777777777777778,4.808333333333334,17.675833333333326,21.6,0.1029060720550785,0.0046513838199513,0.0,0.0,-0.0040520017768892,0.0010977713990227,8.272676743547976e-05,-0.0062273618939252,2,2,0.012733836946269,,1.0,12.466666666666669,20.16166666666667,21.016666666666666,0.00963341904656,0.0028462709284627,0.0,0.0,0.0139855072463768,0.0011076920289855,0.0001439782711222,0.0117209870027394,False
BTCUSDT_15m_long_1.5pct_regime,BTCUSDT,15,1,0.015,regime,baseline,737,737,-0.0022574036240575,0.6840907532761544,0.3894165535956581,4.716666666666667,27.769999999999943,70.28333333333333,1.7016384077302222,0.227946953568532,0.0,0.0,-0.0010500069713573,0.0010994224961657,0.0001079741565343,-0.0032552518093367,147,147,-0.0009333575475128,0.8563169150878595,0.4353741496598639,7.683333333333334,44.021666666666654,72.65,0.2251310984330972,0.232722602739726,0.0,0.0,0.0002601804355745,0.0011001430992395,9.339488384787626e-05,-0.0019325218281977,False
BTCUSDT_15m_long_1.5pct_regime,BTCUSDT,15,1,0.015,regime,both,10,10,-0.0046847688855905,0.4493972191569944,0.3,4.566666666666666,15.60333333333333,16.983333333333334,0.0791650361750845,0.0025883262368207,0.0,0.0,-0.0034970014992502,0.0010980766491754,8.969073716482836e-05,-0.0056801817757575,2,2,0.012733836946269,,1.0,12.466666666666669,20.16166666666667,21.016666666666666,0.00963341904656,0.0028462709284627,0.0,0.0,0.0139855072463768,0.0011076920289855,0.0001439782711222,0.0117209870027394,False
BTCUSDT_15m_long_1.5pct_regime,BTCUSDT,15,1,0.015,regime,structure,361,361,-0.0017800798664017,0.7451750315253601,0.4155124653739612,4.8,26.966666666666665,70.28333333333333,0.7172130477579064,0.115562905515004,0.0,0.0,-0.0005793460277978,0.0010996813596847,0.0001010524789191,-0.0027784016762939,80,80,-0.0014030276763036,0.7892221666233163,0.4125,9.683333333333334,44.55166666666665,70.66666666666667,0.1978384244272475,0.1432781582952816,0.0,0.0,-0.0002049443933893,0.0010998872805836,9.819600233068972e-05,-0.0024017249219033,False
BTCUSDT_15m_long_1.5pct_regime,BTCUSDT,15,1,0.015,regime,zones,18,18,-0.0052324999433474,0.4037927371225431,0.2777777777777778,4.808333333333334,17.675833333333326,21.6,0.1029060720550785,0.0046513838199513,0.0,0.0,-0.0040520017768892,0.0010977713990227,8.272676743547976e-05,-0.0062273618939252,2,2,0.012733836946269,,1.0,12.466666666666669,20.16166666666667,21.016666666666666,0.00963341904656,0.0028462709284627,0.0,0.0,0.0139855072463768,0.0011076920289855,0.0001439782711222,0.0117209870027394,False
BTCUSDT_15m_long_1pct_orders,BTCUSDT,15,1,0.01,orders,baseline,883,883,-0.0020573344475727,0.6577211493511785,0.5062287655719139,3.816666666666667,19.096666666666668,73.43333333333334,1.8408574864483005,0.2114811435523114,0.0,0.0,-0.0008750494514915,0.0010995187228016,8.276627327949128e-05,-0.0030553699981958,183,183,-0.0013507751554525,0.7578395404755106,0.5409836065573771,6.683333333333334,34.35500000000002,56.48333333333333,0.3062219618086246,0.2218607305936073,0.0,0.0,-0.0001806473812273,0.0010999006439403,7.022713028492527e-05,-0.0023495106430429,False
BTCUSDT_15m_long_1pct_orders,BTCUSDT,15,1,0.01,orders,both,24,24,-0.0005165581908336,0.8982506326720244,0.5833333333333334,2.5166666666666666,22.39,28.53333333333333,0.0566517505370758,0.0058748986212489,0.0,0.0,0.0006655005830419,0.0011003660253206,8.169274855490326e-05,-0.0015161332117173,5,5,-0.0001755528245015,0.9636477734699632,0.6,10.8,17.616666666666667,18.516666666666666,0.0177577644507538,0.0059265601217656,0.0,0.0,0.0009985007496253,0.0011005491754122,7.350439871456303e-05,-0.0011754645863274,False
BTCUSDT_15m_long_1pct_orders,BTCUSDT,15,1,0.01,orders,structure,420,420,-0.0018927668871555,0.6799217538668305,0.5142857142857142,3.933333333333333,20.544166666666623,51.21666666666667,0.8282950366280412,0.1010423002838605,0.0,0.0,-0.0007140715356606,0.0010996072606553,7.908809083950194e-05,-0.0028909650840864,96,96,-0.0017600372420782,0.6976735966988623,0.5208333333333334,7.85,38.46666666666667,56.48333333333333,0.2112650399276132,0.1342579908675799,0.0,0.0,-0.0005832500416457,0.001099679212477,7.710798795543168e-05,-0.0027583671123369,False
BTCUSDT_15m_long_1pct_orders,BTCUSDT,15,1,0.01,orders,zones,44,44,-0.0017440494621489,0.7002572008907343,0.5227272727272727,3.575,22.39,38.18333333333333,0.0926272041865068,0.0111041413219789,0.0,0.0,-0.0005454091136248,0.0010997000249875,9.894032353655016e-05,-0.0027424062283789,7,7,-0.0008560187885161,0.8373057433813669,0.5714285714285714,10.8,42.57833333333331,49.03333333333333,0.026088856884967,0.0141609589041095,0.0,0.0,0.0004276433211966,0.0011002352038266,0.0001834269058861,-0.0018553053853821,False
BTCUSDT_15m_long_1pct_regime,BTCUSDT,15,1,0.01,regime,baseline,885,885,-0.0020523171246305,0.6514058184423563,0.496045197740113,3.6,18.916666666666664,54.016666666666666,1.8405318245395887,0.2030502331711273,0.0,0.0,-0.0008722385309709,0.0010995202688079,8.055832485158057e-05,-0.0030503565860969,184,184,-0.001215004640486,0.774033038405077,0.532608695652174,6.116666666666666,31.43,56.48333333333333,0.2825909622102399,0.2138812785388127,0.0,0.0,-4.741842507284242e-05,0.0010999739198662,6.761229554700091e-05,-0.0022138745233899,False
BTCUSDT_15m_long_1pct_regime,BTCUSDT,15,1,0.01,regime,both,24,24,-0.0005165581908336,0.8982506326720244,0.5833333333333334,2.5166666666666666,22.39,28.53333333333333,0.0566517505370758,0.0058748986212489,0.0,0.0,0.0006655005830419,0.0011003660253206,8.169274855490326e-05,-0.0015161332117173,5,5,-0.0001755528245015,0.9636477734699632,0.6,10.8,17.616666666666667,18.516666666666666,0.0177577644507538,0.0059265601217656,0.0,0.0,0.0009985007496253,0.0011005491754122,7.350439871456303e-05,-0.0011754645863274,False
BTCUSDT_15m_long_1pct_regime,BTCUSDT,15,1,0.01,regime,structure,420,420,-0.0018760604185025,0.6779441231452041,0.5119047619047619,3.7666666666666666,20.544166666666623,51.21666666666667,0.8212783197938153,0.0995957522303325,0.0,0.0,-0.000697832007789,0.0010996161923957,7.861221831785061e-05,-0.002874275075625,96,96,-0.0014055067368927,0.7429162079198721,0.5208333333333334,7.091666666666667,35.38333333333333,56.48333333333333,0.1940248717887144,0.123677701674277,0.0,0.0,-0.0002354972963563,0.001099870476487,7.013896404939702e-05,-0.0024041874761433,False
BTCUSDT_15m_long_1pct_regime,BTCUSDT,15,1,0.01,regime,zones,44,44,-0.0017440494621489,0.7002572008907343,0.5227272727272727,3.575,22.39,38.18333333333333,0.0926272041865068,0.0111041413219789,0.0,0.0,-0.0005454091136248,0.0010997000249875,9.894032353655016e-05,-0.0027424062283789,7,7,-0.0008560187885161,0.8373057433813669,0.5714285714285714,10.8,42.57833333333331,49.03333333333333,0.026088856884967,0.0141609589041095,0.0,0.0,0.0004276433211966,0.0011002352038266,0.0001834269058861,-0.0018553053853821,False
BTCUSDT_15m_long_2.5pct_orders,BTCUSDT,15,1,0.025,orders,baseline,577,577,-0.0017084623158985,0.7999242687743003,0.3015597920277296,6.666666666666667,45.37666666666658,73.61666666666666,1.0387126972095635,0.266150902270884,0.0,0.0,-0.0004454618444676,0.0010997549959855,0.0001632454754453,-0.0027068868040999,104,104,-0.0001371252526829,0.9828143256500272,0.3461538461538461,14.241666666666667,73.67,119.01666666666668,0.2262970151217774,0.2640943683409437,0.0,0.0,0.0011137700380579,0.0011006125735209,0.0001502827172199,-0.0011371138120741,False
BTCUSDT_15m_long_2.5pct_orders,BTCUSDT,15,1,0.025,orders,both,5,5,-0.0121834889120875,0.0,0.0,6.616666666666666,12.79,13.616666666666667,0.0609174445604378,0.001237454379562,0.0,0.0,-0.0109895052473761,0.0010939557721139,0.0001000278925974,-0.0131714119945491,1,1,0.0227550969340212,,1.0,24.65,24.65,24.65,0.0148381833693462,0.0028139269406392,0.0,0.0,0.023975512243878,0.0011131865317341,0.0001072287781226,0.0217322491083798,False
BTCUSDT_15m_long_2.5pct_orders,BTCUSDT,15,1,0.025,orders,structure,299,299,-0.0013679942926147,0.8376169960745091,0.3110367892976589,7.016666666666667,42.55999999999997,73.61666666666666,0.5526079124613612,0.1404957420924574,0.0,0.0,-0.0001140984691599,0.0010999372458419,0.0001539585776128,-0.0023667544354093,65,65,-0.0015018857015194,0.8223101582162035,0.3076923076923077,18.616666666666667,61.27666666666666,119.01666666666668,0.1887185038363867,0.1842522831050228,0.0,0.0,-0.0002310383269902,0.0010998729289201,0.0001709744456089,-0.0025005205276886,False
BTCUSDT_15m_long_2.5pct_orders,BTCUSDT,15,1,0.025,orders,zones,8,8,-0.0121792836027889,0.0,0.0,5.958333333333333,12.169999999999996,13.616666666666667,0.0974342688223117,0.0019280971208434,0.0,0.0,-0.0109895052473761,0.0010939557721139,9.58225832988562e-05,-0.0131672087858045,1,1,0.0227550969340212,,1.0,24.65,24.65,24.65,0.0148381833693462,0.0028139269406392,0.0,0.0,0.023975512243878,0.0011131865317341,0.0001072287781226,0.0217322491083798,False
BTCUSDT_15m_long_2.5pct_regime,BTCUSDT,15,1,0.025,regime,baseline,586,586,-0.0017318300375143,0.7896983235265399,0.295221843003413,6.216666666666667,41.97916666666666,73.61666666666666,1.081605556944097,0.2537890308191403,0.0,0.0,-0.0004758316842833,0.0010997382925736,0.0001562600606573,-0.0027302276769512,106,106,0.0001629349817513,1.0216322734023913,0.3396226415094339,13.158333333333331,71.5125,119.01666666666668,0.2070993036046106,0.2553748097412481,0.0,0.0,0.0014071327288381,0.0011007739230008,0.0001434238240859,-0.0008373500586207,False
BTCUSDT_15m_long_2.5pct_regime,BTCUSDT,15,1,0.025,regime,both,5,5,-0.0121834889120875,0.0,0.0,6.616666666666666,12.79,13.616666666666667,0.0609174445604378,0.001237454379562,0.0,0.0,-0.0109895052473761,0.0010939557721139,0.0001000278925974,-0.0131714119945491,1,1,0.0227550969340212,,1.0,24.65,24.65,24.65,0.0148381833693462,0.0028139269406392,0.0,0.0,0.023975512243878,0.0011131865317341,0.0001072287781226,0.0217322491083798,False
BTCUSDT_15m_long_2.5pct_regime,BTCUSDT,15,1,0.025,regime,structure,299,299,-0.0013080258539329,0.8408219862941809,0.31438127090301,6.666666666666667,42.37833333333333,73.61666666666666,0.5322797299751245,0.1363949716139497,0.0,0.0,-5.787570426510319e-05,0.0010999681683626,0.0001501819813052,-0.0023068440469278,65,65,-0.000893625746081,0.8860756551090749,0.3076923076923077,13.433333333333334,59.91,119.01666666666668,0.1731335571596,0.1710654490106544,0.0,0.0,0.0003626456118573,0.0011001994550865,0.0001560719028519,-0.0018928610772564,False
BTCUSDT_15m_long_2.5pct_regime,BTCUSDT,15,1,0.025,regime,zones,8,8,-0.0121792836027889,0.0,0.0,5.958333333333333,12.169999999999996,13.616666666666667,0.0974342688223117,0.0019280971208434,0.0,0.0,-0.0109895052473761,0.0010939557721139,9.58225832988562e-05,-0.0131672087858045,1,1,0.0227550969340212,,1.0,24.65,24.65,24.65,0.0148381833693462,0.0028139269406392,0.0,0.0,0.023975512243878,0.0011131865317341,0.0001072287781226,0.0217322491083798,False
BTCUSDT_15m_long_2pct_orders,BTCUSDT,15,1,0.02,orders,baseline,629,629,-0.0020793125648561,0.742523747051371,0.3386327503974563,5.966666666666667,39.11000000000001,73.43333333333334,1.3660327032491777,0.2541825070965126,0.0,0.0,-0.0008406766410116,0.0010995376278474,0.000139098295997,-0.0030773543143599,121,121,-0.0008214376706563,0.8913191758812229,0.3801652892561983,11.783333333333331,56.8,118.81666666666666,0.2495347254487677,0.2553957382039574,0.0,0.0,0.0004040541712615,0.0011002222297941,0.0001252696121237,-0.0018207297527141,False
BTCUSDT_15m_long_2pct_orders,BTCUSDT,15,1,0.02,orders,both,6,6,-0.007208062510956,0.29004942052636,0.1666666666666666,8.05,13.841666666666669,13.916666666666666,0.0633931785449386,0.0017665247364152,0.0,0.0,-0.0059945027486255,0.0010967030234882,0.0001168567388422,-0.0082009669502612,2,2,0.0176798563834721,,1.0,24.33333333333333,24.37833333333333,24.383333333333333,0.0148381833693462,0.0055555555555555,0.0,0.0,0.0189805097451275,0.0011104392803598,0.0001902140812955,0.0166620397718921,False
BTCUSDT_15m_long_2pct_orders,BTCUSDT,15,1,0.02,orders,structure,323,323,-0.0016407751537375,0.7923020833283312,0.3529411764705882,5.966666666666667,38.245,73.41666666666667,0.6644389891098909,0.1306100466342254,0.0,0.0,-0.0004118528970807,0.0010997734809066,0.0001291487757502,-0.0026392502469498,69,69,-0.0013771772462979,0.8229497201884137,0.3623188405797101,13.433333333333334,69.41999999999987,118.81666666666666,0.1796929230569673,0.1726769406392694,0.0,0.0,-0.0001308041631357,0.0010999280577102,0.0001464450254519,-0.0023759244539454,False
BTCUSDT_15m_long_2pct_orders,BTCUSDT,15,1,0.02,orders,zones,10,10,-0.0032145319100264,0.6229248844889187,0.3,7.366666666666666,18.243333333333325,21.78333333333333,0.090631273658974,0.0032143400243309,0.0,0.0,-0.001998500749625,0.0010989008245877,0.0001171303358136,-0.0042114280229585,2,2,0.0176798563834721,,1.0,24.33333333333333,24.37833333333333,24.383333333333333,0.0148381833693462,0.0055555555555555,0.0,0.0,0.0189805097451275,0.0011104392803598,0.0001902140812955,0.0166620397718921,False
BTCUSDT_15m_long_2pct_regime,BTCUSDT,15,1,0.02,regime,baseline,636,636,-0.0020699092759963,0.735106071075137,0.3317610062893081,5.6,38.1875,73.41666666666667,1.3785652976942018,0.2427457167477696,0.0,0.0,-0.0008369317313633,0.0010995396875477,0.0001334378570852,-0.0030679575938736,121,121,-0.0006084249112041,0.9154776906538358,0.371900826446281,10.583333333333334,58.2,118.81666666666666,0.2303370139316009,0.2472678843226788,0.0,0.0,0.0006134176489563,0.0011003373797069,0.0001215051804535,-0.0016079280174578,False
BTCUSDT_15m_long_2pct_regime,BTCUSDT,15,1,0.02,regime,both,6,6,-0.007208062510956,0.29004942052636,0.1666666666666666,8.05,13.841666666666669,13.916666666666666,0.0633931785449386,0.0017665247364152,0.0,0.0,-0.0059945027486255,0.0010967030234882,0.0001168567388422,-0.0082009669502612,2,2,0.0176798563834721,,1.0,24.33333333333333,24.37833333333333,24.383333333333333,0.0148381833693462,0.0055555555555555,0.0,0.0,0.0189805097451275,0.0011104392803598,0.0001902140812955,0.0166620397718921,False
BTCUSDT_15m_long_2pct_regime,BTCUSDT,15,1,0.02,regime,structure,323,323,-0.0015552884644675,0.7982264856195062,0.3560371517027864,5.833333333333333,38.245,73.41666666666667,0.597090803374983,0.1273120691403081,0.0,0.0,-0.0003288788670464,0.0010998191166231,0.0001265904807978,-0.0025538477225416,69,69,-0.0008259765801932,0.8857136067919069,0.3623188405797101,11.683333333333334,55.38,118.81666666666666,0.1664012838128298,0.1594939117199391,0.0,0.0,0.0004066639468517,0.0011002236651707,0.0001324168618742,-0.0018252676992342,False
BTCUSDT_15m_long_2pct_regime,BTCUSDT,15,1,0.02,regime,zones,10,10,-0.0032145319100264,0.6229248844889187,0.3,7.366666666666666,18.243333333333325,21.78333333333333,0.090631273658974,0.0032143400243309,0.0,0.0,-0.001998500749625,0.0010989008245877,0.0001171303358136,-0.0042114280229585,2,2,0.0176798563834721,,1.0,24.33333333333333,24.37833333333333,24.383333333333333,0.0148381833693462,0.0055555555555555,0.0,0.0,0.0189805097451275,0.0011104392803598,0.0001902140812955,0.0166620397718921,False
BTCUSDT_15m_long_3pct_orders,BTCUSDT,15,1,0.03,orders,baseline,527,527,-0.001738287450583,0.8071991144618333,0.2637571157495256,7.033333333333333,53.15833333333333,100.0,1.0457407213815983,0.2763762165450121,0.0,0.0,-0.000449765629519,0.0010997526289037,0.0001887691921602,-0.0027366948904046,91,91,-0.0004149583642178,0.9517373179509322,0.2967032967032967,13.216666666666669,86.31666666666666,174.38333333333333,0.2073909485766525,0.2752796803652968,0.0,0.0,0.0008667644199879,0.0011004767204309,0.0001812460637747,-0.0014146847108868,False
BTCUSDT_15m_long_3pct_orders,BTCUSDT,15,1,0.03,orders,both,5,5,-0.0121834889120875,0.0,0.0,6.616666666666666,12.79,13.616666666666667,0.0609174445604378,0.001237454379562,0.0,0.0,-0.0109895052473761,0.0010939557721139,0.0001000278925974,-0.0131714119945491,1,1,0.027733035702263,,1.0,24.78333333333333,24.78333333333333,24.78333333333333,0.0148381833693462,0.0028291476407914,0.0,0.0,0.0289705147426286,0.0011159337831084,0.0001215452572572,0.0267052052648495,False
BTCUSDT_15m_long_3pct_orders,BTCUSDT,15,1,0.03,orders,structure,279,279,-0.0009535938341427,0.8913778621437053,0.2831541218637993,7.766666666666667,53.42666666666656,100.0,0.5432452787716153,0.152873453974047,0.0,0.0,0.0003253391225535,0.0011001789365174,0.0001787540201789,-0.0019527805682335,60,60,-0.0016264068236365,0.8188521402836416,0.2666666666666666,16.75,91.83499999999997,158.0,0.2244967682692878,0.1909931506849315,0.0,0.0,-0.0003334999167082,0.0010998165750458,0.0001930903318824,-0.0026249282487995,False
BTCUSDT_15m_long_3pct_orders,BTCUSDT,15,1,0.03,orders,zones,6,6,-0.0121775293592461,0.0,0.0,7.366666666666666,12.583333333333334,13.616666666666667,0.0730651761554769,0.0015460259529602,0.0,0.0,-0.0109895052473761,0.0010939557721139,9.406833975605168e-05,-0.0131654554185073,1,1,0.027733035702263,,1.0,24.78333333333333,24.78333333333333,24.78333333333333,0.0148381833693462,0.0028291476407914,0.0,0.0,0.0289705147426286,0.0011159337831084,0.0001215452572572,0.0267052052648495,False
BTCUSDT_15m_long_3pct_regime,BTCUSDT,15,1,0.03,regime,baseline,535,535,-0.0017996944522212,0.7924155126452017,0.2579439252336448,6.366666666666666,48.23333333333333,100.0,1.1063229808872763,0.2635777828467153,0.0,0.0,-0.000519276409783,0.0010997143979746,0.0001807036444636,-0.0027980364829228,92,92,-0.0003185537911459,0.9608259301775242,0.2934782608695652,11.041666666666666,85.85500000000003,174.38333333333333,0.1881932370594857,0.2664668949771689,0.0,0.0,0.0009577190987977,0.0011005267455043,0.0001757461444394,-0.001318373744297,False
BTCUSDT_15m_long_3pct_regime,BTCUSDT,15,1,0.03,regime,both,5,5,-0.0121834889120875,0.0,0.0,6.616666666666666,12.79,13.616666666666667,0.0609174445604378,0.001237454379562,0.0,0.0,-0.0109895052473761,0.0010939557721139,0.0001000278925974,-0.0131714119945491,1,1,0.027733035702263,,1.0,24.78333333333333,24.78333333333333,24.78333333333333,0.0148381833693462,0.0028291476407914,0.0,0.0,0.0289705147426286,0.0011159337831084,0.0001215452572572,0.0267052052648495,False
BTCUSDT_15m_long_3pct_regime,BTCUSDT,15,1,0.03,regime,structure,279,279,-0.000925113358619,0.891888621535864,0.2867383512544803,7.033333333333333,53.42666666666656,100.0,0.5331635615402301,0.1487416362530413,0.0,0.0,0.0003497857236505,0.001100192382148,0.0001747067001216,-0.0019243265353054,60,60,-0.0008591896738135,0.8961446983550745,0.2833333333333333,13.325,91.58666666666664,119.13333333333334,0.2112051290251503,0.1772184170471841,0.0,0.0,0.0004179341280234,0.0011002298637704,0.0001768939380665,-0.0018584698348918,False
BTCUSDT_15m_long_3pct_regime,BTCUSDT,15,1,0.03,regime,zones,6,6,-0.0121775293592461,0.0,0.0,7.366666666666666,12.583333333333334,13.616666666666667,0.0730651761554769,0.0015460259529602,0.0,0.0,-0.0109895052473761,0.0010939557721139,9.406833975605168e-05,-0.0131654554185073,1,1,0.027733035702263,,1.0,24.78333333333333,24.78333333333333,24.78333333333333,0.0148381833693462,0.0028291476407914,0.0,0.0,0.0289705147426286,0.0011159337831084,0.0001215452572572,0.0267052052648495,False
BTCUSDT_15m_short_1.5pct_orders,BTCUSDT,15,-1,0.015,orders,baseline,653,653,-0.0023001972963352,0.6877756863582223,0.3905053598774885,3.3833333333333333,30.41333333333333,123.41666666666669,1.5568439351583936,0.1927273418491484,0.0,0.0,-0.0012381037379331,0.0011006809570558,-3.858739865377925e-05,-0.0033024684143786,220,220,-0.0013720238500186,0.8014218156909726,0.4272727272727272,4.183333333333334,37.31833333333331,64.83333333333333,0.3088820216798061,0.2157686453576864,0.0,0.0,-0.0003179999090453,0.0011001748999499,-4.615095897658961e-05,-0.0023733701116144,False
BTCUSDT_15m_short_1.5pct_orders,BTCUSDT,15,-1,0.015,orders,both,16,16,-0.0011425637267405,0.8320648538566479,0.4375,2.533333333333333,18.479166666666668,33.61666666666667,0.0551877647898577,0.0034424422141119,0.0,0.0,-6.206228114043894e-05,0.0011000341342546,-1.9532688654533865e-05,-0.0021436671041688,6,6,0.0004287533679037,1.071003707470341,0.5,2.125,32.19166666666667,41.86666666666667,0.0318246473911593,0.0058732876712328,0.0,0.0,0.0015020010005004,0.0010991738994497,-2.5926266853052725e-05,-0.0005707811023826,False
BTCUSDT_15m_short_1.5pct_orders,BTCUSDT,15,-1,0.015,orders,structure,340,340,-0.0022777617440193,0.6901647262965085,0.3911764705882353,3.225,32.09250000000003,117.5,0.8292540936180465,0.1027239203163017,0.0,0.0,-0.0012213091840036,0.0011006717200512,-4.4219160035513424e-05,-0.0032800132311579,109,109,-0.0003515735485009,0.9452314739599564,0.4678899082568807,4.016666666666667,32.76999999999999,51.78333333333333,0.1361364766332008,0.1085083713850837,0.0,0.0,0.0006984455530518,0.0010996158549458,-4.959675339296096e-05,-0.0013519005717021,False
BTCUSDT_15m_short_1.5pct_orders,BTCUSDT,15,-1,0.015,orders,zones,39,39,-0.0050413149181206,0.4198323258453537,0.282051282051282,1.8166666666666669,13.610000000000005,33.61666666666667,0.2225553868190402,0.0058571573398215,0.0,0.0,-0.0039521683918881,0.0011021736926155,-1.3027166382982474e-05,-0.0060463157462797,13,13,-0.0005221677846415,0.919786464917862,0.4615384615384615,2.583333333333333,26.25666666666663,41.86666666666667,0.0401205300654355,0.0102073820395738,0.0,0.0,0.0005395005194906,0.0010997032747142,-3.803497058204954e-05,-0.0015226597066097,False
BTCUSDT_15m_short_1.5pct_regime,BTCUSDT,15,-1,0.015,regime,baseline,655,655,-0.0022893042501155,0.6839935490766751,0.3847328244274809,3.25,30.318333333333328,123.41666666666669,1.5543093844771378,0.187871299675588,0.0,0.0,-0.0012259368815964,0.0011006742652848,-3.730689676586161e-05,-0.0032915638294067,223,223,-0.0015596751873353,0.7702613234623661,0.4035874439461883,4.116666666666666,31.19166666666662,64.83333333333333,0.3548443414514671,0.2051388888888889,0.0,0.0,-0.0005037159594052,0.0011002770437776,-4.43178158475685e-05,-0.0025612082776628,False
BTCUSDT_15m_short_1.5pct_regime,BTCUSDT,15,-1,0.015,regime,both,16,16,-0.0011425637267405,0.8320648538566479,0.4375,2.533333333333333,18.479166666666668,33.61666666666667,0.0551877647898577,0.0034424422141119,0.0,0.0,-6.206228114043894e-05,0.0011000341342546,-1.9532688654533865e-05,-0.0021436671041688,6,6,0.0016630252667122,1.3461612387361372,0.5,2.125,15.979166666666666,20.25,0.0318246473911593,0.0034056316590563,0.0,0.0,0.0027316445986443,0.0010984975954707,-2.9878263538631284e-05,0.0006647237103877,False
BTCUSDT_15m_short_1.5pct_regime,BTCUSDT,15,-1,0.015,regime,structure,340,340,-0.0024395155378088,0.6683649538733446,0.3794117647058823,3.1083333333333334,31.393333333333334,98.2,0.8842503835064909,0.0976955342660178,0.0,0.0,-0.0013796025756097,0.0011007587814165,-4.084581921740833e-05,-0.0034419271730683,110,110,-0.0006056697553276,0.9050645336433396,0.4454545454545454,3.408333333333333,29.454166666666666,51.78333333333333,0.1541497428498253,0.1002397260273972,0.0,0.0,0.0004464310085564,0.0010997544629452,-4.765369906118296e-05,-0.0016062500304467,False
BTCUSDT_15m_short_1.5pct_regime,BTCUSDT,15,-1,0.015,regime,zones,39,39,-0.0048510312494582,0.4292317899768837,0.282051282051282,1.8166666666666669,13.610000000000005,33.61666666666667,0.2151343237412033,0.0057367700729927,0.0,0.0,-0.0037619893217142,0.0011020690941269,-1.3027166382982474e-05,-0.0058558416986639,13,13,4.749616865463984e-05,1.007995910344633,0.4615384615384615,2.583333333333333,17.609999999999996,20.25,0.0401205300654355,0.0077397260273972,0.0,0.0,0.0011070283340186,0.0010993911344162,-3.985896905231657e-05,-0.0009524267161003,False
BTCUSDT_15m_short_1pct_orders,BTCUSDT,15,-1,0.01,orders,baseline,770,770,-0.0021758378747532,0.6438556546713305,0.4948051948051948,2.6166666666666667,22.148333333333305,99.73333333333332,1.712374402025806,0.1739310877939983,0.0,0.0,-0.0011045003020989,0.0011006074751661,-2.926990251187545e-05,-0.0031779799123516,276,276,-0.0012705611387063,0.7713780668293782,0.5398550724637681,2.958333333333333,22.98333333333333,64.83333333333333,0.3586601068687979,0.188382800608828,0.0,0.0,-0.0002026013006502,0.0011001114307153,-3.2151592659166234e-05,-0.0022717988870966,False
BTCUSDT_15m_short_1pct_orders,BTCUSDT,15,-1,0.01,orders,both,26,26,-0.0028541307330992,0.5615430828777329,0.4615384615384615,2.558333333333333,15.35,33.61666666666667,0.0973330599794027,0.0049681924168694,0.0,0.0,-0.0017705006349327,0.0011009737753492,-1.7343677182737385e-05,-0.0038569454400958,11,11,-0.0030030302025461,0.545275848916941,0.4545454545454545,1.6666666666666667,13.1,14.383333333333333,0.0651610603607248,0.0044843987823439,0.0,0.0,-0.0019105007048977,0.0011010507753876,-8.521277739293092e-06,-0.0040059894723718,False
BTCUSDT_15m_short_1pct_orders,BTCUSDT,15,-1,0.01,orders,structure,383,383,-0.0022519913586232,0.6340312802362597,0.4908616187989556,2.35,20.611666666666665,107.98333333333332,0.8994919288185055,0.0871255322384428,0.0,0.0,-0.0011834507331993,0.0011006508979032,-3.211027247936321e-05,-0.0032542110080251,129,129,-0.0009015029457255,0.8311085550491261,0.5581395348837209,2.8666666666666667,27.34666666666665,38.21666666666667,0.1640285277173396,0.0924124809741248,0.0,0.0,0.0001634538199333,0.001099910100399,-3.495333474017294e-05,-0.0019023728519883,False
BTCUSDT_15m_short_1pct_orders,BTCUSDT,15,-1,0.01,orders,zones,65,65,-0.0043978292447873,0.4095434901946719,0.3846153846153846,2.083333333333333,15.599999999999998,33.61666666666667,0.286434142566317,0.0102981802514193,0.0,0.0,-0.0033105014045483,0.0011018207757725,-1.4492935533492186e-05,-0.0054021869979321,24,24,-0.0029165933808336,0.5549382772039525,0.4583333333333333,2.175,13.998333333333328,29.65,0.0938905552830186,0.0132248858447488,0.0,0.0,-0.0018346673336667,0.0011010090670335,-1.9083019866540277e-05,-0.003919471451428,False
BTCUSDT_15m_short_1pct_regime,BTCUSDT,15,-1,0.01,regime,baseline,773,773,-0.0021508883765493,0.642725890952758,0.4890038809831824,2.533333333333333,20.93666666666665,73.96666666666667,1.6996159535384234,0.1690439983779399,0.0,0.0,-0.0010787210084841,0.0011005932965546,-2.842592848947776e-05,-0.0031530050301687,278,278,-0.0013435402555082,0.7550211697650296,0.5215827338129496,2.933333333333333,19.41749999999998,64.83333333333333,0.3814894236171239,0.1788584474885844,0.0,0.0,-0.0002742736673642,0.001100150850517,-3.0884262373013965e-05,-0.0023448503858941,False
BTCUSDT_15m_short_1pct_regime,BTCUSDT,15,-1,0.01,regime,both,26,26,-0.0028541307330992,0.5615430828777329,0.4615384615384615,2.558333333333333,15.35,33.61666666666667,0.0973330599794027,0.0049681924168694,0.0,0.0,-0.0017705006349327,0.0011009737753492,-1.7343677182737385e-05,-0.0038569454400958,11,11,-0.0030030302025461,0.545275848916941,0.4545454545454545,1.6666666666666667,13.1,14.383333333333333,0.0651610603607248,0.0044843987823439,0.0,0.0,-0.0019105007048977,0.0011010507753876,-8.521277739293092e-06,-0.0040059894723718,False
BTCUSDT_15m_short_1pct_regime,BTCUSDT,15,-1,0.01,regime,structure,383,383,-0.0023563938128575,0.6181902379463575,0.4804177545691906,2.3,20.131666666666668,85.35,0.939478068790226,0.0830577098540146,0.0,0.0,-0.0012858973388768,0.0011007072435363,-3.021076955573546e-05,-0.0033587169672412,130,130,-0.0010389801195173,0.804567314619845,0.5384615384615384,2.4166666666666665,18.89083333333333,38.21666666666667,0.1770517263543364,0.0847355403348554,0.0,0.0,2.77187554364498e-05,0.0010999847546845,-3.328587973068945e-05,-0.0020399867380678,False
BTCUSDT_15m_short_1pct_regime,BTCUSDT,15,-1,0.01,regime,zones,65,65,-0.0042836590435898,0.4159189427624556,0.3846153846153846,2.083333333333333,15.599999999999998,33.61666666666667,0.2790130794884802,0.0101777929845904,0.0,0.0,-0.0031963939624439,0.0011017580166793,-1.4492935533492186e-05,-0.0052879025693626,24,24,-0.0025664649387237,0.586261247457496,0.4583333333333333,2.175,11.776666666666666,14.383333333333333,0.0938905552830186,0.0107248858447488,0.0,0.0,-0.0014857178315568,0.0011008171448073,-2.007003764048397e-05,-0.003568993199058,False
BTCUSDT_15m_short_2.5pct_orders,BTCUSDT,15,-1,0.025,orders,baseline,537,536,-0.001900681104152,0.7781857793336902,0.2905027932960894,4.066666666666666,43.009999999999984,168.83333333333334,1.071510629111439,0.2148171380778588,1.0,0.012748358686328,-0.0008518824535883,0.0011004685353494,-5.166988478572875e-05,-0.0029025590471916,183,183,-0.0007545511931462,0.907684920870654,0.3224043715846995,5.25,47.69000000000002,96.01666666666668,0.2597331519048742,0.2406164383561644,0.0,0.0,0.0002849375507427,0.001099843284347,-6.0354540458158606e-05,-0.0017552867746795,False
BTCUSDT_15m_short_2.5pct_orders,BTCUSDT,15,-1,0.025,orders,both,5,5,0.0089271265635956,2.8419266285856515,0.6,1.0333333333333334,7.403333333333332,8.833333333333334,0.0251320454503606,0.0004923205596107,0.0,0.0,0.0100105052526263,0.001094494222111,-1.1115533080346897e-05,0.0079361021274413,2,2,-0.0120964824502501,0.0,0.0,22.0,39.88,41.86666666666667,0.0392368610996533,0.0050228310502283,0.0,0.0,-0.0110105052526261,0.0011060557778889,-2.0078580264916374e-05,-0.0131085455045296,False
BTCUSDT_15m_short_2.5pct_orders,BTCUSDT,15,-1,0.025,orders,structure,303,302,-0.0015656002428922,0.8146249392367877,0.3003300330033003,3.95,44.7016666666666,177.08333333333334,0.533281866329679,0.1218857714922952,1.0,0.012748358686328,-0.000522372232777,0.001100287304728,-5.705929461275503e-05,-0.0025671456319849,99,99,0.0006928277488293,1.0902612459187002,0.3636363636363636,4.516666666666667,42.04499999999999,51.78333333333333,0.1722286518539513,0.1248192541856925,0.0,0.0,0.0017295011141935,0.0010990487743871,-6.23754090229871e-05,-0.0003064607394208,False
BTCUSDT_15m_short_2.5pct_orders,BTCUSDT,15,-1,0.025,orders,zones,14,14,0.0029089323776016,1.4201383253864035,0.4285714285714285,1.3583333333333334,6.948333333333332,8.833333333333334,0.0480103110876261,0.0012228811841038,0.0,0.0,0.0040045022511256,0.0010977975237618,-2.227650237808924e-06,0.0019118911775903,5,5,-0.0050607901599571,0.4763909154591935,0.2,2.1333333333333333,35.79666666666666,41.86666666666667,0.0392368610996533,0.0065658295281582,0.0,0.0,-0.0040035017508752,0.0011022019259629,-4.491351688111298e-05,-0.0060658264162935,False
BTCUSDT_15m_short_2.5pct_regime,BTCUSDT,15,-1,0.025,regime,baseline,542,541,-0.001934395978087,0.7693227329171062,0.2859778597785978,3.991666666666666,42.65583333333323,134.4,1.0992874963049797,0.2092096259124087,1.0,0.012748358686328,-0.0008834717547675,0.0011004859094651,-4.95616861456291e-05,-0.0029363065987834,186,186,-0.0011212856338813,0.8588470572109916,0.3010752688172043,4.75,47.225,96.01666666666668,0.264324703706521,0.2281297564687975,0.0,0.0,-7.883314643475895e-05,0.0011000433582305,-5.759087078395476e-05,-0.0021223867516623,False
BTCUSDT_15m_short_2.5pct_regime,BTCUSDT,15,-1,0.025,regime,both,5,5,0.0089271265635956,2.8419266285856515,0.6,1.0333333333333334,7.403333333333332,8.833333333333334,0.0251320454503606,0.0004923205596107,0.0,0.0,0.0100105052526263,0.001094494222111,-1.1115533080346897e-05,0.0079361021274413,2,2,-0.0083936667538247,0.0,0.0,11.191666666666666,19.344166666666663,20.25,0.0374088073748947,0.0025551750380517,0.0,0.0,-0.0073215744581943,0.001104026865952,-3.193457032165206e-05,-0.0094020310662183,False
BTCUSDT_15m_short_2.5pct_regime,BTCUSDT,15,-1,0.025,regime,structure,305,304,-0.0018792307382417,0.776983593795889,0.2885245901639344,3.883333333333333,42.97333333333335,134.4,0.6240102513455168,0.1142918694241686,1.0,0.012748358686328,-0.0008294316161561,0.0011004561873888,-5.0657065303247015e-05,-0.0028810867137641,100,100,0.0002025676982417,1.0265842579791176,0.34,4.408333333333333,39.61249999999998,51.78333333333333,0.167364027731096,0.1162823439878234,0.0,0.0,0.0012417744595872,0.0010993170240472,-6.011026270173102e-05,-0.0007972101629833,False
BTCUSDT_15m_short_2.5pct_regime,BTCUSDT,15,-1,0.025,regime,zones,14,14,0.0029089323776016,1.4201383253864035,0.4285714285714285,1.3583333333333334,6.948333333333332,8.833333333333334,0.0480103110876261,0.0012228811841038,0.0,0.0,0.0040045022511256,0.0010977975237618,-2.227650237808924e-06,0.0019118911775903,5,5,-0.0035796638813869,0.5626064762027212,0.2,2.1333333333333333,18.50333333333333,20.25,0.0374088073748947,0.0040981735159817,0.0,0.0,-0.0025279294331025,0.0011013903611882,-4.965591290380725e-05,-0.0045832206409689,False
BTCUSDT_15m_short_2pct_orders,BTCUSDT,15,-1,0.02,orders,baseline,596,595,-0.0017976050389858,0.7737759889818961,0.3422818791946309,3.866666666666666,32.84166666666667,134.01666666666668,1.1357342829541683,0.2041679339010543,1.0,0.012748358686328,-0.0007406297899589,0.0011004073463844,-4.3432097357568696e-05,-0.0027993757354491,201,201,-0.0008522333123768,0.8872969460596697,0.373134328358209,4.633333333333334,42.06666666666667,80.56666666666666,0.2900133732733223,0.2285692541856925,0.0,0.0,0.0001947242277856,0.0010998929016747,-5.293536151220604e-05,-0.0018530629153524,False
BTCUSDT_15m_short_2pct_orders,BTCUSDT,15,-1,0.02,orders,both,10,10,-8.64907521478624e-05,0.9881138644768896,0.4,1.9583333333333333,16.463333333333317,22.73333333333333,0.0363496830915452,0.0017842660178426,0.0,0.0,0.0010015007503753,0.0010994491745872,-1.1457672064125865e-05,-0.001086533490262,5,5,-0.0060902311622745,0.3705984514564114,0.2,2.583333333333333,34.14666666666666,41.86666666666667,0.0446025206044193,0.0058808980213089,0.0,0.0,-0.0050045022511254,0.0011027524762381,-1.7023565088999095e-05,-0.0070962834301236,False
BTCUSDT_15m_short_2pct_orders,BTCUSDT,15,-1,0.02,orders,structure,321,320,-0.0014131304126382,0.8185203476278923,0.3551401869158878,3.716666666666667,41.86666666666667,135.68333333333334,0.5179765421754801,0.110013052514193,1.0,0.012748358686328,-0.0003620802523946,0.0011001991441388,-4.914898389515033e-05,-0.0024145193003939,106,106,0.0001277903355654,1.017827399041287,0.4056603773584906,4.183333333333334,39.10416666666666,51.78333333333333,0.166573642153463,0.1203538812785388,0.0,0.0,0.0011714819673989,0.0010993556849179,-5.5664053084432e-05,-0.0008720601173612,False
BTCUSDT_15m_short_2pct_orders,BTCUSDT,15,-1,0.02,orders,zones,23,23,-0.0016637911321911,0.7895268913719233,0.3478260869565217,1.8166666666666669,8.785,22.73333333333333,0.0932006202952633,0.0027587692619626,0.0,0.0,-0.0005652826413205,0.0011003109054527,-1.8024145820554716e-06,-0.0026654071328884,9,9,-0.0054177142795813,0.4243532149361841,0.2222222222222222,2.1333333333333333,29.17999999999999,41.86666666666667,0.0599071568161219,0.0074733637747336,0.0,0.0,-0.004337168584292,0.0011023854427213,-2.183974743207845e-05,-0.0064230961018767,False
BTCUSDT_15m_short_2pct_regime,BTCUSDT,15,-1,0.02,regime,baseline,600,599,-0.0017825883518346,0.770988604185867,0.3383333333333333,3.783333333333333,32.42916666666661,126.0,1.1339146908193745,0.1990071218572587,1.0,0.012748358686328,-0.0007240623825444,0.0011003982343103,-4.187226502024152e-05,-0.0027843432441745,204,204,-0.0011635083007674,0.8432062287018095,0.3480392156862745,4.308333333333334,41.28499999999999,80.56666666666666,0.3048365466942714,0.2175152207001522,0.0,0.0,-0.0001139662704778,0.0011000626814487,-5.052065115918238e-05,-0.0021646481272467,False
BTCUSDT_15m_short_2pct_regime,BTCUSDT,15,-1,0.02,regime,both,10,10,-8.64907521478624e-05,0.9881138644768896,0.4,1.9583333333333333,16.463333333333317,22.73333333333333,0.0363496830915452,0.0017842660178426,0.0,0.0,0.0010015007503753,0.0010994491745872,-1.1457672064125865e-05,-0.001086533490262,5,5,-0.0046091048837043,0.4375778871580018,0.2,2.583333333333333,16.85333333333333,20.25,0.0446025206044193,0.0034132420091324,0.0,0.0,-0.0035289299333526,0.0011019409114633,-2.176596111169337e-05,-0.005613677654799,False
BTCUSDT_15m_short_2pct_regime,BTCUSDT,15,-1,0.02,regime,structure,322,321,-0.0016221655605028,0.7911540876655869,0.3447204968944099,3.6666666666666665,34.50416666666664,98.2,0.5866989902004985,0.1040247364152473,1.0,0.012748358686328,-0.0005669778839096,0.0011003118378361,-4.51241612429518e-05,-0.0026237615756685,107,107,-0.0002315130021939,0.9674870295029346,0.3831775700934579,4.05,38.066666666666656,51.78333333333333,0.1638782488549631,0.1119273211567732,0.0,0.0,0.000814429244863,0.0010995520639153,-5.36098168583848e-05,-0.001231721911261,False
BTCUSDT_15m_short_2pct_regime,BTCUSDT,15,-1,0.02,regime,zones,23,23,-0.0016637911321911,0.7895268913719233,0.3478260869565217,1.8166666666666669,8.785,22.73333333333333,0.0932006202952633,0.0027587692619626,0.0,0.0,-0.0005652826413205,0.0011003109054527,-1.8024145820554716e-06,-0.0026654071328884,9,9,-0.0045948663470423,0.4650088538398335,0.2222222222222222,2.1333333333333333,16.209999999999997,20.25,0.0599071568161219,0.005005707762557,0.0,0.0,-0.0035174061855294,0.001101934573402,-2.4474411889130828e-05,-0.0055994262266964,False
BTCUSDT_15m_short_3pct_orders,BTCUSDT,15,-1,0.03,orders,baseline,502,501,-0.0017936331869197,0.799917353502991,0.2569721115537848,4.433333333333334,46.94499999999998,342.05,0.9383265207828902,0.2265358880778588,1.0,0.012748358686328,-0.0007517895344846,0.0011004134842439,-5.856983180885288e-05,-0.002795407478413,166,166,-0.0009449560397896,0.8915701196555423,0.2771084337349397,5.925,49.09166666666667,96.01666666666668,0.2681482321645551,0.2507020547945205,0.0,0.0,8.492197906194081e-05,0.0010999532929115,-7.007527405994214e-05,-0.0019458869818841,False
BTCUSDT_15m_short_3pct_orders,BTCUSDT,15,-1,0.03,orders,both,4,4,0.007922000990531,2.309261617419768,0.5,1.1833333333333331,23.108333333333327,26.933333333333334,0.0342361501111937,0.0011379764801297,0.0,0.0,0.0090095047523763,0.0010950447723861,-7.5410105409150175e-06,0.0069299727127485,1,1,-0.012042625686334,0.0,0.0,41.86666666666667,41.86666666666667,41.86666666666667,0.022841014978479,0.0047792998477929,0.0,0.0,-0.0110105052526261,0.0011060557778889,-7.39353441810375e-05,-0.0130546617852762,False
BTCUSDT_15m_short_3pct_orders,BTCUSDT,15,-1,0.03,orders,structure,285,284,-0.0021203130763598,0.7656647273577505,0.2491228070175438,4.133333333333334,57.83333333333336,350.3,0.6883279213104148,0.1394420366991078,1.0,0.012748358686328,-0.0010892626914796,0.0011005990944803,-6.954870960008674e-05,-0.0031224197007694,92,92,0.0005824147830909,1.0705577369959385,0.3152173913043478,6.366666666666666,47.77583333333334,53.63333333333333,0.1756006972266413,0.1407971841704718,0.0,0.0,0.0016108054027014,0.0010991140570285,-7.072343741798755e-05,-0.0004169883474306,False
BTCUSDT_15m_short_3pct_orders,BTCUSDT,15,-1,0.03,orders,zones,10,10,0.0039126756979569,1.538422823243481,0.4,1.1833333333333331,17.48333333333331,26.933333333333334,0.035893750057111,0.0015834093673965,0.0,0.0,0.0050055027513758,0.0010972469734867,-4.419920067880259e-06,0.0029166376477557,3,3,-0.0120585651689673,0.0,0.0,1.1333333333333333,37.79333333333333,41.86666666666667,0.036175695506902,0.0050076103500761,0.0,0.0,-0.0110105052526261,0.0011060557778889,-5.799586154775117e-05,-0.0130706092456285,False
BTCUSDT_15m_short_3pct_regime,BTCUSDT,15,-1,0.03,regime,baseline,509,508,-0.0018817985674726,0.7852852167929174,0.2534381139489194,4.283333333333333,45.06999999999996,161.91666666666666,0.9957581317927326,0.2167369981751825,1.0,0.012748358686328,-0.0008355056653766,0.0011004595281159,-5.416662601994104e-05,-0.0028836588668913,172,172,-0.0011842626776071,0.8586329220639818,0.2616279069767442,5.383333333333334,49.0575,96.01666666666668,0.2719706487999911,0.2360045662100456,0.0,0.0,-0.0001493079897754,0.0011000821193943,-6.512743156260068e-05,-0.0021854305722499,False
BTCUSDT_15m_short_3pct_regime,BTCUSDT,15,-1,0.03,regime,both,4,4,0.007922000990531,2.309261617419768,0.5,1.1833333333333331,23.108333333333327,26.933333333333334,0.0342361501111937,0.0011379764801297,0.0,0.0,0.0090095047523763,0.0010950447723861,-7.5410105409150175e-06,0.0069299727127485,1,1,-0.0046369942934831,0.0,0.0,20.25,20.25,20.25,0.0180504708757763,0.0023116438356164,0.0,0.0,-0.0036326436637625,0.001101997954015,-9.764732429450889e-05,-0.0056416329086536,False
BTCUSDT_15m_short_3pct_regime,BTCUSDT,15,-1,0.03,regime,structure,291,290,-0.0023809339196336,0.7352624632239962,0.2405498281786941,4.15,44.94166666666667,161.91666666666666,0.757380338110621,0.1269540754257907,1.0,0.012748358686328,-0.0013371811493587,0.0011007354496321,-5.698267935717396e-05,-0.0033832950123742,93,93,0.0003788000365664,1.0469986569857208,0.3010752688172043,5.816666666666666,46.19333333333332,53.63333333333333,0.1655793140684883,0.1289421613394216,0.0,0.0,0.0014105478248343,0.0010992241986963,-6.747641042845923e-05,-0.0006208051871475,False
BTCUSDT_15m_short_3pct_regime,BTCUSDT,15,-1,0.03,regime,zones,10,10,0.0039126756979569,1.538422823243481,0.4,1.1833333333333331,17.48333333333331,26.933333333333334,0.035893750057111,0.0015834093673965,0.0,0.0,0.0050055027513758,0.0010972469734867,-4.419920067880259e-06,0.0029166376477557,3,3,-0.0095900213713503,0.0,0.0,1.1333333333333333,18.33833333333333,20.25,0.0343476417821434,0.0025399543378995,0.0,0.0,-0.0085512180563382,0.0011047031699309,-6.589985491890829e-05,-0.0105995996200876,False
BTCUSDT_5m_long_1.5pct_orders,BTCUSDT,5,1,0.015,orders,baseline,1035,1035,-0.0018925639621826,0.7355922724786412,0.4125603864734299,4.283333333333333,25.433333333333326,78.28333333333333,1.963793936324372,0.3116794657339821,0.0,0.0,-0.0006858044407747,0.0010996228075575,0.0001071367138503,-0.0028907763862557,202,202,-0.0024076630970867,0.6745953570225246,0.3910891089108911,7.925,48.69583333333328,80.75,0.526226617836866,0.2984969558599695,0.0,0.0,-0.0012220498661559,0.0010993278725736,8.628535835720019e-05,-0.0034053502535055,False
BTCUSDT_5m_long_1.5pct_orders,BTCUSDT,5,1,0.015,orders,both,38,38,-0.0036721700290825,0.540834536733615,0.3421052631578947,5.041666666666667,19.571666666666665,22.816666666666663,0.1494126885766304,0.0108215480535279,0.0,0.0,-0.0024454220258291,0.0010986550178857,0.0001280929853676,-0.0046686142136992,6,6,0.004387776725977,2.056439428016139,0.6666666666666666,8.708333333333334,65.525,79.01666666666667,0.0301986748572073,0.0148706240487062,0.0,0.0,0.0056605030817924,0.0011031132766949,0.0001696130791203,0.0033832558584816,False
BTCUSDT_5m_long_1.5pct_orders,BTCUSDT,5,1,0.015,orders,structure,495,495,-0.001536789079123,0.7798081491751132,0.4262626262626263,4.75,25.433333333333326,68.61666666666666,0.8287703057036463,0.1523595904298459,0.0,0.0,-0.0003435908308471,0.001099811025043,9.338722323282694e-05,-0.0025353502257095,115,115,-0.0026224796803714,0.6502172065389291,0.3826086956521739,8.416666666666666,43.81,80.75,0.3422711580161555,0.1904851598173516,0.0,0.0,-0.0014338482932446,0.0010992113834387,8.942000368812773e-05,-0.0036199536947777,False
BTCUSDT_5m_long_1.5pct_orders,BTCUSDT,5,1,0.015,orders,zones,67,67,-0.0021675859833447,0.7020349179037275,0.4029850746268656,6.216666666666667,36.51166666666666,55.28333333333333,0.198172007458626,0.0267075983373884,0.0,0.0,-0.0009249479737742,0.0010994912786144,0.000143146730956,-0.0031655415277191,10,10,0.0002172284092415,1.0355119193865117,0.5,7.141666666666667,69.04166666666664,79.01666666666667,0.0418060358770432,0.0219501522070015,0.0,0.0,0.0014980009995003,0.0011008239005497,0.000179948689709,-0.0007831291598939,False
BTCUSDT_5m_long_1.5pct_regime,BTCUSDT,5,1,0.015,regime,baseline,1040,1040,-0.0018767825864239,0.7273353167541285,0.4048076923076923,3.966666666666667,23.47916666666664,68.96666666666667,1.9597451432366777,0.2889535178426601,0.0,0.0,-0.0006748401062538,0.0010996288379415,0.0001023136422285,-0.0028750083724569,205,205,-0.0024380180112552,0.6573716313174409,0.375609756097561,7.05,43.22666666666662,80.75,0.5396723645326685,0.2784360730593607,0.0,0.0,-0.0012573884180901,0.00109930843637,8.132115679508399e-05,-0.0034356723458125,False
BTCUSDT_5m_long_1.5pct_regime,BTCUSDT,5,1,0.015,regime,both,38,38,-0.0029884118602152,0.5921704385060911,0.3684210526315789,4.35,19.571666666666665,22.816666666666663,0.1234298781596737,0.0100225567721005,0.0,0.0,-0.0017665585166421,0.0010990283928158,0.0001228249507573,-0.0039855368276154,6,6,0.0067697534214557,4.334068926280164,0.8333333333333334,7.141666666666667,21.33333333333333,25.05,0.0207259395139267,0.0064783105022831,0.0,0.0,0.0079504733508132,0.0011043727603429,7.63471690145296e-05,0.0057628983994465,False
BTCUSDT_5m_long_1.5pct_regime,BTCUSDT,5,1,0.015,regime,structure,496,496,-0.0014711769648435,0.7830462224845336,0.4274193548387097,4.3,25.320833333333333,68.61666666666666,0.7982235287397569,0.1466316909975669,0.0,0.0,-0.0002804819916392,0.0010998457349045,9.084923829971266e-05,-0.0024698024217944,115,115,-0.0022174790380719,0.6830351190769615,0.391304347826087,7.783333333333333,40.29333333333332,80.75,0.2956960841517062,0.1721156773211567,0.0,0.0,-0.0010338758253155,0.001099431368296,8.417184446029807e-05,-0.0032153552268427,False
BTCUSDT_5m_long_1.5pct_regime,BTCUSDT,5,1,0.015,regime,zones,67,67,-0.0014578572432771,0.773929956495485,0.4328358208955223,5.95,36.51166666666666,55.28333333333333,0.1565574291725831,0.0253567264801297,0.0,0.0,-0.0002178181528304,0.0010998802000159,0.0001401588904307,-0.0024565206681381,10,10,0.0016464144265287,1.3399347352890814,0.6,6.275,43.36499999999997,56.85,0.0309656432777274,0.0135578386605783,0.0,0.0,0.0028719831609127,0.0011015795907385,0.0001239891436455,0.0006446563646849,False
BTCUSDT_5m_long_1pct_orders,BTCUSDT,5,1,0.01,orders,baseline,1322,1322,-0.0020555305363438,0.6577679932135377,0.5060514372163388,3.325,18.959166666666672,68.1,2.722401604511958,0.2897993967964314,0.0,0.0,-0.0008785924738083,0.0010995167741394,7.74212883961033e-05,-0.0030535652174838,272,272,-0.0017178135268798,0.7038199728402027,0.5220588235294118,5.7,30.2525,66.5,0.4977644361193903,0.2832248858447488,0.0,0.0,-0.0005587647352793,0.0010996926793955,5.935611220493169e-05,-0.0027161767238312,False
BTCUSDT_5m_long_1pct_orders,BTCUSDT,5,1,0.01,orders,both,55,55,-0.0016447002551834,0.7128977869063716,0.5272727272727272,3.35,17.87833333333332,22.633333333333333,0.1236603045217943,0.0112593775344687,0.0,0.0,-0.0004545908863748,0.0010997499750124,9.035939379605752e-05,-0.0026431520305532,10,10,0.0018405740522626,1.50767794505887,0.7,7.241666666666666,37.56416666666664,46.91666666666666,0.0231879176897163,0.0143816590563165,0.0,0.0,0.0029965017491255,0.001101648075962,5.427962090088829e-05,0.0008386567825062,False
BTCUSDT_5m_long_1pct_orders,BTCUSDT,5,1,0.01,orders,structure,627,627,-0.0017650483263767,0.6972643237354981,0.5199362041467305,3.35,19.14666666666666,52.05,1.1213198473986574,0.1360743613138686,0.0,0.0,-0.0006011746917608,0.0010996693539195,6.420428069631992e-05,-0.002763366736196,139,139,-0.0019465933300306,0.672086321343301,0.5107913669064749,5.833333333333333,38.63333333333331,66.5,0.3179956592433498,0.1674067732115677,0.0,0.0,-0.0007838886312238,0.0010995688612528,6.313583755396539e-05,-0.0029447297512609,False
BTCUSDT_5m_long_1pct_orders,BTCUSDT,5,1,0.01,orders,zones,108,108,-0.0019905797541628,0.6654409827854006,0.5092592592592593,3.35,18.02999999999999,39.68333333333333,0.2154622712593047,0.0237416362530413,0.0,0.0,-0.0008145001573286,0.0010995520249134,7.652757192080303e-05,-0.0029886789067998,24,24,-0.0022046027759969,0.638810281363486,0.5,5.791666666666667,46.43416666666666,53.53333333333333,0.0796440678151631,0.0365981735159817,0.0,0.0,-0.0009995002498749,0.0010994502748625,0.0001056522512594,-0.0032025025748101,False
BTCUSDT_5m_long_1pct_regime,BTCUSDT,5,1,0.01,regime,baseline,1327,1327,-0.0020492072222786,0.6495424257580241,0.4928409947249434,3.1666666666666665,17.93666666666667,54.46666666666667,2.727189237319563,0.271843952757502,0.0,0.0,-0.0008749709195901,0.0010995187659942,7.47175366943106e-05,-0.0030472468716992,273,273,-0.0018316140728762,0.6789735351289398,0.5018315018315018,5.266666666666667,29.826666666666664,66.5,0.5305497987032827,0.2641952054794521,0.0,0.0,-0.0006753099596386,0.0010996285795221,5.667553371541385e-05,-0.0028298621858066,False
BTCUSDT_5m_long_1pct_regime,BTCUSDT,5,1,0.01,regime,both,55,55,-0.0017655467247076,0.690579564272256,0.509090909090909,3.35,17.87833333333332,22.633333333333333,0.1162750866546052,0.0108532289132197,0.0,0.0,-0.000577323782954,0.0010996824719193,8.854046983425923e-05,-0.0027638768044781,10,10,0.0012168984245358,1.335652070480003,0.7,5.433333333333334,37.56416666666664,46.91666666666666,0.0231879176897163,0.0139687975646879,0.0,0.0,0.0023724829110377,0.001101304865601,5.427962090088829e-05,0.0002156045190367,False
BTCUSDT_5m_long_1pct_regime,BTCUSDT,5,1,0.01,regime,structure,627,627,-0.0016814886125855,0.7038166635937412,0.5167464114832536,3.183333333333333,19.011666666666663,52.05,1.0689279068515676,0.1313925638686131,0.0,0.0,-0.0005183669519475,0.0010997148981764,6.34067624614869e-05,-0.002679890141642,139,139,-0.0019150044993134,0.6668986605005038,0.5035971223021583,5.5,34.05833333333333,66.5,0.3136048117736649,0.1514859208523592,0.0,0.0,-0.0007559884655775,0.0010995842063439,5.943182739198132e-05,-0.0029131706415977,False
BTCUSDT_5m_long_1pct_regime,BTCUSDT,5,1,0.01,regime,zones,108,108,-0.0018628770613178,0.6742276114565243,0.5092592592592593,3.35,18.02999999999999,39.68333333333333,0.2016703804320372,0.0229705241281427,0.0,0.0,-0.000687654002968,0.0010996217902983,7.560126805136872e-05,-0.0028611033897398,24,24,-0.0021016944443689,0.6339118585986525,0.5,5.3,46.43416666666666,53.53333333333333,0.0709375115788217,0.0335654490106544,0.0,0.0,-0.0009090673897699,0.0010995000129356,9.312704166328327e-05,-0.0030996908375287,False
BTCUSDT_5m_long_2.5pct_orders,BTCUSDT,5,1,0.025,orders,baseline,749,749,-0.0015623413716936,0.8159663402830865,0.3057409879839786,6.15,42.766666666666666,115.96666666666668,1.1767230072718784,0.3331654247769667,0.0,0.0,-0.000299266254723,0.0010998354035599,0.0001632397134106,-0.0025609119050071,141,141,-0.0015569267295973,0.8161902650574698,0.3049645390070922,8.416666666666666,77.41666666666667,162.75,0.2796679464084683,0.312646499238965,0.0,0.0,-0.0003264148067809,0.0010998204718562,0.0001306914509601,-0.0025554864007103,False
BTCUSDT_5m_long_2.5pct_orders,BTCUSDT,5,1,0.025,orders,both,14,14,-0.0072464553226149,0.3044582864200162,0.1428571428571428,4.975,34.70416666666665,70.61666666666666,0.1190654537279455,0.0053958840227088,0.0,0.0,-0.0059945027486255,0.0010967030234882,0.000155249550501,-0.0082393405846915,3,3,-0.0007535564375933,0.9092835869250218,0.3333333333333333,22.4,73.35499999999999,79.01666666666667,0.0267639369249589,0.0117751141552511,0.0,0.0,0.0006655005830418,0.0011003660253206,0.0003186909953145,-0.0017530130777343,False
BTCUSDT_5m_long_2.5pct_orders,BTCUSDT,5,1,0.025,orders,structure,385,385,-0.0015122301841134,0.8215014481928997,0.3064935064935065,7.2,42.43666666666663,76.76666666666667,0.6628248358608505,0.1705139902676399,0.0,0.0,-0.0002729544318749,0.0010998498750624,0.000139425877176,-0.0025108388966724,98,98,-0.0011546803875888,0.861143461233399,0.3163265306122449,9.708333333333334,59.145833333333336,122.85,0.1767917654723656,0.2147983257229832,0.0,0.0,7.085742842871101e-05,0.0011000389715856,0.0001254988444318,-0.0021536395079175,False
BTCUSDT_5m_long_2.5pct_orders,BTCUSDT,5,1,0.025,orders,zones,22,22,-0.0059136316082959,0.4071361734903068,0.1818181818181818,6.75,50.39583333333331,70.61666666666666,0.1300998953825102,0.009796355433901,0.0,0.0,-0.0046322293398754,0.001097452273863,0.0001839499945574,-0.006907863378903,4,4,-0.0035860325830675,0.6123589445449509,0.25,12.066666666666666,70.52416666666664,79.01666666666667,0.0432759574873322,0.0118226788432267,0.0,0.0,-0.0022482508745626,0.0010987634620189,0.0002390182464859,-0.0045826183247842,False
BTCUSDT_5m_long_2.5pct_regime,BTCUSDT,5,1,0.025,regime,baseline,768,768,-0.0015982521344287,0.8003763474947132,0.3046875,5.016666666666667,38.91249999999999,97.26666666666668,1.2368879770050676,0.3062588706407137,0.0,0.0,-0.0003469234555625,0.0010998091920994,0.0001515194867668,-0.0025967809147918,147,147,-0.001582164548921,0.8004405709155838,0.2993197278911564,6.75,71.90999999999985,122.85,0.261693410017036,0.2911738964992389,0.0,0.0,-0.0003623309695314,0.0010998007179667,0.0001200328614229,-0.0025806936655173,False
BTCUSDT_5m_long_2.5pct_regime,BTCUSDT,5,1,0.025,regime,both,14,14,-0.0067189397606728,0.3206960592546783,0.1428571428571428,4.283333333333333,34.70416666666665,70.61666666666666,0.1116802358607564,0.0052197384428223,0.0,0.0,-0.005473846598508,0.0010969893843708,0.0001481037777939,-0.0077123487020608,3,3,0.004010396953364,1.9875499912509609,0.6666666666666666,5.5,20.71,22.4,0.0207259395139267,0.003382800608828,0.0,0.0,0.0052454411210834,0.0011028849926165,0.0001321591751028,0.0030062720041954,False
BTCUSDT_5m_long_2.5pct_regime,BTCUSDT,5,1,0.025,regime,structure,385,385,-0.0013218082068564,0.8369180600386216,0.3168831168831169,6.216666666666667,41.79999999999997,76.76666666666667,0.5816653238902435,0.1624024229521492,0.0,0.0,-8.784028702835064e-05,0.0010999516878421,0.0001340162319859,-0.0023206045415005,98,98,-0.0007212467144622,0.9059297775826248,0.3265306122448979,8.383333333333333,59.105,122.85,0.1808363217371215,0.1937214611872146,0.0,0.0,0.0004953072729968,0.0011002724190001,0.0001162815684589,-0.0017206344434317,False
BTCUSDT_5m_long_2.5pct_regime,BTCUSDT,5,1,0.025,regime,zones,22,22,-0.0058884874249126,0.3538254656241351,0.1818181818181818,4.666666666666667,50.39583333333331,70.61666666666666,0.129546723348079,0.0091323246147607,0.0,0.0,-0.0046162298823986,0.0010974610735646,0.0001747964689493,-0.0068827397503848,4,4,-1.306753984948425e-05,0.9978459799144492,0.5,3.6166666666666663,19.864999999999995,22.4,0.0372379600763,0.0034303652968036,0.0,0.0,0.0011867045289685,0.0011006526874909,9.911938132712512e-05,-0.0010131545133369,False
BTCUSDT_5m_long_2pct_orders,BTCUSDT,5,1,0.02,orders,baseline,857,857,-0.0016315154825891,0.7932293732169883,0.3535589264877479,5.15,37.43666666666666,78.28333333333333,1.4031990040442015,0.3251400293998377,0.0,0.0,-0.0003933389198048,0.0010997836635941,0.0001383928991901,-0.0026300044529136,171,171,-0.0016777286151615,0.7874549946027121,0.3508771929824561,8.45,50.34166666666667,122.65,0.3246898582374739,0.3086187214611872,0.0,0.0,-0.0004737105131643,0.0010997394592177,0.0001042786427794,-0.0026761543382887,False
BTCUSDT_5m_long_2pct_orders,BTCUSDT,5,1,0.02,orders,both,21,21,-0.0064777137117399,0.3415815768405747,0.1904761904761904,6.216666666666667,16.466666666666665,16.483333333333334,0.1486548119104991,0.0060985654906731,0.0,0.0,-0.0052809309630897,0.0010970954879703,9.968726067985498e-05,-0.0074713395504739,4,4,0.0025527259183804,1.4097443842314463,0.5,33.15,74.42916666666665,79.01666666666667,0.0267639369249589,0.0167865296803652,0.0,0.0,0.0039955022488757,0.0011021975262368,0.0003405788042583,0.001549953702637,False
BTCUSDT_5m_long_2pct_orders,BTCUSDT,5,1,0.02,orders,structure,422,422,-0.0013490025489866,0.826563389048398,0.3625592417061611,5.841666666666667,37.44916666666666,74.45,0.6590057414343213,0.1648234742497972,0.0,0.0,-0.0001235993377717,0.0010999320203642,0.0001254711908506,-0.0023477674303426,98,98,-0.001807500717861,0.7724182236219496,0.3469387755102041,9.508333333333333,54.10499999999986,122.65,0.2339000244134548,0.2034341704718417,0.0,0.0,-0.0005917449438544,0.0010996745402808,0.0001160812337256,-0.0028058026349727,False
BTCUSDT_5m_long_2pct_orders,BTCUSDT,5,1,0.02,orders,zones,34,34,-0.0034374681360337,0.6002575333899197,0.2941176470588235,7.475,28.651666666666628,51.93333333333333,0.1203616490620823,0.0139091646390916,0.0,0.0,-0.0021747949554633,0.0010988038627744,0.0001638693177959,-0.0044341647935435,6,6,-0.0023260030609097,0.715688686441375,0.3333333333333333,9.95,71.37083333333334,79.01666666666667,0.0378955902731443,0.0170662100456621,0.0,0.0,-0.0009995002498749,0.0010994502748625,0.0002270525361722,-0.0033238422202199,False
BTCUSDT_5m_long_2pct_regime,BTCUSDT,5,1,0.02,regime,baseline,871,871,-0.0016057804519645,0.785688894328702,0.3501722158438576,4.55,35.608333333333334,74.45,1.406526027016826,0.2997471867396594,0.0,0.0,-0.0003762376861863,0.0010997930692725,0.0001297496965055,-0.0026042908228679,174,174,-0.0018375199625986,0.7565472630984753,0.3333333333333333,7.708333333333333,49.96416666666665,122.65,0.3575267385370171,0.2866457382039574,0.0,0.0,-0.0006395648560427,0.0010996482393291,9.830686722672452e-05,-0.002835782988265,False
BTCUSDT_5m_long_2pct_regime,BTCUSDT,5,1,0.02,regime,both,21,21,-0.0052404370252181,0.3924917110246051,0.238095238095238,6.133333333333334,16.1,16.483333333333334,0.1226720014935424,0.0052995742092457,0.0,0.0,-0.004052511279799,0.0010977711187961,9.015462662306686e-05,-0.0062352947566081,4,4,0.0061256909615985,3.0112476398654366,0.75,11.683333333333334,43.84833333333332,48.43333333333333,0.02584643339759,0.0083942161339421,0.0,0.0,0.0074304576524069,0.0011040867517088,0.0002006799390995,0.0051194175140844,False
BTCUSDT_5m_long_2pct_regime,BTCUSDT,5,1,0.02,regime,structure,422,422,-0.0011279642457362,0.8484624123584027,0.3720379146919431,5.15,37.39249999999999,74.45,0.5488915478938743,0.1569038929440389,0.0,0.0,9.263041521620984e-05,0.0011000509467283,0.0001205437142241,-0.0021269475913024,98,98,-0.0012733381737444,0.8242190015080192,0.3571428571428571,8.383333333333333,52.12249999999997,122.65,0.2074279442127224,0.1823972602739726,0.0,0.0,-6.653470965988999e-05,0.0010999634059096,0.0001068400581748,-0.0022721693661292,False
BTCUSDT_5m_long_2pct_regime,BTCUSDT,5,1,0.02,regime,zones,34,34,-0.002727379317458,0.6368364162193004,0.3235294117647059,6.316666666666666,28.651666666666628,51.93333333333333,0.1075578340812618,0.0128358171127331,0.0,0.0,-0.0014731885492662,0.0010991897462979,0.0001550010218938,-0.0037247812751239,6,6,5.597363456898597e-05,1.0092391678221648,0.5,3.7666666666666666,40.79166666666666,48.43333333333333,0.0318575928621121,0.0086738964992389,0.0,0.0,0.0012904700191458,0.0011007097585105,0.0001337866260663,-0.000944199679255,False
BTCUSDT_5m_long_3pct_orders,BTCUSDT,5,1,0.03,orders,baseline,680,680,-0.0018702666110116,0.7933465817042062,0.2602941176470588,7.158333333333333,47.14333333333328,123.08333333333331,1.298279636350785,0.3390916463909165,0.0,0.0,-0.000588147102919,0.0010996765190933,0.0001824429889992,-0.0028685389744603,122,122,-0.0011096844951125,0.8739022320209977,0.2786885245901639,8.333333333333334,91.44583333333324,162.75,0.2124144637272397,0.3174353120243531,0.0,0.0,0.0001468937662317,0.0011000807915714,0.0001564974697728,-0.0021087040881899,False
BTCUSDT_5m_long_3pct_orders,BTCUSDT,5,1,0.03,orders,both,12,12,-0.0055916359539577,0.4477025713898676,0.1666666666666666,5.158333333333333,40.46166666666662,71.13333333333334,0.0897069659062066,0.0048319647201946,0.0,0.0,-0.0043295019157086,0.0010976187739463,0.0001645152643027,-0.0065861798420927,2,2,-0.0124600898346347,0.0,0.0,40.375,75.15249999999999,79.01666666666667,0.0267639369249589,0.0092180365296803,0.0,0.0,-0.0109895052473762,0.0010939557721139,0.0003766288151445,-0.0134478747547972,False
BTCUSDT_5m_long_3pct_orders,BTCUSDT,5,1,0.03,orders,structure,357,357,-0.0012771845969309,0.8558704481592139,0.2745098039215686,7.983333333333333,44.21666666666667,83.9,0.5819859943239797,0.1781737885239253,0.0,0.0,-2.0087995217966647e-05,0.0010999889516026,0.0001571076501103,-0.0022760370786213,85,85,-0.0019075133136323,0.7889144938066835,0.2588235294117647,11.3,83.35666666666664,157.83333333333334,0.2506583401521327,0.2344786910197869,0.0,0.0,-0.0006469118381984,0.0010996441984889,0.0001609572769449,-0.0029057377061125,False
BTCUSDT_5m_long_3pct_orders,BTCUSDT,5,1,0.03,orders,zones,18,18,-0.0033754626729833,0.6427464068001596,0.2222222222222222,6.175,23.731666666666587,71.13333333333334,0.0739843929256624,0.0065230890105433,0.0,0.0,-0.0021095008051528,0.0010988397745571,0.0001671220932733,-0.0043722229313885,3,3,-0.0123345468962531,0.0,0.0,1.7333333333333334,71.28833333333333,79.01666666666667,0.0432759574873322,0.009265601217656,0.0,0.0,-0.0109895052473761,0.0010939557721139,0.000251085876763,-0.0133223945251761,False
BTCUSDT_5m_long_3pct_regime,BTCUSDT,5,1,0.03,regime,baseline,702,702,-0.0017047612460258,0.7974787630125133,0.2678062678062678,5.583333333333333,43.03749999999999,123.08333333333331,1.2261417534634462,0.3111738392133009,0.0,0.0,-0.0004367730059125,0.0010997597748467,0.0001682284652666,-0.0027031919249454,127,127,-0.0017535742959806,0.7885393465546849,0.2598425196850393,7.066666666666666,84.19166666666665,174.55,0.2796739194440858,0.294634703196347,0.0,0.0,-0.0005103379290956,0.0010997193141389,0.000143517052746,-0.0027519438305078,False
BTCUSDT_5m_long_3pct_regime,BTCUSDT,5,1,0.03,regime,both,12,12,-0.004976201131692,0.4766788125156748,0.1666666666666666,4.466666666666667,40.46166666666662,71.13333333333334,0.0823217480390175,0.0046558191403081,0.0,0.0,-0.0037220697405714,0.0010979528616426,0.0001561785294778,-0.0059713559790235,2,2,-0.0053141597481986,0.1276011703467194,0.5,3.6166666666666663,5.3116666666666665,5.5,0.0207259395139267,0.0008257229832572,0.0,0.0,-0.0041195944403138,0.0010977342230578,9.683108482698236e-05,-0.0063089471319025,False
BTCUSDT_5m_long_3pct_regime,BTCUSDT,5,1,0.03,regime,structure,357,357,-0.0010156042293076,0.8795533448889512,0.2885154061624649,7.2,43.1,83.9,0.5135279250395385,0.1691890967153284,0.0,0.0,0.0002355113206389,0.0011001295312263,0.0001509860187202,-0.0020147150999543,85,85,-0.001318747034939,0.8390167136212184,0.2823529411764706,8.416666666666666,82.51666666666664,139.5,0.2239468737849018,0.2126940639269406,0.0,0.0,-6.873412368248358e-05,0.0010999621962319,0.0001500507150245,-0.0023175544464722,False
BTCUSDT_5m_long_3pct_regime,BTCUSDT,5,1,0.03,regime,zones,18,18,-0.0036220784070358,0.5685434027180849,0.2222222222222222,4.383333333333334,23.731666666666587,71.13333333333334,0.0739843929256624,0.0058039334955393,0.0,0.0,-0.0023674460515007,0.0010986979046716,0.0001559344508635,-0.004618586579006,3,3,-0.0075705935052957,0.0640619433087636,0.3333333333333333,1.7333333333333334,5.123333333333333,5.5,0.0372379600763,0.0008732876712328,0.0,0.0,-0.0064095647093345,0.0010964747394098,6.455405655132156e-05,-0.0085631094432463,False
BTCUSDT_5m_short_1.5pct_orders,BTCUSDT,5,-1,0.015,orders,baseline,1046,1045,-0.0021396291985485,0.706278898502837,0.3977055449330784,2.575,24.4625,117.26666666666668,2.275062856796855,0.2538378193430657,1.0,0.0029585501243315,-0.001067534397291,0.0011005871439185,-2.849234266102837e-05,-0.003141734620559,355,355,-0.0020626209450553,0.7153650764833235,0.4,3.4,26.775,72.93333333333334,0.7364872223051279,0.2946860730593607,0.0,0.0,-0.0010005002501249,0.0011005502751375,-3.842958020712738e-05,-0.0030646542888717,False
BTCUSDT_5m_short_1.5pct_orders,BTCUSDT,5,-1,0.015,orders,both,46,46,-0.0039267123262809,0.5179345280741511,0.3260869565217391,2.308333333333333,23.1125,37.03333333333333,0.2018447618157984,0.0095821928223844,0.0,0.0,-0.0028501750875436,0.0011015675962981,-2.5030357560826392e-05,-0.0049306039953088,15,15,-0.0054333102683467,0.3882676349652396,0.2666666666666666,2.066666666666667,9.024999999999988,16.316666666666666,0.1159225293513301,0.0058923135464231,0.0,0.0,-0.004337168584292,0.0011023854427213,-6.243758666705017e-06,-0.0064386998964423,False
BTCUSDT_5m_short_1.5pct_orders,BTCUSDT,5,-1,0.015,orders,structure,568,567,-0.0019236136824404,0.7318041566317766,0.4066901408450704,2.225,23.74833333333333,118.41666666666669,1.129623286741262,0.1358849097729116,1.0,0.0029585501243315,-0.0008507865888519,0.0011004679326238,-2.764083903542765e-05,-0.0029255025550129,173,173,-0.0015114738124336,0.7835089653021234,0.4219653179190751,3.083333333333333,30.453333333333344,53.78333333333333,0.2991970334859247,0.1423725266362252,0.0,0.0,-0.0004508178944962,0.0011002479498419,-3.95920319046337e-05,-0.0025129563143562,False
BTCUSDT_5m_short_1.5pct_orders,BTCUSDT,5,-1,0.015,orders,zones,95,95,-0.0044459441603844,0.4707350317912256,0.3052631578947368,2.533333333333333,18.26499999999999,37.03333333333333,0.4306543860891224,0.0175214162611516,0.0,0.0,-0.003371290908612,0.0011018542099997,-2.7200958227371376e-05,-0.0054503564065529,32,32,-0.0019138002293297,0.7332527357295419,0.40625,3.583333333333333,23.179166666666656,39.31666666666667,0.1224815879658524,0.0260369101978691,0.0,0.0,-0.0008440939219608,0.001100464251657,-3.075794428817705e-05,-0.0029156808420884,False
BTCUSDT_5m_short_1.5pct_regime,BTCUSDT,5,-1,0.015,regime,baseline,1053,1052,-0.0021263358668886,0.699444105281156,0.3874643874643874,2.4,23.76333333333333,117.26666666666668,2.2760423829488694,0.2416793390105434,1.0,0.0029585501243315,-0.0010546770741784,0.0011005800723907,-2.8921279680532223e-05,-0.0031284282033795,359,359,-0.0020145421825762,0.7089852031035827,0.3955431754874652,3.2666666666666666,21.19333333333332,72.93333333333334,0.7274774303553516,0.2685863774733638,0.0,0.0,-0.0009483730197021,0.0011005216051608,-3.435244228672959e-05,-0.0030165253849847,False
BTCUSDT_5m_short_1.5pct_regime,BTCUSDT,5,-1,0.015,regime,both,46,46,-0.0037919921224773,0.5266447135019418,0.3260869565217391,2.308333333333333,23.1125,37.03333333333333,0.1956476324408326,0.0095676196269261,0.0,0.0,-0.0027155289391216,0.0011014935409165,-2.5030357560826392e-05,-0.0047957490038401,15,15,-0.0054333102683467,0.3882676349652396,0.2666666666666666,2.066666666666667,9.024999999999988,16.316666666666666,0.1159225293513301,0.0058923135464231,0.0,0.0,-0.004337168584292,0.0011023854427213,-6.243758666705017e-06,-0.0064386998964423,False
BTCUSDT_5m_short_1.5pct_regime,BTCUSDT,5,-1,0.015,regime,structure,570,569,-0.0021200271683233,0.7017736319793905,0.3894736842105263,2.15,21.61166666666664,98.36666666666666,1.245426201059388,0.1261240369018653,1.0,0.0029585501243315,-0.0010472205242032,0.0011005759712883,-2.7769327168223307e-05,-0.0031221126169799,174,174,-0.001698066205666,0.7542361762315548,0.4022988505747126,3.066666666666667,26.70833333333333,53.78333333333333,0.3424705243842733,0.1299105783866057,0.0,0.0,-0.0006341825387522,0.0011003488003963,-3.6465133482547685e-05,-0.0026997338299681,False
BTCUSDT_5m_short_1.5pct_regime,BTCUSDT,5,-1,0.015,regime,zones,95,95,-0.0041583838704326,0.4753431047595416,0.2947368421052631,2.466666666666667,18.26499999999999,37.03333333333333,0.3993596932706269,0.0166780717761557,0.0,0.0,-0.0030836361541355,0.0011016959998847,-2.694828358768697e-05,-0.0051625082859777,32,32,-0.0016003737606793,0.766748668143196,0.40625,3.441666666666667,14.822499999999998,31.566666666666663,0.1224815879658524,0.0219006849315068,0.0,0.0,-0.0005303595089775,0.0011002916977299,-3.027744602806096e-05,-0.0026019405497716,False
BTCUSDT_5m_short_1pct_orders,BTCUSDT,5,-1,0.01,orders,baseline,1289,1288,-0.0021682356032067,0.6446261021089326,0.495733126454616,2.1,18.323333333333327,99.81666666666666,2.821850897143374,0.2379308596918086,1.0,0.0029585501243315,-0.0010898429502389,0.0011005994136226,-2.220676065484637e-05,-0.003170366503154,454,454,-0.0017647247854052,0.698734660897149,0.5154185022026432,2.5,18.19166666666665,72.93333333333334,0.8054418393844518,0.2697507610350076,0.0,0.0,-0.0006918216817658,0.0011003805019249,-2.7477398285590748e-05,-0.0027664546077965,False
BTCUSDT_5m_short_1pct_orders,BTCUSDT,5,-1,0.01,orders,both,62,62,-0.0049886966943434,0.3608520946704443,0.3548387096774194,1.8333333333333333,18.280833333333327,32.11666666666667,0.3136328208769111,0.0105668339416058,0.0,0.0,-0.0039066307347221,0.001102148646904,-2.0082687282738444e-05,-0.0059936484056923,21,21,-0.005402356674351,0.3291463120157165,0.3333333333333333,3.0166666666666666,24.683333333333334,48.65,0.1459947103871385,0.0169767884322678,0.0,0.0,-0.004337168584292,0.0011023854427213,-3.719735266238389e-05,-0.0064077308101573,False
BTCUSDT_5m_short_1pct_orders,BTCUSDT,5,-1,0.01,orders,structure,669,668,-0.0021316038139705,0.6490694031063357,0.4977578475336323,1.6333333333333333,17.216666666666676,108.9,1.4530381561561283,0.1185054237631792,1.0,0.0029585501243315,-0.0010529407589844,0.0011005791174174,-2.1916062431319532e-05,-0.0031336979184359,215,215,-0.0012813405340989,0.7698628522452103,0.5395348837209303,2.4,18.664999999999964,42.53333333333333,0.3122964427964432,0.1269939117199391,0.0,0.0,-0.0002090114824853,0.0011001149563153,-2.7785904701766457e-05,-0.0022825868844372,False
BTCUSDT_5m_short_1pct_orders,BTCUSDT,5,-1,0.01,orders,zones,138,138,-0.0049798568258237,0.3615893702262347,0.3550724637681159,1.8,19.47000000000001,48.766666666666666,0.6882000662326255,0.0267430809002433,0.0,0.0,-0.0039019509754876,0.0011021460730365,-2.4240222700428944e-05,-0.0059848017716462,44,44,-0.002975001400614,0.5483249099662383,0.4545454545454545,3.5166666666666666,23.11583333333335,48.65,0.1545964520139389,0.0327644596651445,0.0,0.0,-0.0019105007048977,0.0011010507753876,-3.655007967140397e-05,-0.0039779466420103,False
BTCUSDT_5m_short_1pct_regime,BTCUSDT,5,-1,0.01,regime,baseline,1294,1293,-0.0021773956295218,0.6364912418716822,0.4837712519319938,2.0,17.783333333333303,70.08333333333333,2.844545149211175,0.2277201186131386,1.0,0.0029585501243315,-0.0010990434350683,0.0011006044738892,-2.2252279435788063e-05,-0.0031795357168417,457,457,-0.001853790943376,0.676993104188614,0.4967177242888402,2.3833333333333333,16.129999999999992,72.93333333333334,0.8514392479333264,0.2507153729071537,0.0,0.0,-0.000778569002301,0.0011004282129512,-2.5206271876212955e-05,-0.0028556087409615,False
BTCUSDT_5m_short_1pct_regime,BTCUSDT,5,-1,0.01,regime,both,62,62,-0.0048887429947472,0.3655331078288185,0.3548387096774194,1.8333333333333333,18.280833333333327,32.11666666666667,0.3074356915019453,0.0105522607461476,0.0,0.0,-0.0038067319794412,0.0011020937025886,-2.0082687282738444e-05,-0.0058935947023446,21,21,-0.004961808355115,0.3481947943962123,0.3333333333333333,3.0166666666666666,14.233333333333333,24.683333333333334,0.1405813204635203,0.0128405631659056,0.0,0.0,-0.003896130079544,0.0011021428715437,-3.646459597275019e-05,-0.0059667413556187,False
BTCUSDT_5m_short_1pct_regime,BTCUSDT,5,-1,0.01,regime,structure,669,668,-0.0022767126330137,0.6250158819733319,0.4813153961136024,1.5833333333333333,15.596666666666671,85.68333333333334,1.5501159560960531,0.1113556873479318,1.0,0.0029585501243315,-0.0011978052365738,0.0011006587928801,-2.175139644016434e-05,-0.0032789518366285,216,216,-0.0013629131460172,0.7529159203811331,0.5231481481481481,2.3916666666666666,15.5,39.0,0.3311974675049019,0.1158618721461187,0.0,0.0,-0.0002883274408593,0.0011001585800924,-2.55728749346178e-05,-0.0023642400032995,False
BTCUSDT_5m_short_1pct_regime,BTCUSDT,5,-1,0.01,regime,zones,138,138,-0.0046073329048999,0.3797238584344559,0.3550724637681159,1.6833333333333331,19.47000000000001,48.766666666666666,0.6380976589979852,0.0260454683698296,0.0,0.0,-0.0035294579830229,0.0011019412018906,-2.406628001368968e-05,-0.0056119050532885,44,44,-0.0029254629148574,0.5411998938602499,0.4545454545454545,3.5166666666666666,14.113333333333337,31.566666666666663,0.1584672724592108,0.0285216894977168,0.0,0.0,-0.0018606399177903,0.0011010233519547,-3.620035488771516e-05,-0.003928358418099,False
BTCUSDT_5m_short_2.5pct_orders,BTCUSDT,5,-1,0.025,orders,baseline,787,786,-0.0024654746110296,0.7188942376928711,0.2744599745870394,3.433333333333333,34.57333333333323,231.26666666666668,1.9841364184791723,0.2725916210462287,1.0,0.0174810875687927,-0.0014019765628924,0.0011007710871095,-3.7273038972405015e-05,-0.0034679104319703,277,277,-0.0021918176812604,0.7472515224937744,0.2815884476534296,4.716666666666667,44.05333333333333,72.93333333333334,0.6113902845196102,0.3172754946727549,0.0,0.0,-0.0011450490588253,0.0011006297769823,-5.386115454722986e-05,-0.0031939880022993,False
BTCUSDT_5m_short_2.5pct_orders,BTCUSDT,5,-1,0.025,orders,both,21,21,-0.0020836134372895,0.7586833931466898,0.2857142857142857,2.0166666666666666,11.066666666666666,12.983333333333333,0.0798809037094304,0.0032295468369829,0.0,0.0,-0.0010005002501249,0.0011005502751375,-1.743708797291294e-05,-0.0030856572878588,9,9,-0.0082060799729632,0.2369784710022988,0.1111111111111111,3.6,27.809999999999988,42.41666666666666,0.0967924454945385,0.0078253424657534,0.0,0.0,-0.0071177255294312,0.0011039147490411,-1.5560305509203934e-05,-0.0092142484175053,False
BTCUSDT_5m_short_2.5pct_orders,BTCUSDT,5,-1,0.025,orders,structure,448,447,-0.0018421281509424,0.784604987584005,0.2924107142857143,3.025,35.74833333333331,178.0,0.8690813112210461,0.1558666615977291,1.0,0.0174810875687927,-0.0007785061665183,0.0011004281783915,-3.680619396748589e-05,-0.0028439400798592,142,142,-0.0014456473261143,0.8281886890993526,0.3028169014084507,4.55,38.93999999999999,60.7,0.3294965095425894,0.1668740487062404,0.0,0.0,-0.0004013098098343,0.0011002207203954,-5.588320411545481e-05,-0.0024470721141781,False
BTCUSDT_5m_short_2.5pct_orders,BTCUSDT,5,-1,0.025,orders,zones,38,38,-0.0010294503010925,0.875614402845622,0.3157894736842105,1.6916666666666669,13.111666666666666,16.7,0.0782247331381622,0.0060554795214922,0.0,0.0,5.318448698045156e-05,0.0010999707485321,-1.7335960459116237e-05,-0.0020304394100889,15,15,-0.0027410030506097,0.6908225642881446,0.2666666666666666,3.733333333333333,30.32999999999998,42.41666666666666,0.0725405115141464,0.0151369863013698,0.0,0.0,-0.0016678339169583,0.0011009173086543,-2.7748175002995503e-05,-0.0037437097755266,False
BTCUSDT_5m_short_2.5pct_regime,BTCUSDT,5,-1,0.025,regime,baseline,800,799,-0.0023963582662869,0.714250418004058,0.27125,3.05,32.81916666666663,139.83333333333334,1.960894512628359,0.2581280413625304,1.0,0.0174810875687927,-0.00133273867981,0.0011007330062738,-3.711341979699518e-05,-0.0033987248564631,279,279,-0.0022975869449586,0.7197617456114636,0.2795698924731182,4.083333333333333,38.40666666666645,72.93333333333334,0.6452835444539415,0.2848002283105023,0.0,0.0,-0.0012445828244355,0.0011006845205534,-4.768040003029738e-05,-0.0032998599978465,False
BTCUSDT_5m_short_2.5pct_regime,BTCUSDT,5,-1,0.025,regime,both,21,21,-0.0017885120384816,0.7855309409666382,0.2857142857142857,2.0166666666666666,11.066666666666666,12.983333333333333,0.0798809037094304,0.0032149736415247,0.0,0.0,-0.0007055610678672,0.0011003880585873,-1.743708797291294e-05,-0.0027902606398799,9,9,-0.0071943868890786,0.2615857697965706,0.1111111111111111,3.6,14.659999999999997,20.5,0.0932553450020432,0.0053234398782343,0.0,0.0,-0.0061092173301758,0.0011033600695315,-1.8190510628772576e-05,-0.0082015444490342,False
BTCUSDT_5m_short_2.5pct_regime,BTCUSDT,5,-1,0.025,regime,structure,453,452,-0.0021099021853932,0.7480205425545838,0.2781456953642384,2.783333333333333,33.06999999999998,134.58333333333334,1.0011649419231714,0.140628801703163,1.0,0.0174810875687927,-0.0010449348991883,0.0011005747141945,-3.5607427989694506e-05,-0.0031119814230492,144,144,-0.0019312446481726,0.7678753167799824,0.2777777777777778,4.083333333333333,38.095,60.7,0.3811397709774612,0.1533637747336377,0.0,0.0,-0.000882676723497,0.0011004854721979,-5.191754752225849e-05,-0.0029331532938924,False
BTCUSDT_5m_short_2.5pct_regime,BTCUSDT,5,-1,0.025,regime,zones,38,38,-0.0010182816964429,0.8707190567369112,0.3157894736842105,1.6166666666666667,13.111666666666666,16.7,0.0929919470302365,0.0059160837388483,0.0,0.0,6.43469522741764e-05,0.0010999646091762,-1.7335960459116237e-05,-0.002019259631242,15,15,-0.0021339872002789,0.7415996560445081,0.2666666666666666,3.733333333333333,21.895,25.15,0.0725405115141464,0.0126350837138508,0.0,0.0,-0.0010627289974051,0.0011005845009485,-2.932629807473669e-05,-0.0031360873944438,False
BTCUSDT_5m_short_2pct_orders,BTCUSDT,5,-1,0.02,orders,baseline,888,887,-0.0022542026511679,0.7226878915061283,0.3277027027027027,3.15,28.61499999999999,197.26666666666668,2.0487581798575056,0.2644483728710462,1.0,0.0029585501243315,-0.0011865506616784,0.0011006526028639,-3.300061337438762e-05,-0.0032564249581403,303,303,-0.0019549936877421,0.7558885889926006,0.3366336633663366,4.366666666666666,35.94999999999995,72.93333333333334,0.5966198741963239,0.3089060121765601,0.0,0.0,-0.0009013912897041,0.0011004957652093,-4.689336717137189e-05,-0.0029569235823023,False
BTCUSDT_5m_short_2pct_orders,BTCUSDT,5,-1,0.02,orders,both,28,28,-0.0013614179792652,0.8248745017325467,0.3571428571428571,2.216666666666667,11.699999999999994,24.066666666666663,0.0826340052730317,0.0043656224655312,0.0,0.0,-0.0002854998928034,0.001100157024941,-2.4238938479183987e-05,-0.0023627426736635,12,12,-0.0045895167196269,0.493944858780342,0.25,3.083333333333333,22.33249999999997,42.41666666666666,0.0730041711207665,0.0084341704718417,0.0,0.0,-0.0035030015007502,0.0011019266508254,-1.5411431948707307e-05,-0.0055940667154826,False
BTCUSDT_5m_short_2pct_orders,BTCUSDT,5,-1,0.02,orders,structure,496,495,-0.0019379724940834,0.7575377121429854,0.3387096774193548,2.7416666666666667,28.054166666666667,136.6,1.0082605826857447,0.1435618156934306,1.0,0.0029585501243315,-0.0008694168839998,0.0011004781792861,-3.1922569202621855e-05,-0.0029398778735239,152,152,-0.001193235540151,0.8450554417083773,0.3618421052631579,3.8666666666666663,38.2175,59.78333333333333,0.2515909824724742,0.1617294520547945,0.0,0.0,-0.0001443814012268,0.0011000794097706,-5.122527084643161e-05,-0.0021944054610657,False
BTCUSDT_5m_short_2pct_orders,BTCUSDT,5,-1,0.02,orders,zones,59,59,-0.0024234587679271,0.7046919642641863,0.3220338983050847,2.4,13.799999999999992,28.33333333333333,0.1650088278126898,0.0095872617599351,0.0,0.0,-0.0013398224535995,0.0011007369023494,-1.7100588021861162e-05,-0.0034258424657547,21,21,-0.0020634480611584,0.74373960845637,0.3333333333333333,3.733333333333333,31.566666666666663,42.41666666666666,0.0788792659050409,0.0210254946727549,0.0,0.0,-0.0010005002501249,0.0011005502751375,-3.760246410408473e-05,-0.0030654818189468,False
BTCUSDT_5m_short_2pct_regime,BTCUSDT,5,-1,0.02,regime,baseline,896,895,-0.002220833006423,0.7163673014427384,0.3214285714285714,2.7416666666666667,28.28333333333333,139.83333333333334,2.036892599375445,0.2514402118815896,1.0,0.0029585501243315,-0.0011535776345146,0.0011006344676989,-3.337909579054052e-05,-0.0032230221162821,307,307,-0.0020042553691906,0.7365953041196224,0.3322475570032573,3.6666666666666665,29.48833333333333,72.93333333333334,0.6195631851519909,0.27662100456621,0.0,0.0,-0.0009451712459275,0.0011005198441852,-4.143572092217172e-05,-0.0030062318212756,False
BTCUSDT_5m_short_2pct_regime,BTCUSDT,5,-1,0.02,regime,both,28,28,-0.0011400919301593,0.8490470359634757,0.3571428571428571,2.216666666666667,11.699999999999994,24.066666666666663,0.0802917342019258,0.0043510492700729,0.0,0.0,-6.429550611016164e-05,0.0011000353625283,-2.4238938479183987e-05,-0.0021411951876794,12,12,-0.0038307469067135,0.5390436457207632,0.25,3.083333333333333,12.46999999999999,20.5,0.0706472754132825,0.0059322678843226,0.0,0.0,-0.0027466203513087,0.0011015106411932,-1.7384085788383787e-05,-0.0048345387391292,False
BTCUSDT_5m_short_2pct_regime,BTCUSDT,5,-1,0.02,regime,structure,500,499,-0.0021328730947709,0.7286513011901806,0.324,2.425,24.15333333333325,98.36666666666666,1.1134627730058513,0.1323734032846715,1.0,0.0029585501243315,-0.0010637713675766,0.0011005850742521,-3.148334705786264e-05,-0.0031349732527975,153,153,-0.0014842781825246,0.8045107596052462,0.3398692810457516,3.5,36.17666666666666,59.78333333333333,0.3140037928538051,0.1487709284627092,0.0,0.0,-0.0004316334340992,0.0011002373983887,-4.759264996332296e-05,-0.0024857374755101,False
BTCUSDT_5m_short_2pct_regime,BTCUSDT,5,-1,0.02,regime,zones,59,59,-0.002162812358998,0.7220208576238154,0.3220338983050847,1.7166666666666666,13.799999999999992,28.33333333333333,0.1595766655833772,0.0093654957420924,0.0,0.0,-0.0010793193213931,0.0011005936256267,-1.7100588021861162e-05,-0.0031649352798978,21,21,-0.0016298653109221,0.7860667938062016,0.3333333333333333,3.733333333333333,27.23333333333333,31.566666666666663,0.0788792659050409,0.0185235920852359,0.0,0.0,-0.000568282450444,0.0011003125553477,-3.872969486961415e-05,-0.0026314658324591,False
BTCUSDT_5m_short_3pct_orders,BTCUSDT,5,-1,0.03,orders,baseline,727,726,-0.0023362700354627,0.7445205834740097,0.2434662998624484,3.65,41.18666666666645,238.66666666666663,1.742276215380273,0.2766676804541768,1.0,0.0174810875687927,-0.0012767682014582,0.0011007022225108,-4.120038850622756e-05,-0.0033385785508043,240,240,-0.002036177000422,0.7749153378754136,0.25,5.258333333333334,50.50166666666664,97.36666666666666,0.4929392669117543,0.3291818873668188,0.0,0.0,-0.0010005002501249,0.0011005502751375,-6.487352484047215e-05,-0.0030381971090308,False
BTCUSDT_5m_short_3pct_orders,BTCUSDT,5,-1,0.03,orders,both,14,14,0.0050753813993056,1.7358917611613187,0.4285714285714285,1.9666666666666663,11.748333333333331,12.983333333333333,0.044154877469,0.0020548205596107,0.0,0.0,0.0061495033230902,0.0010966177731723,-2.249584938772126e-05,0.0040804975990622,4,4,-0.0120981084795402,0.0,0.0,3.275,36.559166666666655,42.41666666666666,0.0488261904972995,0.0056735159817351,0.0,0.0,-0.0110105052526262,0.0011060557778889,-1.845255097489713e-05,-0.013110172347648,False
BTCUSDT_5m_short_3pct_orders,BTCUSDT,5,-1,0.03,orders,structure,410,409,-0.0019347874324084,0.7852296355795523,0.2536585365853658,3.633333333333333,43.2899999999999,351.21666666666664,0.8370707468862922,0.1710322891321979,1.0,0.0174810875687927,-0.0008800043368487,0.0011004840023852,-4.570090682555003e-05,-0.0029366965143645,130,130,-0.0009599236660325,0.8899603263735542,0.2769230769230769,5.591666666666667,47.633333333333326,93.1,0.2536976045993134,0.1798097412480974,0.0,0.0,7.750028860595581e-05,0.0010999573748412,-6.253342020274207e-05,-0.0019608658123195,False
BTCUSDT_5m_short_3pct_orders,BTCUSDT,5,-1,0.03,orders,zones,27,27,0.0042311240821355,1.5907424801114778,0.4074074074074074,2.05,13.48,16.816666666666666,0.0683879995300301,0.0048123225871857,0.0,0.0,0.0053020954921906,0.0010970838474792,-2.6112437424146912e-05,0.0032353937935175,6,6,-0.0120689263488352,0.0,0.0,3.5166666666666666,34.82083333333333,42.41666666666666,0.0738599835249352,0.0074657534246575,0.0,0.0,-0.0110105052526261,0.0011060557778889,-4.763468167979802e-05,-0.0130809756112721,False
BTCUSDT_5m_short_3pct_regime,BTCUSDT,5,-1,0.03,regime,baseline,734,733,-0.0023796897089937,0.7271949621149435,0.2397820163487738,3.1416666666666666,38.45333333333336,164.0,1.790500146000254,0.2625145731954582,1.0,0.0174810875687927,-0.0013207651665503,0.0011007264208416,-4.180187839821845e-05,-0.0033820419664963,245,245,-0.0022187756543317,0.7385074157602722,0.2530612244897959,4.366666666666666,44.63999999999999,96.43333333333334,0.547856822121753,0.2912690258751902,0.0,0.0,-0.0011737036719426,0.0011006455370195,-5.557355463039002e-05,-0.0032209738030435,False
BTCUSDT_5m_short_3pct_regime,BTCUSDT,5,-1,0.03,regime,both,14,14,0.005757714455,1.9264849073701331,0.4285714285714285,1.9666666666666663,11.748333333333331,12.983333333333333,0.0418445874714615,0.0020402473641524,0.0,0.0,0.0068314613018962,0.0010962426962839,-2.249584938772126e-05,0.004763513329491,4,4,-0.0098217990407999,0.0,0.0,3.275,17.929999999999996,20.5,0.0452890900048042,0.0031716133942161,0.0,0.0,-0.0087413618043014,0.0011048077489923,-2.4370512493926575e-05,-0.0108315884185878,False
BTCUSDT_5m_short_3pct_regime,BTCUSDT,5,-1,0.03,regime,structure,419,418,-0.0022196815794898,0.7472249589146677,0.2410501193317422,2.95,42.24666666666663,164.0,0.9738544814050836,0.1511728254257907,1.0,0.0174810875687927,-0.0011598243274617,0.0011006379033801,-4.078065135193376e-05,-0.003221873238125,132,132,-0.0016115000313078,0.8129615602677043,0.25,4.766666666666667,42.436666666666646,65.65,0.3230188980405363,0.1596289954337899,0.0,0.0,-0.0005686320088792,0.0011003127476048,-5.744472517634718e-05,-0.0026130915358886,False
BTCUSDT_5m_short_3pct_regime,BTCUSDT,5,-1,0.03,regime,zones,27,27,0.0041856494572768,1.6463872588595645,0.4074074074074074,2.05,13.48,16.816666666666666,0.058835336750309,0.004617802108678,0.0,0.0,0.0052566458646271,0.0010971088447744,-2.6112437424146912e-05,0.0031898736712626,6,6,-0.0071484290086911,0.1639911253532283,0.1666666666666666,3.275,16.291666666666668,20.5,0.0499051367465366,0.0039231354642313,0.0,0.0,-0.0060826973874244,0.001103345483563,-3.761386229633942e-05,-0.0081555502994336,False
BTCUSDT_60m_long_1.5pct_orders,BTCUSDT,60,1,0.015,orders,baseline,340,340,-0.0012011546724449,0.8238401128089348,0.4411764705882353,5.7,32.90166666666667,47.15,0.5117306738070855,0.1210810776561232,0.0,0.0,2.888261751484189e-05,0.0011000158854396,0.0001300214045201,-0.0022000696029723,85,85,-0.0021934662687461,0.6993903336886704,0.4,7.9,51.79666666666664,108.31666666666666,0.2146835748738718,0.1541837899543379,0.0,0.0,-0.000999500249875,0.0010994502748625,9.451574400855454e-05,-0.0031913716302502,False
BTCUSDT_60m_long_1.5pct_orders,BTCUSDT,60,1,0.015,orders,both,9,9,-0.0039160275810901,0.5172007200194565,0.3333333333333333,1.6,20.056666666666665,22.35,0.0736652703110442,0.0026092356042173,0.0,0.0,-0.0026645010827918,0.0010985345244044,0.0001529919738938,-0.0049122404794012,1,1,0.0126814430017544,,1.0,21.016666666666666,21.016666666666666,21.016666666666666,0.00963341904656,0.0023991628614916,0.0,0.0,0.0139855072463768,0.0011076920289855,0.0001963722156368,0.0116686192290263,False
BTCUSDT_60m_long_1.5pct_orders,BTCUSDT,60,1,0.015,orders,structure,171,171,-0.0012621990020946,0.8157685060553371,0.4385964912280701,6.666666666666667,30.6,46.65,0.2587176309206804,0.0615787206001622,0.0,0.0,-3.555239923890941e-05,0.0010999804461804,0.0001266661566753,-0.002261051241144,45,45,-0.0016450009800988,0.7655781686817602,0.4222222222222222,13.566666666666666,39.023333333333326,55.71666666666667,0.1691192630381915,0.0820319634703196,0.0,0.0,-0.000444499972236,0.0010997555250152,0.0001007454828475,-0.0026434576479408,False
BTCUSDT_60m_long_1.5pct_orders,BTCUSDT,60,1,0.015,orders,zones,11,11,-0.0054100586425478,0.3881672116380197,0.2727272727272727,1.6,19.48333333333333,22.35,0.0857487313305343,0.0027492650040551,0.0,0.0,-0.0041781382036253,0.001097702023988,0.0001342184149345,-0.0064047688689093,2,2,0.0002989909911321,1.0494876411071132,0.5,10.55,19.97,21.016666666666666,0.0203143161476363,0.0024086757990867,0.0,0.0,0.0014980009995003,0.0011008239005497,9.818610781843089e-05,-0.0007014074184538,False
BTCUSDT_60m_long_1.5pct_regime,BTCUSDT,60,1,0.015,regime,baseline,340,340,-0.0012244868532311,0.8200508607445153,0.438235294117647,5.608333333333333,32.90166666666667,47.15,0.524228987429577,0.1199082522303325,0.0,0.0,5.074500041630335e-06,0.001100002790975,0.0001295585622978,-0.0022233782318051,85,85,-0.0020311433319811,0.7153029611584734,0.4,6.783333333333333,51.79666666666664,108.31666666666666,0.2008861252488477,0.152064307458143,0.0,0.0,-0.0008369973435131,0.001099539651461,9.460633700692944e-05,-0.0030292109806786,False
BTCUSDT_60m_long_1.5pct_regime,BTCUSDT,60,1,0.015,regime,both,9,9,-0.0039160275810901,0.5172007200194565,0.3333333333333333,1.6,20.056666666666665,22.35,0.0736652703110442,0.0026092356042173,0.0,0.0,-0.0026645010827918,0.0010985345244044,0.0001529919738938,-0.0049122404794012,1,1,0.0126814430017544,,1.0,21.016666666666666,21.016666666666666,21.016666666666666,0.00963341904656,0.0023991628614916,0.0,0.0,0.0139855072463768,0.0011076920289855,0.0001963722156368,0.0116686192290263,False
BTCUSDT_60m_long_1.5pct_regime,BTCUSDT,60,1,0.015,regime,structure,171,171,-0.0012621990020946,0.8157685060553371,0.4385964912280701,6.666666666666667,30.6,46.65,0.2587176309206804,0.0615787206001622,0.0,0.0,-3.555239923890941e-05,0.0010999804461804,0.0001266661566753,-0.002261051241144,45,45,-0.0014727112591284,0.7848479501403414,0.4222222222222222,12.0,39.023333333333326,55.71666666666667,0.1613662255945242,0.080888508371385,0.0,0.0,-0.000271040108105,0.0010998509279405,0.0001018202230828,-0.0024713406680461,False
BTCUSDT_60m_long_1.5pct_regime,BTCUSDT,60,1,0.015,regime,zones,11,11,-0.0054100586425478,0.3881672116380197,0.2727272727272727,1.6,19.48333333333333,22.35,0.0857487313305343,0.0027492650040551,0.0,0.0,-0.0041781382036253,0.001097702023988,0.0001342184149345,-0.0064047688689093,2,2,0.0002989909911321,1.0494876411071132,0.5,10.55,19.97,21.016666666666666,0.0203143161476363,0.0024086757990867,0.0,0.0,0.0014980009995003,0.0011008239005497,9.818610781843089e-05,-0.0007014074184538,False
BTCUSDT_60m_long_1pct_orders,BTCUSDT,60,1,0.01,orders,baseline,380,380,-0.0016677003493489,0.7111456328576207,0.5263157894736842,4.466666666666667,24.44500000000001,47.15,0.6438492647489893,0.1016328315085158,0.0,0.0,-0.0004737105131643,0.0010997394592177,9.425037696679564e-05,-0.0026661310815998,104,104,-0.0023585146796664,0.6188309555455614,0.4903846153846153,6.133333333333334,34.90999999999999,55.71666666666667,0.2715911005965051,0.1276027397260274,0.0,0.0,-0.0011916157305961,0.0010993446113481,6.755433772218341e-05,-0.0033562415944503,False
BTCUSDT_60m_long_1pct_orders,BTCUSDT,60,1,0.01,orders,both,14,14,-0.0023200050531544,0.6239661595190217,0.5,6.216666666666667,16.907499999999995,22.183333333333334,0.05948647688288,0.0039049827656123,0.0,0.0,-0.0009995002498749,0.0010994502748625,0.0002210545284169,-0.0033178472084725,1,1,0.0076891877543781,,1.0,18.516666666666666,18.516666666666666,18.516666666666666,0.00963341904656,0.0021137747336377,0.0,0.0,0.0089905047476261,0.0011049447776111,0.0001963722156368,0.0066813537445108,False
BTCUSDT_60m_long_1pct_orders,BTCUSDT,60,1,0.01,orders,structure,181,181,-0.0018085892283877,0.691459932144736,0.5193370165745856,4.933333333333334,21.83333333333333,41.4,0.3464449777255177,0.0496831914030819,0.0,0.0,-0.0006131464654411,0.001099662769444,9.577999350251014e-05,-0.0028068799069071,48,48,-0.0021788321663959,0.6409845757051355,0.5,10.15,34.723333333333336,55.71666666666667,0.1518059731509823,0.0730403348554033,0.0,0.0,-0.0009995002498749,0.0010994502748625,7.988164165841494e-05,-0.0031767448376414,False
BTCUSDT_60m_long_1pct_orders,BTCUSDT,60,1,0.01,orders,zones,16,16,-0.0035466542238986,0.4871154228687415,0.4375,5.441666666666666,16.095833333333335,22.183333333333334,0.0746577280318456,0.0040450121654501,0.0,0.0,-0.0022482508745626,0.0010987634620189,0.0001996398873169,-0.0045432596351253,6,6,-0.0021514642972756,0.6446743685721089,0.5,5.208333333333333,15.425,18.516666666666666,0.0314190810744541,0.0042389649923896,0.0,0.0,-0.0009995002498749,0.0010994502748625,5.251377253811259e-05,-0.0031493906387855,False
BTCUSDT_60m_long_1pct_regime,BTCUSDT,60,1,0.01,regime,baseline,380,380,-0.0016788089694003,0.7087632615267336,0.5236842105263158,4.466666666666667,23.95666666666667,47.15,0.6511243477834215,0.1004916869424168,0.0,0.0,-0.0004852395961998,0.001099733118222,9.383625497836328e-05,-0.0026772283915161,104,104,-0.0022258468948104,0.6323900136154329,0.4903846153846153,6.041666666666667,33.946666666666665,55.71666666666667,0.257793650971481,0.1254832572298325,0.0,0.0,-0.0010588008552042,0.0010994176595296,6.762838007662447e-05,-0.0032237064481658,False
BTCUSDT_60m_long_1pct_regime,BTCUSDT,60,1,0.01,regime,both,14,14,-0.0023200050531544,0.6239661595190217,0.5,6.216666666666667,16.907499999999995,22.183333333333334,0.05948647688288,0.0039049827656123,0.0,0.0,-0.0009995002498749,0.0010994502748625,0.0002210545284169,-0.0033178472084725,1,1,0.0076891877543781,,1.0,18.516666666666666,18.516666666666666,18.516666666666666,0.00963341904656,0.0021137747336377,0.0,0.0,0.0089905047476261,0.0011049447776111,0.0001963722156368,0.0066813537445108,False
BTCUSDT_60m_long_1pct_regime,BTCUSDT,60,1,0.01,regime,structure,181,181,-0.0018085892283877,0.691459932144736,0.5193370165745856,4.933333333333334,21.83333333333333,41.4,0.3464449777255177,0.0496831914030819,0.0,0.0,-0.0006131464654411,0.001099662769444,9.577999350251014e-05,-0.0028068799069071,48,48,-0.0020173105529862,0.6585105723926482,0.5,9.575,34.723333333333336,55.71666666666667,0.1440529357073149,0.0718968797564688,0.0,0.0,-0.0008368816272521,0.001099539715105,8.088921062906481e-05,-0.0030153851689901,False
BTCUSDT_60m_long_1pct_regime,BTCUSDT,60,1,0.01,regime,zones,16,16,-0.0035466542238986,0.4871154228687415,0.4375,5.441666666666666,16.095833333333335,22.183333333333334,0.0746577280318456,0.0040450121654501,0.0,0.0,-0.0022482508745626,0.0010987634620189,0.0001996398873169,-0.0045432596351253,6,6,-0.0021514642972756,0.6446743685721089,0.5,5.208333333333333,15.425,18.516666666666666,0.0314190810744541,0.0042389649923896,0.0,0.0,-0.0009995002498749,0.0010994502748625,5.251377253811259e-05,-0.0031493906387855,False
BTCUSDT_60m_long_2.5pct_orders,BTCUSDT,60,1,0.025,orders,baseline,300,300,-0.0006245549794485,0.923528567621449,0.3333333333333333,7.991666666666666,42.51166666666668,100.26666666666668,0.3483644417626101,0.1518317873073803,0.0,0.0,0.0006655005830418,0.0011003660253206,0.0001896895371697,-0.0016240760558823,68,68,9.386835055701892e-05,1.0118900156233923,0.3529411764705882,15.883333333333333,70.69916666666667,151.55,0.130321893135935,0.1847964231354642,0.0,0.0,0.0013510891613017,0.0011007430990387,0.000156477711706,-0.0009063541846124,False
BTCUSDT_60m_long_2.5pct_orders,BTCUSDT,60,1,0.025,orders,both,5,5,0.0017744875975606,1.242090347969061,0.4,14.066666666666666,17.95,18.28333333333333,0.034397294258481,0.001976252027575,0.0,0.0,0.0029965017491255,0.001101648075962,0.0001203660756028,0.0007726033380214,0,0,,,,,,,0.0,0.0,,,,,,,False
BTCUSDT_60m_long_2.5pct_orders,BTCUSDT,60,1,0.025,orders,structure,156,156,-0.0003898035938767,0.9517080058299264,0.3397435897435897,9.225,40.45,100.26666666666668,0.1676068062466789,0.0800999847931873,0.0,0.0,0.0008896353105499,0.0011004892994208,0.0001789496050058,-0.0013895539345276,38,38,0.000609686390965,1.0790534921333572,0.3684210526315789,16.491666666666667,61.1925,151.55,0.1203861183562417,0.1115848554033485,0.0,0.0,0.0018923433020332,0.0011010407888161,0.0001816161222521,-0.0003910642739339,False
BTCUSDT_60m_long_2.5pct_orders,BTCUSDT,60,1,0.025,orders,zones,6,6,-0.0005517496384869,0.9322066901072812,0.3333333333333333,8.158333333333333,17.866666666666667,18.28333333333333,0.0465802300772063,0.0020206052311435,0.0,0.0,0.0006655005830418,0.0011003660253206,0.0001168841962081,-0.0015513070812249,1,1,-0.0120834610194901,0.0,0.0,0.0833333333333333,0.0833333333333333,0.0833333333333333,0.0120834610194901,9.512937595129377e-06,0.0,0.0,-0.0109895052473761,0.0010939557721139,0.0,-0.013071434065934,False
BTCUSDT_60m_long_2.5pct_regime,BTCUSDT,60,1,0.025,regime,baseline,301,301,-0.0006852632421689,0.915701165166807,0.3289036544850498,7.933333333333334,42.016666666666666,100.26666666666668,0.3731081453756891,0.1494031326034063,0.0,0.0,0.000603475376335,0.0011003319114569,0.000188406707047,-0.0016847229992333,69,69,0.0003004017499289,1.039670558053273,0.3478260869565217,16.0,70.37999999999995,108.63333333333334,0.1225688556922676,0.1815353881278538,0.0,0.0,0.0015542577599454,0.0011008548417679,0.0001530011682484,-0.0007000254772553,False
BTCUSDT_60m_long_2.5pct_regime,BTCUSDT,60,1,0.025,regime,both,5,5,0.0017744875975606,1.242090347969061,0.4,14.066666666666666,17.95,18.28333333333333,0.034397294258481,0.001976252027575,0.0,0.0,0.0029965017491255,0.001101648075962,0.0001203660756028,0.0007726033380214,0,0,,,,,,,0.0,0.0,,,,,,,False
BTCUSDT_60m_long_2.5pct_regime,BTCUSDT,60,1,0.025,regime,structure,156,156,-0.0003898035938767,0.9517080058299264,0.3397435897435897,9.225,40.45,100.26666666666668,0.1676068062466789,0.0800999847931873,0.0,0.0,0.0008896353105499,0.0011004892994208,0.0001789496050058,-0.0013895539345276,38,38,0.0011563538403148,1.1613743736333215,0.3684210526315789,16.491666666666667,61.1925,101.0,0.1126330809125744,0.1046708523592085,0.0,0.0,0.0024279268430919,0.0011013353597637,0.0001702376430133,0.000155062470133,False
BTCUSDT_60m_long_2.5pct_regime,BTCUSDT,60,1,0.025,regime,zones,6,6,-0.0005517496384869,0.9322066901072812,0.3333333333333333,8.158333333333333,17.866666666666667,18.28333333333333,0.0465802300772063,0.0020206052311435,0.0,0.0,0.0006655005830418,0.0011003660253206,0.0001168841962081,-0.0015513070812249,1,1,-0.0120834610194901,0.0,0.0,0.0833333333333333,0.0833333333333333,0.0833333333333333,0.0120834610194901,9.512937595129377e-06,0.0,0.0,-0.0109895052473761,0.0010939557721139,0.0,-0.013071434065934,False
BTCUSDT_60m_long_2pct_orders,BTCUSDT,60,1,0.02,orders,baseline,319,319,-0.0005005209878908,0.9327095986891086,0.3918495297805642,6.833333333333333,37.628333333333295,90.25,0.2390597233786172,0.1356840531224655,0.0,0.0,0.0007542310349528,0.0011004148270692,0.0001543371957745,-0.0015001483602126,78,78,-0.00144798317176,0.8144140569960314,0.358974358974359,11.1,57.57666666666663,108.51666666666668,0.1862677684615528,0.1691780821917808,0.0,0.0,-0.0002310383269902,0.0010998729289201,0.0001170719158496,-0.0024466449222698,False
BTCUSDT_60m_long_2pct_orders,BTCUSDT,60,1,0.02,orders,both,5,5,-0.0001818286731009,0.9751934210178376,0.4,2.283333333333333,16.106666666666666,16.616666666666667,0.034397294258481,0.0013565744120032,0.0,0.0,0.0009985007496253,0.0011005491754122,7.978024731394345e-05,-0.0011817373001373,1,1,0.0175968710802993,,1.0,24.383333333333333,24.383333333333333,24.383333333333333,0.00963341904656,0.0027834855403348,0.0,0.0,0.0189805097451276,0.0011104392803598,0.0002731993844685,0.0165790959199195,False
BTCUSDT_60m_long_2pct_orders,BTCUSDT,60,1,0.02,orders,structure,165,165,-0.0007987957655721,0.8944169149454708,0.3818181818181818,7.766666666666667,36.31666666666665,90.25,0.2244045828238847,0.0711691504460665,0.0,0.0,0.0004535913861252,0.0011002494752623,0.000152137676435,-0.0017981239122699,43,43,-0.0010597301464894,0.8611402829751472,0.3720930232558139,15.716666666666669,54.30333333333331,61.03333333333333,0.166412305064626,0.0906240487062404,0.0,0.0,0.0001621282382065,0.001100089170531,0.000121769214165,-0.0020587823048392,False
BTCUSDT_60m_long_2pct_orders,BTCUSDT,60,1,0.02,orders,zones,7,7,-0.0035965057433885,0.5867149519571565,0.2857142857142857,2.283333333333333,15.851666666666665,16.616666666666667,0.0586636910966964,0.001496603811841,0.0,0.0,-0.0024266438209465,0.0010986653458984,7.119657654353388e-05,-0.0045929971062968,2,2,0.0027567050304046,1.456277390386438,0.5,12.233333333333333,23.168333333333333,24.383333333333333,0.0203143161476363,0.0027929984779299,0.0,0.0,0.0039955022488757,0.0011021975262368,0.0001365996922342,0.0017538309269927,False
BTCUSDT_60m_long_2pct_regime,BTCUSDT,60,1,0.02,regime,baseline,320,320,-0.000483564315103,0.9346551264352708,0.390625,6.708333333333333,36.804166666666674,90.25,0.2390597233786172,0.1338972526358475,0.0,0.0,0.0007702826482982,0.0011004236554565,0.0001534233079447,-0.0014832081786878,78,78,-0.001271092791952,0.8333066080092264,0.358974358974359,10.208333333333334,57.57666666666663,108.51666666666668,0.1724703188365287,0.167058599695586,0.0,0.0,-5.395182646770846e-05,0.0010999703264954,0.0001171706389889,-0.0022699313938905,False
BTCUSDT_60m_long_2pct_regime,BTCUSDT,60,1,0.02,regime,both,5,5,-0.0001818286731009,0.9751934210178376,0.4,2.283333333333333,16.106666666666666,16.616666666666667,0.034397294258481,0.0013565744120032,0.0,0.0,0.0009985007496253,0.0011005491754122,7.978024731394345e-05,-0.0011817373001373,1,1,0.0175968710802993,,1.0,24.383333333333333,24.383333333333333,24.383333333333333,0.00963341904656,0.0027834855403348,0.0,0.0,0.0189805097451276,0.0011104392803598,0.0002731993844685,0.0165790959199195,False
BTCUSDT_60m_long_2pct_regime,BTCUSDT,60,1,0.02,regime,structure,165,165,-0.0007987957655721,0.8944169149454708,0.3818181818181818,7.766666666666667,36.31666666666665,90.25,0.2244045828238847,0.0711691504460665,0.0,0.0,0.0004535913861252,0.0011002494752623,0.000152137676435,-0.0017981239122699,43,43,-0.000879426950125,0.8819776082920517,0.3720930232558139,15.716666666666669,54.30333333333331,61.03333333333333,0.1586592676209586,0.0894805936073059,0.0,0.0,0.0003436560029948,0.0011001890108016,0.0001228939423183,-0.001878659884019,False
BTCUSDT_60m_long_2pct_regime,BTCUSDT,60,1,0.02,regime,zones,7,7,-0.0035965057433885,0.5867149519571565,0.2857142857142857,2.283333333333333,15.851666666666665,16.616666666666667,0.0586636910966964,0.001496603811841,0.0,0.0,-0.0024266438209465,0.0010986653458984,7.119657654353388e-05,-0.0045929971062968,2,2,0.0027567050304046,1.456277390386438,0.5,12.233333333333333,23.168333333333333,24.383333333333333,0.0203143161476363,0.0027929984779299,0.0,0.0,0.0039955022488757,0.0011021975262368,0.0001365996922342,0.0017538309269927,False
BTCUSDT_60m_long_3pct_orders,BTCUSDT,60,1,0.03,orders,baseline,273,273,-0.0007722867021384,0.9116313184397968,0.2893772893772894,8.283333333333333,60.993333333333325,107.31666666666666,0.3664019412545595,0.1707091443633414,0.0,0.0,0.0005740170207937,0.0011003157093614,0.0002459880135708,-0.001771688269857,61,61,0.0008154344569898,1.0988211473775018,0.3278688524590163,17.033333333333335,94.68333333333334,151.55,0.1256301346368201,0.2015087519025875,0.0,0.0,0.002112140650986,0.001101161677358,0.0001955445166382,-0.000185528817456,False
BTCUSDT_60m_long_3pct_orders,BTCUSDT,60,1,0.03,orders,both,2,2,0.0076842355426901,2.2511800827347934,0.5,18.03333333333333,19.308333333333334,19.45,0.0221146517156266,0.0013711476074614,0.0,0.0,0.0089905047476263,0.0011049447776111,0.0002013244273249,0.0066764040064551,0,0,,,,,,,0.0,0.0,,,,,,,False
BTCUSDT_60m_long_3pct_orders,BTCUSDT,60,1,0.03,orders,structure,153,153,-3.276417396373302e-05,0.9961552465598024,0.3071895424836601,9.366666666666667,47.760000000000026,102.76666666666668,0.2056510049411308,0.0882457674371451,0.0,0.0,0.0012857950109913,0.001100707187256,0.000217851997699,-0.0010328908269884,38,38,-0.0007471678504837,0.9146018273411992,0.2894736842105263,17.241666666666667,83.3799999999999,151.55,0.1636654946291296,0.1266723744292237,0.0,0.0,0.0005778689602568,0.0011003178279281,0.0002247189828124,-0.0017465838899926,False
BTCUSDT_60m_long_3pct_orders,BTCUSDT,60,1,0.03,orders,zones,3,3,0.001061845088885,1.1302019165959578,0.3333333333333333,16.616666666666667,19.166666666666668,19.45,0.0342975875343519,0.00141550081103,0.0,0.0,0.0023305014159587,0.0011012817757787,0.0001673745512949,6.064961181773479e-05,0,0,,,,,,,0.0,0.0,,,,,,,False
BTCUSDT_60m_long_3pct_regime,BTCUSDT,60,1,0.03,regime,baseline,274,274,-0.0008566930291765,0.901476635604342,0.2846715328467153,8.091666666666667,60.73416666666666,107.31666666666666,0.3948669337202954,0.1681943177210056,0.0,0.0,0.0004879837866504,0.0011002683910826,0.0002444084247443,-0.0018560094429131,62,62,0.0012141929490624,1.1575519891092796,0.3225806451612903,17.366666666666667,93.94249999999994,146.0,0.1066833091348793,0.1959798325722983,0.0,0.0,0.0025044007939709,0.0011013774204366,0.0001888304244717,0.0002128344722527,False
BTCUSDT_60m_long_3pct_regime,BTCUSDT,60,1,0.03,regime,both,2,2,0.0076842355426901,2.2511800827347934,0.5,18.03333333333333,19.308333333333334,19.45,0.0221146517156266,0.0013711476074614,0.0,0.0,0.0089905047476263,0.0011049447776111,0.0002013244273249,0.0066764040064551,0,0,,,,,,,0.0,0.0,,,,,,,False
BTCUSDT_60m_long_3pct_regime,BTCUSDT,60,1,0.03,regime,structure,153,153,-3.276417396373302e-05,0.9961552465598024,0.3071895424836601,9.366666666666667,47.760000000000026,102.76666666666668,0.2056510049411308,0.0882457674371451,0.0,0.0,0.0012857950109913,0.001100707187256,0.000217851997699,-0.0010328908269884,38,38,2.1845252642441745e-05,1.0027374275492638,0.2894736842105263,17.241666666666667,76.43499999999996,146.0,0.1474633223419612,0.1196099695585996,0.0,0.0,0.0013359205124979,0.0011007347562818,0.0002133405035736,-0.0009783337267968,False
BTCUSDT_60m_long_3pct_regime,BTCUSDT,60,1,0.03,regime,zones,3,3,0.001061845088885,1.1302019165959578,0.3333333333333333,16.616666666666667,19.166666666666668,19.45,0.0342975875343519,0.00141550081103,0.0,0.0,0.0023305014159587,0.0011012817757787,0.0001673745512949,6.064961181773479e-05,0,0,,,,,,,0.0,0.0,,,,,,,False
BTCUSDT_60m_short_1.5pct_orders,BTCUSDT,60,-1,0.015,orders,baseline,290,289,-0.0022654901621975,0.6907617351117076,0.3931034482758621,3.475,32.50916666666671,111.26666666666668,0.7285891669300286,0.0993251976885644,1.0,0.0014147067313899,-0.0012130894288561,0.0011006671991858,-4.826646584444955e-05,-0.0032677313952632,109,109,-0.0021905664292818,0.7001644583245821,0.3944954128440367,4.15,35.82999999999999,44.13333333333333,0.2508881513828118,0.1098801369863013,0.0,0.0,-0.0011382526125446,0.0011006260389368,-4.83122221997159e-05,-0.0031927327239746,False
BTCUSDT_60m_short_1.5pct_orders,BTCUSDT,60,-1,0.015,orders,both,10,10,-0.0096126834042019,0.1184991095160503,0.1,0.7416666666666667,3.43083333333333,4.833333333333333,0.0964597818364718,0.000448600973236,0.0,0.0,-0.0085080040020008,0.0011046794022011,0.0,-0.0106222513763763,2,2,-0.0121165610305153,0.0,0.0,1.05,1.41,1.45,0.0249813455359699,0.0002397260273972,0.0,0.0,-0.0110105052526263,0.0011060557778889,0.0,-0.0131286341341339,False
BTCUSDT_60m_short_1.5pct_orders,BTCUSDT,60,-1,0.015,orders,structure,153,152,-0.0031461622583243,0.5928273133091859,0.3594771241830065,2.716666666666667,26.72666666666669,85.35,0.5812217690183321,0.0441612175587996,1.0,0.0014147067313899,-0.0020904081871073,0.0011011497245029,-4.539565328594357e-05,-0.0041492831690762,51,51,-0.0017689271530429,0.751010253087279,0.4117647058823529,3.4,32.93333333333333,37.41666666666666,0.110782484679246,0.0483009893455098,0.0,0.0,-0.0007060883382866,0.001100388348586,-3.754953382974851e-05,-0.0027706662159765,False
BTCUSDT_60m_short_1.5pct_orders,BTCUSDT,60,-1,0.015,orders,zones,15,15,-0.0054395540270133,0.3878152675070778,0.2666666666666666,0.7,2.6633333333333296,4.833333333333333,0.0907366036990505,0.0005765916463909,0.0,0.0,-0.004337168584292,0.0011023854427213,0.0,-0.0064449467801133,6,6,-0.0120943505954267,0.0,0.0,1.2833333333333334,19.67083333333333,24.33333333333333,0.0733143270474999,0.0038736681887366,0.0,0.0,-0.0110105052526262,0.0011060557778889,-2.221043508846372e-05,-0.0131064125827116,False
BTCUSDT_60m_short_1.5pct_regime,BTCUSDT,60,-1,0.015,regime,baseline,292,291,-0.0022706825018501,0.6869228395420849,0.386986301369863,3.3833333333333333,32.10749999999995,111.26666666666668,0.7346363104329794,0.0984685472424979,1.0,0.0014147067313899,-0.001218111296289,0.0011006699612129,-4.809875565188738e-05,-0.0032729288460004,110,110,-0.0020139138344775,0.7156588379802152,0.3909090909090909,4.075,34.247499999999995,44.13333333333333,0.233646932383623,0.1030974124809741,0.0,0.0,-0.0009591389467196,0.0011005275264206,-4.575263866273961e-05,-0.0030159021083243,False
BTCUSDT_60m_short_1.5pct_regime,BTCUSDT,60,-1,0.015,regime,both,10,10,-0.0096126834042019,0.1184991095160503,0.1,0.7416666666666667,3.43083333333333,4.833333333333333,0.0964597818364718,0.000448600973236,0.0,0.0,-0.0085080040020008,0.0011046794022011,0.0,-0.0106222513763763,2,2,-0.0121165610305153,0.0,0.0,1.05,1.41,1.45,0.0249813455359699,0.0002397260273972,0.0,0.0,-0.0110105052526263,0.0011060557778889,0.0,-0.0131286341341339,False
BTCUSDT_60m_short_1.5pct_regime,BTCUSDT,60,-1,0.015,regime,structure,153,152,-0.0032189111404065,0.5826120777737621,0.3529411764705882,2.7,24.24000000000001,85.35,0.5923523479769064,0.0424022962287104,1.0,0.0014147067313899,-0.0021598585927582,0.001101187922226,-4.2135374577772346e-05,-0.0042221032063293,51,51,-0.0016168481912027,0.7674382300194906,0.4117647058823529,2.9833333333333334,30.625,37.41666666666666,0.1030264576253945,0.044712709284627,0.0,0.0,-0.0005534472837209,0.001100304396006,-3.6903488524214336e-05,-0.002618434775998,False
BTCUSDT_60m_short_1.5pct_regime,BTCUSDT,60,-1,0.015,regime,zones,15,15,-0.0054395540270133,0.3878152675070778,0.2666666666666666,0.7,2.6633333333333296,4.833333333333333,0.0907366036990505,0.0005765916463909,0.0,0.0,-0.004337168584292,0.0011023854427213,0.0,-0.0064449467801133,6,6,-0.0120943505954267,0.0,0.0,1.2833333333333334,19.67083333333333,24.33333333333333,0.0733143270474999,0.0038736681887366,0.0,0.0,-0.0110105052526262,0.0011060557778889,-2.221043508846372e-05,-0.0131064125827116,False
BTCUSDT_60m_short_1pct_orders,BTCUSDT,60,-1,0.01,orders,baseline,315,314,-0.0023693672240887,0.6185785925607088,0.4857142857142857,2.5166666666666666,27.041666666666668,81.01666666666667,0.7700016510217862,0.0849344839821573,1.0,0.0014147067313899,-0.0013074395496195,0.0011007190917522,-3.879141728308049e-05,-0.0033717076487061,123,123,-0.0023078437204754,0.6269170682603024,0.4878048780487805,3.25,25.785,44.13333333333333,0.2886022765539139,0.0922564687975646,0.0,0.0,-0.0012446467136005,0.0011006845556924,-3.748754881759554e-05,-0.0033101219388467,False
BTCUSDT_60m_short_1pct_orders,BTCUSDT,60,-1,0.01,orders,both,14,14,-0.0063934121703707,0.2612774354062308,0.2857142857142857,0.7416666666666667,3.951666666666666,4.016666666666667,0.0995635574702487,0.0007216899837793,0.0,0.0,-0.005290502394054,0.0011029097763167,0.0,-0.0073997592592592,3,3,-0.0054008313213338,0.3313905685286545,0.3333333333333333,1.45,12.64,13.883333333333333,0.0185322058685367,0.0018245814307458,0.0,0.0,-0.0043371685842921,0.0011023854427213,-3.8722705679675806e-05,-0.0064062046937,False
BTCUSDT_60m_short_1pct_orders,BTCUSDT,60,-1,0.01,orders,structure,156,155,-0.0033872373157653,0.5027433615168077,0.4358974358974359,2.0416666666666665,24.54583333333333,85.35,0.5960881182405361,0.038362353000811,1.0,0.0014147067313899,-0.0023261152140244,0.0011012793633677,-4.015726162683079e-05,-0.0043905968030959,55,55,-0.0018945262233027,0.6809385200679675,0.509090909090909,2.716666666666667,29.901666666666657,37.41666666666666,0.1103227992855357,0.0401579147640791,0.0,0.0,-0.0008185001591703,0.0011004501750875,-2.442411095521402e-05,-0.0028963843854856,False
BTCUSDT_60m_short_1pct_orders,BTCUSDT,60,-1,0.01,orders,zones,23,23,-0.0051465358826306,0.3487133023834451,0.3478260869565217,0.7,3.828333333333332,4.016666666666667,0.1280931645911105,0.001063209651257,0.0,0.0,-0.0040470235117557,0.0011022258629314,-2.713492056573132e-06,-0.0061516368276039,11,11,-0.00480673507686,0.3758636167314365,0.3636363636363636,1.45,9.783333333333331,13.883333333333333,0.0660998740764415,0.0037766362252663,0.0,0.0,-0.0037305016144434,0.0011020517758879,-2.58183134714072e-05,-0.0058115076032884,False
BTCUSDT_60m_short_1pct_regime,BTCUSDT,60,-1,0.01,regime,baseline,317,316,-0.002420886702993,0.608886115346636,0.4763406940063091,2.5,27.03333333333333,77.05,0.7910720602826158,0.0841456305758313,1.0,0.0014147067313899,-0.0013588360560947,0.0011007473598308,-3.869671293259022e-05,-0.0034232786255355,123,123,-0.0021630374841635,0.6419444634557067,0.4878048780487805,3.15,24.791666666666654,44.13333333333333,0.2707911094875491,0.0861605783866057,0.0,0.0,-0.001098024843164,0.0011006039136637,-3.559127266419981e-05,-0.0031651698756481,False
BTCUSDT_60m_short_1pct_regime,BTCUSDT,60,-1,0.01,regime,both,14,14,-0.0063934121703707,0.2612774354062308,0.2857142857142857,0.7416666666666667,3.951666666666666,4.016666666666667,0.0995635574702487,0.0007216899837793,0.0,0.0,-0.005290502394054,0.0011029097763167,0.0,-0.0073997592592592,3,3,-0.0054008313213338,0.3313905685286545,0.3333333333333333,1.45,12.64,13.883333333333333,0.0185322058685367,0.0018245814307458,0.0,0.0,-0.0043371685842921,0.0011023854427213,-3.8722705679675806e-05,-0.0064062046937,False
BTCUSDT_60m_short_1pct_regime,BTCUSDT,60,-1,0.01,regime,structure,156,155,-0.0034618562288619,0.4933865055314562,0.4294871794871794,2.0166666666666666,22.466666666666665,85.35,0.6077286686836177,0.0372319799270073,1.0,0.0014147067313899,-0.0023982879770054,0.0011013190583873,-3.775080653078279e-05,-0.004465289169243,55,55,-0.0017535075495963,0.6975037288430698,0.509090909090909,2.433333333333333,22.23666666666664,37.41666666666666,0.1025667722316842,0.0365696347031963,0.0,0.0,-0.0006769602722094,0.0011003723281497,-2.382505076280961e-05,-0.0027552243229601,False
BTCUSDT_60m_short_1pct_regime,BTCUSDT,60,-1,0.01,regime,zones,23,23,-0.0051465358826306,0.3487133023834451,0.3478260869565217,0.7,3.828333333333332,4.016666666666667,0.1280931645911105,0.001063209651257,0.0,0.0,-0.0040470235117557,0.0011022258629314,-2.713492056573132e-06,-0.0061516368276039,11,11,-0.00480673507686,0.3758636167314365,0.3636363636363636,1.45,9.783333333333331,13.883333333333333,0.0660998740764415,0.0037766362252663,0.0,0.0,-0.0037305016144434,0.0011020517758879,-2.58183134714072e-05,-0.0058115076032884,False
BTCUSDT_60m_short_2.5pct_orders,BTCUSDT,60,-1,0.025,orders,baseline,265,264,-0.0019474327905651,0.7723733556552649,0.290566037735849,4.733333333333333,47.649999999999935,148.93333333333334,0.6013392216919237,0.1241718623276561,1.0,0.0014147067313899,-0.0009120693795996,0.0011005016381587,-6.513822719325208e-05,-0.0029493642428766,100,100,-0.0029397242535519,0.6706385953551435,0.26,5.258333333333334,42.494166666666665,54.28333333333333,0.3096554869245233,0.1374543378995433,0.0,0.0,-0.00190140070035,0.0011010457703851,-6.272221718327816e-05,-0.0039426472862114,False
BTCUSDT_60m_short_2.5pct_orders,BTCUSDT,60,-1,0.025,orders,both,4,4,-0.012116561030515,0.0,0.0,0.9416666666666668,1.1849999999999998,1.2,0.0487991919165126,0.0001438311030008,0.0,0.0,-0.0110105052526261,0.0011060557778889,0.0,-0.0131286341341341,1,1,-0.0121165610305153,0.0,0.0,0.65,0.65,0.65,0.0128647845054546,7.420091324200913e-05,0.0,0.0,-0.0110105052526263,0.0011060557778889,0.0,-0.013128634134134,False
BTCUSDT_60m_short_2.5pct_orders,BTCUSDT,60,-1,0.025,orders,structure,146,145,-0.003320061090953,0.6310685570732398,0.2534246575342466,3.716666666666667,37.78333333333333,148.93333333333334,0.6074758483448641,0.061908201540957,1.0,0.0014147067313899,-0.0022797874032983,0.0011012538830718,-6.098019541707862e-05,-0.0043233637798925,50,50,-0.0015512870594933,0.8163821924293346,0.3,4.991666666666666,37.20666666666667,51.73333333333333,0.1444969850957326,0.0659512937595129,0.0,0.0,-0.0004999999999998,0.001100275,-4.898794050656545e-05,-0.0025528140925561,False
BTCUSDT_60m_short_2.5pct_orders,BTCUSDT,60,-1,0.025,orders,zones,6,6,-0.006274179902451,0.3786177559804504,0.1666666666666666,0.9083333333333332,1.175,1.2,0.0437320082290648,0.0001850162206001,0.0,0.0,-0.0051713356678337,0.0011028442346173,0.0,-0.0072804076993659,1,1,-0.0121165610305153,0.0,0.0,0.65,0.65,0.65,0.0128647845054546,7.420091324200913e-05,0.0,0.0,-0.0110105052526263,0.0011060557778889,0.0,-0.013128634134134,False
BTCUSDT_60m_short_2.5pct_regime,BTCUSDT,60,-1,0.025,regime,baseline,267,266,-0.0019200729864557,0.7712623938566419,0.2883895131086142,4.45,44.415,122.0,0.5979290195758433,0.1203638229927007,1.0,0.0014147067313899,-0.0008814642774899,0.0011004848053526,-6.187609638682983e-05,-0.0029219754341964,101,101,-0.0027399129342178,0.6838483230540447,0.2574257425742574,5.033333333333333,42.46666666666667,54.28333333333333,0.2924142679253345,0.1306716133942161,0.0,0.0,-0.0016987704891761,0.001100934323769,-5.979187872732812e-05,-0.0037426345903324,False
BTCUSDT_60m_short_2.5pct_regime,BTCUSDT,60,-1,0.025,regime,both,4,4,-0.012116561030515,0.0,0.0,0.9416666666666668,1.1849999999999998,1.2,0.0487991919165126,0.0001438311030008,0.0,0.0,-0.0110105052526261,0.0011060557778889,0.0,-0.0131286341341341,1,1,-0.0121165610305153,0.0,0.0,0.65,0.65,0.65,0.0128647845054546,7.420091324200913e-05,0.0,0.0,-0.0110105052526263,0.0011060557778889,0.0,-0.013128634134134,False
BTCUSDT_60m_short_2.5pct_regime,BTCUSDT,60,-1,0.025,regime,structure,145,144,-0.0033493030714009,0.6237292711600625,0.2482758620689655,3.7,33.76999999999997,122.0,0.6083958744188585,0.0561270782643957,1.0,0.0014147067313899,-0.0023002022865463,0.0011012651112576,-5.2164326402951045e-05,-0.0043526306090271,50,50,-0.0013961665184162,0.8316520003902318,0.3,4.841666666666667,37.20666666666667,51.73333333333333,0.1367409580418811,0.0623630136986301,0.0,0.0,-0.0003443061243428,0.0011001893683683,-4.832897429492059e-05,-0.002397538023778,False
BTCUSDT_60m_short_2.5pct_regime,BTCUSDT,60,-1,0.025,regime,zones,6,6,-0.006274179902451,0.3786177559804504,0.1666666666666666,0.9083333333333332,1.175,1.2,0.0437320082290648,0.0001850162206001,0.0,0.0,-0.0051713356678337,0.0011028442346173,0.0,-0.0072804076993659,1,1,-0.0121165610305153,0.0,0.0,0.65,0.65,0.65,0.0128647845054546,7.420091324200913e-05,0.0,0.0,-0.0110105052526263,0.0011060557778889,0.0,-0.013128634134134,False
BTCUSDT_60m_short_2pct_orders,BTCUSDT,60,-1,0.02,orders,baseline,275,274,-0.0018506232244183,0.766909981454801,0.3418181818181818,4.233333333333333,43.083333333333336,111.26666666666668,0.6262427542728392,0.1107334752635847,1.0,0.0014147067313899,-0.0008060849930459,0.0011004433467461,-5.590511537386431e-05,-0.0028524532021279,102,102,-0.0026298455410612,0.68225469106739,0.3137254901960784,4.15,41.42833333333329,54.28333333333333,0.2917658789276085,0.1268759512937595,0.0,0.0,-0.0015893240738014,0.0011008741282405,-6.035266098085682e-05,-0.0036324573550575,False
BTCUSDT_60m_short_2pct_orders,BTCUSDT,60,-1,0.02,orders,both,7,7,-0.012116561030515,0.0,0.0,0.7,1.1699999999999997,1.2,0.0851488750080579,0.0001945204785077,0.0,0.0,-0.0110105052526261,0.0011060557778889,0.0,-0.0131286341341341,1,1,-0.0121165610305153,0.0,0.0,0.65,0.65,0.65,0.0128647845054546,7.420091324200913e-05,0.0,0.0,-0.0110105052526263,0.0011060557778889,0.0,-0.013128634134134,False
BTCUSDT_60m_short_2pct_orders,BTCUSDT,60,-1,0.02,orders,structure,148,147,-0.002838834779813,0.658461552448312,0.3108108108108108,3.191666666666667,31.35666666666668,93.51666666666668,0.5800747869124017,0.0510986922141119,1.0,0.0014147067313899,-0.0017890535565155,0.001100983979456,-5.120275615861598e-05,-0.0038416511127448,51,51,-0.0014666918267841,0.8122347835873871,0.3529411764705882,3.783333333333333,36.41666666666666,51.63333333333333,0.1368037533206867,0.0591038812785388,0.0,0.0,-0.0004116764264484,0.0011002264220345,-4.521102169883951e-05,-0.0024681323337927,False
BTCUSDT_60m_short_2pct_orders,BTCUSDT,60,-1,0.02,orders,zones,11,11,-0.0066481769600885,0.3293848314367367,0.1818181818181818,0.7,1.6416666666666666,2.083333333333333,0.079002517758878,0.0003225111516626,0.0,0.0,-0.0055505025239891,0.0011030527763881,-5.378340288806398e-06,-0.0076547816305117,2,2,-0.0120499297252499,0.0,0.0,12.491666666666667,23.149166666666662,24.33333333333333,0.0248480829254391,0.0028519786910197,0.0,0.0,-0.0110105052526263,0.0011060557778889,-6.663130526539116e-05,-0.013061969479867,False
BTCUSDT_60m_short_2pct_regime,BTCUSDT,60,-1,0.02,regime,baseline,277,276,-0.0018364226400224,0.7651271443381527,0.3393501805054151,4.083333333333333,43.06666666666667,111.26666666666668,0.6260104388440096,0.1095429085563665,1.0,0.0014147067313899,-0.000791573964726,0.0011004353656805,-5.558669038426109e-05,-0.0028382382508241,103,103,-0.0024369225843597,0.6964787844275008,0.3106796116504854,4.0,41.23999999999997,54.28333333333333,0.2745246599284197,0.1200932267884322,0.0,0.0,-0.0013936582999955,0.0011007665120649,-5.750222770077397e-05,-0.0034393399535757,False
BTCUSDT_60m_short_2pct_regime,BTCUSDT,60,-1,0.02,regime,both,7,7,-0.012116561030515,0.0,0.0,0.7,1.1699999999999997,1.2,0.0851488750080579,0.0001945204785077,0.0,0.0,-0.0110105052526261,0.0011060557778889,0.0,-0.0131286341341341,1,1,-0.0121165610305153,0.0,0.0,0.65,0.65,0.65,0.0128647845054546,7.420091324200913e-05,0.0,0.0,-0.0110105052526263,0.0011060557778889,0.0,-0.013128634134134,False
BTCUSDT_60m_short_2pct_regime,BTCUSDT,60,-1,0.02,regime,structure,148,147,-0.0029492120137216,0.6445272367306528,0.304054054054054,3.15,30.1,93.51666666666668,0.5964106175308875,0.0486484945255474,1.0,0.0014147067313899,-0.0018946678441225,0.0011010420673142,-4.649789771513386e-05,-0.0039521364267285,51,51,-0.0013146128649438,0.8283622334282309,0.3529411764705882,3.75,36.41666666666666,51.63333333333333,0.1290477262668352,0.055515601217656,0.0,0.0,-0.0002590353718826,0.0011001424694545,-4.4564976393305335e-05,-0.0023159008938142,False
BTCUSDT_60m_short_2pct_regime,BTCUSDT,60,-1,0.02,regime,zones,11,11,-0.0066481769600885,0.3293848314367367,0.1818181818181818,0.7,1.6416666666666666,2.083333333333333,0.079002517758878,0.0003225111516626,0.0,0.0,-0.0055505025239891,0.0011030527763881,-5.378340288806398e-06,-0.0076547816305117,2,2,-0.0120499297252499,0.0,0.0,12.491666666666667,23.149166666666662,24.33333333333333,0.0248480829254391,0.0028519786910197,0.0,0.0,-0.0110105052526263,0.0011060557778889,-6.663130526539116e-05,-0.013061969479867,False
BTCUSDT_60m_short_3pct_orders,BTCUSDT,60,-1,0.03,orders,baseline,247,246,-0.0022577805430882,0.751168295582645,0.2469635627530364,4.866666666666666,61.98666666666665,148.93333333333334,0.687853321966036,0.1371983982157339,1.0,0.0014147067313899,-0.0012298357130026,0.0011006764096421,-7.27315795565944e-05,-0.0032600262952371,97,97,-0.0029626047701671,0.6822393608493661,0.2268041237113402,6.366666666666666,43.016666666666666,83.93333333333334,0.3154651632754361,0.1484912480974125,0.0,0.0,-0.0019292636008724,0.0011010610949804,-6.771992568576721e-05,-0.0039655531936561,False
BTCUSDT_60m_short_3pct_orders,BTCUSDT,60,-1,0.03,orders,both,2,2,-0.012116561030515,0.0,0.0,0.9416666666666668,1.0841666666666667,1.1,0.0254863226955455,7.159874290348743e-05,0.0,0.0,-0.0110105052526261,0.0011060557778889,0.0,-0.013128634134134,1,1,-0.0121165610305153,0.0,0.0,0.65,0.65,0.65,0.0128647845054546,7.420091324200913e-05,0.0,0.0,-0.0110105052526263,0.0011060557778889,0.0,-0.013128634134134,False
BTCUSDT_60m_short_3pct_orders,BTCUSDT,60,-1,0.03,orders,structure,138,137,-0.0029396783972186,0.6819678261365905,0.2318840579710145,4.016666666666667,64.81416666666674,274.05,0.5683267882603505,0.0738778639497161,1.0,0.0014147067313899,-0.0019187313685909,0.0011010553022527,-8.010827362499304e-05,-0.0039426100770313,50,50,-0.0016454637382451,0.8156776789430477,0.26,5.816666666666666,39.53333333333333,83.93333333333334,0.1745299984777395,0.0766057838660578,0.0,0.0,-0.0006001000500249,0.0011003300550275,-5.4966366807303405e-05,-0.0026470879843603,False
BTCUSDT_60m_short_3pct_orders,BTCUSDT,60,-1,0.03,orders,zones,4,4,-0.0021010505252624,0.7687957256770507,0.25,0.9416666666666668,1.1141666666666663,1.1166666666666667,0.0254863226955455,0.000115951946472,0.0,0.0,-0.0010005002501249,0.0011005502751375,0.0,-0.003103103103103,1,1,-0.0121165610305153,0.0,0.0,0.65,0.65,0.65,0.0128647845054546,7.420091324200913e-05,0.0,0.0,-0.0110105052526263,0.0011060557778889,0.0,-0.013128634134134,False
BTCUSDT_60m_short_3pct_regime,BTCUSDT,60,-1,0.03,regime,baseline,247,246,-0.0023278932243402,0.7390161730818797,0.242914979757085,4.8,60.37333333333331,128.86666666666667,0.7051711542352722,0.1332382907542579,1.0,0.0014147067313899,-0.001297352265642,0.0011007135437461,-7.01725850479358e-05,-0.0033302078447814,98,98,-0.0027564433031329,0.6954986084946566,0.2244897959183673,5.258333333333334,43.016666666666666,83.93333333333334,0.2982239442762473,0.1417085235920852,0.0,0.0,-0.0017201461087389,0.0011009460803598,-6.464888596583411e-05,-0.0037591839263988,False
BTCUSDT_60m_short_3pct_regime,BTCUSDT,60,-1,0.03,regime,both,2,2,-0.012116561030515,0.0,0.0,0.9416666666666668,1.0841666666666667,1.1,0.0254863226955455,7.159874290348743e-05,0.0,0.0,-0.0110105052526261,0.0011060557778889,0.0,-0.013128634134134,1,1,-0.0121165610305153,0.0,0.0,0.65,0.65,0.65,0.0128647845054546,7.420091324200913e-05,0.0,0.0,-0.0110105052526263,0.0011060557778889,0.0,-0.013128634134134,False
BTCUSDT_60m_short_3pct_regime,BTCUSDT,60,-1,0.03,regime,structure,139,138,-0.002857100068763,0.6865636692493345,0.2302158273381295,4.0,45.244999999999926,122.0,0.5597880790022367,0.0634611972830494,1.0,0.0014147067313899,-0.0018161963491346,0.001100998907992,-6.009518836357971e-05,-0.0038599391223485,50,50,-0.001490343197168,0.8301018311797531,0.26,5.191666666666666,39.53333333333333,83.93333333333334,0.166773971423888,0.073017503805175,0.0,0.0,-0.0004444061743678,0.0011002444233959,-5.430740059565855e-05,-0.0024918119155822,False
BTCUSDT_60m_short_3pct_regime,BTCUSDT,60,-1,0.03,regime,zones,4,4,-0.0021010505252624,0.7687957256770507,0.25,0.9416666666666668,1.1141666666666663,1.1166666666666667,0.0254863226955455,0.000115951946472,0.0,0.0,-0.0010005002501249,0.0011005502751375,0.0,-0.003103103103103,1,1,-0.0121165610305153,0.0,0.0,0.65,0.65,0.65,0.0128647845054546,7.420091324200913e-05,0.0,0.0,-0.0110105052526263,0.0011060557778889,0.0,-0.013128634134134,False
ETHUSDT_15m_long_1.5pct_orders,ETHUSDT,15,1,0.015,orders,baseline,858,858,-0.0024770030697843,0.6669840310363631,0.3881118881118881,3.158333333333333,18.32583333333333,58.93333333333333,2.135466183990548,0.1835265865774533,0.0,0.0,-0.0012964059928077,0.0010992869767039,8.131010027266392e-05,-0.0034746184332181,272,272,-0.001842177356367,0.7414777620479666,0.4117647058823529,2.575,12.520833333333334,40.75,0.5402005798872959,0.1270509893455099,0.0,0.0,-0.0007056765734779,0.0010996118778845,3.688890500457898e-05,-0.0028404050179684,False
ETHUSDT_15m_long_1.5pct_orders,ETHUSDT,15,1,0.015,orders,both,21,21,-0.0038661667138389,0.5240381042741523,0.3333333333333333,2.45,11.833333333333334,25.98333333333333,0.1181314104572722,0.0042788169099756,0.0,0.0,-0.0026645010827918,0.0010985345244044,0.0001031311066425,-0.0048624045176781,9,9,-0.0065474798821077,0.3033190413709518,0.2222222222222222,2.183333333333333,9.236666666666665,11.85,0.0850059685868487,0.0033618721461187,0.0,0.0,-0.0054395024709866,0.0010970082736409,1.0969137480122844e-05,-0.0075409916304183,False
ETHUSDT_15m_long_1.5pct_orders,ETHUSDT,15,1,0.015,orders,structure,400,400,-0.002365067948621,0.6795702691563061,0.3925,2.941666666666667,19.168333333333315,53.7,0.981075935197756,0.084641752838605,0.0,0.0,-0.0011868128435781,0.001099347252936,7.890785210691393e-05,-0.0033627939901677,145,145,-0.0012788235092919,0.8133078284455685,0.4344827586206896,2.6333333333333333,11.409999999999998,19.35,0.3020575638793338,0.0672583713850837,0.0,0.0,-0.0001382929225042,0.0010999239388926,4.060664789514194e-05,-0.002277616102358,False
ETHUSDT_15m_long_1.5pct_orders,ETHUSDT,15,1,0.015,orders,zones,39,39,-0.0057528291825255,0.3633074600537354,0.2564102564102564,1.8333333333333333,10.858333333333336,25.98333333333333,0.2596948500571711,0.0057158607055961,0.0,0.0,-0.0045856558900036,0.0010974778892604,6.969540326135508e-05,-0.0067471645479534,15,15,-0.0054453795850199,0.3859372125088831,0.2666666666666666,1.6166666666666667,7.276666666666659,11.85,0.1205620638540854,0.0047374429223744,0.0,0.0,-0.0043295019157087,0.0010976187739463,1.82588953649051e-05,-0.0064399965282842,False
ETHUSDT_15m_long_1.5pct_regime,ETHUSDT,15,1,0.015,regime,baseline,867,867,-0.0024290284581854,0.6659395618364736,0.3817762399077278,3.0,17.574999999999992,58.93333333333333,2.116165223362352,0.1757020478507704,0.0,0.0,-0.0012514137637313,0.0010993117224299,7.830297202410682e-05,-0.0034266902687146,274,274,-0.0017949993794728,0.7419118410293072,0.4124087591240876,2.425,12.15083333333332,40.75,0.5324857986942014,0.1235806697108067,0.0,0.0,-0.0006593760466916,0.0010996373431743,3.5985989606887466e-05,-0.0027932737440395,False
ETHUSDT_15m_long_1.5pct_regime,ETHUSDT,15,1,0.015,regime,both,21,21,-0.0038661667138389,0.5240381042741523,0.3333333333333333,2.45,11.833333333333334,25.98333333333333,0.1181314104572722,0.0042788169099756,0.0,0.0,-0.0026645010827918,0.0010985345244044,0.0001031311066425,-0.0048624045176781,9,9,-0.0065474798821077,0.3033190413709518,0.2222222222222222,2.183333333333333,9.236666666666665,11.85,0.0850059685868487,0.0033618721461187,0.0,0.0,-0.0054395024709866,0.0010970082736409,1.0969137480122844e-05,-0.0075409916304183,False
ETHUSDT_15m_long_1.5pct_regime,ETHUSDT,15,1,0.015,regime,structure,400,400,-0.0023394813779587,0.6805434410104503,0.39,2.8833333333333333,18.24749999999996,53.7,0.9708413069328136,0.0834454835766423,0.0,0.0,-0.0011612937620768,0.0010993612884308,7.882632745107303e-05,-0.0033372329525395,145,145,-0.0013670137397514,0.8004331623835793,0.4344827586206896,2.6166666666666667,11.409999999999998,19.35,0.3020575638793338,0.0669672754946727,0.0,0.0,-0.0002265316842826,0.0010998754075736,4.060664789514194e-05,-0.002365718186616,False
ETHUSDT_15m_long_1.5pct_regime,ETHUSDT,15,1,0.015,regime,zones,39,39,-0.0057528291825255,0.3633074600537354,0.2564102564102564,1.8333333333333333,10.858333333333336,25.98333333333333,0.2596948500571711,0.0057158607055961,0.0,0.0,-0.0045856558900036,0.0010974778892604,6.969540326135508e-05,-0.0067471645479534,15,15,-0.0054453795850199,0.3859372125088831,0.2666666666666666,1.6166666666666667,7.276666666666659,11.85,0.1205620638540854,0.0047374429223744,0.0,0.0,-0.0043295019157087,0.0010976187739463,1.82588953649051e-05,-0.0064399965282842,False
ETHUSDT_15m_long_1pct_orders,ETHUSDT,15,1,0.01,orders,baseline,1010,1010,-0.0024746233428859,0.6048397490495396,0.4841584158415841,2.5166666666666666,14.144166666666663,58.45,2.5229379280651107,0.1610502838605028,0.0,0.0,-0.0013160152596967,0.0010992761916071,5.933189158203607e-05,-0.0034722300957488,311,311,-0.0022856536639048,0.6284328555989764,0.4919614147909968,1.8666666666666667,11.483333333333333,19.73333333333333,0.7377824187184097,0.1072659817351598,0.0,0.0,-0.0011601112626965,0.0010993619388055,2.618046240282777e-05,-0.0032834327163805,False
ETHUSDT_15m_long_1pct_orders,ETHUSDT,15,1,0.01,orders,both,38,38,-0.0010869051885848,0.799385361591379,0.5526315789473685,1.8833333333333333,9.286666666666664,20.216666666666665,0.0893426598720955,0.0045633110300081,0.0,0.0,5.207922354624312e-05,0.0011000286435729,3.8955768558108616e-05,-0.0020858887787161,12,12,-0.0054352015480542,0.3259798989327327,0.3333333333333333,1.8666666666666667,10.109166666666663,11.383333333333333,0.0809935385166807,0.0046803652968036,0.0,0.0,-0.0043295019157087,0.0010976187739463,8.080858399134877e-06,-0.006429823575253,False
ETHUSDT_15m_long_1pct_orders,ETHUSDT,15,1,0.01,orders,structure,461,461,-0.0021763889645291,0.6421161254107359,0.4989154013015184,2.1333333333333333,15.016666666666667,53.7,1.0407219904680698,0.0712781326034063,0.0,0.0,-0.0010211705427111,0.0010994383562015,5.578006561651301e-05,-0.0031742920269628,165,165,-0.0015836825359916,0.7232943807220668,0.5272727272727272,1.9333333333333331,10.479999999999976,18.966666666666665,0.3371837892498442,0.055445205479452,0.0,0.0,-0.0004545908863748,0.0010997499750124,2.9341674604250776e-05,-0.0025821647897426,False
ETHUSDT_15m_long_1pct_orders,ETHUSDT,15,1,0.01,orders,zones,75,75,-0.0036069323772711,0.4809040136327391,0.4266666666666667,2.0,7.966666666666663,20.216666666666665,0.2916729873470363,0.0087591240875912,0.0,0.0,-0.0024647009828418,0.0010986444144594,4.358697996988307e-05,-0.0046033995139458,27,27,-0.0039628070124945,0.4474056704218928,0.4074074074074074,1.6166666666666667,10.688333333333333,11.816666666666666,0.1466185331832299,0.0092199391171993,0.0,0.0,-0.0028495011753381,0.0010984327743535,1.4873062802854368e-05,-0.0049589040952389,False
ETHUSDT_15m_long_1pct_regime,ETHUSDT,15,1,0.01,regime,baseline,1011,1011,-0.0024321851429981,0.6041337731237426,0.47675568743818,2.3666666666666667,13.475,58.45,2.4825075313213607,0.1546311080697485,0.0,0.0,-0.0012748207706449,0.0010992988485761,5.806552377698738e-05,-0.0034298336796893,312,312,-0.0021993157025642,0.6351303328869813,0.4903846153846153,1.8166666666666669,11.117499999999996,19.216666666666665,0.7146582582072238,0.1048915525114155,0.0,0.0,-0.0010741319076404,0.0010994092274507,2.57745674729618e-05,-0.0031971808469494,False
ETHUSDT_15m_long_1pct_regime,ETHUSDT,15,1,0.01,regime,both,38,38,-0.0008598184260295,0.8343568916477825,0.5526315789473685,1.8416666666666663,9.286666666666664,20.216666666666665,0.0807133628949946,0.0044701693025141,0.0,0.0,0.0002792909525524,0.0011001536100239,3.8955768558108616e-05,-0.0018590289895502,12,12,-0.0054352015480542,0.3259798989327327,0.3333333333333333,1.8666666666666667,10.109166666666663,11.383333333333333,0.0809935385166807,0.0046803652968036,0.0,0.0,-0.0043295019157087,0.0010976187739463,8.080858399134877e-06,-0.006429823575253,False
ETHUSDT_15m_long_1pct_regime,ETHUSDT,15,1,0.01,regime,structure,461,461,-0.0021434110230024,0.6446178526223366,0.4967462039045553,2.1333333333333333,14.866666666666667,53.7,1.0255191594242594,0.0705811536901865,0.0,0.0,-0.0009881930262268,0.0010994564938355,5.576150294009578e-05,-0.003141347037632,165,165,-0.0016309269491385,0.7150396994332741,0.5272727272727272,1.8666666666666667,10.479999999999976,18.966666666666665,0.3371837892498442,0.0551864535768645,0.0,0.0,-0.0005018612982483,0.0010997239762859,2.9341674604250776e-05,-0.0026293619820631,False
ETHUSDT_15m_long_1pct_regime,ETHUSDT,15,1,0.01,regime,zones,75,75,-0.003227971140701,0.5086448203123566,0.4266666666666667,1.8666666666666667,7.966666666666663,20.216666666666665,0.2632508946042783,0.0084537206001622,0.0,0.0,-0.0020855312028927,0.0010988529578384,4.358697996988307e-05,-0.0042248170494156,27,27,-0.0039628070124945,0.4474056704218928,0.4074074074074074,1.6166666666666667,10.688333333333333,11.816666666666666,0.1466185331832299,0.0092199391171993,0.0,0.0,-0.0028495011753381,0.0010984327743535,1.4873062802854368e-05,-0.0049589040952389,False
ETHUSDT_15m_long_2.5pct_orders,ETHUSDT,15,1,0.025,orders,baseline,704,704,-0.0029205364911329,0.673763889908059,0.265625,4.483333333333333,26.364166666666662,78.33333333333333,2.1563879317935344,0.2130740571776155,0.0,0.0,-0.0017019224762617,0.001099063942638,0.0001195500722331,-0.0039177276625753,218,218,-0.0022003451775187,0.7462950088396894,0.2844036697247706,3.425,20.3275,41.11666666666667,0.5285773651302624,0.1535882800608828,0.0,0.0,-0.0010453259608727,0.0010994250707215,5.559414592454817e-05,-0.0031982242027396,False
ETHUSDT_15m_long_2.5pct_orders,ETHUSDT,15,1,0.025,orders,both,10,10,-0.0051684523999088,0.4669879657167646,0.2,4.308333333333334,28.694166666666643,39.06666666666667,0.0966161710598497,0.0033803477291159,0.0,0.0,-0.0039965017491253,0.0010978019240379,7.414872674548184e-05,-0.0061633740770317,4,4,-0.0120834610194901,0.0,0.0,0.8416666666666667,3.2641666666666658,3.6666666666666665,0.0586388899759754,0.000667808219178,0.0,0.0,-0.0109895052473762,0.0010939557721139,0.0,-0.0130714340659339,False
ETHUSDT_15m_long_2.5pct_orders,ETHUSDT,15,1,0.025,orders,structure,342,342,-0.0031132796925777,0.6549378213428612,0.260233918128655,4.066666666666666,28.14249999999999,78.33333333333333,1.1308489764281004,0.1080577098540146,0.0,0.0,-0.0018904217481901,0.0010989602680384,0.0001238976763491,-0.0041102803908489,117,117,-0.0004983749139693,0.9382997132130751,0.3333333333333333,4.033333333333333,17.116666666666667,31.48333333333333,0.2383696386342984,0.0824524353120243,0.0,0.0,0.0006655005830418,0.0011003660253206,6.350947169058532e-05,-0.0014979590174089,False
ETHUSDT_15m_long_2.5pct_orders,ETHUSDT,15,1,0.025,orders,zones,18,18,-0.0063003569679653,0.3753471655717952,0.1666666666666666,2.083333333333333,19.474166666666637,39.06666666666667,0.1421384621463036,0.0039791159772911,0.0,0.0,-0.0051620023321671,0.0010971608987173,4.119373708082324e-05,-0.0072941308281211,4,4,-0.0120834610194901,0.0,0.0,0.8416666666666667,3.2641666666666658,3.6666666666666665,0.0586388899759754,0.000667808219178,0.0,0.0,-0.0109895052473762,0.0010939557721139,0.0,-0.0130714340659339,False
ETHUSDT_15m_long_2.5pct_regime,ETHUSDT,15,1,0.025,regime,baseline,713,713,-0.0028774554655955,0.6697200159150135,0.2608695652173913,4.016666666666667,25.95999999999999,78.33333333333333,2.151955989005563,0.2051189933090024,0.0,0.0,-0.0016631105499447,0.0010990852891975,0.0001152596264532,-0.0038746875513312,220,220,-0.0022133110962447,0.7379457817017262,0.2863636363636364,3.3,19.65083333333332,41.11666666666667,0.5373581873681943,0.1492522831050228,0.0,0.0,-0.0010600585130466,0.0010994169678178,5.383561538031448e-05,-0.0032111762827544,False
ETHUSDT_15m_long_2.5pct_regime,ETHUSDT,15,1,0.025,regime,both,10,10,-0.0051684523999088,0.4669879657167646,0.2,4.308333333333334,28.694166666666643,39.06666666666667,0.0966161710598497,0.0033803477291159,0.0,0.0,-0.0039965017491253,0.0010978019240379,7.414872674548184e-05,-0.0061633740770317,4,4,-0.0120834610194901,0.0,0.0,0.8416666666666667,3.2641666666666658,3.6666666666666665,0.0586388899759754,0.000667808219178,0.0,0.0,-0.0109895052473762,0.0010939557721139,0.0,-0.0130714340659339,False
ETHUSDT_15m_long_2.5pct_regime,ETHUSDT,15,1,0.025,regime,structure,342,342,-0.0030100905792797,0.6625150227685356,0.260233918128655,3.933333333333333,28.14249999999999,78.33333333333333,1.0955582996801756,0.1065066149635036,0.0,0.0,-0.0017875485169202,0.0010990168483156,0.0001235252140437,-0.0040071942289157,117,117,-0.0006921382469721,0.9143112401179132,0.3333333333333333,4.016666666666667,17.116666666666667,31.48333333333333,0.2383696386342984,0.0818188736681887,0.0,0.0,0.0004707601945344,0.0011002589181069,6.263952339955468e-05,-0.0016915282488407,False
ETHUSDT_15m_long_2.5pct_regime,ETHUSDT,15,1,0.025,regime,zones,18,18,-0.0063003569679653,0.3753471655717952,0.1666666666666666,2.083333333333333,19.474166666666637,39.06666666666667,0.1421384621463036,0.0039791159772911,0.0,0.0,-0.0051620023321671,0.0010971608987173,4.119373708082324e-05,-0.0072941308281211,4,4,-0.0120834610194901,0.0,0.0,0.8416666666666667,3.2641666666666658,3.6666666666666665,0.0586388899759754,0.000667808219178,0.0,0.0,-0.0109895052473762,0.0010939557721139,0.0,-0.0130714340659339,False
ETHUSDT_15m_long_2pct_orders,ETHUSDT,15,1,0.02,orders,baseline,749,749,-0.0027875922466065,0.6663823502318402,0.3137516688918558,4.016666666666667,23.06666666666667,60.516666666666666,2.1406723026662813,0.2009301500405515,0.0,0.0,-0.0015863630267642,0.0010991275003352,0.0001021017195071,-0.0037849075717402,241,241,-0.0015645377573537,0.8005189654749734,0.3526970954356846,3.1166666666666667,18.78333333333333,40.78333333333333,0.4357841764126142,0.1435578386605784,0.0,0.0,-0.0004191680093562,0.0010997694575948,4.5600290402650986e-05,-0.0025630472756372,False
ETHUSDT_15m_long_2pct_orders,ETHUSDT,15,1,0.02,orders,both,14,14,-0.005797324230285,0.3953452989117751,0.2142857142857142,4.308333333333334,21.52833333333332,39.53333333333333,0.1000363338616285,0.0040507147201946,0.0,0.0,-0.0045673591775539,0.0010974879524523,0.0001324771002787,-0.0067916465137435,6,6,-0.0120832453523029,0.0,0.0,1.5833333333333333,4.904166666666667,5.316666666666666,0.0724994721138176,0.0015239726027397,0.0,0.0,-0.0109895052473762,0.0010939557721139,-2.156671872172326e-07,-0.0130712185064726,False
ETHUSDT_15m_long_2pct_orders,ETHUSDT,15,1,0.02,orders,structure,359,359,-0.0025927209648079,0.6865822910795605,0.3203342618384401,3.683333333333333,24.04666666666665,60.516666666666666,1.0071104859011597,0.0998549016626115,0.0,0.0,-0.0013890826174655,0.0010992360045603,0.000104402342782,-0.003590232214246,129,129,-0.0007563188565122,0.8993150440740595,0.3798449612403101,3.35,15.409999999999997,29.45,0.2513021968737515,0.0767846270928462,0.0,0.0,0.0003944539358228,0.0011002169496647,5.055584267038821e-05,-0.0017556386679701,False
ETHUSDT_15m_long_2pct_orders,ETHUSDT,15,1,0.02,orders,zones,28,28,-0.0068295524432885,0.3162714882839206,0.1785714285714285,2.0166666666666666,11.366666666666664,39.53333333333333,0.2410049671518178,0.0052862682481751,0.0,0.0,-0.0056377168558576,0.0010968992557292,9.493633170163072e-05,-0.007822824243481,6,6,-0.0120832453523029,0.0,0.0,1.5833333333333333,4.904166666666667,5.316666666666666,0.0724994721138176,0.0015239726027397,0.0,0.0,-0.0109895052473762,0.0010939557721139,-2.156671872172326e-07,-0.0130712185064726,False
ETHUSDT_15m_long_2pct_regime,ETHUSDT,15,1,0.02,regime,baseline,760,760,-0.0027470867272427,0.6628508381878042,0.3078947368421053,3.625,22.694166666666657,60.516666666666666,2.140551622662425,0.1929991636253041,0.0,0.0,-0.0015497754031164,0.0010991476235282,9.816370059804343e-05,-0.0037444405686629,243,243,-0.0015408397755238,0.7984380118273904,0.3539094650205761,3.0166666666666666,17.066666666666663,40.78333333333333,0.4226445263961805,0.1395966514459665,0.0,0.0,-0.0003965485541454,0.0010997818982952,4.450932308315704e-05,-0.002539372434474,False
ETHUSDT_15m_long_2pct_regime,ETHUSDT,15,1,0.02,regime,both,14,14,-0.005797324230285,0.3953452989117751,0.2142857142857142,4.308333333333334,21.52833333333332,39.53333333333333,0.1000363338616285,0.0040507147201946,0.0,0.0,-0.0045673591775539,0.0010974879524523,0.0001324771002787,-0.0067916465137435,6,6,-0.0120832453523029,0.0,0.0,1.5833333333333333,4.904166666666667,5.316666666666666,0.0724994721138176,0.0015239726027397,0.0,0.0,-0.0109895052473762,0.0010939557721139,-2.156671872172326e-07,-0.0130712185064726,False
ETHUSDT_15m_long_2pct_regime,ETHUSDT,15,1,0.02,regime,structure,359,359,-0.0024944182440616,0.6948392020741295,0.3203342618384401,3.633333333333333,23.818333333333328,60.516666666666666,0.9718198091532356,0.0983038067721005,0.0,0.0,-0.0012910808205454,0.0010992899055487,0.0001040475179674,-0.0034920275697302,129,129,-0.0008941470632098,0.8809666625717176,0.3798449612403101,3.35,15.409999999999997,29.45,0.2513021968737515,0.0764535768645357,0.0,0.0,0.0002565498818956,0.001100141102435,5.055584267038821e-05,-0.0018933291152719,False
ETHUSDT_15m_long_2pct_regime,ETHUSDT,15,1,0.02,regime,zones,28,28,-0.0068295524432885,0.3162714882839206,0.1785714285714285,2.0166666666666666,11.366666666666664,39.53333333333333,0.2410049671518178,0.0052862682481751,0.0,0.0,-0.0056377168558576,0.0010968992557292,9.493633170163072e-05,-0.007822824243481,6,6,-0.0120832453523029,0.0,0.0,1.5833333333333333,4.904166666666667,5.316666666666666,0.0724994721138176,0.0015239726027397,0.0,0.0,-0.0109895052473762,0.0010939557721139,-2.156671872172326e-07,-0.0130712185064726,False
ETHUSDT_15m_long_3pct_orders,ETHUSDT,15,1,0.03,orders,baseline,654,654,-0.0025090931076639,0.7281880602404701,0.2431192660550458,4.8,33.21833333333334,78.43333333333334,1.787881901490154,0.2217672850770478,0.0,0.0,-0.0012744545158612,0.0010992990500162,0.0001353395417864,-0.0035067034118151,201,201,-0.0024133069332064,0.7368630619451252,0.2437810945273631,3.983333333333333,23.55,41.15,0.516494176275018,0.1647450532724505,0.0,0.0,-0.0012480078368774,0.0010993135956897,6.598550063920828e-05,-0.0034109782986728,False
ETHUSDT_15m_long_3pct_orders,ETHUSDT,15,1,0.03,orders,both,7,7,-0.006449643670085,0.3798417570194239,0.1428571428571428,4.616666666666666,14.259999999999994,16.2,0.0845327100403596,0.0018140460259529,0.0,0.0,-0.0052809309630898,0.0010970954879703,7.161721902489254e-05,-0.0074432835298187,4,4,-0.0120834610194901,0.0,0.0,0.8416666666666667,3.2641666666666658,3.6666666666666665,0.0586388899759754,0.000667808219178,0.0,0.0,-0.0109895052473762,0.0010939557721139,0.0,-0.0130714340659339,False
ETHUSDT_15m_long_3pct_orders,ETHUSDT,15,1,0.03,orders,structure,329,329,-0.0026303991660998,0.716355334772873,0.2401215805471124,4.7,36.24333333333329,78.33333333333333,0.9557372603808568,0.1137767386455798,0.0,0.0,-0.0013942420886819,0.0010992331668512,0.0001369239105666,-0.0036278890169395,107,107,-0.000964023366183,0.8895505523937853,0.2803738317757009,4.466666666666667,22.223333333333336,38.73333333333333,0.3130236026022626,0.0915296803652968,0.0,0.0,0.0002142386750551,0.0011001178312712,7.814420996689286e-05,-0.0019631493710185,False
ETHUSDT_15m_long_3pct_orders,ETHUSDT,15,1,0.03,orders,zones,12,12,-0.0087970675656704,0.2075742028500039,0.0833333333333333,2.083333333333333,12.643333333333327,16.2,0.1135157839636469,0.0020326439578264,0.0,0.0,-0.0076595035815424,0.0010957872730301,4.177671109785398e-05,-0.0097883462532,4,4,-0.0120834610194901,0.0,0.0,0.8416666666666667,3.2641666666666658,3.6666666666666665,0.0586388899759754,0.000667808219178,0.0,0.0,-0.0109895052473762,0.0010939557721139,0.0,-0.0130714340659339,False
ETHUSDT_15m_long_3pct_regime,ETHUSDT,15,1,0.03,regime,baseline,664,664,-0.0024937374810753,0.7215495921782689,0.2379518072289156,4.391666666666667,32.72833333333333,78.5,1.802776696511985,0.2134117751419302,0.0,0.0,-0.0012639778111141,0.0010993048122038,0.0001304548577573,-0.0034913606908436,203,203,-0.0024744453031723,0.7226127380041584,0.2463054187192118,3.616666666666666,22.23,41.15,0.5297850545532095,0.1602092846270928,0.0,0.0,-0.0013111891310831,0.0010992788459779,6.397732611132292e-05,-0.0034720545567044,False
ETHUSDT_15m_long_3pct_regime,ETHUSDT,15,1,0.03,regime,both,7,7,-0.006449643670085,0.3798417570194239,0.1428571428571428,4.616666666666666,14.259999999999994,16.2,0.0845327100403596,0.0018140460259529,0.0,0.0,-0.0052809309630898,0.0010970954879703,7.161721902489254e-05,-0.0074432835298187,4,4,-0.0120834610194901,0.0,0.0,0.8416666666666667,3.2641666666666658,3.6666666666666665,0.0586388899759754,0.000667808219178,0.0,0.0,-0.0109895052473762,0.0010939557721139,0.0,-0.0130714340659339,False
ETHUSDT_15m_long_3pct_regime,ETHUSDT,15,1,0.03,regime,structure,329,329,-0.0025231326714252,0.7247383116887556,0.2401215805471124,4.633333333333334,36.24333333333329,78.33333333333333,0.9204465836329326,0.1122256437550689,0.0,0.0,-0.0012873039576963,0.0010992919828232,0.0001365367309057,-0.0035207295416168,107,107,-0.0012225520129932,0.8599305792352201,0.2803738317757009,4.45,22.223333333333336,38.73333333333333,0.3130236026022626,0.0907001522070015,0.0,0.0,-4.538401610489553e-05,0.0010999750387911,7.719295809726123e-05,-0.0022214191426263,False
ETHUSDT_15m_long_3pct_regime,ETHUSDT,15,1,0.03,regime,zones,12,12,-0.0087970675656704,0.2075742028500039,0.0833333333333333,2.083333333333333,12.643333333333327,16.2,0.1135157839636469,0.0020326439578264,0.0,0.0,-0.0076595035815424,0.0010957872730301,4.177671109785398e-05,-0.0097883462532,4,4,-0.0120834610194901,0.0,0.0,0.8416666666666667,3.2641666666666658,3.6666666666666665,0.0586388899759754,0.000667808219178,0.0,0.0,-0.0109895052473762,0.0010939557721139,0.0,-0.0130714340659339,False
ETHUSDT_15m_short_1.5pct_orders,ETHUSDT,15,-1,0.015,orders,baseline,916,916,-0.0017013941195634,0.759540088093693,0.4148471615720524,2.3833333333333333,19.120833333333334,124.16666666666669,1.6117559029155062,0.1921393450932684,0.0,0.0,-0.0006289498461019,0.0011003459224153,-2.7901648953879145e-05,-0.0027030607917014,421,421,-0.0017571527049688,0.7526350367346479,0.4133016627078384,2.0166666666666666,12.25,43.38333333333333,0.8705130241441482,0.1774866818873668,0.0,0.0,-0.0006676259745073,0.0011003671942859,-1.0840463824495792e-05,-0.0027588666330165,False
ETHUSDT_15m_short_1.5pct_orders,ETHUSDT,15,-1,0.015,orders,both,20,20,0.0004268258545531,1.0705196824218708,0.5,2.65,35.005,36.36666666666667,0.0461872082429409,0.0049548864557988,0.0,0.0,0.0015020010005003,0.0010991738994497,-2.3998753502498165e-05,-0.0005727095804546,16,16,-0.0058543294905358,0.3555966215460327,0.25,0.8916666666666667,5.695833333333334,5.833333333333333,0.1025066209326614,0.0026103500761035,0.0,0.0,-0.0047542521260629,0.0011026148386693,-2.537474196447104e-06,-0.0068601384955361,False
ETHUSDT_15m_short_1.5pct_orders,ETHUSDT,15,-1,0.015,orders,structure,429,429,-0.0022247870436633,0.6964394900400344,0.3939393939393939,2.15,19.92999999999999,80.91666666666667,0.9912005657101544,0.0892101328061638,0.0,0.0,-0.001152166992587,0.0011006336918459,-2.8013640769657102e-05,-0.0032269774268107,196,196,-0.0011212063703973,0.8350556177162812,0.4387755102040816,2.1166666666666667,12.454166666666667,43.38333333333333,0.3252751242492656,0.0893569254185692,0.0,0.0,-3.014262233146981e-05,0.0011000165784422,-8.952830376423434e-06,-0.0021222830898427,False
ETHUSDT_15m_short_1.5pct_orders,ETHUSDT,15,-1,0.015,orders,zones,44,44,-0.0012827588289718,0.8134317834863505,0.4318181818181818,2.408333333333333,16.923333333333336,36.36666666666667,0.1277741634165899,0.008408100162206,0.0,0.0,-0.0002042498521987,0.0011001123374187,-2.1603360645575317e-05,-0.0022840035070416,34,34,-0.0025355521642401,0.6609443812337296,0.3823529411764705,1.1666666666666667,6.276666666666665,8.2,0.167650472141941,0.0080974124809741,0.0,0.0,-0.0014421181178823,0.0011007931649648,-7.359118607078399e-06,-0.0035380431408576,False
ETHUSDT_15m_short_1.5pct_regime,ETHUSDT,15,-1,0.015,regime,baseline,925,925,-0.0016564356297342,0.7592262404729833,0.4075675675675675,2.333333333333333,18.696666666666665,77.13333333333334,1.5854818468995595,0.181454658353609,0.0,0.0,-0.0005820079315722,0.0011003201043623,-2.589240620040871e-05,-0.0026580563162475,421,421,-0.0018047573382061,0.742418670631423,0.4061757719714964,1.9,12.25,43.38333333333333,0.882332235663725,0.1735521308980213,0.0,0.0,-0.0007154632591405,0.0011003935047925,-1.1099425726963107e-05,-0.0028065190242061,False
ETHUSDT_15m_short_1.5pct_regime,ETHUSDT,15,-1,0.015,regime,both,20,20,0.0004268258545531,1.0705196824218708,0.5,2.65,35.005,36.36666666666667,0.0461872082429409,0.0049548864557988,0.0,0.0,0.0015020010005003,0.0010991738994497,-2.3998753502498165e-05,-0.0005727095804546,16,16,-0.0058543294905358,0.3555966215460327,0.25,0.8916666666666667,5.695833333333334,5.833333333333333,0.1025066209326614,0.0026103500761035,0.0,0.0,-0.0047542521260629,0.0011026148386693,-2.537474196447104e-06,-0.0068601384955361,False
ETHUSDT_15m_short_1.5pct_regime,ETHUSDT,15,-1,0.015,regime,structure,432,432,-0.0021444002884901,0.7003132412821861,0.3888888888888889,2.05,19.14083333333332,77.13333333333334,0.9631478486063084,0.082924650243309,0.0,0.0,-0.0010695475022836,0.0011005882511262,-2.5735464919754317e-05,-0.0031465091055401,196,196,-0.001147965080752,0.8301273764625082,0.4336734693877551,2.091666666666667,12.454166666666667,43.38333333333333,0.3418140979060993,0.0884379756468797,0.0,0.0,-5.688662348552941e-05,0.0011000312876429,-8.952830376423434e-06,-0.0021490685723072,False
ETHUSDT_15m_short_1.5pct_regime,ETHUSDT,15,-1,0.015,regime,zones,44,44,-0.0011772378722958,0.8261103285744801,0.4318181818181818,2.408333333333333,16.923333333333336,36.36666666666667,0.1231312413228435,0.0083954278183292,0.0,0.0,-9.878690014630062e-05,0.001100054332795,-2.1603360645575317e-05,-0.0021783769765692,34,34,-0.0025355521642401,0.6609443812337296,0.3823529411764705,1.1666666666666667,6.276666666666665,8.2,0.167650472141941,0.0080974124809741,0.0,0.0,-0.0014421181178823,0.0011007931649648,-7.359118607078399e-06,-0.0035380431408576,False
ETHUSDT_15m_short_1pct_orders,ETHUSDT,15,-1,0.01,orders,baseline,1048,1048,-0.001755643723374,0.6999555213029466,0.5162213740458015,1.7333333333333334,15.654166666666663,94.05,1.867968933028004,0.1702662459448499,0.0,0.0,-0.0006757481794331,0.0011003716614986,-2.0476117557746613e-05,-0.0027573609595138,480,480,-0.0015096711818459,0.7352053543689844,0.5291666666666667,1.25,9.134166666666664,40.0,0.7600416119656932,0.1470871385083713,0.0,0.0,-0.0004165832916457,0.0011002291208104,-7.141230610145221e-06,-0.0025111356548265,False
ETHUSDT_15m_short_1pct_orders,ETHUSDT,15,-1,0.01,orders,both,37,37,-0.0028982278725352,0.556772731251281,0.4594594594594595,1.4,15.676666666666636,36.36666666666667,0.1144267700113585,0.0056372921735604,0.0,0.0,-0.0018121222773547,0.0011009966672525,-1.4891072071999527e-05,-0.0039010854724498,26,26,-0.0013311398773539,0.761928654653962,0.5384615384615384,0.9083333333333332,5.6375,5.7,0.08345923032721,0.0043378995433789,0.0,0.0,-0.0002304998653171,0.0011001267749259,5.132371108491633e-07,-0.0023324219023946,False
ETHUSDT_15m_short_1pct_orders,ETHUSDT,15,-1,0.01,orders,structure,483,483,-0.0020603695358808,0.6585875337578115,0.5010351966873706,1.6166666666666667,15.346666666666662,76.23333333333333,1.0206756856040309,0.0762564628953771,0.0,0.0,-0.0009797756020866,0.0011005388765811,-1.994494278693906e-05,-0.0030623913848372,221,221,-0.0006016760260724,0.8832198781410046,0.5746606334841629,1.2833333333333334,9.066666666666666,40.0,0.2147920141178113,0.0705232115677321,0.0,0.0,0.0004942063792078,0.0010997281864914,-3.845781211208384e-06,-0.0016022304014925,False
ETHUSDT_15m_short_1pct_orders,ETHUSDT,15,-1,0.01,orders,zones,73,73,-0.0022225722709346,0.6374111376512518,0.4931506849315068,1.3666666666666667,13.369999999999989,36.93333333333333,0.1706593825378023,0.0106929237631792,0.0,0.0,-0.0011376236063235,0.0011006256929834,-1.567702837242824e-05,-0.0032247542698909,53,53,-0.0007708244346188,0.8532145640728387,0.5660377358490566,1.0166666666666666,5.779999999999999,16.866666666666667,0.1028969608165212,0.0113622526636225,0.0,0.0,0.0003215758822808,0.0010998231332647,-7.422816365002438e-06,-0.0017715498316672,False
ETHUSDT_15m_short_1pct_regime,ETHUSDT,15,-1,0.01,regime,baseline,1055,1055,-0.0017088912896931,0.7008149602485773,0.5080568720379147,1.7,15.426666666666666,76.23333333333333,1.8309346215582627,0.160566200324412,0.0,0.0,-0.0006272586567721,0.0011003449922612,-1.871235934023612e-05,-0.0027105608681084,480,480,-0.0015257262733791,0.7300054884570459,0.5208333333333334,1.2166666666666666,9.134166666666664,40.0,0.7703911895071484,0.1453044140030441,0.0,0.0,-0.0004326295577324,0.0011002379462567,-7.141230610145221e-06,-0.0025272068094908,False
ETHUSDT_15m_short_1pct_regime,ETHUSDT,15,-1,0.01,regime,both,37,37,-0.0026853990842133,0.5755042437263163,0.4594594594594595,1.4,15.676666666666636,36.36666666666667,0.1065521048434465,0.0054281984995944,0.0,0.0,-0.0015990694234055,0.0011008794881828,-1.454982737507406e-05,-0.003688043578143,26,26,-0.0013311398773539,0.761928654653962,0.5384615384615384,0.9083333333333332,5.6375,5.7,0.08345923032721,0.0043378995433789,0.0,0.0,-0.0002304998653171,0.0011001267749259,5.132371108491633e-07,-0.0023324219023946,False
ETHUSDT_15m_short_1pct_regime,ETHUSDT,15,-1,0.01,regime,structure,484,484,-0.0020515360284619,0.6544185469405783,0.4917355371900826,1.5916666666666666,14.164999999999967,76.23333333333333,1.0184606375491403,0.0710139142335766,0.0,0.0,-0.0009690609741358,0.0011005329835357,-1.805792920975329e-05,-0.0030535480959802,221,221,-0.0006228444519359,0.8787560003546705,0.5701357466063348,1.2833333333333334,9.066666666666666,40.0,0.2263232325220186,0.0696404109589041,0.0,0.0,0.0004730495895786,0.0010997398227257,-3.845781211208384e-06,-0.001623420006382,False
ETHUSDT_15m_short_1pct_regime,ETHUSDT,15,-1,0.01,regime,zones,73,73,-0.0020510984728297,0.6557553112776567,0.4931506849315068,1.3666666666666667,13.079999999999982,36.93333333333333,0.1581417952761437,0.0104711577453365,0.0,0.0,-0.0009660712023999,0.0011005313391613,-1.550406873152081e-05,-0.0030531088256425,53,53,-0.0005965138385892,0.8825079733661778,0.5660377358490566,1.0166666666666666,5.72,14.25,0.1028969608165212,0.0110464231354642,0.0,0.0,0.0004957906601826,0.0010997273151368,-7.422816365002438e-06,-0.0015970648377554,False
ETHUSDT_15m_short_2.5pct_orders,ETHUSDT,15,-1,0.025,orders,baseline,741,741,-0.0017171554233769,0.7982927785560203,0.2955465587044534,3.183333333333333,30.55,134.43333333333334,1.402981935933614,0.222636607866991,0.0,0.0,-0.0006560263937635,0.0011003608145165,-3.923178490317426e-05,-0.0027188435297821,356,356,-0.0013676220406363,0.8370912460959513,0.3061797752808989,2.691666666666667,20.366666666666667,66.36666666666666,0.6581187768929133,0.2163584474885845,0.0,0.0,-0.0002834914648334,0.0011001559203056,-1.6025344502729803e-05,-0.0023689488354036,False
ETHUSDT_15m_short_2.5pct_orders,ETHUSDT,15,-1,0.025,orders,both,11,11,0.0006523647589846,1.084748824141068,0.3636363636363636,2.35,16.658333333333335,27.933333333333334,0.0739553085884169,0.0019407694647201,0.0,0.0,0.0017295011141935,0.0010990487743871,-2.1912419178250825e-05,-0.0003469439810122,6,6,-0.0062735201236093,0.3786424976847591,0.1666666666666666,1.9166666666666667,7.225,7.75,0.055651685214803,0.0021175799086757,0.0,0.0,-0.0051713356678339,0.0011028442346173,-6.597788418612948e-07,-0.0072797475903044,False
ETHUSDT_15m_short_2.5pct_orders,ETHUSDT,15,-1,0.025,orders,structure,378,378,-0.0017831095934245,0.7910498335748704,0.2936507936507936,2.833333333333333,34.725833333333235,134.43333333333334,0.7909064343350851,0.1146264193025141,0.0,0.0,-0.000722444555611,0.0011003973445055,-3.973230669203748e-05,-0.0027848639372873,165,165,-0.0008436885988465,0.897313746740172,0.3212121212121212,3.1333333333333333,20.579999999999995,43.38333333333333,0.2564577090897816,0.1093017503805175,0.0,0.0,0.0002431670380645,0.001099866258129,-1.3010621217877416e-05,-0.0018444896904497,False
ETHUSDT_15m_short_2.5pct_orders,ETHUSDT,15,-1,0.025,orders,zones,23,23,-0.0014341273940121,0.8298460056164209,0.3043478260869565,2.35,27.795,29.616666666666667,0.122469167562197,0.00507400648824,0.0,0.0,-0.0003476738369183,0.0011001912206103,-1.373766351650303e-05,-0.0024355195835944,13,13,-0.0094120890849291,0.1578701543463884,0.0769230769230769,2.283333333333333,7.929999999999999,8.2,0.1432688451931212,0.0050456621004566,0.0,0.0,-0.0083155039057989,0.0011045735271481,-7.988348017956491e-06,-0.0104214603565124,False
ETHUSDT_15m_short_2.5pct_regime,ETHUSDT,15,-1,0.025,regime,baseline,756,756,-0.0016794301465274,0.7949424925292158,0.291005291005291,3.025,29.7125,134.43333333333334,1.4002189579860609,0.2103666109083536,0.0,0.0,-0.0006152129010053,0.0011003383670955,-3.612112157338614e-05,-0.0026810789534323,359,359,-0.0014798292200354,0.8203959745831623,0.3008356545961003,2.5166666666666666,18.364999999999927,66.36666666666666,0.677033349299244,0.208380898021309,0.0,0.0,-0.0003952853674413,0.001100217406952,-1.567355435797154e-05,-0.0024812681022748,False
ETHUSDT_15m_short_2.5pct_regime,ETHUSDT,15,-1,0.025,regime,both,11,11,0.0006523647589846,1.084748824141068,0.3636363636363636,2.35,16.658333333333335,27.933333333333334,0.0739553085884169,0.0019407694647201,0.0,0.0,0.0017295011141935,0.0010990487743871,-2.1912419178250825e-05,-0.0003469439810122,6,6,-0.0062735201236093,0.3786424976847591,0.1666666666666666,1.9166666666666667,7.225,7.75,0.055651685214803,0.0021175799086757,0.0,0.0,-0.0051713356678339,0.0011028442346173,-6.597788418612948e-07,-0.0072797475903044,False
ETHUSDT_15m_short_2.5pct_regime,ETHUSDT,15,-1,0.025,regime,structure,381,381,-0.0017480150399505,0.7900899396477628,0.2887139107611549,2.7666666666666666,32.85,134.43333333333334,0.7828847382417449,0.1082991180048661,0.0,0.0,-0.0006846953627103,0.0011003765824494,-3.705690520929432e-05,-0.0027497329339848,166,166,-0.0007922750958762,0.9024271313907812,0.3192771084337349,3.0083333333333333,19.7625,43.38333333333333,0.2600610226228633,0.107650304414003,0.0,0.0,0.0002945496645065,0.0010998379976845,-1.3013237301717682e-05,-0.0017930247495391,False
ETHUSDT_15m_short_2.5pct_regime,ETHUSDT,15,-1,0.025,regime,zones,23,23,-0.0008022682814324,0.8970995720541879,0.3043478260869565,2.35,27.795,29.616666666666667,0.1125793300666094,0.0050492954176804,0.0,0.0,0.0002838379441817,0.0010998438891307,-1.373766351650303e-05,-0.0018030282954982,13,13,-0.0094120890849291,0.1578701543463884,0.0769230769230769,2.283333333333333,7.929999999999999,8.2,0.1432688451931212,0.0050456621004566,0.0,0.0,-0.0083155039057989,0.0011045735271481,-7.988348017956491e-06,-0.0104214603565124,False
ETHUSDT_15m_short_2pct_orders,ETHUSDT,15,-1,0.02,orders,baseline,814,814,-0.001784012144485,0.7754506712531962,0.3427518427518427,2.65,23.474999999999923,134.43333333333334,1.5555423275324685,0.2093135391321978,0.0,0.0,-0.0007176622709387,0.001100394714249,-3.404484070276725e-05,-0.0027857645476164,385,385,-0.0016450018845781,0.791510257090739,0.348051948051948,2.283333333333333,15.649999999999984,43.63333333333333,0.7669732192564505,0.1995662100456621,0.0,0.0,-0.0005585000292352,0.001100307175016,-1.3805319673253091e-05,-0.0026466050880745,False
ETHUSDT_15m_short_2pct_orders,ETHUSDT,15,-1,0.02,orders,both,14,14,0.0029331042104821,1.4847163481042192,0.5,2.316666666666667,26.611666666666647,57.833333333333336,0.0461872082429409,0.0034962996755879,0.0,0.0,0.0040045022511256,0.0010977975237618,-2.6399483118379533e-05,0.0019360751084854,9,9,-0.0054350491399313,0.4229994557883786,0.2222222222222222,1.55,5.843333333333334,5.883333333333334,0.0535839553070121,0.002652207001522,0.0,0.0,-0.0043371685842921,0.0011023854427213,-4.5048870821031536e-06,-0.006440439638333,False
ETHUSDT_15m_short_2pct_orders,ETHUSDT,15,-1,0.02,orders,structure,398,398,-0.0019661841122703,0.7547141971449572,0.3366834170854271,2.5416666666666665,27.19749999999996,134.43333333333334,0.8593702426831695,0.1017582877128953,0.0,0.0,-0.0008998971847731,0.0011004949434516,-3.420801595449331e-05,-0.0029681188601798,178,178,-0.001133394231708,0.8525258921791623,0.3651685393258427,2.591666666666667,18.47250000000001,43.38333333333333,0.3217296009476914,0.1004965753424657,0.0,0.0,-4.448853640292004e-05,0.001100024468695,-1.111877338989149e-05,-0.0021344842280899,False
ETHUSDT_15m_short_2pct_orders,ETHUSDT,15,-1,0.02,orders,zones,28,28,0.0018507954796504,1.2852880267079536,0.4642857142857143,2.216666666666667,24.9925,57.833333333333336,0.0672305149454817,0.0065636405109489,0.0,0.0,0.0029320017151434,0.0010983873990566,-1.7181163563683628e-05,0.0008526881361181,19,19,-0.0057835841937808,0.3949159133871686,0.2105263157894736,2.25,6.114999999999995,8.2,0.1261308449666867,0.0062233637747336,0.0,0.0,-0.0046883968299938,0.0011025786182564,-7.391254469536578e-06,-0.0067893248449499,False
ETHUSDT_15m_short_2pct_regime,ETHUSDT,15,-1,0.02,regime,baseline,826,826,-0.0016992026945722,0.778387161742315,0.3389830508474576,2.575,22.47083333333333,134.43333333333334,1.5068978676383138,0.1974110401459854,0.0,0.0,-0.0006299888316318,0.0011003464938573,-3.113263091704007e-05,-0.0027008687896797,386,386,-0.0017188954538209,0.7784587550385687,0.3419689119170984,2.2416666666666667,15.383333333333333,43.38333333333333,0.7758722811575279,0.1924543378995434,0.0,0.0,-0.0006321139667968,0.0011003476626817,-1.3566175657661268e-05,-0.0027205724683167,False
ETHUSDT_15m_short_2pct_regime,ETHUSDT,15,-1,0.02,regime,both,14,14,0.0029331042104821,1.4847163481042192,0.5,2.316666666666667,26.611666666666647,57.833333333333336,0.0461872082429409,0.0034962996755879,0.0,0.0,0.0040045022511256,0.0010977975237618,-2.6399483118379533e-05,0.0019360751084854,9,9,-0.0054350491399313,0.4229994557883786,0.2222222222222222,1.55,5.843333333333334,5.883333333333334,0.0535839553070121,0.002652207001522,0.0,0.0,-0.0043371685842921,0.0011023854427213,-4.5048870821031536e-06,-0.006440439638333,False
ETHUSDT_15m_short_2pct_regime,ETHUSDT,15,-1,0.02,regime,structure,401,401,-0.0019064939403615,0.7563223826931474,0.3316708229426434,2.5,24.45,134.43333333333334,0.8413330360845763,0.0954430251419302,0.0,0.0,-0.000837740562865,0.0011004607573095,-3.17073798130656e-05,-0.0029083677178906,179,179,-0.0010840962030715,0.8573368377371656,0.3631284916201117,2.583333333333333,15.959999999999988,43.38333333333333,0.3253329144807731,0.0988451293759512,0.0,0.0,4.769405294477741e-06,0.001099997376827,-1.1131768461095232e-05,-0.0020851368832363,False
ETHUSDT_15m_short_2pct_regime,ETHUSDT,15,-1,0.02,regime,zones,28,28,0.0020166141258556,1.319001521667614,0.4642857142857143,2.216666666666667,24.9925,57.833333333333336,0.0646545357009632,0.0065509681670721,0.0,0.0,0.0030977292112257,0.0010982962489338,-1.7181163563683628e-05,0.0010186726840033,19,19,-0.0057835841937808,0.3949159133871686,0.2105263157894736,2.25,6.114999999999995,8.2,0.1261308449666867,0.0062233637747336,0.0,0.0,-0.0046883968299938,0.0011025786182564,-7.391254469536578e-06,-0.0067893248449499,False
ETHUSDT_15m_short_3pct_orders,ETHUSDT,15,-1,0.03,orders,baseline,681,680,-0.0016115614908766,0.819387471591865,0.2613803230543318,3.5166666666666666,38.266666666666666,134.43333333333334,1.2098874943482625,0.2332281528791565,1.0,0.0204120160721748,-0.0005559608672102,0.0011003057784769,-4.4705154810483246e-05,-0.0026131466871594,329,329,-0.0017471902278571,0.8052745161980219,0.2583586626139817,3.1,20.85999999999999,133.86666666666667,0.6584534159301149,0.2296917808219178,0.0,0.0,-0.0006658192318042,0.0011003662005774,-1.8995204524543108e-05,-0.0027488982658115,False
ETHUSDT_15m_short_3pct_orders,ETHUSDT,15,-1,0.03,orders,both,8,8,0.0029364362239584,1.388649153493017,0.375,3.066666666666667,20.17499999999999,27.933333333333334,0.0461872082429409,0.0017709600567721,0.0,0.0,0.0040045022511257,0.0010977975237618,-2.973149659458768e-05,0.001939408789636,2,2,0.0079652542756965,2.315201150112574,0.5,6.733333333333333,7.708333333333333,7.816666666666666,0.0198786351549531,0.0015372907153729,0.0,0.0,0.0090095047523762,0.0010950447723861,-5.0794295706533446e-05,0.0069732476462049,False
ETHUSDT_15m_short_3pct_orders,ETHUSDT,15,-1,0.03,orders,structure,349,349,-0.0017386782868034,0.8059482112939761,0.2578796561604584,3.033333333333333,44.87666666666657,134.43333333333334,0.7232052951443686,0.1253529247769667,0.0,0.0,-0.0006849986597882,0.0011003767492628,-4.669712224767074e-05,-0.0027403916595201,157,157,-0.0008731868468989,0.8997523487226907,0.2802547770700637,3.3833333333333333,22.696666666666665,43.38333333333333,0.254219659069793,0.1159474885844748,0.0,0.0,0.0002109016291586,0.0010998840041039,-1.5795528046419633e-05,-0.0018740188439754,False
ETHUSDT_15m_short_3pct_orders,ETHUSDT,15,-1,0.03,orders,zones,16,16,-0.0020722592283945,0.7713771703864792,0.25,3.066666666666667,29.354166666666668,29.616666666666667,0.1123191401683107,0.0046406123276561,0.0,0.0,-0.0010005002501249,0.0011005502751375,-2.87912968679184e-05,-0.0030742973961765,7,7,-0.0063702902167574,0.3860818602698536,0.1428571428571428,5.166666666666667,8.084999999999999,8.2,0.0947872806847518,0.0035711567732115,0.0,0.0,-0.005290502394054,0.0011029097763167,-2.3121953613402536e-05,-0.0073766257330964,False
ETHUSDT_15m_short_3pct_regime,ETHUSDT,15,-1,0.03,regime,baseline,698,697,-0.0016483793854369,0.8077272406102172,0.2564469914040114,3.216666666666667,34.56416666666664,134.43333333333334,1.2629829300962372,0.2211368359691808,1.0,0.0204120160721748,-0.0005891338748875,0.0011003240236311,-4.10785130817253e-05,-0.002649999604729,337,337,-0.001838900634656,0.7904753908770085,0.2551928783382789,2.8,18.579999999999977,133.86666666666667,0.6939620802272221,0.2196765601217656,0.0,0.0,-0.0007567700562091,0.0011004162235309,-1.8285645083927338e-05,-0.0028407000741613,False
ETHUSDT_15m_short_3pct_regime,ETHUSDT,15,-1,0.03,regime,both,8,8,0.0029364362239584,1.388649153493017,0.375,3.066666666666667,20.17499999999999,27.933333333333334,0.0461872082429409,0.0017709600567721,0.0,0.0,0.0040045022511257,0.0010977975237618,-2.973149659458768e-05,0.001939408789636,2,2,0.0079652542756965,2.315201150112574,0.5,6.733333333333333,7.708333333333333,7.816666666666666,0.0198786351549531,0.0015372907153729,0.0,0.0,0.0090095047523762,0.0010950447723861,-5.0794295706533446e-05,0.0069732476462049,False
ETHUSDT_15m_short_3pct_regime,ETHUSDT,15,-1,0.03,regime,structure,355,355,-0.0017047184324765,0.8046906945893662,0.2535211267605634,3.0166666666666666,40.443333333333335,134.43333333333334,0.7012200513551077,0.118800055758313,0.0,0.0,-0.0006474673920792,0.0011003561070656,-4.310506666837853e-05,-0.0027063960323047,158,158,-0.0008189834308157,0.9048351300173928,0.2784810126582278,3.375,20.96500000000001,43.38333333333333,0.2578229726028749,0.1142941400304414,0.0,0.0,0.0002650901190211,0.0010998542004345,-1.5780650597615466e-05,-0.0018197611898951,False
ETHUSDT_15m_short_3pct_regime,ETHUSDT,15,-1,0.03,regime,zones,16,16,-0.0011639617540611,0.8572841421049989,0.25,3.066666666666667,29.354166666666668,29.616666666666667,0.0977863805789766,0.0046159012570965,0.0,0.0,-9.270206479346926e-05,0.0011000509861356,-2.87912968679184e-05,-0.0021650911695383,7,7,-0.0063702902167574,0.3860818602698536,0.1428571428571428,5.166666666666667,8.084999999999999,8.2,0.0947872806847518,0.0035711567732115,0.0,0.0,-0.005290502394054,0.0011029097763167,-2.3121953613402536e-05,-0.0073766257330964,False
ETHUSDT_5m_long_1.5pct_orders,ETHUSDT,5,1,0.015,orders,baseline,1300,1300,-0.0022544481808438,0.6924366714450081,0.3969230769230769,2.8583333333333334,17.621666666666663,66.76666666666667,2.930782635097022,0.2586533100162206,0.0,0.0,-0.0010763464421634,0.0010994080094568,7.869372922358809e-05,-0.0032522846798697,425,425,-0.001546256539111,0.7785551224593577,0.4235294117647059,2.5,12.46666666666665,44.41666666666666,0.7186307483800882,0.1912956621004566,0.0,0.0,-0.0004118528970808,0.0010997734809066,3.463016112359416e-05,-0.0025447788444184,False
ETHUSDT_5m_long_1.5pct_orders,ETHUSDT,5,1,0.015,orders,both,57,57,-0.0060306656291126,0.3431593958178066,0.2456140350877192,2.033333333333333,13.236666666666643,26.55,0.3554526559809553,0.0087420164233576,0.0,0.0,-0.0048552916524193,0.0010973295895911,7.804438710214468e-05,-0.0070247274712979,20,20,-0.007120358885935,0.265222342071346,0.2,2.7583333333333333,10.090000000000002,11.483333333333333,0.1611000522103081,0.008681506849315,0.0,0.0,-0.0059945027486256,0.0010967030234882,2.9153113821141335e-05,-0.0081133071332447,False
ETHUSDT_5m_long_1.5pct_orders,ETHUSDT,5,1,0.015,orders,structure,603,603,-0.002391475139383,0.6765275596931554,0.3913764510779436,2.583333333333333,17.98666666666666,54.36666666666667,1.464772850909939,0.1171855991484184,0.0,0.0,-0.0012148734919438,0.0010993318195794,7.72698278598215e-05,-0.0033891739679102,231,231,-0.0008804669875182,0.867754765900065,0.4502164502164502,2.533333333333333,11.966666666666669,21.05,0.3501956768496074,0.1011320395738204,0.0,0.0,0.0002546562216727,0.0011001400609219,3.498314826910392e-05,-0.0018796549264751,False
ETHUSDT_5m_long_1.5pct_orders,ETHUSDT,5,1,0.015,orders,zones,120,120,-0.004453661974523,0.4699796193068549,0.3083333333333333,3.0416666666666665,14.765833333333326,26.55,0.5670430221830614,0.0208339669505271,0.0,0.0,-0.0032888763951356,0.0010981911179826,6.659446140464819e-05,-0.0054492943080771,35,35,-0.0071192029178489,0.2649928423753344,0.2,2.15,10.166666666666664,11.483333333333333,0.2556816986845223,0.0126807458143074,0.0,0.0,-0.0059945027486255,0.0010967030234882,2.7997145735057705e-05,-0.0081121517425652,False
ETHUSDT_5m_long_1.5pct_regime,ETHUSDT,5,1,0.015,regime,baseline,1308,1308,-0.0023044567630048,0.6783291429480892,0.3883792048929663,2.75,15.964166666666646,66.76666666666667,3.017219460951069,0.2435402727088402,0.0,0.0,-0.0011294068438775,0.0010993788262358,7.567109289143065e-05,-0.0033022417670965,427,427,-0.0014414943165017,0.7871843041991129,0.4309133489461358,2.35,11.821666666666664,44.41666666666666,0.660510364313504,0.185300608828006,0.0,0.0,-0.0003078369258431,0.0010998306896907,3.3826700967749724e-05,-0.0024401209299989,False
ETHUSDT_5m_long_1.5pct_regime,ETHUSDT,5,1,0.015,regime,both,57,57,-0.0053991064183818,0.3685081056827745,0.2456140350877192,1.7166666666666666,13.236666666666643,26.55,0.3194537809693021,0.0084277422952149,0.0,0.0,-0.0042233848929708,0.0010976771383088,7.804438710214468e-05,-0.0063937995044716,20,20,-0.007120358885935,0.265222342071346,0.2,2.7583333333333333,10.090000000000002,11.483333333333333,0.1611000522103081,0.008681506849315,0.0,0.0,-0.0059945027486256,0.0010967030234882,2.9153113821141335e-05,-0.0081133071332447,False
ETHUSDT_5m_long_1.5pct_regime,ETHUSDT,5,1,0.015,regime,structure,603,603,-0.002360673907949,0.6740981623530621,0.3864013266998342,2.5166666666666666,17.158333333333324,54.36666666666667,1.4491897232958992,0.1137507603406326,0.0,0.0,-0.0011849610287689,0.0010993482714341,7.636460774591577e-05,-0.0033584030697197,231,231,-0.0009008427892482,0.8628311400923963,0.4458874458874459,2.25,11.966666666666669,21.05,0.3566165806987817,0.0992789193302891,0.0,0.0,0.0002342692070847,0.0011001288480638,3.498314826910392e-05,-0.001900010362576,False
ETHUSDT_5m_long_1.5pct_regime,ETHUSDT,5,1,0.015,regime,zones,120,120,-0.0041473792267403,0.482334136736641,0.3083333333333333,2.775,11.925,26.55,0.530289092449139,0.019217609489051,0.0,0.0,-0.0029854735164377,0.0010983579895659,6.354772073661025e-05,-0.0051433161667593,35,35,-0.0071192029178489,0.2649928423753344,0.2,2.15,10.166666666666664,11.483333333333333,0.2556816986845223,0.0126807458143074,0.0,0.0,-0.0059945027486255,0.0010967030234882,2.7997145735057705e-05,-0.0081121517425652,False
ETHUSDT_5m_long_1pct_orders,ETHUSDT,5,1,0.01,orders,baseline,1621,1621,-0.0024203462726422,0.6115871127564573,0.48673658235657,2.2666666666666666,12.15,59.6,3.923381307953068,0.2339941960665044,0.0,0.0,-0.0012645034669585,0.0010993045230931,5.6538282590484006e-05,-0.0034180058786722,534,534,-0.0015989505122508,0.7213169360126194,0.5262172284644194,1.7166666666666666,9.328333333333331,21.75,0.8871519805523437,0.1682781582952816,0.0,0.0,-0.0004756797631145,0.0010997383761302,2.353237300598541e-05,-0.0025974146009958,False
ETHUSDT_5m_long_1pct_orders,ETHUSDT,5,1,0.01,orders,both,89,89,-0.0036110144277156,0.4814512789989545,0.4269662921348314,1.7333333333333334,9.186666666666662,26.016666666666666,0.3213802840666905,0.0098438767234387,0.0,0.0,-0.002458714462993,0.0010986477070453,5.365225767717336e-05,-0.0046074825170192,31,31,-0.0050194279870835,0.3573452839709204,0.3548387096774194,2.25,10.666666666666666,13.316666666666666,0.1763712005329554,0.0121993911719939,0.0,0.0,-0.0038998242814076,0.0010978550966452,2.174860903071156e-05,-0.0060144724141467,False
ETHUSDT_5m_long_1pct_orders,ETHUSDT,5,1,0.01,orders,structure,723,723,-0.0022808161140875,0.628894216057511,0.4937759336099585,2.033333333333333,12.463333333333331,54.36666666666667,1.688462502515353,0.103322054947283,0.0,0.0,-0.0011238571585575,0.0010993818785627,5.757707696725104e-05,-0.003278615700013,280,280,-0.0008397214675005,0.8408604443457608,0.5642857142857143,1.6583333333333334,9.650833333333331,17.083333333333332,0.3633699467050263,0.0877853881278538,0.0,0.0,0.0002849289640894,0.0011001567109302,2.449372065975202e-05,-0.0018389448869187,False
ETHUSDT_5m_long_1pct_orders,ETHUSDT,5,1,0.01,orders,zones,198,198,-0.0032595889666363,0.51664852059979,0.4444444444444444,2.3,11.633333333333288,26.016666666666666,0.6516359889432234,0.0262786394971613,0.0,0.0,-0.0021095008051528,0.0010988397745571,5.124838692630441e-05,-0.0042564071040156,61,61,-0.0055560469538881,0.3168101446036215,0.3278688524590163,2.1666666666666665,9.85,13.316666666666666,0.3552904646728846,0.020003805175038,0.0,0.0,-0.004438682298195,0.0010975587247359,1.980593095706574e-05,-0.0065505540585524,False
ETHUSDT_5m_long_1pct_regime,ETHUSDT,5,1,0.01,regime,baseline,1622,1622,-0.002420301832002,0.6046235141155804,0.4771886559802712,2.191666666666667,11.51583333333333,56.95,3.928719586448024,0.2237847222222222,0.0,0.0,-0.0012656349141791,0.0010993039007972,5.5363017025691e-05,-0.0034179608948174,535,535,-0.0015666150840542,0.7229204995163759,0.525233644859813,1.6833333333333331,9.305,19.5,0.8589972860763606,0.1654680365296803,0.0,0.0,-0.0004437456931464,0.0010997559398687,2.311345103896704e-05,-0.0025651112826228,False
ETHUSDT_5m_long_1pct_regime,ETHUSDT,5,1,0.01,regime,both,89,89,-0.0034309037083656,0.4875409432931319,0.4157303370786517,1.6666666666666667,9.186666666666662,26.016666666666666,0.3053504300445426,0.0095980332522303,0.0,0.0,-0.002278504628234,0.0010987468224544,5.365225767717336e-05,-0.0044275518184681,31,31,-0.0050194279870835,0.3573452839709204,0.3548387096774194,2.25,10.666666666666666,13.316666666666666,0.1763712005329554,0.0121993911719939,0.0,0.0,-0.0038998242814076,0.0010978550966452,2.174860903071156e-05,-0.0060144724141467,False
ETHUSDT_5m_long_1pct_regime,ETHUSDT,5,1,0.01,regime,structure,723,723,-0.0022361284225492,0.6302114513534193,0.4882434301521438,2.0,12.463333333333331,54.36666666666667,1.6591433164738196,0.102045949918897,0.0,0.0,-0.0010792831152141,0.0010994063942866,5.7438913048470165e-05,-0.0032339726047738,280,280,-0.0008648718832046,0.835116836004596,0.5571428571428572,1.5833333333333333,9.650833333333331,17.083333333333332,0.3633699467050264,0.0871632420091324,0.0,0.0,0.0002597647080445,0.0011001428705894,2.449372065975202e-05,-0.0018640701647635,False
ETHUSDT_5m_long_1pct_regime,ETHUSDT,5,1,0.01,regime,zones,198,198,-0.0032132520452733,0.5125416624575323,0.4343434343434343,2.175,9.60666666666666,26.016666666666666,0.6424612785133498,0.0249936638280616,0.0,0.0,-0.0020639658654007,0.001098864818774,5.042136109851326e-05,-0.0042101160829271,61,61,-0.0055560469538881,0.3168101446036215,0.3278688524590163,2.1666666666666665,9.85,13.316666666666666,0.3552904646728846,0.020003805175038,0.0,0.0,-0.004438682298195,0.0010975587247359,1.980593095706574e-05,-0.0065505540585524,False
ETHUSDT_5m_long_2.5pct_orders,ETHUSDT,5,1,0.025,orders,baseline,972,972,-0.0025661049725275,0.7092801731474764,0.2757201646090535,3.983333333333333,25.978333333333328,72.15,2.513031453773716,0.2819019920924574,0.0,0.0,-0.0013489448691291,0.0010992580803219,0.0001179020230763,-0.0035636495745133,315,315,-0.0014873644649989,0.8235456479674068,0.3047619047619048,3.533333333333333,21.668333333333337,62.85,0.5599130013292211,0.2173173515981735,0.0,0.0,-0.0003334999167082,0.0010998165750458,5.4047973244887946e-05,-0.0024859553418895,False
ETHUSDT_5m_long_2.5pct_orders,ETHUSDT,5,1,0.025,orders,both,26,26,-0.0068711909861199,0.3370009557778268,0.1538461538461538,1.9833333333333332,38.8875,48.28333333333333,0.1890900021907207,0.0071522708840227,0.0,0.0,-0.0056102717871832,0.001096914350517,0.0001640048484196,-0.0078644557028332,9,9,-0.0082580586861393,0.2352457692495292,0.1111111111111111,2.35,19.569999999999997,25.85,0.0757326643998617,0.0057990867579908,0.0,0.0,-0.0071045033039035,0.0010960925231828,5.746285905299428e-05,-0.0092498839565258,False
ETHUSDT_5m_long_2.5pct_orders,ETHUSDT,5,1,0.025,orders,structure,459,459,-0.0028425119877681,0.681145160455489,0.2679738562091503,3.6166666666666663,27.83666666666664,78.3,1.3771012117298287,0.1395053984184915,0.0,0.0,-0.0016197946778243,0.0010991091129271,0.0001236081970165,-0.0038397831738234,173,173,-0.0002227504883597,0.9721120123215574,0.3410404624277456,3.8,17.83333333333334,36.7,0.2606993454026109,0.1222754946727549,0.0,0.0,0.0009349804866353,0.0011005142392676,5.721673572750227e-05,-0.0012226069322497,False
ETHUSDT_5m_long_2.5pct_orders,ETHUSDT,5,1,0.025,orders,zones,50,50,-0.0038040882951096,0.5892285458555367,0.24,2.308333333333333,19.29583333333333,48.28333333333333,0.2243803168077524,0.0120045113544201,0.0,0.0,-0.0025979010494751,0.0010985711544227,0.0001076160912116,-0.0048003903888683,14,14,-0.0096311335480737,0.1449751891979689,0.0714285714285714,2.5416666666666665,15.883333333333328,25.85,0.1358628049773757,0.008681506849315,0.0,0.0,-0.0084920039980008,0.001095329397801,4.380015227170538e-05,-0.0106215795977499,False
ETHUSDT_5m_long_2.5pct_regime,ETHUSDT,5,1,0.025,regime,baseline,984,984,-0.0026812886554649,0.6856684243499576,0.2713414634146341,3.675,24.06083333333332,72.15,2.673154168323742,0.2635727139091646,0.0,0.0,-0.0014712322540365,0.0010991908222602,0.000110865579168,-0.0036787146130496,319,319,-0.0014284735506095,0.8239875862934393,0.3197492163009404,3.2,19.26666666666663,62.85,0.5036589935305058,0.2087252663622526,0.0,0.0,-0.0002765356725864,0.00109984790538,5.208997264301348e-05,-0.0024271223100124,False
ETHUSDT_5m_long_2.5pct_regime,ETHUSDT,5,1,0.025,regime,both,26,26,-0.0068711909861199,0.3370009557778268,0.1538461538461538,1.9833333333333332,38.8875,48.28333333333333,0.1890900021907207,0.0071522708840227,0.0,0.0,-0.0056102717871832,0.001096914350517,0.0001640048484196,-0.0078644557028332,9,9,-0.0082580586861393,0.2352457692495292,0.1111111111111111,2.35,19.569999999999997,25.85,0.0757326643998617,0.0057990867579908,0.0,0.0,-0.0071045033039035,0.0010960925231828,5.746285905299428e-05,-0.0092498839565258,False
ETHUSDT_5m_long_2.5pct_regime,ETHUSDT,5,1,0.025,regime,structure,459,459,-0.0025725067875894,0.7002532475184187,0.2723311546840958,3.566666666666667,27.705,78.3,1.2561588397885248,0.1339130930656934,0.0,0.0,-0.0013530038656373,0.0010992558478738,0.0001202470740781,-0.0035700461634823,173,173,-0.000423276077504,0.9461930779174318,0.3352601156069364,3.583333333333333,17.83333333333334,36.7,0.277135344984603,0.1197260273972602,0.0,0.0,0.0007345214382981,0.001100403986791,5.739352901111667e-05,-0.001422932184314,False
ETHUSDT_5m_long_2.5pct_regime,ETHUSDT,5,1,0.025,regime,zones,50,50,-0.0038040882951096,0.5892285458555367,0.24,2.308333333333333,19.29583333333333,48.28333333333333,0.2243803168077524,0.0120045113544201,0.0,0.0,-0.0025979010494751,0.0010985711544227,0.0001076160912116,-0.0048003903888683,14,14,-0.0096311335480737,0.1449751891979689,0.0714285714285714,2.5416666666666665,15.883333333333328,25.85,0.1358628049773757,0.008681506849315,0.0,0.0,-0.0084920039980008,0.001095329397801,4.380015227170538e-05,-0.0106215795977499,False
ETHUSDT_5m_long_2pct_orders,ETHUSDT,5,1,0.02,orders,baseline,1117,1117,-0.0022863029277333,0.7193673995937675,0.3303491495076097,3.433333333333333,21.01,71.91666666666667,2.5625932802604283,0.2716095143957826,0.0,0.0,-0.0010889362838722,0.0010994010850438,9.796555881724324e-05,-0.0032841172238355,353,353,-0.0017774559385837,0.7758889711783209,0.3456090651558073,3.183333333333333,16.83666666666666,44.68333333333333,0.6861804289395911,0.2073230593607306,0.0,0.0,-0.0006315963831114,0.0010996526219892,4.620693348299299e-05,-0.0027757529483072,False
ETHUSDT_5m_long_2pct_orders,ETHUSDT,5,1,0.02,orders,both,42,42,-0.0057791995438952,0.3971202606792726,0.2142857142857142,2.283333333333333,17.654999999999983,45.7,0.248122825456888,0.0083365014193025,0.0,0.0,-0.0045673591775539,0.0010974879524523,0.0001143524138889,-0.0067735308806436,15,15,-0.0061409410955724,0.3671585299996259,0.2,3.083333333333333,18.20833333333332,25.85,0.1362878830899408,0.0095452815829528,0.0,0.0,-0.0049955022488754,0.0010972524737631,4.818637293390358e-05,-0.0071348777883319,False
ETHUSDT_5m_long_2pct_orders,ETHUSDT,5,1,0.02,orders,structure,526,526,-0.0026152850737303,0.6840925227753701,0.3193916349809886,2.95,21.491666666666667,71.91666666666667,1.4279995685334363,0.1275401713300892,0.0,0.0,-0.0014173331585156,0.0010992204667628,9.87314484518175e-05,-0.003612770934876,192,192,-0.0005856530783495,0.9213565002604426,0.3854166666666667,3.2333333333333334,15.945,25.85,0.2945755400411972,0.113607305936073,0.0,0.0,0.0005614380309846,0.001100308790917,4.678231841716421e-05,-0.0015851415836176,False
ETHUSDT_5m_long_2pct_orders,ETHUSDT,5,1,0.02,orders,zones,81,81,-0.004413074598033,0.5103825061993643,0.2592592592592592,2.45,18.883333333333333,45.7,0.3997459774166697,0.0172907796025952,0.0,0.0,-0.0032195013604307,0.0010982292742517,9.534396335054294e-05,-0.0054087618734586,26,26,-0.0063662290833193,0.3496253502437387,0.1923076923076923,2.65,14.070833333333333,25.85,0.1769231600721165,0.0131392694063926,0.0,0.0,-0.0052260408257408,0.0010971256775458,4.306258003268893e-05,-0.0073599380386685,False
ETHUSDT_5m_long_2pct_regime,ETHUSDT,5,1,0.02,regime,baseline,1130,1130,-0.0023240505585868,0.7057965283087834,0.3256637168141593,3.3,19.19583333333333,71.91666666666667,2.637960056126077,0.2538194444444444,0.0,0.0,-0.0011318003690552,0.001099377509797,9.287267973460602e-05,-0.0033218245794628,356,356,-0.0017207020853658,0.7759132844966524,0.3567415730337078,2.8833333333333333,16.679166666666667,44.68333333333333,0.6378756715360275,0.1998934550989345,0.0,0.0,-0.0005761697437653,0.0010996831066409,4.484923495958972e-05,-0.0027190551417585,False
ETHUSDT_5m_long_2pct_regime,ETHUSDT,5,1,0.02,regime,both,42,42,-0.0054790708748369,0.4099555984804295,0.2142857142857142,2.05,17.654999999999983,45.7,0.2355174213564393,0.0082357562854825,0.0,0.0,-0.0042670653468887,0.0010976531140592,0.0001143524138889,-0.006473702190415,15,15,-0.0061409410955724,0.3671585299996259,0.2,3.083333333333333,18.20833333333332,25.85,0.1362878830899408,0.0095452815829528,0.0,0.0,-0.0049955022488754,0.0010972524737631,4.818637293390358e-05,-0.0071348777883319,False
ETHUSDT_5m_long_2pct_regime,ETHUSDT,5,1,0.02,regime,structure,526,526,-0.0024178304108965,0.6982259769924618,0.3212927756653992,2.816666666666667,21.3,71.91666666666667,1.3271284308235731,0.1222862175587996,0.0,0.0,-0.0012225100163125,0.001099327619491,9.599277509291034e-05,-0.0034155122587883,192,192,-0.0006883310011611,0.90619804692436,0.3802083333333333,3.091666666666667,15.945,25.85,0.306019284375813,0.1111415525114155,0.0,0.0,0.0004588629900154,0.0011002523746445,4.694161653208761e-05,-0.0016877169594175,False
ETHUSDT_5m_long_2pct_regime,ETHUSDT,5,1,0.02,regime,zones,81,81,-0.0040754189847161,0.5318429762808693,0.2716049382716049,2.433333333333333,18.48333333333333,45.7,0.3723958727379969,0.0163707674371451,0.0,0.0,-0.002883691886835,0.0010984139694622,9.331312841882753e-05,-0.0050714427317622,26,26,-0.0063662290833193,0.3496253502437387,0.1923076923076923,2.65,14.070833333333333,25.85,0.1769231600721165,0.0131392694063926,0.0,0.0,-0.0052260408257408,0.0010971256775458,4.306258003268893e-05,-0.0073599380386685,False
ETHUSDT_5m_long_3pct_orders,ETHUSDT,5,1,0.03,orders,baseline,856,856,-0.002564353813855,0.7226278264684213,0.241822429906542,4.658333333333333,32.47083333333333,121.15,2.2238487956316555,0.2898519870235199,0.0,0.0,-0.0013262761142791,0.0010992705481371,0.0001388071514387,-0.0035619106186946,286,286,-0.0012524436001324,0.8579996455668641,0.2727272727272727,4.091666666666667,23.1375,62.85,0.4921403868278495,0.223753805175038,0.0,0.0,-9.131797737484177e-05,0.0010999497751124,6.117584764513724e-05,-0.0022512728445424,False
ETHUSDT_5m_long_3pct_orders,ETHUSDT,5,1,0.03,orders,both,15,15,-0.0070003823676856,0.3442349650493458,0.1333333333333333,1.7166666666666666,25.19166666666664,45.9,0.1050057355152852,0.0034164639091646,0.0,0.0,-0.0056615025820421,0.0010968861735798,0.0002419936120636,-0.0079935569519176,5,5,-0.01214352670474,0.0,0.0,2.35,5.12,5.716666666666667,0.0607176335237001,0.0014554794520547,0.0,0.0,-0.0109895052473762,0.0010939557721139,6.006568524986383e-05,-0.0131314697483439,False
ETHUSDT_5m_long_3pct_orders,ETHUSDT,5,1,0.03,orders,structure,425,425,-0.0028305899060816,0.6964466307486239,0.2352941176470588,4.0,32.859999999999935,121.15,1.271708302211645,0.1457446269261962,0.0,0.0,-0.0015871476026691,0.0010991270688185,0.0001443152345939,-0.0038278833617905,159,159,-9.518547674228606e-05,0.9887609515319415,0.3018867924528302,4.466666666666667,22.42333333333333,38.41666666666666,0.2858344727153005,0.1303025114155251,0.0,0.0,0.0010738970137573,0.0011005906433575,6.849184714209216e-05,-0.0010951750595154,False
ETHUSDT_5m_long_3pct_orders,ETHUSDT,5,1,0.03,orders,zones,27,27,-0.004847021942757,0.5135436301804013,0.1851851851851851,1.7166666666666666,32.399999999999984,45.9,0.1308695924544397,0.0065699766828872,0.0,0.0,-0.0035895015455233,0.0010980257741499,0.0001594946230836,-0.0058423075628322,8,8,-0.0121203436198112,0.0,0.0,2.5416666666666665,8.836666666666664,10.516666666666667,0.1043623034278354,0.0032001522070015,0.0,0.0,-0.0109895052473762,0.0010939557721139,3.688260032104269e-05,-0.0131082982433776,False
ETHUSDT_5m_long_3pct_regime,ETHUSDT,5,1,0.03,regime,baseline,877,877,-0.0025634959913827,0.7099012630748075,0.2440136830102622,4.166666666666667,28.38999999999998,121.15,2.2799379303551173,0.2700932684509327,0.0,0.0,-0.0013342884597082,0.0010992661413471,0.0001299413903273,-0.0035610492207338,290,290,-0.0012600284007584,0.8512398164315405,0.2896551724137931,3.466666666666667,22.27166666666667,62.85,0.4458474708399718,0.2144387366818873,0.0,0.0,-0.000100894335573,0.0010999445081154,5.91895570698985e-05,-0.0022588490710087,False
ETHUSDT_5m_long_3pct_regime,ETHUSDT,5,1,0.03,regime,both,15,15,-0.0070003823676856,0.3442349650493458,0.1333333333333333,1.7166666666666666,25.19166666666664,45.9,0.1050057355152852,0.0034164639091646,0.0,0.0,-0.0056615025820421,0.0010968861735798,0.0002419936120636,-0.0079935569519176,5,5,-0.01214352670474,0.0,0.0,2.35,5.12,5.716666666666667,0.0607176335237001,0.0014554794520547,0.0,0.0,-0.0109895052473762,0.0010939557721139,6.006568524986383e-05,-0.0131314697483439,False
ETHUSDT_5m_long_3pct_regime,ETHUSDT,5,1,0.03,regime,structure,426,426,-0.0024910299221153,0.7215083576097325,0.2417840375586854,3.725,31.6,121.15,1.132876353888826,0.1399869474858069,0.0,0.0,-0.0012514090107873,0.001099311725044,0.0001403091862839,-0.0034886607652575,159,159,-0.0004069621055749,0.9511906436512794,0.2955974842767295,3.966666666666667,22.42333333333333,38.41666666666666,0.3072393088607538,0.1265315829528158,0.0,0.0,0.0007615421530115,0.0011004188481841,6.808541040230887e-05,-0.0014066398641554,False
ETHUSDT_5m_long_3pct_regime,ETHUSDT,5,1,0.03,regime,zones,27,27,-0.004847021942757,0.5135436301804013,0.1851851851851851,1.7166666666666666,32.399999999999984,45.9,0.1308695924544397,0.0065699766828872,0.0,0.0,-0.0035895015455233,0.0010980257741499,0.0001594946230836,-0.0058423075628322,8,8,-0.0121203436198112,0.0,0.0,2.5416666666666665,8.836666666666664,10.516666666666667,0.1043623034278354,0.0032001522070015,0.0,0.0,-0.0109895052473762,0.0010939557721139,3.688260032104269e-05,-0.0131082982433776,False
ETHUSDT_5m_short_1.5pct_orders,ETHUSDT,5,-1,0.015,orders,baseline,1479,1478,-0.0020774902654136,0.7135778574998961,0.4002704530087897,1.9666666666666663,17.726666666666656,124.66666666666669,3.100472290829625,0.2669720701540957,1.0,0.0019508535470426,-0.0010011802845293,0.0011005506491564,-2.4240668272175324e-05,-0.0030795313915367,757,757,-0.0021174095423913,0.7090161222655054,0.3989431968295905,1.55,11.05666666666666,41.66666666666666,1.6072961249912254,0.2741457382039574,0.0,0.0,-0.001026946762681,0.0011005648207194,-1.010204100922735e-05,-0.0031194835384637,False
ETHUSDT_5m_short_1.5pct_orders,ETHUSDT,5,-1,0.015,orders,both,65,65,-0.0028536986427727,0.6262679925783399,0.3692307692307692,1.65,21.15,37.93333333333333,0.2469467691471084,0.0110857664233576,0.0,0.0,-0.0017705006349327,0.0011009737753492,-1.777576750922082e-05,-0.0038565131335079,30,30,-0.0045977482518336,0.4576923513738932,0.3,1.7416666666666667,10.28416666666664,41.66666666666666,0.1618571836821815,0.0125418569254185,0.0,0.0,-0.0035030015007502,0.0011019266508254,-7.179899742010232e-06,-0.0056023023675753,False
ETHUSDT_5m_short_1.5pct_orders,ETHUSDT,5,-1,0.015,orders,structure,729,729,-0.0019938131241801,0.7237313731263515,0.4032921810699588,1.7666666666666666,17.550000000000004,82.5,1.467689458437773,0.1319894312652068,0.0,0.0,-0.0009181133776763,0.0011005049623577,-2.4805215854003858e-05,-0.0029957708135344,339,339,-0.0021379054874123,0.7065783667591962,0.3982300884955752,1.5166666666666666,11.106666666666642,41.66666666666666,0.7864860224185523,0.129339802130898,0.0,0.0,-0.0010447923076581,0.0011005746357692,-7.461456014988933e-06,-0.0031399986694,False
ETHUSDT_5m_short_1.5pct_orders,ETHUSDT,5,-1,0.015,orders,zones,135,135,-0.0024546801379369,0.6701164620373168,0.3851851851851852,2.1666666666666665,17.183333333333334,37.93333333333333,0.398781364553063,0.0220701540957015,0.0,0.0,-0.0013712411761435,0.0011007541826468,-1.7315220853456602e-05,-0.003457095180085,64,64,-0.0015405897965995,0.7798813651297029,0.421875,1.775,10.35249999999998,41.66666666666666,0.1564462109087539,0.0237214611872146,0.0,0.0,-0.0004530781015506,0.0011002491929558,-1.273749790699034e-05,-0.0025420880018124,False
ETHUSDT_5m_short_1.5pct_regime,ETHUSDT,5,-1,0.015,regime,baseline,1493,1492,-0.0020046724077009,0.7149491612328377,0.3958472873409243,1.95,17.45,70.98333333333333,3.020840092980326,0.2487714162611516,1.0,0.0019508535470426,-0.0009263255628229,0.0011005094790595,-2.216263418148392e-05,-0.0030066396404851,757,757,-0.0022117973376636,0.69103660975996,0.3896961690885072,1.5166666666666666,9.873333333333331,41.66666666666666,1.6817751598436403,0.2596404109589041,0.0,0.0,-0.0011207870203683,0.0011006164328612,-9.606115565930045e-06,-0.0032139655208332,False
ETHUSDT_5m_short_1.5pct_regime,ETHUSDT,5,-1,0.015,regime,both,65,65,-0.0027725000962986,0.6229301191218659,0.3538461538461538,1.65,11.963333333333331,37.93333333333333,0.2416688636262928,0.0096328821978913,0.0,0.0,-0.0016858559899405,0.0011009272207944,-1.4283114436390807e-05,-0.0037752316014997,30,30,-0.0051084459821253,0.403084708494354,0.2666666666666666,1.475,10.28416666666664,41.66666666666666,0.1771781155909325,0.0121955859969558,0.0,0.0,-0.0040134185016914,0.0011022073801759,-7.179899742010232e-06,-0.0061135110513295,False
ETHUSDT_5m_short_1.5pct_regime,ETHUSDT,5,-1,0.015,regime,structure,734,734,-0.0019208898475196,0.7277065252719808,0.4005449591280653,1.7583333333333333,16.190833333333337,70.98333333333333,1.424132838989916,0.1197561841038118,0.0,0.0,-0.000842672116747,0.0011004634696642,-2.224573889159861e-05,-0.0029227732973418,339,339,-0.0020878601432651,0.7083808296601417,0.3923303834808259,1.5,10.058333333333296,41.66666666666666,0.7695206507526603,0.125005707762557,0.0,0.0,-0.0009942698798786,0.0011005468484339,-6.9565850473964005e-06,-0.0030899030024128,False
ETHUSDT_5m_short_1.5pct_regime,ETHUSDT,5,-1,0.015,regime,zones,135,135,-0.0027442472065031,0.6263877119260289,0.3555555555555555,2.083333333333333,12.649999999999997,37.93333333333333,0.4378729188095048,0.019987454379562,0.0,0.0,-0.0016582365021842,0.0011009120300762,-1.4901325757288117e-05,-0.0037469507537726,64,64,-0.0017799793576737,0.7470321860827458,0.40625,1.7416666666666667,10.35249999999998,41.66666666666666,0.1717671428175049,0.0233751902587519,0.0,0.0,-0.0006923360707418,0.0011003807848389,-1.273749790699034e-05,-0.0027817170723222,False
ETHUSDT_5m_short_1pct_orders,ETHUSDT,5,-1,0.01,orders,baseline,1831,1830,-0.0018956345663543,0.6805360314324117,0.5095576187875478,1.4833333333333334,13.525,89.46666666666667,3.493763324024907,0.2430283100162206,1.0,0.0019508535470426,-0.0008124394081248,0.0011004468416744,-1.7251683445013156e-05,-0.0028974902512197,911,911,-0.002104691214408,0.6527469682606696,0.4994511525795829,1.2333333333333334,7.758333333333334,37.75,1.921790797726704,0.2426921613394216,0.0,0.0,-0.0010114881809729,0.0011005563184995,-7.353285064413719e-06,-0.0031067511114051,False
ETHUSDT_5m_short_1pct_orders,ETHUSDT,5,-1,0.01,orders,both,99,99,-0.0017829600855755,0.6960397239917727,0.5151515151515151,1.3333333333333333,12.08333333333333,24.183333333333334,0.2379744327421345,0.0115546431467964,0.0,0.0,-0.0006971667652006,0.0011003834417208,-1.4590121345984858e-05,-0.0027847017087566,48,48,-0.0012629184312829,0.7724724175252712,0.5416666666666666,1.15,10.479166666666655,38.68333333333333,0.1064596305198929,0.0167389649923896,0.0,0.0,-0.0001663331665831,0.0011000914832416,-3.5062185418372635e-06,-0.0022641342104444,False
ETHUSDT_5m_short_1pct_orders,ETHUSDT,5,-1,0.01,orders,structure,879,879,-0.0020049509770632,0.666015465703473,0.5039817974971559,1.2666666666666666,13.46333333333332,58.25,1.779459225603136,0.1097507349959448,0.0,0.0,-0.0009207846243939,0.0011005064315434,-1.634007887417393e-05,-0.0030069155772771,407,407,-0.0015302355675723,0.7321484886435364,0.5282555282555282,1.2,7.468333333333333,37.75,0.6594431726614526,0.108898401826484,0.0,0.0,-0.0004348242917526,0.0011002391533604,-4.827877540744339e-06,-0.0025317194585591,False
ETHUSDT_5m_short_1pct_orders,ETHUSDT,5,-1,0.01,orders,zones,208,208,-0.0011239960571554,0.7943504364105669,0.5480769230769231,1.7666666666666666,11.542499999999997,40.266666666666666,0.2829501482063351,0.0259808394160583,0.0,0.0,-3.799976911521232e-05,0.001100020899873,-1.4024611832744175e-05,-0.0021250781035766,90,90,-0.001868810882654,0.6841929723017415,0.5111111111111111,1.4416666666666669,7.1925,38.68333333333333,0.2073605371159181,0.027872907153729,0.0,0.0,-0.0007780556945137,0.0011004279306319,-9.672742491760266e-06,-0.0028706359409314,False
ETHUSDT_5m_short_1pct_regime,ETHUSDT,5,-1,0.01,regime,baseline,1840,1839,-0.0018627683650834,0.6792147665581375,0.5016304347826087,1.4833333333333334,12.85,65.98333333333333,3.450350224783715,0.2281059914841849,1.0,0.0019508535470426,-0.0007782354104113,0.0011004280294757,-1.5895074803572993e-05,-0.0028645904889852,911,911,-0.0021720451812661,0.6386346841909721,0.4873765093304061,1.2,7.516666666666667,37.75,1.986177735365689,0.23470700152207,0.0,0.0,-0.0010785254843348,0.0011005931890163,-7.07349208511159e-06,-0.003174172326061,False
ETHUSDT_5m_short_1pct_regime,ETHUSDT,5,-1,0.01,regime,both,99,99,-0.0015897437223679,0.7156949558956094,0.5050505050505051,1.3333333333333333,8.331666666666665,24.183333333333334,0.2237437269039788,0.0100035482562854,0.0,0.0,-0.0005026380300906,0.0011002764509165,-1.3170758639234672e-05,-0.0025912913227509,48,48,-0.0014777762782855,0.736139183493574,0.5208333333333334,1.1166666666666667,10.479166666666655,38.68333333333333,0.108428927259139,0.0164269406392694,0.0,0.0,-0.0003810729067286,0.0011002095900987,-3.5062185418372635e-06,-0.0024792070228842,False
ETHUSDT_5m_short_1pct_regime,ETHUSDT,5,-1,0.01,regime,structure,881,881,-0.0020070269316953,0.661076581371016,0.4960272417707151,1.2333333333333334,12.3,57.61666666666667,1.7852980435881187,0.1013388331305758,0.0,0.0,-0.0009214132197543,0.0011005067772708,-1.4893065329899611e-05,-0.0030089928853962,407,407,-0.0015620745408559,0.7243467420368952,0.5184275184275184,1.2,7.366666666666666,37.75,0.6724016347878834,0.1065791476407914,0.0,0.0,-0.0004665267782151,0.001100256589728,-4.708827087234626e-06,-0.0025635902272342,False
ETHUSDT_5m_short_1pct_regime,ETHUSDT,5,-1,0.01,regime,zones,208,208,-0.0011889383397293,0.7767032429179221,0.5240384615384616,1.75,8.638333333333325,40.266666666666666,0.3023900762423219,0.0230547952149229,0.0,0.0,-0.0001016852694472,0.0011000559268981,-1.2802856616107915e-05,-0.002190084750075,90,90,-0.0019681756033752,0.6680424836587555,0.5,1.3833333333333333,7.1925,38.68333333333333,0.2163033619808263,0.0275437595129375,0.0,0.0,-0.0008773657946799,0.001100482551187,-9.672742491760266e-06,-0.0029701000761302,False
ETHUSDT_5m_short_2.5pct_orders,ETHUSDT,5,-1,0.025,orders,baseline,1150,1149,-0.0021340864111499,0.7533344647967846,0.2843478260869565,2.683333333333333,24.433333333333334,124.66666666666669,2.5489468650883618,0.2918763939578264,1.0,0.0019508535470426,-0.0010666574748231,0.0011005866616111,-3.315772528436212e-05,-0.0031361886202899,590,590,-0.0024158371983639,0.7241559437567936,0.2762711864406779,2.2,16.919999999999952,52.18333333333333,1.4297610484357115,0.3114973363774733,0.0,0.0,-0.0013313393985126,0.0011007322366691,-1.6234436817923644e-05,-0.0034182128377296,False
ETHUSDT_5m_short_2.5pct_orders,ETHUSDT,5,-1,0.025,orders,both,28,28,-0.0008356356618111,0.8983099608364048,0.3214285714285714,1.8166666666666669,11.204999999999997,13.583333333333334,0.1351668924312872,0.0030781123276561,0.0,0.0,0.0002507503751877,0.0010998620872936,-1.34760502947878e-05,-0.0018364289291593,19,19,-0.0084185051335431,0.2227901680924774,0.1052631578947368,1.7333333333333334,47.22166666666666,51.016666666666666,0.1938918441697454,0.0157534246575342,0.0,0.0,-0.0073226086727573,0.00110402743477,-8.130973984117446e-06,-0.0094268823949503,False
ETHUSDT_5m_short_2.5pct_orders,ETHUSDT,5,-1,0.025,orders,structure,602,602,-0.0017173692542333,0.798214755709661,0.2956810631229236,2.3666666666666667,23.90583333333327,121.13333333333334,1.1029211716063003,0.1511778943633414,0.0,0.0,-0.0006513140291074,0.001100358222716,-3.4302997590124275e-05,-0.0027190551101815,262,262,-0.00260407614565,0.7048646306026757,0.2709923664122137,2.375,17.714999999999993,51.016666666666666,0.7201012537809044,0.1483561643835616,0.0,0.0,-0.0015162829506355,0.0011008339556228,-1.3040760608354553e-05,-0.0036066385213848,False
ETHUSDT_5m_short_2.5pct_orders,ETHUSDT,5,-1,0.025,orders,zones,59,59,0.0009669234137581,1.1272895675028434,0.3728813559322034,2.1666666666666665,13.943333333333312,29.133333333333333,0.1585738709374096,0.0086381032035685,0.0,0.0,0.0020533995811466,0.0010988706302303,-1.2394462841861183e-05,-3.2065851087982186e-05,29,29,-0.0084756705996947,0.2186656052405644,0.1034482758620689,1.8,31.49333333333325,51.016666666666666,0.279734694023573,0.0190658295281582,0.0,0.0,-0.0073861930965481,0.0011040624062031,-1.4584903056477312e-05,-0.0094841082821598,False
ETHUSDT_5m_short_2.5pct_regime,ETHUSDT,5,-1,0.025,regime,baseline,1165,1164,-0.0019906322048491,0.7596024802896184,0.286695278969957,2.583333333333333,23.37333333333332,123.68333333333334,2.4138340109151697,0.2705950932684509,1.0,0.0019508535470426,-0.0009201094086334,0.0011005060601747,-2.998326395907551e-05,-0.0029925893007166,594,594,-0.0026690596959694,0.6885048713008868,0.2693602693602693,2.1166666666666667,13.875000000000004,52.18333333333333,1.592866034638107,0.2930745814307458,0.0,0.0,-0.0015828400268692,0.0011008705620147,-1.4650892914532177e-05,-0.0036716878928617,False
ETHUSDT_5m_short_2.5pct_regime,ETHUSDT,5,-1,0.025,regime,both,28,28,-0.0004224581391897,0.9458685452640244,0.3214285714285714,1.8166666666666669,9.361666666666656,13.583333333333334,0.1294400630191359,0.0027543339416058,0.0,0.0,0.0006649968311621,0.0010996342517428,-1.2179281391025975e-05,-0.0014228373737316,19,19,-0.0084185051335431,0.2227901680924774,0.1052631578947368,1.7333333333333334,47.22166666666666,51.016666666666666,0.1938918441697454,0.0157534246575342,0.0,0.0,-0.0073226086727573,0.00110402743477,-8.130973984117446e-06,-0.0094268823949503,False
ETHUSDT_5m_short_2.5pct_regime,ETHUSDT,5,-1,0.025,regime,structure,607,607,-0.0015601636296536,0.8107944194829078,0.2981878088962109,2.4,22.174999999999983,121.13333333333334,1.016084203757586,0.1371280667072181,0.0,0.0,-0.0004904509491153,0.001100269748022,-3.0557067483687555e-05,-0.0025616903282904,263,263,-0.0025003050377418,0.7095493664899107,0.2661596958174905,2.316666666666667,15.399999999999988,51.016666666666666,0.6954135285467176,0.143607305936073,0.0,0.0,-0.0014119199284409,0.0011007765559606,-1.239144665970537e-05,-0.0035027632657482,False
ETHUSDT_5m_short_2.5pct_regime,ETHUSDT,5,-1,0.025,regime,zones,59,59,0.0012790508240501,1.1755943502856454,0.3728813559322034,2.1666666666666665,13.943333333333312,29.133333333333333,0.1529368335646313,0.0083016524736415,0.0,0.0,0.002365970493188,0.0010986987162287,-1.1779047090923368e-05,0.0002803741506204,29,29,-0.0084756705996947,0.2186656052405644,0.1034482758620689,1.8,31.49333333333325,51.016666666666666,0.279734694023573,0.0190658295281582,0.0,0.0,-0.0073861930965481,0.0011040624062031,-1.4584903056477312e-05,-0.0094841082821598,False
ETHUSDT_5m_short_2pct_orders,ETHUSDT,5,-1,0.02,orders,baseline,1272,1271,-0.002155374089864,0.7335610088835424,0.3309748427672956,2.3,21.68833333333336,124.66666666666669,2.7984415662502906,0.2815142183698297,1.0,0.0019508535470426,-0.0010839207087809,0.0011005961563898,-2.9142775306719568e-05,-0.0031574955898666,673,673,-0.0021477753428185,0.7346278572687275,0.3313521545319465,1.9166666666666667,13.266666666666664,51.016666666666666,1.4498699071178365,0.2952606544901065,0.0,0.0,-0.0010599950792631,0.0011005829972935,-1.2802733738229895e-05,-0.003149881070244,False
ETHUSDT_5m_short_2pct_orders,ETHUSDT,5,-1,0.02,orders,both,41,41,-0.002563685305303,0.6898540634135668,0.3170731707317073,1.9166666666666667,37.266666666666666,60.833333333333336,0.1792875438721501,0.0110078315085158,0.0,0.0,-0.0014887931770762,0.0011008188362473,-2.592670802055809e-05,-0.0035662137129487,27,27,-0.0076557879160378,0.2575740935469119,0.1481481481481481,1.75,15.801666666666666,51.016666666666666,0.2356387651128209,0.0157933789954337,0.0,0.0,-0.0065616141404034,0.0011036088877772,-9.43511214275789e-06,-0.0086634027303658,False
ETHUSDT_5m_short_2pct_orders,ETHUSDT,5,-1,0.02,orders,structure,648,648,-0.0019312981744191,0.7587010409322578,0.3379629629629629,1.9333333333333331,21.155,98.1,1.2866026203197738,0.1431258870640713,0.0,0.0,-0.0008614724028679,0.0011004738098215,-3.0648038270446256e-05,-0.0029331962389319,292,292,-0.0022276765838376,0.7258760774510491,0.3287671232876712,1.9916666666666667,14.242499999999996,51.016666666666666,0.7059252678559849,0.1368455098934551,0.0,0.0,-0.0011376236063235,0.0011006256929834,-1.0572715469449352e-05,-0.0032298611375051,False
ETHUSDT_5m_short_2pct_orders,ETHUSDT,5,-1,0.02,orders,zones,92,92,-0.0019743083205799,0.7540572099033541,0.3369565217391304,2.433333333333333,24.20833333333336,60.833333333333336,0.2714930772435008,0.0198911445660989,0.0,0.0,-0.0008916958479238,0.0011004904327163,-1.7877960060295344e-05,-0.0029762430317339,47,47,-0.0037872312790865,0.5671557121340373,0.2765957446808511,1.8,15.801666666666652,51.016666666666666,0.2293185482402652,0.0254585235920852,0.0,0.0,-0.0027043308888485,0.0011014873819888,-1.8586991750869065e-05,-0.0047909801755374,False
ETHUSDT_5m_short_2pct_regime,ETHUSDT,5,-1,0.02,regime,baseline,1287,1286,-0.0020109666917079,0.7412043563638172,0.3317793317793318,2.216666666666667,21.05,98.1,2.6449198561713305,0.2613943379967559,1.0,0.0019508535470426,-0.0009368417403632,0.0011005152629571,-2.639031161250568e-05,-0.0030129423357677,673,673,-0.0023501114517004,0.7045618914679221,0.3224368499257058,1.8333333333333333,12.893333333333327,51.016666666666666,1.5890695822266705,0.2793474124809741,0.0,0.0,-0.0012616361970264,0.0011006938999083,-1.2218645234341748e-05,-0.0033524193245104,False
ETHUSDT_5m_short_2pct_regime,ETHUSDT,5,-1,0.02,regime,both,41,41,-0.0025423538960916,0.6741728806303764,0.2926829268292683,1.9166666666666667,37.266666666666666,60.833333333333336,0.1784129560944836,0.0095492447283049,0.0,0.0,-0.0014619412975657,0.0011008040677136,-2.0391469187757766e-05,-0.0035448581940256,27,27,-0.0072984965242698,0.2668190001761611,0.1481481481481481,1.7333333333333334,12.726666666666665,51.016666666666666,0.2259918975350848,0.0139231354642313,0.0,0.0,-0.0062018918264027,0.0011034110405045,-6.806342637410376e-06,-0.0083057525539067,False
ETHUSDT_5m_short_2pct_regime,ETHUSDT,5,-1,0.02,regime,structure,654,654,-0.0017837635737335,0.7703354479140564,0.3394495412844037,1.9333333333333331,18.257500000000004,98.1,1.201702780517925,0.1294093420519059,0.0,0.0,-0.0007107756848606,0.0011003909266266,-2.740303775380552e-05,-0.0027855124072665,292,292,-0.0021874297086614,0.7253054260320281,0.3219178082191781,1.9583333333333333,13.944166666666664,51.016666666666666,0.6941731803045416,0.1324543378995434,0.0,0.0,-0.0010968130425122,0.0011006032471733,-9.98658102419638e-06,-0.0031895737022327,False
ETHUSDT_5m_short_2pct_regime,ETHUSDT,5,-1,0.02,regime,zones,92,92,-0.0020141516295066,0.7375898268616904,0.3152173913043478,2.2666666666666666,22.283333333333363,60.833333333333336,0.27935206511761,0.0177438158961881,0.0,0.0,-0.000928812617225,0.0011005108469394,-1.517183465782032e-05,-0.0030161248508578,47,47,-0.0035819787774326,0.5807798767512158,0.2765957446808511,1.75,13.106666666666658,51.016666666666666,0.2196716806625291,0.0235882800608828,0.0,0.0,-0.0024976818999545,0.0011013737250449,-1.7076847566946027e-05,-0.004585521563529,False
ETHUSDT_5m_short_3pct_orders,ETHUSDT,5,-1,0.03,orders,baseline,1020,1019,-0.0019893819232628,0.7799616993891417,0.2519607843137255,2.9166666666666665,29.136666666666663,137.58333333333334,2.144846064858875,0.3001311587591241,1.0,0.0236007938242729,-0.0009263936753323,0.0011005095165214,-3.752126859090622e-05,-0.0029913415372268,535,535,-0.0027382583827756,0.704694927641517,0.2336448598130841,2.55,19.046666666666663,66.53333333333333,1.4693853361859726,0.3239497716894977,0.0,0.0,-0.0016553603904754,0.0011009104482147,-1.8012455914564964e-05,-0.0037409574937883,False
ETHUSDT_5m_short_3pct_orders,ETHUSDT,5,-1,0.03,orders,both,22,22,-0.0048174240685774,0.5136590717322193,0.1818181818181818,2.3833333333333333,13.689166666666663,31.85,0.1630229944528108,0.0038270478507704,0.0,0.0,-0.0037305016144434,0.0011020517758879,-1.5129321754002377e-05,-0.0058222019448516,13,13,-0.0059462835525248,0.419517264689821,0.1538461538461538,1.1,24.2666666666666,51.016666666666666,0.1121071102300048,0.0085939878234398,0.0,0.0,-0.0048505021741638,0.0011026677761957,-6.886397834771959e-06,-0.0069521867320961,False
ETHUSDT_5m_short_3pct_orders,ETHUSDT,5,-1,0.03,orders,structure,535,535,-0.0017408219271631,0.8057797656522574,0.2579439252336448,2.816666666666667,38.49499999999993,129.95,1.033174232621892,0.1672850770478507,0.0,0.0,-0.0006824253248118,0.0011003753339286,-4.197873157734833e-05,-0.002742535085397,245,245,-0.002943777596542,0.6846515866038297,0.2285714285714285,2.583333333333333,18.676666666666662,63.46666666666667,0.7690743252786534,0.1575171232876712,0.0,0.0,-0.0018585006789107,0.0011010221753734,-1.5745257742141048e-05,-0.0039466811960827,False
ETHUSDT_5m_short_3pct_orders,ETHUSDT,5,-1,0.03,orders,zones,41,41,-0.0013661848715085,0.8459935210402261,0.2682926829268293,2.1666666666666665,13.866666666666667,31.85,0.1783191327802569,0.0068246907948094,0.0,0.0,-0.000268060859698,0.0011001474334728,-2.0234216623342803e-06,-0.0023675032274221,20,20,-0.0060965216080185,0.4073629245645456,0.15,1.7333333333333334,10.65750000000003,51.016666666666666,0.1580657847523181,0.011324200913242,0.0,0.0,-0.0050045022511254,0.0011027524762381,-1.0733119344989815e-05,-0.0071025770242388,False
ETHUSDT_5m_short_3pct_regime,ETHUSDT,5,-1,0.03,regime,baseline,1038,1037,-0.001855141347038,0.7843053674535976,0.25626204238921,2.775,26.03333333333332,136.36666666666667,2.0413132213562344,0.278244753649635,1.0,0.0236007938242729,-0.0007887275267977,0.0011004338001397,-3.4019979899472695e-05,-0.0028569649025595,541,541,-0.0029804578735219,0.6697231038334801,0.2310536044362292,2.4,16.95,66.53333333333333,1.6198722848076412,0.302945205479452,0.0,0.0,-0.0018960349259171,0.0011010428192092,-1.6619871604418012e-05,-0.0039833986090144,False
ETHUSDT_5m_short_3pct_regime,ETHUSDT,5,-1,0.03,regime,both,22,22,-0.0042915617670592,0.5424571436496135,0.1818181818181818,2.075,13.573333333333329,31.85,0.1514540238194109,0.0035032694647201,0.0,0.0,-0.0032032788522942,0.0011017618033687,-1.3478888603760051e-05,-0.005295812692489,13,13,-0.0059462835525248,0.419517264689821,0.1538461538461538,1.1,24.2666666666666,51.016666666666666,0.1121071102300048,0.0085939878234398,0.0,0.0,-0.0048505021741638,0.0011026677761957,-6.886397834771959e-06,-0.0069521867320961,False
ETHUSDT_5m_short_3pct_regime,ETHUSDT,5,-1,0.03,regime,structure,543,543,-0.0015668466012666,0.8190325569512095,0.2615101289134438,2.75,32.453333333333326,129.95,0.9526322060773896,0.1533277575020275,0.0,0.0,-0.0005040731677992,0.0011002772402422,-3.750380677495532e-05,-0.0025683834595929,246,246,-0.0028518111429725,0.6867209619503873,0.2235772357723577,2.5416666666666665,18.05,63.46666666666667,0.7493943552970925,0.1527663622526636,0.0,0.0,-0.0017658799875928,0.0011009712339931,-1.5040078613569823e-05,-0.0038546223774176,False
ETHUSDT_5m_short_3pct_regime,ETHUSDT,5,-1,0.03,regime,zones,41,41,-0.0015218208306424,0.8192997741664841,0.2682926829268293,2.1666666666666665,13.866666666666667,31.85,0.1906321403653711,0.0063729217356042,0.0,0.0,-0.000422726154644,0.001100232499385,-1.1378233865944971e-06,-0.0025232944576506,20,20,-0.0067243861136099,0.346328812280913,0.15,1.7333333333333334,10.65750000000003,51.016666666666666,0.1706230748641455,0.0112899543378995,0.0,0.0,-0.0056320216210633,0.0011030976118915,-1.0733119344989815e-05,-0.0077310697087393,False
ETHUSDT_60m_long_1.5pct_orders,ETHUSDT,60,1,0.015,orders,baseline,360,360,-0.0023948335690021,0.6764106936165318,0.3916666666666666,3.9166666666666665,19.925833333333347,46.91666666666666,0.910087482251476,0.0864925486618004,0.0,0.0,-0.0012076253539896,0.0010993358060553,8.787240895726958e-05,-0.0033925343420696,97,97,-0.0015712709535168,0.7752857209036582,0.422680412371134,3.15,12.693333333333332,17.783333333333335,0.1859911197635808,0.0511434550989345,0.0,0.0,-0.0004330566675424,0.0010997618188328,3.845246714157955e-05,-0.0025697701680523,False
ETHUSDT_60m_long_1.5pct_orders,ETHUSDT,60,1,0.015,orders,both,9,9,-0.0066112947632061,0.3020930228688573,0.2222222222222222,5.05,12.523333333333332,14.416666666666666,0.0723794680862468,0.0021061435523114,0.0,0.0,-0.0054395024709866,0.0010970082736409,7.478401857860097e-05,-0.0076047746359518,3,3,-0.0038281048250342,0.5266555928880813,0.3333333333333333,6.066666666666666,9.861666666666666,10.283333333333331,0.0313076679371951,0.0021936834094368,0.0,0.0,-0.0026645010827919,0.0010985345244044,6.506921783789357e-05,-0.0048243616408059,False
ETHUSDT_60m_long_1.5pct_orders,ETHUSDT,60,1,0.015,orders,structure,153,153,-0.0020732179194659,0.7140429782782682,0.4052287581699346,3.8666666666666663,22.04666666666668,37.45,0.351226384394952,0.0375563919302514,0.0,0.0,-0.000868911949254,0.0010995220984279,0.0001047838717839,-0.0030712486033517,41,41,-0.0023868187877112,0.6767747917515137,0.3902439024390244,2.8666666666666667,12.866666666666667,13.283333333333331,0.1681024441811824,0.0211339421613394,0.0,0.0,-0.0012431589083506,0.0010993162626004,4.434361676019489e-05,-0.0033845058071515,False
ETHUSDT_60m_long_1.5pct_orders,ETHUSDT,60,1,0.015,orders,zones,19,19,-0.0068736727545645,0.2828563274507971,0.2105263157894736,4.766666666666667,12.151666666666662,14.416666666666666,0.1643843338838917,0.0036407643957826,0.0,0.0,-0.0057316078802702,0.0010968476156658,4.5217258628433134e-05,-0.0078668755969238,4,4,0.0003483751855721,1.0574353640435854,0.5,4.733333333333333,9.650833333333331,10.283333333333331,0.019499664207109,0.0025818112633181,0.0,0.0,0.0014980009995002,0.0011008239005497,4.8801913378420175e-05,-0.0006520478914436,False
ETHUSDT_60m_long_1.5pct_regime,ETHUSDT,60,1,0.015,regime,baseline,360,360,-0.0023823625333324,0.6759958948658281,0.3888888888888889,3.841666666666667,19.925833333333347,46.91666666666666,0.9055979094103552,0.0860819647201946,0.0,0.0,-0.0011951474554756,0.0010993426688994,8.787240895726958e-05,-0.0033800757712093,97,97,-0.0016459442608158,0.7626486119479042,0.4123711340206185,2.8666666666666667,12.693333333333332,17.783333333333335,0.1932344305715782,0.0501312785388127,0.0,0.0,-0.0005085235783634,0.0010997203120319,3.770037042046207e-05,-0.0026443684632761,False
ETHUSDT_60m_long_1.5pct_regime,ETHUSDT,60,1,0.015,regime,both,9,9,-0.0066112947632061,0.3020930228688573,0.2222222222222222,5.05,12.523333333333332,14.416666666666666,0.0723794680862468,0.0021061435523114,0.0,0.0,-0.0054395024709866,0.0010970082736409,7.478401857860097e-05,-0.0076047746359518,3,3,-0.0038281048250342,0.5266555928880813,0.3333333333333333,6.066666666666666,9.861666666666666,10.283333333333331,0.0313076679371951,0.0021936834094368,0.0,0.0,-0.0026645010827919,0.0010985345244044,6.506921783789357e-05,-0.0048243616408059,False
ETHUSDT_60m_long_1.5pct_regime,ETHUSDT,60,1,0.015,regime,structure,153,153,-0.0020614639493964,0.7152024746666703,0.4052287581699346,3.733333333333333,22.04666666666668,37.45,0.3494280269743142,0.0375050689375506,0.0,0.0,-0.0008571515109434,0.0010995285666689,0.0001047838717839,-0.0030595063813841,41,41,-0.0023868187877112,0.6767747917515137,0.3902439024390244,2.8666666666666667,12.866666666666667,13.283333333333331,0.1681024441811824,0.0211339421613394,0.0,0.0,-0.0012431589083506,0.0010993162626004,4.434361676019489e-05,-0.0033845058071515,False
ETHUSDT_60m_long_1.5pct_regime,ETHUSDT,60,1,0.015,regime,zones,19,19,-0.0068736727545645,0.2828563274507971,0.2105263157894736,4.766666666666667,12.151666666666662,14.416666666666666,0.1643843338838917,0.0036407643957826,0.0,0.0,-0.0057316078802702,0.0010968476156658,4.5217258628433134e-05,-0.0078668755969238,4,4,0.0003483751855721,1.0574353640435854,0.5,4.733333333333333,9.650833333333331,10.283333333333331,0.019499664207109,0.0025818112633181,0.0,0.0,0.0014980009995002,0.0011008239005497,4.8801913378420175e-05,-0.0006520478914436,False
ETHUSDT_60m_long_1pct_orders,ETHUSDT,60,1,0.01,orders,baseline,391,391,-0.002388812352051,0.6157774681633548,0.4884910485933504,2.8666666666666667,12.966666666666669,38.06666666666667,0.9769689963783004,0.0675454937145174,0.0,0.0,-0.0012294492140118,0.0010993238029322,6.003933510698673e-05,-0.0033865052267854,100,100,-0.0017208837300421,0.7039227171043523,0.52,1.8,9.664999999999994,17.783333333333335,0.2144154028135627,0.03595700152207,0.0,0.0,-0.0005999000499748,0.0010996700549725,2.131362509473581e-05,-0.00271922483707,False
ETHUSDT_60m_long_1pct_orders,ETHUSDT,60,1,0.01,orders,both,19,19,-0.003735839433664,0.4705499414039437,0.4210526315789473,2.833333333333333,8.708333333333332,9.683333333333334,0.0946376291496621,0.0027473641524736,0.0,0.0,-0.0025768694600067,0.0010985827217969,6.038725186031484e-05,-0.0047321861277794,5,5,-0.0001210777372841,0.975047936081227,0.6,2.8666666666666667,5.7733333333333325,6.066666666666666,0.019499664207109,0.0017960426179604,0.0,0.0,0.0009985007496252,0.0011005491754122,1.902931149712716e-05,-0.0011210167094432,False
ETHUSDT_60m_long_1pct_orders,ETHUSDT,60,1,0.01,orders,structure,162,162,-0.0019261703178285,0.675600765284499,0.5123456790123457,2.825,13.054166666666664,24.933333333333334,0.3610306803812143,0.0284063260340632,0.0,0.0,-0.0007528334598131,0.0010995859415971,7.375091641821848e-05,-0.0029243324594169,44,44,-0.0030320126747635,0.5410407345531877,0.4545454545454545,1.6333333333333333,9.526666666666667,12.866666666666667,0.1690155577673847,0.0153310502283105,0.0,0.0,-0.001907682522375,0.0010989507746126,2.537937777580193e-05,-0.004029045340306,False
ETHUSDT_60m_long_1pct_orders,ETHUSDT,60,1,0.01,orders,zones,38,38,-0.0058307768830686,0.2988241595402233,0.3157894736842105,2.8666666666666667,12.034999999999998,16.866666666666667,0.2611406825490501,0.0060592812246553,0.0,0.0,-0.0046800284068491,0.0010974259843762,5.332249184327145e-05,-0.0068250261532516,7,7,-0.0006861842479851,0.8678437269548793,0.5714285714285714,2.55,5.626666666666665,6.066666666666666,0.027485881538871,0.0022488584474885,0.0,0.0,0.0004276433211966,0.0011002352038266,1.359236535509083e-05,-0.0016855556772888,False
ETHUSDT_60m_long_1pct_regime,ETHUSDT,60,1,0.01,regime,baseline,391,391,-0.0023645621523362,0.6169571127932919,0.4859335038363171,2.85,12.966666666666669,38.06666666666667,0.9674871682898036,0.0671741940389294,0.0,0.0,-0.0012051856693474,0.0010993371478818,6.003933510698673e-05,-0.0033622792651634,100,100,-0.0019438140293628,0.6693011816805525,0.5,1.7083333333333333,9.664999999999994,17.783333333333335,0.2367084327456372,0.0355270167427701,0.0,0.0,-0.0008229530284337,0.0010995473758343,2.131362509473581e-05,-0.0029419323173896,False
ETHUSDT_60m_long_1pct_regime,ETHUSDT,60,1,0.01,regime,both,19,19,-0.003735839433664,0.4705499414039437,0.4210526315789473,2.833333333333333,8.708333333333332,9.683333333333334,0.0946376291496621,0.0027473641524736,0.0,0.0,-0.0025768694600067,0.0010985827217969,6.038725186031484e-05,-0.0047321861277794,5,5,-0.0001210777372841,0.975047936081227,0.6,2.8666666666666667,5.7733333333333325,6.066666666666666,0.019499664207109,0.0017960426179604,0.0,0.0,0.0009985007496252,0.0011005491754122,1.902931149712716e-05,-0.0011210167094432,False
ETHUSDT_60m_long_1pct_regime,ETHUSDT,60,1,0.01,regime,structure,162,162,-0.0019150693460961,0.6768662269003174,0.5123456790123457,2.825,13.054166666666664,24.933333333333334,0.3592323229605765,0.0283550030413625,0.0,0.0,-0.0007417263791865,0.0010995920504914,7.375091641821848e-05,-0.0029132425831141,44,44,-0.0030320126747635,0.5410407345531877,0.4545454545454545,1.6333333333333333,9.526666666666667,12.866666666666667,0.1690155577673847,0.0153310502283105,0.0,0.0,-0.001907682522375,0.0010989507746126,2.537937777580193e-05,-0.004029045340306,False
ETHUSDT_60m_long_1pct_regime,ETHUSDT,60,1,0.01,regime,zones,38,38,-0.0058307768830686,0.2988241595402233,0.3157894736842105,2.8666666666666667,12.034999999999998,16.866666666666667,0.2611406825490501,0.0060592812246553,0.0,0.0,-0.0046800284068491,0.0010974259843762,5.332249184327145e-05,-0.0068250261532516,7,7,-0.0006861842479851,0.8678437269548793,0.5714285714285714,2.55,5.626666666666665,6.066666666666666,0.027485881538871,0.0022488584474885,0.0,0.0,0.0004276433211966,0.0011002352038266,1.359236535509083e-05,-0.0016855556772888,False
ETHUSDT_60m_long_2.5pct_orders,ETHUSDT,60,1,0.025,orders,baseline,322,322,-0.0021161352698567,0.756121144868148,0.2888198757763975,4.833333333333333,28.88999999999999,78.33333333333333,0.8005469015235807,0.1062905515004055,0.0,0.0,-0.0008909132390325,0.0010995099977185,0.0001257120331056,-0.0031141335219045,93,93,-0.0008655605390123,0.8945457282810135,0.3225806451612903,4.2,14.449999999999998,29.15,0.1820840996632679,0.06845700152207,0.0,0.0,0.0002895326530283,0.0011001592429591,5.493394908155887e-05,-0.001864773352381,False
ETHUSDT_60m_long_2.5pct_orders,ETHUSDT,60,1,0.025,orders,both,2,2,0.0051488100643524,1.8452126967706464,0.5,5.266666666666667,7.921666666666666,8.216666666666667,0.0179191519224597,0.0004004460665044,0.0,0.0,0.0064930034982509,0.001103571151924,0.0002406222819744,0.0041434930388457,0,0,,,,,,,0.0,0.0,,,,,,,False
ETHUSDT_60m_long_2.5pct_orders,ETHUSDT,60,1,0.025,orders,structure,141,141,-0.0015887990006952,0.8133801449541579,0.3049645390070922,5.0,35.78333333333333,78.33333333333333,0.3046893225859032,0.0523355129764801,0.0,0.0,-0.0003264148067809,0.0010998204718562,0.000162563722058,-0.0025873427515929,40,40,-0.0025289580059642,0.7121229123386654,0.275,4.275,12.920833333333327,14.55,0.1993844142869662,0.0257724505327245,0.0,0.0,-0.0013741254372812,0.0010992442310094,5.55883376735056e-05,-0.0035265085795127,False
ETHUSDT_60m_long_2.5pct_orders,ETHUSDT,60,1,0.025,orders,zones,3,3,-0.0005952802969284,0.9264084450601257,0.3333333333333333,2.316666666666667,7.626666666666666,8.216666666666667,0.0179191519224597,0.0004327605433901,0.0,0.0,0.0006655005830418,0.0011003660253206,0.0001604148546496,-0.0015948159960808,0,0,,,,,,,0.0,0.0,,,,,,,False
ETHUSDT_60m_long_2.5pct_regime,ETHUSDT,60,1,0.025,regime,baseline,322,322,-0.0021332002936257,0.7526256227224936,0.2857142857142857,4.8,28.88999999999999,78.33333333333333,0.8060418391772127,0.1058717305352798,0.0,0.0,-0.0009079876537297,0.0010995006067904,0.0001257120331056,-0.0031311814891695,93,93,-0.0010508059293644,0.8710314277404954,0.3118279569892473,3.9166666666666665,14.449999999999998,29.15,0.1820840996632679,0.0673668188736681,0.0,0.0,0.0001034004449946,0.0011000568702447,5.414950411437183e-05,-0.002049833197604,False
ETHUSDT_60m_long_2.5pct_regime,ETHUSDT,60,1,0.025,regime,both,2,2,0.0051488100643524,1.8452126967706464,0.5,5.266666666666667,7.921666666666666,8.216666666666667,0.0179191519224597,0.0004004460665044,0.0,0.0,0.0064930034982509,0.001103571151924,0.0002406222819744,0.0041434930388457,0,0,,,,,,,0.0,0.0,,,,,,,False
ETHUSDT_60m_long_2.5pct_regime,ETHUSDT,60,1,0.025,regime,structure,141,141,-0.0015760446927474,0.8146005119872403,0.3049645390070922,5.0,35.78333333333333,78.33333333333333,0.3028909651652653,0.0522841899837794,0.0,0.0,-0.0003136534801034,0.0010998274905859,0.000162563722058,-0.0025746011915855,40,40,-0.0025289580059642,0.7121229123386654,0.275,4.275,12.920833333333327,14.55,0.1993844142869662,0.0257724505327245,0.0,0.0,-0.0013741254372812,0.0010992442310094,5.55883376735056e-05,-0.0035265085795127,False
ETHUSDT_60m_long_2.5pct_regime,ETHUSDT,60,1,0.025,regime,zones,3,3,-0.0005952802969284,0.9264084450601257,0.3333333333333333,2.316666666666667,7.626666666666666,8.216666666666667,0.0179191519224597,0.0004327605433901,0.0,0.0,0.0006655005830418,0.0011003660253206,0.0001604148546496,-0.0015948159960808,0,0,,,,,,,0.0,0.0,,,,,,,False
ETHUSDT_60m_long_2pct_orders,ETHUSDT,60,1,0.02,orders,baseline,332,332,-0.0020907860830149,0.7411679260723105,0.3373493975903614,4.533333333333333,25.61583333333332,61.03333333333333,0.8417545086535524,0.0969618055555555,0.0,0.0,-0.0008791387438809,0.0010995164736908,0.0001121308654431,-0.0030888028810067,96,96,-0.0012089932426689,0.8429398914248856,0.3645833333333333,3.908333333333333,13.475,17.783333333333335,0.1735990532275837,0.0600095129375951,0.0,0.0,-6.29372813592081e-05,0.0010999653844952,4.609057681450856e-05,-0.0022078583731047,False
ETHUSDT_60m_long_2pct_orders,ETHUSDT,60,1,0.02,orders,both,5,5,-0.0062834610351592,0.3575999306461576,0.2,6.916666666666667,9.39,9.683333333333334,0.038894156901111,0.0012178122465531,0.0,0.0,-0.0049955022488754,0.0010972524737631,0.0001907063125206,-0.0072773265391377,1,1,-0.0120821657290207,0.0,0.0,6.066666666666666,6.066666666666666,6.066666666666666,0.0122266708079611,0.0006925418569254,0.0,0.0,-0.0109895052473761,0.0010939557721139,-1.295290469427729e-06,-0.0130701394224627,False
ETHUSDT_60m_long_2pct_orders,ETHUSDT,60,1,0.02,orders,structure,144,144,-0.0016162766349563,0.7953629704440639,0.3541666666666667,4.691666666666666,30.64083333333332,60.516666666666666,0.3165984466522012,0.0460880474452554,0.0,0.0,-0.0003751249375311,0.0010997936812843,0.0001413580161408,-0.0026147823190797,40,40,-0.0024016321580241,0.7062469779813135,0.325,3.2416666666666667,12.905833333333332,14.166666666666666,0.1731964850512001,0.0233561643835616,0.0,0.0,-0.0012492503748124,0.0010993129122938,5.306887091787931e-05,-0.0033993087341191,False
ETHUSDT_60m_long_2pct_orders,ETHUSDT,60,1,0.02,orders,zones,9,9,-0.005536306422728,0.4150804452442784,0.2222222222222222,5.05,9.096666666666666,9.683333333333334,0.0524500876246707,0.0015992497972424,0.0,0.0,-0.0043295019157086,0.0010976187739463,0.000109185733073,-0.0065308779479915,1,1,-0.0120821657290207,0.0,0.0,6.066666666666666,6.066666666666666,6.066666666666666,0.0122266708079611,0.0006925418569254,0.0,0.0,-0.0109895052473761,0.0010939557721139,-1.295290469427729e-06,-0.0130701394224627,False
ETHUSDT_60m_long_2pct_regime,ETHUSDT,60,1,0.02,regime,baseline,332,332,-0.0020923001866482,0.7393019276063545,0.3343373493975903,4.483333333333333,25.61583333333332,61.03333333333333,0.8422571910598079,0.0965486871451743,0.0,0.0,-0.0008806536807295,0.0010995156404755,0.0001121308654431,-0.0030903154712923,96,96,-0.0013364470557457,0.8250579742623937,0.3541666666666667,3.6666666666666665,13.475,17.783333333333335,0.1858346192829574,0.0589250380517503,0.0,0.0,-0.0001912215818632,0.0010998948281299,4.533064575254611e-05,-0.0023351844160341,False
ETHUSDT_60m_long_2pct_regime,ETHUSDT,60,1,0.02,regime,both,5,5,-0.0062834610351592,0.3575999306461576,0.2,6.916666666666667,9.39,9.683333333333334,0.038894156901111,0.0012178122465531,0.0,0.0,-0.0049955022488754,0.0010972524737631,0.0001907063125206,-0.0072773265391377,1,1,-0.0120821657290207,0.0,0.0,6.066666666666666,6.066666666666666,6.066666666666666,0.0122266708079611,0.0006925418569254,0.0,0.0,-0.0109895052473761,0.0010939557721139,-1.295290469427729e-06,-0.0130701394224627,False
ETHUSDT_60m_long_2pct_regime,ETHUSDT,60,1,0.02,regime,structure,144,144,-0.0016037880417574,0.7966225762613203,0.3541666666666667,4.691666666666666,30.64083333333332,60.516666666666666,0.3148000892315634,0.0460367244525547,0.0,0.0,-0.0003626294718261,0.0010998005537904,0.0001413580161408,-0.0026023062082391,40,40,-0.0024016321580241,0.7062469779813135,0.325,3.2416666666666667,12.905833333333332,14.166666666666666,0.1731964850512001,0.0233561643835616,0.0,0.0,-0.0012492503748124,0.0010993129122938,5.306887091787931e-05,-0.0033993087341191,False
ETHUSDT_60m_long_2pct_regime,ETHUSDT,60,1,0.02,regime,zones,9,9,-0.005536306422728,0.4150804452442784,0.2222222222222222,5.05,9.096666666666666,9.683333333333334,0.0524500876246707,0.0015992497972424,0.0,0.0,-0.0043295019157086,0.0010976187739463,0.000109185733073,-0.0065308779479915,1,1,-0.0120821657290207,0.0,0.0,6.066666666666666,6.066666666666666,6.066666666666666,0.0122266708079611,0.0006925418569254,0.0,0.0,-0.0109895052473761,0.0010939557721139,-1.295290469427729e-06,-0.0130701394224627,False
ETHUSDT_60m_long_3pct_orders,ETHUSDT,60,1,0.03,orders,baseline,301,301,-0.0014850709029636,0.8336759880822991,0.2691029900332226,5.133333333333334,37.45,95.88333333333334,0.6340822180830462,0.1188323702351987,0.0,0.0,-0.0002361443862785,0.0010998701205875,0.0001490563960976,-0.0024837115765064,89,89,-0.0004767416556706,0.9444474767482336,0.2921348314606741,4.45,24.656666666666656,36.583333333333336,0.1760312769732201,0.0736548706240487,0.0,0.0,0.000684208457569,0.0011003763146516,6.0573798588030696e-05,-0.0014763459137307,False
ETHUSDT_60m_long_3pct_orders,ETHUSDT,60,1,0.03,orders,both,2,2,0.0076449376880405,2.254969268470195,0.5,5.308333333333334,7.925833333333332,8.216666666666667,0.0179191519224597,0.0004036141524736,0.0,0.0,0.0089905047476262,0.0011049447776111,0.0002406222819744,0.0066371257811035,0,0,,,,,,,0.0,0.0,,,,,,,False
ETHUSDT_60m_long_3pct_orders,ETHUSDT,60,1,0.03,orders,structure,139,139,-0.0007721149677986,0.9115541798079876,0.2877697841726618,5.55,38.99833333333331,78.33333333333333,0.266898211040356,0.058868106244931,0.0,0.0,0.0005097810806827,0.0011002803795943,0.000181615668887,-0.0017714845209773,38,38,-0.0026876836402958,0.709719662750678,0.2368421052631578,4.483333333333333,16.145833333333307,36.583333333333336,0.2024188409787936,0.0294653729071537,0.0,0.0,-0.0015252899865855,0.0010991610905073,6.323256320294086e-05,-0.0036850793895685,False
ETHUSDT_60m_long_3pct_orders,ETHUSDT,60,1,0.03,orders,zones,3,3,0.0010688047855303,1.1321310423009192,0.3333333333333333,2.4,7.635,8.216666666666667,0.0179191519224597,0.0004359286293592,0.0,0.0,0.0023305014159587,0.0011012817757787,0.0001604148546496,6.760583209105414e-05,0,0,,,,,,,0.0,0.0,,,,,,,False
ETHUSDT_60m_long_3pct_regime,ETHUSDT,60,1,0.03,regime,baseline,301,301,-0.0014696096525539,0.8335293337791921,0.2691029900332226,5.133333333333334,37.45,88.0,0.6294283817097002,0.1181094130170316,0.0,0.0,-0.0002206746275013,0.0010998786289548,0.0001490563960976,-0.002468265779628,89,89,-0.0007264054371327,0.9147307276713648,0.2808988764044944,4.133333333333334,24.656666666666656,36.583333333333336,0.1760312769732201,0.0725095129375951,0.0,0.0,0.0004335871334579,0.0011002384729234,5.975409766726221e-05,-0.0017257597462055,False
ETHUSDT_60m_long_3pct_regime,ETHUSDT,60,1,0.03,regime,both,2,2,0.0076449376880405,2.254969268470195,0.5,5.308333333333334,7.925833333333332,8.216666666666667,0.0179191519224597,0.0004036141524736,0.0,0.0,0.0089905047476262,0.0011049447776111,0.0002406222819744,0.0066371257811035,0,0,,,,,,,0.0,0.0,,,,,,,False
ETHUSDT_60m_long_3pct_regime,ETHUSDT,60,1,0.03,regime,structure,139,139,-0.0007591771446285,0.9129071341918804,0.2877697841726618,5.55,38.99833333333331,78.33333333333333,0.2650998536197181,0.0588167832522303,0.0,0.0,0.0005227260235714,0.0011002874993129,0.000181615668887,-0.0017585596291712,38,38,-0.0026876836402958,0.709719662750678,0.2368421052631578,4.483333333333333,16.145833333333307,36.583333333333336,0.2024188409787936,0.0294653729071537,0.0,0.0,-0.0015252899865855,0.0010991610905073,6.323256320294086e-05,-0.0036850793895685,False
ETHUSDT_60m_long_3pct_regime,ETHUSDT,60,1,0.03,regime,zones,3,3,0.0010688047855303,1.1321310423009192,0.3333333333333333,2.4,7.635,8.216666666666667,0.0179191519224597,0.0004359286293592,0.0,0.0,0.0023305014159587,0.0011012817757787,0.0001604148546496,6.760583209105414e-05,0,0,,,,,,,0.0,0.0,,,,,,,False
ETHUSDT_60m_short_1.5pct_orders,ETHUSDT,60,-1,0.015,orders,baseline,372,371,-0.0025430728968021,0.6596687796915226,0.3817204301075269,2.833333333333333,23.401666666666664,108.86666666666666,0.9572600153945908,0.0981143552311435,1.0,0.0058138518387841,-0.0014771797951802,0.0011008124488873,-3.491934726541841e-05,-0.0035455851780394,174,174,-0.0034701558338567,0.5624309637293158,0.3448275862068966,1.725,14.854166666666664,31.25,0.6337198491119949,0.0778633942161339,0.0,0.0,-0.0023811905952975,0.0011013096548274,-1.2344416268203517e-05,-0.0044735843747973,False
ETHUSDT_60m_short_1.5pct_orders,ETHUSDT,60,-1,0.015,orders,both,9,9,-0.0121139839432378,0.0,0.0,0.3333333333333333,6.266666666666663,9.866666666666667,0.1090258554891406,0.0004916869424168,0.0,0.0,-0.0110105052526262,0.0011060557778889,-2.5770872773192312e-06,-0.0131260557570232,13,13,-0.0063383818928694,0.3199475956933362,0.2307692307692307,0.6166666666666667,2.1666666666666643,3.1166666666666667,0.0953211798399191,0.0012290715372907,0.0,0.0,-0.0052355023665678,0.0011028795263016,0.0,-0.0073446739239238,False
ETHUSDT_60m_short_1.5pct_orders,ETHUSDT,60,-1,0.015,orders,structure,163,163,-0.0030275916327508,0.6076761288065451,0.3619631901840491,1.8333333333333333,21.135,95.1,0.5084090683414632,0.0387045062854825,0.0,0.0,-0.001952371891467,0.0011010738045403,-2.585406325650098e-05,-0.0040305841427029,83,83,-0.0030529830946209,0.6049642686366415,0.3614457831325301,1.45,15.066666666666665,23.65,0.3377731488476087,0.0357686453576864,0.0,0.0,-0.0019653200094021,0.0011010809260051,-1.3417840786419397e-05,-0.0040559947906353,False
ETHUSDT_60m_short_1.5pct_orders,ETHUSDT,60,-1,0.015,orders,zones,14,14,-0.0103223390384929,0.082079705087171,0.0714285714285714,0.6333333333333333,6.421666666666665,9.866666666666667,0.1468151822861477,0.000866154703974,0.0,0.0,-0.0092230043593224,0.0011050726523976,-5.737973227084306e-06,-0.01133261989065,16,16,-0.0058612373409448,0.3550164026262921,0.25,0.8833333333333333,5.004166666666666,10.666666666666666,0.1270485187550769,0.0027130898021308,0.0,0.0,-0.0047542521260629,0.0011026148386693,4.370376212535588e-06,-0.0068670498033276,False
ETHUSDT_60m_short_1.5pct_regime,ETHUSDT,60,-1,0.015,regime,baseline,375,374,-0.0025461257016623,0.6559458454054515,0.376,2.833333333333333,23.35666666666667,108.86666666666666,0.9660340359075718,0.0944184661394971,1.0,0.0058138518387841,-0.0014783482313573,0.0011008130915272,-3.303562122225915e-05,-0.0035486400953697,174,174,-0.0035357933878422,0.5536363661137927,0.3390804597701149,1.725,14.192499999999995,31.25,0.6451407835054788,0.0752302130898021,0.0,0.0,-0.0024460536561002,0.0011013453295108,-1.1605597768777762e-05,-0.0045392872297955,False
ETHUSDT_60m_short_1.5pct_regime,ETHUSDT,60,-1,0.015,regime,both,9,9,-0.0121139839432378,0.0,0.0,0.3333333333333333,6.266666666666663,9.866666666666667,0.1090258554891406,0.0004916869424168,0.0,0.0,-0.0110105052526262,0.0011060557778889,-2.5770872773192312e-06,-0.0131260557570232,13,13,-0.0063383818928694,0.3199475956933362,0.2307692307692307,0.6166666666666667,2.1666666666666643,3.1166666666666667,0.0953211798399191,0.0012290715372907,0.0,0.0,-0.0052355023665678,0.0011028795263016,0.0,-0.0073446739239238,False
ETHUSDT_60m_short_1.5pct_regime,ETHUSDT,60,-1,0.015,regime,structure,164,164,-0.0029934423075811,0.60890200745182,0.3597560975609756,1.8416666666666663,18.74583333333333,95.1,0.5058361706463811,0.0352259478913219,0.0,0.0,-0.0019156782800888,0.001101053623054,-2.328959556173426e-05,-0.0039963993688733,83,83,-0.0032522478374743,0.5814751539651762,0.3493975903614458,1.45,15.066666666666665,23.65,0.3543121225044424,0.0351331811263318,0.0,0.0,-0.0021644752168914,0.0011011904613692,-1.3417840786419397e-05,-0.0042554588980135,False
ETHUSDT_60m_short_1.5pct_regime,ETHUSDT,60,-1,0.015,regime,zones,14,14,-0.0103223390384929,0.082079705087171,0.0714285714285714,0.6333333333333333,6.421666666666665,9.866666666666667,0.1468151822861477,0.000866154703974,0.0,0.0,-0.0092230043593224,0.0011050726523976,-5.737973227084306e-06,-0.01133261989065,16,16,-0.0058612373409448,0.3550164026262921,0.25,0.8833333333333333,5.004166666666666,10.666666666666666,0.1270485187550769,0.0027130898021308,0.0,0.0,-0.0047542521260629,0.0011026148386693,4.370376212535588e-06,-0.0068670498033276,False
ETHUSDT_60m_short_1pct_orders,ETHUSDT,60,-1,0.01,orders,baseline,396,396,-0.0025282210224386,0.5999519107036232,0.4772727272727273,2.058333333333333,20.245833333333334,77.2,1.0196672080506697,0.0824405667072181,0.0,0.0,-0.0014555004775113,0.0011008005252626,-2.8079980335311207e-05,-0.0035307150246794,178,178,-0.003329692309016,0.5105055615091474,0.4382022471910112,1.3583333333333334,11.756666666666671,31.25,0.6110207182693859,0.0640068493150684,0.0,0.0,-0.0022376918796475,0.0011012307305338,-9.230301165364307e-06,-0.0043329787590362,False
ETHUSDT_60m_short_1pct_orders,ETHUSDT,60,-1,0.01,orders,both,18,18,-0.0054382654833747,0.3266489007955409,0.3333333333333333,0.8083333333333333,4.681666666666658,9.866666666666667,0.0978887787007449,0.0010410330494728,0.0,0.0,-0.004337168584292,0.0011023854427213,-1.2885436386596156e-06,-0.0064436575915579,15,15,-0.0054341126445755,0.3268169478140278,0.3333333333333333,0.55,1.7333333333333332,1.85,0.0894261496486239,0.0011700913242009,0.0,0.0,-0.004337168584292,0.0011023854427213,-5.441382437834567e-06,-0.0064395026742608,False
ETHUSDT_60m_short_1pct_orders,ETHUSDT,60,-1,0.01,orders,structure,169,169,-0.0035633774397082,0.487030396640452,0.4260355029585799,1.6166666666666667,17.786666666666665,61.36666666666667,0.6121146642611304,0.0306867143146796,0.0,0.0,-0.0024812702209091,0.0011013646986215,-1.9257479822427507e-05,-0.0045669027054689,86,86,-0.0030250322301737,0.5429657105596221,0.4534883720930232,1.3416666666666666,12.095833333333331,19.75,0.2917884921844391,0.0287252663622526,0.0,0.0,-0.0019316635061715,0.0011010624149283,-7.693690926212535e-06,-0.0040280130992509,False
ETHUSDT_60m_short_1pct_orders,ETHUSDT,60,-1,0.01,orders,zones,27,27,-0.0039315142362516,0.4522224170351349,0.4074074074074074,0.9666666666666668,9.676666666666668,41.766666666666666,0.1063589767039648,0.0034323043390105,0.0,0.0,-0.0028542048802177,0.0011015698126841,-2.4260456650291374e-05,-0.0049354103246433,26,26,-0.005947376103432,0.2905314809096587,0.3076923076923077,0.8916666666666667,4.295833333333333,5.316666666666666,0.1778982562754611,0.0038356164383561,0.0,0.0,-0.0048505021741639,0.0011026677761957,-5.793846927628993e-06,-0.0069532798298255,False
ETHUSDT_60m_short_1pct_regime,ETHUSDT,60,-1,0.01,regime,baseline,397,397,-0.0026210209656002,0.5853930035776705,0.4659949622166247,2.033333333333333,20.02,61.36666666666667,1.0590370065082615,0.0805131032035685,0.0,0.0,-0.0015473095945969,0.001100851020277,-2.713964927366088e-05,-0.003623607344088,178,178,-0.0033657214053129,0.5045536599233714,0.4325842696629213,1.3583333333333334,11.02166666666667,31.25,0.6174338974102436,0.0613888888888888,0.0,0.0,-0.0022729793519982,0.0011012501386435,-8.508085328847e-06,-0.004369043541363,False
ETHUSDT_60m_short_1pct_regime,ETHUSDT,60,-1,0.01,regime,both,18,18,-0.0054382654833747,0.3266489007955409,0.3333333333333333,0.8083333333333333,4.681666666666658,9.866666666666667,0.0978887787007449,0.0010410330494728,0.0,0.0,-0.004337168584292,0.0011023854427213,-1.2885436386596156e-06,-0.0064436575915579,15,15,-0.0054341126445755,0.3268169478140278,0.3333333333333333,0.55,1.7333333333333332,1.85,0.0894261496486239,0.0011700913242009,0.0,0.0,-0.004337168584292,0.0011023854427213,-5.441382437834567e-06,-0.0064395026742608,False
ETHUSDT_60m_short_1pct_regime,ETHUSDT,60,-1,0.01,regime,structure,169,169,-0.0037125441372194,0.4696309661385239,0.4142011834319526,1.6166666666666667,17.209999999999997,61.36666666666667,0.637323836140523,0.0289702453365774,0.0,0.0,-0.0026289869924051,0.0011014459428458,-1.7888798031512965e-05,-0.0047162179600317,86,86,-0.0031591161651064,0.5256382988223532,0.4418604651162791,1.3416666666666666,12.095833333333331,19.75,0.3033197105886464,0.0281050228310502,0.0,0.0,-0.0020656737354781,0.0011011361205545,-7.693690926212535e-06,-0.0041622311852611,False
ETHUSDT_60m_short_1pct_regime,ETHUSDT,60,-1,0.01,regime,zones,27,27,-0.0039315142362516,0.4522224170351349,0.4074074074074074,0.9666666666666668,9.676666666666668,41.766666666666666,0.1063589767039648,0.0034323043390105,0.0,0.0,-0.0028542048802177,0.0011015698126841,-2.4260456650291374e-05,-0.0049354103246433,26,26,-0.005947376103432,0.2905314809096587,0.3076923076923077,0.8916666666666667,4.295833333333333,5.316666666666666,0.1778982562754611,0.0038356164383561,0.0,0.0,-0.0048505021741639,0.0011026677761957,-5.793846927628993e-06,-0.0069532798298255,False
ETHUSDT_60m_short_2.5pct_orders,ETHUSDT,60,-1,0.025,orders,baseline,340,339,-0.0024281651344018,0.722207524771232,0.2764705882352941,3.633333333333333,35.9675,124.86666666666666,0.868313582516608,0.1203783961881589,1.0,0.0058138518387841,-0.0013748377964427,0.001100756160788,-4.742882282895791e-05,-0.0034305687050775,168,168,-0.0039630359683526,0.5735537874545038,0.2321428571428571,2.1083333333333334,22.112500000000008,51.43333333333333,0.7330451871156553,0.0992903348554033,0.0,0.0,-0.0028773761880939,0.0011015825569034,-1.5922776644702733e-05,-0.0049669594254189,False
ETHUSDT_60m_short_2.5pct_orders,ETHUSDT,60,-1,0.025,orders,both,4,4,-0.0121165610305151,0.0,0.0,0.1333333333333333,0.7591666666666664,0.8666666666666667,0.0484662441220605,4.4986820762368205e-05,0.0,0.0,-0.0110105052526262,0.0011060557778889,0.0,-0.013128634134134,5,5,-0.0051057036768382,0.4732721949755654,0.2,0.9333333333333332,2.5466666666666664,2.816666666666667,0.0568530379173321,0.0006449771689497,0.0,0.0,-0.0040035017508752,0.0011022019259629,0.0,-0.0061107624124122,False
ETHUSDT_60m_short_2.5pct_orders,ETHUSDT,60,-1,0.025,orders,structure,156,156,-0.0033107127547855,0.6345234063557209,0.25,2.3,34.99583333333333,124.86666666666666,0.5365782111374493,0.0529165399432279,0.0,0.0,-0.0022517508754376,0.0011012384629814,-4.227658363359333e-05,-0.004313996738897,81,81,-0.0034460461225372,0.6218470605424719,0.2469135802469135,1.7,22.666666666666668,34.55,0.3894106839461489,0.0457914764079147,0.0,0.0,-0.0023598836455263,0.001101297936005,-1.513545899413874e-05,-0.0044494519372156,False
ETHUSDT_60m_short_2.5pct_orders,ETHUSDT,60,-1,0.025,orders,zones,5,5,-0.0121165610305151,0.0,0.0,0.1166666666666666,0.7233333333333332,0.8666666666666667,0.0628852408998217,4.688767234387673e-05,0.0,0.0,-0.0110105052526261,0.0011060557778889,0.0,-0.013128634134134,5,5,-0.0051057036768382,0.4732721949755654,0.2,0.9333333333333332,2.5466666666666664,2.816666666666667,0.0568530379173321,0.0006449771689497,0.0,0.0,-0.0040035017508752,0.0011022019259629,0.0,-0.0061107624124122,False
ETHUSDT_60m_short_2.5pct_regime,ETHUSDT,60,-1,0.025,regime,baseline,343,342,-0.0025474522720261,0.7061421820401679,0.2682215743440233,3.566666666666667,32.17833333333331,124.86666666666666,0.9165135661249668,0.1160203771289537,1.0,0.0058138518387841,-0.0014915150888371,0.0011008203332988,-4.488315010978695e-05,-0.0035499739167356,169,169,-0.0039306231212564,0.5740871050662669,0.2307692307692307,2.083333333333333,19.33666666666666,51.43333333333333,0.7315304519247443,0.0963812785388127,0.0,0.0,-0.0028442063013362,0.0011015643134657,-1.5147493545493752e-05,-0.0049345137616031,False
ETHUSDT_60m_short_2.5pct_regime,ETHUSDT,60,-1,0.025,regime,both,4,4,-0.0121165610305151,0.0,0.0,0.1333333333333333,0.7591666666666664,0.8666666666666667,0.0484662441220605,4.4986820762368205e-05,0.0,0.0,-0.0110105052526262,0.0011060557778889,0.0,-0.013128634134134,5,5,-0.0051057036768382,0.4732721949755654,0.2,0.9333333333333332,2.5466666666666664,2.816666666666667,0.0568530379173321,0.0006449771689497,0.0,0.0,-0.0040035017508752,0.0011022019259629,0.0,-0.0061107624124122,False
ETHUSDT_60m_short_2.5pct_regime,ETHUSDT,60,-1,0.025,regime,structure,157,157,-0.0032732375289901,0.6356645171528892,0.2484076433121019,2.3,30.63333333333333,124.86666666666666,0.5340053134423672,0.0494386151662611,0.0,0.0,-0.0022115143706605,0.0011012163329038,-3.94931745742377e-05,-0.0042764826274049,82,82,-0.0034479639024141,0.6187816142845628,0.2439024390243902,1.7083333333333333,19.71666666666668,34.55,0.3930139880185874,0.0448801369863013,0.0,0.0,-0.002361779881166,0.0011012989789346,-1.5114957686630536e-05,-0.004451371625582,False
ETHUSDT_60m_short_2.5pct_regime,ETHUSDT,60,-1,0.025,regime,zones,5,5,-0.0121165610305151,0.0,0.0,0.1166666666666666,0.7233333333333332,0.8666666666666667,0.0628852408998217,4.688767234387673e-05,0.0,0.0,-0.0110105052526261,0.0011060557778889,0.0,-0.013128634134134,5,5,-0.0051057036768382,0.4732721949755654,0.2,0.9333333333333332,2.5466666666666664,2.816666666666667,0.0568530379173321,0.0006449771689497,0.0,0.0,-0.0040035017508752,0.0011022019259629,0.0,-0.0061107624124122,False
ETHUSDT_60m_short_2pct_orders,ETHUSDT,60,-1,0.02,orders,baseline,350,349,-0.0025783861590492,0.6873814290422409,0.3171428571428571,3.3916666666666666,31.86916666666668,107.16666666666669,0.938769828859401,0.110651105028386,1.0,0.0058138518387841,-0.0015214425165872,0.0011008367933841,-4.389315092208785e-05,-0.003580938258136,170,170,-0.0041494060142625,0.5337595585189114,0.2647058823529412,1.8833333333333333,20.534166666666646,31.25,0.7476153905938966,0.0912461948249619,0.0,0.0,-0.0030613836329928,0.0011016837609981,-1.366137972850966e-05,-0.0051535148040005,False
ETHUSDT_60m_short_2pct_orders,ETHUSDT,60,-1,0.02,orders,both,7,7,-0.0121132526377199,0.0,0.0,0.5666666666666667,4.471666666666663,6.016666666666667,0.0847927684640399,0.0003237783860502,0.0,0.0,-0.0110105052526262,0.0011060557778889,-3.308392795160144e-06,-0.0131253240854866,9,9,-0.0054395540270133,0.4227972522209608,0.2222222222222222,0.6166666666666667,1.38,1.5333333333333334,0.0668859567283632,0.0006773211567732,0.0,0.0,-0.004337168584292,0.0011023854427213,0.0,-0.0064449467801133,False
ETHUSDT_60m_short_2pct_orders,ETHUSDT,60,-1,0.02,orders,structure,157,157,-0.0036569138576359,0.5794659971940598,0.2802547770700637,2.2,34.56333333333324,95.93333333333334,0.57921923128188,0.0479762266828872,0.0,0.0,-0.0025944500912875,0.0011014269475502,-3.896318120179853e-05,-0.0046605425595087,81,81,-0.0039421374204216,0.5527534641285924,0.2716049382716049,1.55,22.666666666666668,24.316666666666663,0.4244649707145336,0.0431449771689497,0.0,0.0,-0.0028542048802177,0.0011015698126841,-1.363727248020075e-05,-0.0049460388257224,False
ETHUSDT_60m_short_2pct_orders,ETHUSDT,60,-1,0.02,orders,zones,8,8,-0.0121136661868193,0.0,0.0,0.3583333333333333,4.214166666666665,6.016666666666667,0.099211765241801,0.0003256792376317,0.0,0.0,-0.0110105052526262,0.0011060557778889,-2.894843695765126e-06,-0.0131257378415675,9,9,-0.0054395540270133,0.4227972522209608,0.2222222222222222,0.6166666666666667,1.38,1.5333333333333334,0.0668859567283632,0.0006773211567732,0.0,0.0,-0.004337168584292,0.0011023854427213,0.0,-0.0064449467801133,False
ETHUSDT_60m_short_2pct_regime,ETHUSDT,60,-1,0.02,regime,baseline,353,352,-0.0026646448407092,0.6743284215511818,0.3087818696883853,3.2,31.07,95.93333333333334,0.976954301962507,0.1062956204379562,1.0,0.0058138518387841,-0.0016052116161009,0.0011008828663888,-4.144964178057219e-05,-0.0036672820199166,171,171,-0.0041162823814837,0.5342677528783846,0.2631578947368421,1.9,18.5,31.25,0.7461006554029858,0.0883371385083713,0.0,0.0,-0.0030275256311978,0.0011016651390971,-1.2908388811257473e-05,-0.0051203576545066,False
ETHUSDT_60m_short_2pct_regime,ETHUSDT,60,-1,0.02,regime,both,7,7,-0.0121132526377199,0.0,0.0,0.5666666666666667,4.471666666666663,6.016666666666667,0.0847927684640399,0.0003237783860502,0.0,0.0,-0.0110105052526262,0.0011060557778889,-3.308392795160144e-06,-0.0131253240854866,9,9,-0.0054395540270133,0.4227972522209608,0.2222222222222222,0.6166666666666667,1.38,1.5333333333333334,0.0668859567283632,0.0006773211567732,0.0,0.0,-0.004337168584292,0.0011023854427213,0.0,-0.0064449467801133,False
ETHUSDT_60m_short_2pct_regime,ETHUSDT,60,-1,0.02,regime,structure,158,158,-0.0036174846705934,0.5805407095816171,0.2784810126582278,2.208333333333333,30.306666666666672,95.93333333333334,0.5766463335867978,0.0444976682887266,0.0,0.0,-0.0025522992655543,0.001101403764596,-3.6218359556943855e-05,-0.0046210725511234,82,82,-0.0039380053064219,0.5499233296223069,0.2682926829268293,1.575,19.71666666666668,24.316666666666663,0.4280682747869723,0.0422336377473363,0.0,0.0,-0.0028500728081173,0.0011015675400444,-1.3635041739935692e-05,-0.004941902576424,False
ETHUSDT_60m_short_2pct_regime,ETHUSDT,60,-1,0.02,regime,zones,8,8,-0.0121136661868193,0.0,0.0,0.3583333333333333,4.214166666666665,6.016666666666667,0.099211765241801,0.0003256792376317,0.0,0.0,-0.0110105052526262,0.0011060557778889,-2.894843695765126e-06,-0.0131257378415675,9,9,-0.0054395540270133,0.4227972522209608,0.2222222222222222,0.6166666666666667,1.38,1.5333333333333334,0.0668859567283632,0.0006773211567732,0.0,0.0,-0.004337168584292,0.0011023854427213,0.0,-0.0064449467801133,False
ETHUSDT_60m_short_3pct_orders,ETHUSDT,60,-1,0.03,orders,baseline,324,323,-0.0024816491958463,0.7290807263948016,0.2407407407407407,3.9166666666666665,40.20166666666661,152.35,0.8768383077899606,0.1311213757096512,1.0,0.0058138518387841,-0.0014396662169514,0.0011007918164193,-5.8808837524472365e-05,-0.0034841119673758,164,164,-0.0040388475048806,0.5822111416259281,0.2012195121951219,2.341666666666667,23.5725,51.43333333333333,0.7546734153706463,0.1056145357686453,0.0,0.0,-0.00295367195793,0.0011016245195768,-1.6448972626267645e-05,-0.0050428470745442,False
ETHUSDT_60m_short_3pct_orders,ETHUSDT,60,-1,0.03,orders,both,4,4,-0.0121165610305151,0.0,0.0,0.1333333333333333,0.7591666666666664,0.8666666666666667,0.0484662441220605,4.4986820762368205e-05,0.0,0.0,-0.0110105052526262,0.0011060557778889,0.0,-0.013128634134134,2,2,-0.012116561030515,0.0,0.0,0.5583333333333333,0.8958333333333334,0.9333333333333332,0.0265070468793698,0.0001274733637747,0.0,0.0,-0.0110105052526261,0.0011060557778889,0.0,-0.0131286341341339,False
ETHUSDT_60m_short_3pct_orders,ETHUSDT,60,-1,0.03,orders,structure,152,152,-0.0033716262054306,0.6433274571905241,0.2171052631578947,2.3583333333333334,47.94999999999997,124.86666666666666,0.5476174703742502,0.0563691200324412,0.0,0.0,-0.0023176061715066,0.0011012746833943,-4.725464947035864e-05,-0.0043749736225294,78,78,-0.0043954340431618,0.5502555471623473,0.1923076923076923,1.975,23.210833333333326,37.31666666666667,0.4239108866303985,0.0500323439878234,0.0,0.0,-0.0033105014045483,0.0011018207757725,-1.6888137159002507e-05,-0.0053997905975069,False
ETHUSDT_60m_short_3pct_orders,ETHUSDT,60,-1,0.03,orders,zones,5,5,-0.0121165610305151,0.0,0.0,0.1166666666666666,0.7233333333333332,0.8666666666666667,0.0628852408998217,4.688767234387673e-05,0.0,0.0,-0.0110105052526261,0.0011060557778889,0.0,-0.013128634134134,2,2,-0.012116561030515,0.0,0.0,0.5583333333333333,0.8958333333333334,0.9333333333333332,0.0265070468793698,0.0001274733637747,0.0,0.0,-0.0110105052526261,0.0011060557778889,0.0,-0.0131286341341339,False
ETHUSDT_60m_short_3pct_regime,ETHUSDT,60,-1,0.03,regime,baseline,330,329,-0.0026625419194288,0.7058260579735175,0.2333333333333333,3.85,38.505,151.0,0.9514228017472556,0.1271403588807786,1.0,0.0058138518387841,-0.0016175792536495,0.0011008896685895,-5.5927002810216905e-05,-0.003665184233346,165,165,-0.0040051894279364,0.5827450749655005,0.2,2.283333333333333,22.723333333333297,51.43333333333333,0.7531586801797356,0.1027035768645357,0.0,0.0,-0.0029192355541004,0.0011016055795547,-1.565170571870472e-05,-0.0050091549240351,False
ETHUSDT_60m_short_3pct_regime,ETHUSDT,60,-1,0.03,regime,both,4,4,-0.0121165610305151,0.0,0.0,0.1333333333333333,0.7591666666666664,0.8666666666666667,0.0484662441220605,4.4986820762368205e-05,0.0,0.0,-0.0110105052526262,0.0011060557778889,0.0,-0.013128634134134,2,2,-0.012116561030515,0.0,0.0,0.5583333333333333,0.8958333333333334,0.9333333333333332,0.0265070468793698,0.0001274733637747,0.0,0.0,-0.0110105052526261,0.0011060557778889,0.0,-0.0131286341341339,False
ETHUSDT_60m_short_3pct_regime,ETHUSDT,60,-1,0.03,regime,structure,153,153,-0.0033327731080416,0.6444658825372509,0.2156862745098039,2.4166666666666665,36.35333333333338,124.86666666666666,0.5450445726791681,0.0528905616382806,0.0,0.0,-0.0022758873051925,0.0011012517380178,-4.436593516868805e-05,-0.0043360802082294,79,79,-0.0043854070815071,0.5476155799561991,0.189873417721519,2.0,23.185,37.31666666666667,0.4275141907028373,0.049119101978691,0.0,0.0,-0.0033004365129462,0.0011018152400821,-1.6844671521274202e-05,-0.0053897535821367,False
ETHUSDT_60m_short_3pct_regime,ETHUSDT,60,-1,0.03,regime,zones,5,5,-0.0121165610305151,0.0,0.0,0.1166666666666666,0.7233333333333332,0.8666666666666667,0.0628852408998217,4.688767234387673e-05,0.0,0.0,-0.0110105052526261,0.0011060557778889,0.0,-0.013128634134134,2,2,-0.012116561030515,0.0,0.0,0.5583333333333333,0.8958333333333334,0.9333333333333332,0.0265070468793698,0.0001274733637747,0.0,0.0,-0.0110105052526261,0.0011060557778889,0.0,-0.0131286341341339,False
SOLUSDT_15m_long_1.5pct_orders,SOLUSDT,15,1,0.015,orders,baseline,1340,1340,-0.002929258456551,0.6223935380018414,0.4082089552238806,1.2166666666666666,6.819999999999997,54.68333333333333,3.972902170922351,0.1106441352392538,0.0,0.0,-0.0017931881551283,0.0010990137465146,3.705655490798632e-05,-0.004922547730554,324,324,-0.0027777665932874,0.6380600338541423,0.4135802469135802,2.083333333333333,10.57916666666666,31.1,0.899996376225139,0.1220300608828006,0.0,0.0,-0.001659174159174,0.0010990874542124,1.9504979900914485e-05,-0.0047713409973306,False
SOLUSDT_15m_long_1.5pct_orders,SOLUSDT,15,1,0.015,orders,both,44,44,-0.0091226819092546,0.1714395014370797,0.1590909090909091,0.875,5.820000000000001,10.233333333333333,0.4230538322031233,0.0029925740064882,0.0,0.0,-0.0080086958496048,0.0010955952172827,1.8390842367063932e-05,-0.0111035780203505,8,8,-0.0068928709349728,0.2990807864008733,0.25,2.9916666666666667,4.631666666666666,4.783333333333333,0.0551429674797831,0.0023287671232876,0.0,0.0,-0.0057405094905093,0.0010968427197802,5.5518724683291504e-05,-0.0088782593497085,False
SOLUSDT_15m_long_1.5pct_orders,SOLUSDT,15,1,0.015,orders,structure,612,612,-0.0035286743367383,0.5627957550348064,0.3839869281045752,1.15,6.533333333333333,54.68333333333333,2.171089019338743,0.0495520326439578,0.0,0.0,-0.0023975289416465,0.001098681359082,3.246403600975554e-05,-0.0055207613816941,163,163,-0.0032959395553798,0.5852341213425107,0.3926380368098159,1.8333333333333333,10.928333333333336,35.983333333333334,0.5623223915431542,0.0615639269406392,0.0,0.0,-0.0021816833473274,0.0010988000741589,1.5456133893425758e-05,-0.0052884745978868,False
SOLUSDT_15m_long_1.5pct_orders,SOLUSDT,15,1,0.015,orders,zones,107,107,-0.0047019304137486,0.459157802559306,0.3364485981308411,1.0333333333333334,5.431666666666666,10.55,0.5314679434378446,0.0080646796431467,0.0,0.0,-0.0035836126490331,0.001098029013043,2.0288751672462503e-05,-0.006691661110726,24,24,-0.0058311035035111,0.371331843814398,0.2916666666666667,2.2416666666666667,8.660833333333331,11.033333333333331,0.1399464840842675,0.0086111111111111,0.0,0.0,-0.0047009240759239,0.0010974144917582,3.2764935828915046e-05,-0.0078185905821005,False
SOLUSDT_15m_long_1.5pct_regime,SOLUSDT,15,1,0.015,regime,baseline,1340,1340,-0.0029101057811165,0.6220998871991251,0.4074626865671641,1.2,6.7033333333333305,54.68333333333333,3.94723758584015,0.1090195407542579,0.0,0.0,-0.001774255261285,0.0010990241596062,3.682636022523832e-05,-0.0049034330920846,324,324,-0.0027237178576806,0.6378766715276357,0.4074074074074074,1.875,10.319166666666655,31.1,0.8834669463564239,0.1170053272450532,0.0,0.0,-0.0016055504328168,0.0010991169472619,1.905047760179285e-05,-0.0047173997969181,False
SOLUSDT_15m_long_1.5pct_regime,SOLUSDT,15,1,0.015,regime,both,44,44,-0.0091226819092546,0.1714395014370797,0.1590909090909091,0.875,5.820000000000001,10.233333333333333,0.4230538322031233,0.0029925740064882,0.0,0.0,-0.0080086958496048,0.0010955952172827,1.8390842367063932e-05,-0.0111035780203505,8,8,-0.0068928709349728,0.2990807864008733,0.25,2.9916666666666667,4.631666666666666,4.783333333333333,0.0551429674797831,0.0023287671232876,0.0,0.0,-0.0057405094905093,0.0010968427197802,5.5518724683291504e-05,-0.0088782593497085,False
SOLUSDT_15m_long_1.5pct_regime,SOLUSDT,15,1,0.015,regime,structure,612,612,-0.0034928309496698,0.5653062863805405,0.3839869281045752,1.15,6.524166666666665,54.68333333333333,2.1491528664528303,0.0493289993917274,0.0,0.0,-0.0023618289735681,0.0010987009940645,3.2300982037160486e-05,-0.0054849894468734,163,163,-0.0030983586432458,0.600156331812055,0.3926380368098159,1.8333333333333333,10.916666666666668,35.983333333333334,0.530116702865316,0.0603044140030441,0.0,0.0,-0.0019839937058906,0.0010989088034617,1.5456133893425758e-05,-0.0050912884535987,False
SOLUSDT_15m_long_1.5pct_regime,SOLUSDT,15,1,0.015,regime,zones,107,107,-0.0048222854441954,0.4459173389604673,0.3271028037383177,1.0166666666666666,5.431666666666666,10.55,0.5443459316956578,0.0079081761962692,0.0,0.0,-0.0037040339111741,0.0010979627813488,2.0288751672462503e-05,-0.0068117756711011,24,24,-0.0058311035035111,0.371331843814398,0.2916666666666667,2.2416666666666667,8.660833333333331,11.033333333333331,0.1399464840842675,0.0086111111111111,0.0,0.0,-0.0047009240759239,0.0010974144917582,3.2764935828915046e-05,-0.0078185905821005,False
SOLUSDT_15m_long_1pct_orders,SOLUSDT,15,1,0.01,orders,baseline,1499,1499,-0.0028339603300231,0.554510421906561,0.514342895263509,0.8833333333333333,4.8699999999999966,18.683333333333334,4.289519435918292,0.085805707623682,0.0,0.0,-0.0017117172353995,0.0010990585555205,2.318453910301305e-05,-0.0048274261382102,376,376,-0.0031623337907139,0.5190670261234522,0.4973404255319149,1.3583333333333334,7.633333333333334,18.53333333333333,1.201646548441376,0.0986662861491628,0.0,0.0,-0.0020510872106615,0.0010988719020341,1.2374678018210002e-05,-0.0051551326968769,False
SOLUSDT_15m_long_1pct_orders,SOLUSDT,15,1,0.01,orders,both,64,64,-0.0052858655552842,0.3369826231111784,0.390625,0.7166666666666667,4.724166666666665,8.45,0.3549639582495958,0.002946953568532,0.0,0.0,-0.0041811313686312,0.0010977003777472,7.033808905736896e-06,-0.0072744162913818,12,12,-0.0064627611841228,0.2590864797971062,0.3333333333333333,2.3666666666666667,7.889999999999994,12.4,0.0775531342094736,0.0040068493150684,0.0,0.0,-0.0053246753246751,0.0010970714285714,4.101443087621849e-05,-0.0084489944563943,False
SOLUSDT_15m_long_1pct_orders,SOLUSDT,15,1,0.01,orders,structure,667,667,-0.0031334437395658,0.5221289061117886,0.4992503748125937,0.8333333333333334,4.851666666666663,18.883333333333333,2.092089661357241,0.038246401054339,0.0,0.0,-0.0020129645466975,0.0010988928694993,2.158632336896453e-05,-0.0051263095798878,193,193,-0.0030548182191979,0.530386327649558,0.5025906735751295,1.25,7.079999999999992,13.0,0.6046896293524153,0.0466381278538812,0.0,0.0,-0.0019462920499188,0.0010989295393725,9.596629906532614e-06,-0.0050478291640632,False
SOLUSDT_15m_long_1pct_orders,SOLUSDT,15,1,0.01,orders,zones,151,151,-0.0033023880242119,0.5050754661322148,0.4900662251655629,0.7833333333333333,4.733333333333333,8.45,0.5153291543674131,0.0074354977696674,0.0,0.0,-0.0021962805406513,0.0010987920457026,7.315437858041714e-06,-0.0052949020419272,34,34,-0.0072285700185466,0.2174493587096424,0.2941176470588235,2.341666666666667,7.700833333333334,12.4,0.2457713806305868,0.0108466514459665,0.0,0.0,-0.0061074219897747,0.0010966409179056,2.450711086625851e-05,-0.0092132566928267,False
SOLUSDT_15m_long_1pct_regime,SOLUSDT,15,1,0.01,regime,baseline,1499,1499,-0.0028260522389361,0.5540456890300371,0.5123415610406938,0.8666666666666667,4.818333333333332,18.683333333333334,4.27766520737894,0.0851353406326034,0.0,0.0,-0.0017038713995039,0.0010990628707302,2.311796870192688e-05,-0.0048195337809661,376,376,-0.0031033350308048,0.520383617563218,0.4920212765957447,1.2666666666666666,7.3875,18.53333333333333,1.1678363320505132,0.0952568493150684,0.0,0.0,-0.0019921803906419,0.0010989043007851,1.2250339377693506e-05,-0.0050962516925046,False
SOLUSDT_15m_long_1pct_regime,SOLUSDT,15,1,0.01,regime,both,64,64,-0.0051644443107206,0.3421942849704391,0.390625,0.7166666666666667,4.724166666666665,8.45,0.347192998597527,0.002939350162206,0.0,0.0,-0.004059643305633,0.0010977671961819,7.033808905736896e-06,-0.0071532376471922,12,12,-0.0064627611841228,0.2590864797971062,0.3333333333333333,2.3666666666666667,7.889999999999994,12.4,0.0775531342094736,0.0040068493150684,0.0,0.0,-0.0053246753246751,0.0010970714285714,4.101443087621849e-05,-0.0084489944563943,False
SOLUSDT_15m_long_1pct_regime,SOLUSDT,15,1,0.01,regime,structure,667,667,-0.0031005559541297,0.5247609004986495,0.4992503748125937,0.8333333333333334,4.816666666666666,18.883333333333333,2.070153508471328,0.0380233678021086,0.0,0.0,-0.0019802083540979,0.0010989108854052,2.1436714626493506e-05,-0.0050934873548349,193,193,-0.0028879493659449,0.5443503042303454,0.5025906735751295,1.1666666666666667,6.493333333333316,13.0,0.5724839406745772,0.0453786149162861,0.0,0.0,-0.0017793313682909,0.0010990213677474,9.596629906532614e-06,-0.0048812937157785,False
SOLUSDT_15m_long_1pct_regime,SOLUSDT,15,1,0.01,regime,zones,151,151,-0.0033031811574651,0.5016138076973132,0.4834437086092715,0.7666666666666667,4.733333333333333,8.45,0.515448917488642,0.0072720245336577,0.0,0.0,-0.0021970741103678,0.0010987916092392,7.315437858041714e-06,-0.0052956935904954,34,34,-0.0076662181951049,0.1906917304350434,0.2647058823529412,2.2666666666666666,7.700833333333334,12.4,0.2606514186335675,0.0105270167427701,0.0,0.0,-0.0065453110052915,0.001096400078947,2.450711086625851e-05,-0.0096500304457067,False
SOLUSDT_15m_long_2.5pct_orders,SOLUSDT,15,1,0.025,orders,baseline,1168,1168,-0.0032946450590163,0.6503404521007816,0.2816780821917808,1.75,10.9958333333333,36.36666666666667,3.955043141161354,0.1409779247769667,0.0,0.0,-0.002138986869295,0.0010988235572218,5.683463249946324e-05,-0.005287224066516,275,275,-0.0020573012816902,0.7701097565697265,0.3163636363636363,2.8666666666666667,16.455000000000002,49.61666666666667,0.5719784787596243,0.1485825722983257,0.0,0.0,-0.0009274180365088,0.0010994899200799,3.0393325101468788e-05,-0.0040523260681085,False
SOLUSDT_15m_long_2.5pct_orders,SOLUSDT,15,1,0.025,orders,both,26,26,-0.0104036433811311,0.1390277601620692,0.0769230769230769,0.9166666666666666,4.320833333333334,10.233333333333333,0.2704947279094103,0.001542857866991,0.0,0.0,-0.0092910935218626,0.0010948898985629,1.7659960705535952e-05,-0.0123819793926501,5,5,-0.0061580378312747,0.4138502658881348,0.2,4.2,6.726666666666668,6.783333333333333,0.0445179517257575,0.0022583713850837,0.0,0.0,-0.0049920079920078,0.0010972543956043,6.877544366246117e-05,-0.0081449077036987,False
SOLUSDT_15m_long_2.5pct_orders,SOLUSDT,15,1,0.025,orders,structure,540,540,-0.0036243091318964,0.620213566956494,0.2722222222222222,1.5083333333333333,11.701666666666664,36.36666666666667,2.0311278674747064,0.0634846411192214,0.0,0.0,-0.0024692807192806,0.0010986418956043,5.638651701144162e-05,-0.0056162290204875,150,150,-0.0030853218941711,0.6693717251218398,0.2866666666666667,2.283333333333333,14.493333333333318,35.983333333333334,0.5200842216600959,0.0738945966514459,0.0,0.0,-0.0019647352647351,0.0010989193956043,2.1667233831593805e-05,-0.0050782839631391,False
SOLUSDT_15m_long_2.5pct_orders,SOLUSDT,15,1,0.025,orders,zones,57,57,-0.0075818293491882,0.3128454893875903,0.1578947368421052,1.1333333333333333,9.349999999999996,12.766666666666667,0.434641312506855,0.0051557431062449,0.0,0.0,-0.0064627477785371,0.0010964454887218,2.2636081929217003e-05,-0.0095658083381769,9,9,-0.0053435849209009,0.4757985791279033,0.2222222222222222,2.2666666666666666,6.67,6.783333333333333,0.0480922642881088,0.0033066971080669,0.0,0.0,-0.0042157842157841,0.0010976813186813,3.011938643553173e-05,-0.007332043418984,False
SOLUSDT_15m_long_2.5pct_regime,SOLUSDT,15,1,0.025,regime,baseline,1168,1168,-0.003254358474425,0.6505138098706086,0.2825342465753425,1.725,10.710833333333332,36.36666666666667,3.907988410358695,0.1382983576642335,0.0,0.0,-0.0020991148197187,0.0010988454868491,5.639816785712428e-05,-0.0052470175382965,276,276,-0.0018882483030728,0.7826825370590813,0.3152173913043478,2.4,15.9,49.61666666666667,0.5283595184108114,0.1418055555555555,0.0,0.0,-0.0007598688940512,0.0010995820721082,2.8797336913335127e-05,-0.0038836092623637,False
SOLUSDT_15m_long_2.5pct_regime,SOLUSDT,15,1,0.025,regime,both,26,26,-0.0104036433811311,0.1390277601620692,0.0769230769230769,0.9166666666666666,4.320833333333334,10.233333333333333,0.2704947279094103,0.001542857866991,0.0,0.0,-0.0092910935218626,0.0010948898985629,1.7659960705535952e-05,-0.0123819793926501,5,5,-0.0061580378312747,0.4138502658881348,0.2,4.2,6.726666666666668,6.783333333333333,0.0445179517257575,0.0022583713850837,0.0,0.0,-0.0049920079920078,0.0010972543956043,6.877544366246117e-05,-0.0081449077036987,False
SOLUSDT_15m_long_2.5pct_regime,SOLUSDT,15,1,0.025,regime,structure,540,540,-0.0035668644362507,0.6239695841031874,0.2722222222222222,1.5083333333333333,11.652499999999998,36.36666666666667,2.000107731825989,0.0628776358475263,0.0,0.0,-0.0024121734148563,0.0010986733046218,5.601771677255944e-05,-0.0055588987308867,150,150,-0.0028706173029855,0.6851353918212579,0.2866666666666667,2.275,14.493333333333318,35.983333333333334,0.4878785329822578,0.0726350837138508,0.0,0.0,-0.0017499125210405,0.0010990375481134,2.1667233831593805e-05,-0.0048640083530128,False
SOLUSDT_15m_long_2.5pct_regime,SOLUSDT,15,1,0.025,regime,zones,57,57,-0.0079809803191974,0.2778330400798496,0.1403508771929824,1.0666666666666669,9.349999999999996,12.766666666666667,0.4573929177973797,0.004923205596107,0.0,0.0,-0.0068638897965917,0.0010962248606118,2.086566199378809e-05,-0.0099641600317336,9,9,-0.0053435849209009,0.4757985791279033,0.2222222222222222,2.2666666666666666,6.67,6.783333333333333,0.0480922642881088,0.0033066971080669,0.0,0.0,-0.0042157842157841,0.0010976813186813,3.011938643553173e-05,-0.007332043418984,False
SOLUSDT_15m_long_2pct_orders,SOLUSDT,15,1,0.02,orders,baseline,1253,1253,-0.0029911378029155,0.6551849227403206,0.3383878691141261,1.55,8.779999999999996,54.71666666666667,3.82352329418681,0.1276510543390105,0.0,0.0,-0.0018466688937557,0.0010989843321084,4.548457705134579e-05,-0.0049843118696528,296,296,-0.0025838212317361,0.6956410234542164,0.3513513513513513,2.3833333333333333,12.875,49.61666666666667,0.7648110845939116,0.1366514459665144,0.0,0.0,-0.0014585414585413,0.0010991978021978,2.608197099702646e-05,-0.0045777897167777,False
SOLUSDT_15m_long_2pct_orders,SOLUSDT,15,1,0.02,orders,both,32,32,-0.0084180589097805,0.2380508715169354,0.15625,1.05,8.3125,10.233333333333333,0.2795759976656222,0.0024730079075425,0.0,0.0,-0.0072998876123875,0.0010959850618131,2.218623557989586e-05,-0.0104003666572509,5,5,-0.0071554909281778,0.31890819447547,0.2,4.2,6.6866666666666665,6.733333333333333,0.0445179517257575,0.0022526636225266,0.0,0.0,-0.0059900099900098,0.0010967054945054,6.877544366246117e-05,-0.0091403678833394,False
SOLUSDT_15m_long_2pct_orders,SOLUSDT,15,1,0.02,orders,structure,576,576,-0.0035019181939492,0.6063673810604296,0.3211805555555556,1.4,8.6125,54.71666666666667,2.0560373996611445,0.057967102595296,0.0,0.0,-0.0023618568931067,0.0010987009787087,4.136032213363297e-05,-0.0054940675941424,157,157,-0.0033703756026028,0.618449681352221,0.3248407643312102,2.183333333333333,13.196666666666657,35.983333333333334,0.5642077445939212,0.0697184170471841,0.0,0.0,-0.0022522700229705,0.0010987612514873,1.934432814495576e-05,-0.0053627658096436,False
SOLUSDT_15m_long_2pct_orders,SOLUSDT,15,1,0.02,orders,zones,74,74,-0.0062183195078911,0.3837634470633034,0.2297297297297297,1.1416666666666666,8.485,11.983333333333333,0.4626722569705529,0.0066409418085969,0.0,0.0,-0.0050999000999,0.001097195054945,2.122435304609319e-05,-0.0082050213859785,12,12,-0.0056175417218104,0.4280795913596298,0.25,2.2416666666666667,7.160833333333333,7.683333333333334,0.0674105006617249,0.0044482496194824,0.0,0.0,-0.0044930069930068,0.0010975288461538,2.700588264969582e-05,-0.0076054497390542,False
SOLUSDT_15m_long_2pct_regime,SOLUSDT,15,1,0.02,regime,baseline,1253,1253,-0.0029528267996516,0.6559258637601991,0.3383878691141261,1.5333333333333334,8.516666666666667,54.71666666666667,3.7755196070970767,0.1254593724655312,0.0,0.0,-0.0018086624649868,0.0010990052356442,4.515909902049941e-05,-0.0049460770865242,296,296,-0.0024735477750029,0.7011553032290136,0.3479729729729729,2.2666666666666666,12.6875,49.61666666666667,0.733152501868776,0.1305327245053272,0.0,0.0,-0.0013492707919543,0.0010992579010644,2.501908198422399e-05,-0.0044677355241804,False
SOLUSDT_15m_long_2pct_regime,SOLUSDT,15,1,0.02,regime,both,32,32,-0.0084180589097805,0.2380508715169354,0.15625,1.05,8.3125,10.233333333333333,0.2795759976656222,0.0024730079075425,0.0,0.0,-0.0072998876123875,0.0010959850618131,2.218623557989586e-05,-0.0104003666572509,5,5,-0.0071554909281778,0.31890819447547,0.2,4.2,6.6866666666666665,6.733333333333333,0.0445179517257575,0.0022526636225266,0.0,0.0,-0.0059900099900098,0.0010967054945054,6.877544366246117e-05,-0.0091403678833394,False
SOLUSDT_15m_long_2pct_regime,SOLUSDT,15,1,0.02,regime,structure,576,576,-0.0034480637917812,0.6100603794034406,0.3211805555555556,1.4,8.525,54.71666666666667,2.025017264012427,0.0573600973236009,0.0,0.0,-0.0023083187952089,0.0010987304246626,4.1014571909680926e-05,-0.0054403204476417,157,157,-0.0031652438275848,0.6331529915405091,0.3248407643312102,2.183333333333333,13.196666666666657,35.983333333333334,0.532002055916083,0.068458904109589,0.0,0.0,-0.0020470253633897,0.0010988741360501,1.934432814495576e-05,-0.0051580438891407,False
SOLUSDT_15m_long_2pct_regime,SOLUSDT,15,1,0.02,regime,zones,74,74,-0.0064597418557604,0.3607057985142279,0.2162162162162162,1.1,8.485,11.983333333333333,0.4805375107128817,0.0064838047445255,0.0,0.0,-0.005341455303131,0.0010970621995832,2.122435304609319e-05,-0.0084459613705506,12,12,-0.0056175417218104,0.4280795913596298,0.25,2.2416666666666667,7.160833333333333,7.683333333333334,0.0674105006617249,0.0044482496194824,0.0,0.0,-0.0044930069930068,0.0010975288461538,2.700588264969582e-05,-0.0076054497390542,False
SOLUSDT_15m_long_3pct_orders,SOLUSDT,15,1,0.03,orders,baseline,1096,1096,-0.0031634827458832,0.6785860773704836,0.25,1.8666666666666667,13.004166666666666,93.96666666666668,3.5563304757437497,0.1525528436739659,0.0,0.0,-0.0019980019980018,0.001098901098901,6.657964898029271e-05,-0.0051563335615062,255,255,-0.0021557922249014,0.7730344781599467,0.2745098039215686,3.1,20.279999999999973,49.61666666666667,0.5709094400982146,0.1607629375951293,0.0,0.0,-0.0010195686666273,0.0010994392372333,3.6784321040695214e-05,-0.0041506266168339,False
SOLUSDT_15m_long_3pct_orders,SOLUSDT,15,1,0.03,orders,both,21,21,-0.0092875407186875,0.2150036961005298,0.0952380952380952,0.3666666666666666,3.2,3.983333333333333,0.1950383550924388,0.0008325729927007,0.0,0.0,-0.0081761096046809,0.0010955031397174,1.592797428921211e-05,-0.0112681049780217,5,5,-0.0051605847343716,0.5087923373008082,0.2,4.2,6.78,6.85,0.0445179517257575,0.0022659817351598,0.0,0.0,-0.0039940059940058,0.0010978032967032,6.877544366246117e-05,-0.0071494475240579,False
SOLUSDT_15m_long_3pct_orders,SOLUSDT,15,1,0.03,orders,structure,511,511,-0.004080774377742,0.5975617861590757,0.2270058708414872,1.6166666666666667,12.391666666666667,93.96666666666668,2.131557786333202,0.0695977798053528,0.0,0.0,-0.0029159294717023,0.0010983962387905,6.644866724915394e-05,-0.006071792308208,137,137,-0.0034899896102643,0.6487392610830874,0.2408759124087591,2.3833333333333333,18.159999999999958,35.983333333333334,0.5463972017571622,0.0823325722983257,0.0,0.0,-0.002362236303842,0.0010987007700328,2.905253638942841e-05,-0.0054821505360289,False
SOLUSDT_15m_long_3pct_orders,SOLUSDT,15,1,0.03,orders,zones,45,45,-0.0086665684155589,0.2552989212043883,0.1111111111111111,0.7666666666666667,5.919999999999997,10.15,0.4238970521023213,0.0027967862935928,0.0,0.0,-0.0075424575424574,0.0010958516483516,2.825922474986884e-05,-0.0106483857125495,9,9,-0.0042353037021197,0.5845200831763583,0.2222222222222222,2.2666666666666666,6.709999999999999,6.85,0.047004630283149,0.0033694824961948,0.0,0.0,-0.0031068931068929,0.0010982912087912,3.011938643553173e-05,-0.0062259765527165,False
SOLUSDT_15m_long_3pct_regime,SOLUSDT,15,1,0.03,regime,baseline,1098,1098,-0.0031248650154736,0.678461276392393,0.2513661202185792,1.8416666666666663,12.624999999999975,93.96666666666668,3.520255173245729,0.1494107360097323,0.0,0.0,-0.0019601326501739,0.0010989219270424,6.58104382572557e-05,-0.005117792220341,256,256,-0.0019926287578815,0.7837786361698726,0.2734375,2.9166666666666665,18.3625,49.61666666666667,0.5322777452339175,0.1539250380517503,0.0,0.0,-0.0008580620105398,0.0010995280658942,3.503868144747601e-05,-0.0039877874057554,False
SOLUSDT_15m_long_3pct_regime,SOLUSDT,15,1,0.03,regime,both,21,21,-0.0092875407186875,0.2150036961005298,0.0952380952380952,0.3666666666666666,3.2,3.983333333333333,0.1950383550924388,0.0008325729927007,0.0,0.0,-0.0081761096046809,0.0010955031397174,1.592797428921211e-05,-0.0112681049780217,5,5,-0.0051605847343716,0.5087923373008082,0.2,4.2,6.78,6.85,0.0445179517257575,0.0022659817351598,0.0,0.0,-0.0039940059940058,0.0010978032967032,6.877544366246117e-05,-0.0071494475240579,False
SOLUSDT_15m_long_3pct_regime,SOLUSDT,15,1,0.03,regime,structure,511,511,-0.0040200696113062,0.6011606879402404,0.2270058708414872,1.6166666666666667,12.158333333333331,93.96666666666668,2.1005376506844846,0.0689907745336577,0.0,0.0,-0.0028555812439349,0.0010984294303158,6.605893705542326e-05,-0.0060112084405281,137,137,-0.003254911590718,0.6644604963181192,0.2408759124087591,2.333333333333333,18.159999999999958,35.983333333333334,0.5141915130793241,0.0810730593607305,0.0,0.0,-0.0021270289202347,0.0010988301340938,2.905253638942841e-05,-0.0052475422037738,False
SOLUSDT_15m_long_3pct_regime,SOLUSDT,15,1,0.03,regime,zones,45,45,-0.0085553092379983,0.2577632099286222,0.1111111111111111,0.7666666666666667,5.919999999999997,10.15,0.4188903891120935,0.0027898165044606,0.0,0.0,-0.0074311371386747,0.0010959128745737,2.825922474986884e-05,-0.0105373488314921,9,9,-0.0042353037021197,0.5845200831763583,0.2222222222222222,2.2666666666666666,6.709999999999999,6.85,0.047004630283149,0.0033694824961948,0.0,0.0,-0.0031068931068929,0.0010982912087912,3.011938643553173e-05,-0.0062259765527165,False
SOLUSDT_15m_short_1.5pct_orders,SOLUSDT,15,-1,0.015,orders,baseline,1297,1297,-0.0025244190889416,0.6668745382396327,0.4240555127216653,1.3166666666666669,10.07666666666667,39.36666666666667,3.347087795632365,0.1328733272506082,0.0,0.0,-0.0013994102043445,0.0011007696756123,2.423920898465116e-05,-0.0045303536585886,511,511,-0.0026869894359205,0.6489914304300147,0.4168297455968688,1.4166666666666667,9.416666666666666,37.333333333333336,1.3858147194749726,0.1631773211567732,0.0,0.0,-0.0015804160324707,0.0011008692288178,5.704174631940855e-06,-0.0046932680074506,False
SOLUSDT_15m_short_1.5pct_orders,SOLUSDT,15,-1,0.015,orders,both,60,60,-0.002339599487834,0.686786164321951,0.4333333333333333,0.8416666666666667,10.752499999999998,15.516666666666667,0.1844688447901002,0.0048655464314679,0.0,0.0,-0.0011670003336668,0.0011006418501835,7.195730398368165e-05,-0.0043451163293384,11,11,-0.0062839332933658,0.3418654073150559,0.2727272727272727,0.7833333333333333,3.333333333333333,3.8333333333333335,0.0948665812356066,0.0015182648401826,0.0,0.0,-0.0051901901901901,0.0011028546046046,-9.111501428908808e-06,-0.0082974277838219,False
SOLUSDT_15m_short_1.5pct_orders,SOLUSDT,15,-1,0.015,orders,structure,608,608,-0.0025188411946305,0.6674850659315608,0.4243421052631579,1.2916666666666667,10.3275,39.36666666666667,1.572868712122525,0.0616686942416869,0.0,0.0,-0.0013922310468362,0.0011007657270757,2.584442071860634e-05,-0.0045247629920846,211,211,-0.0013807330737184,0.8018476492285967,0.4691943127962085,1.3333333333333333,8.2,37.333333333333336,0.3689210217641481,0.068531202435312,0.0,0.0,-0.000268681003278,0.0011001477745518,1.1904295888631743e-05,-0.0033843903120272,False
SOLUSDT_15m_short_1.5pct_orders,SOLUSDT,15,-1,0.015,orders,zones,115,115,-0.0024886376299155,0.670582203450994,0.4260869565217391,1.0166666666666666,7.686666666666661,15.516666666666667,0.3396879962605549,0.0083307988645579,0.0,0.0,-0.0013485224354788,0.0011007416873395,3.937350709722631e-05,-0.0044944854305381,28,28,-0.0032765410811507,0.5888363609914121,0.3928571428571428,0.7833333333333333,3.9525,5.866666666666666,0.1555285968713525,0.0041647640791476,0.0,0.0,-0.0021809309309308,0.001101199512012,-5.589361792118992e-06,-0.0052840112321768,False
SOLUSDT_15m_short_1.5pct_regime,SOLUSDT,15,-1,0.015,regime,baseline,1297,1297,-0.0025486867247014,0.6625758750753177,0.4209714726291442,1.3166666666666669,10.05,39.36666666666667,3.378562919212872,0.131416007704785,0.0,0.0,-0.0014236354644933,0.0011007829995054,2.4268260702580087e-05,-0.0045546698492493,512,512,-0.0027399893132841,0.6412200968129578,0.412109375,1.4083333333333334,9.029166666666663,37.333333333333336,1.4161418078630956,0.1603139269406392,0.0,0.0,-0.0016332322680433,0.0011008982777474,5.858767493359742e-06,-0.0047463738362941,False
SOLUSDT_15m_short_1.5pct_regime,SOLUSDT,15,-1,0.015,regime,both,60,60,-0.0026301228692009,0.6520815398568486,0.4166666666666667,0.8416666666666667,10.32,15.516666666666667,0.1960066201317679,0.0045424016626115,0.0,0.0,-0.0014557014442322,0.0011008006357943,7.362078917429806e-05,-0.0046362196767722,11,11,-0.0062839332933658,0.3418654073150559,0.2727272727272727,0.7833333333333333,3.333333333333333,3.8333333333333335,0.0948665812356066,0.0015182648401826,0.0,0.0,-0.0051901901901901,0.0011028546046046,-9.111501428908808e-06,-0.0082974277838219,False
SOLUSDT_15m_short_1.5pct_regime,SOLUSDT,15,-1,0.015,regime,structure,608,608,-0.0025671694513105,0.6615076216889918,0.4210526315789473,1.2833333333333334,10.119166666666654,39.36666666666667,1.6022522921839604,0.0605997820356853,0.0,0.0,-0.0014404707978403,0.0011007922589388,2.5906394531359333e-05,-0.004573187940251,211,211,-0.0014481543589966,0.7924882420276779,0.4644549763033175,1.3333333333333333,8.2,37.333333333333336,0.3831469129578413,0.0681373668188736,0.0,0.0,-0.000336065227233,0.0011001848358749,1.1904295888631743e-05,-0.0034519465751237,False
SOLUSDT_15m_short_1.5pct_regime,SOLUSDT,15,-1,0.015,regime,zones,115,115,-0.0027849010402732,0.6356025096931098,0.408695652173913,1.0,6.051666666666662,15.516666666666667,0.3737582884516841,0.007982309407948,0.0,0.0,-0.0016437555622998,0.0011009040655592,4.024141241406965e-05,-0.0047913410941168,28,28,-0.0032765410811507,0.5888363609914121,0.3928571428571428,0.7833333333333333,3.9525,5.866666666666666,0.1555285968713525,0.0041647640791476,0.0,0.0,-0.0021809309309308,0.001101199512012,-5.589361792118992e-06,-0.0052840112321768,False
SOLUSDT_15m_short_1pct_orders,SOLUSDT,15,-1,0.01,orders,baseline,1452,1452,-0.0025965479859059,0.5834205328404013,0.5261707988980716,0.9666666666666668,7.008333333333341,39.36666666666667,3.7991590162024895,0.1074158556366585,0.0,0.0,-0.0014775381442047,0.0011008126459793,1.819719572189721e-05,-0.0046026330000634,571,571,-0.0028780568724116,0.5512943047609908,0.51138353765324,1.0,7.291666666666667,26.216666666666665,1.65480931398652,0.1325665905631659,0.0,0.0,-0.0017738754516336,0.0011009756314983,3.205789279613192e-06,-0.0048847204604883,False
SOLUSDT_15m_short_1pct_orders,SOLUSDT,15,-1,0.01,orders,both,82,82,-0.0031338375078915,0.5240067486246831,0.5,0.9166666666666666,5.471666666666668,9.85,0.2716951987616019,0.0048706153690186,0.0,0.0,-0.0020020020020018,0.0011011011011011,3.073440478856538e-05,-0.0051409856416671,19,19,-0.0046817766984017,0.3831847096552661,0.4210526315789473,0.9666666666666668,7.463333333333302,20.48333333333333,0.1027986131254889,0.0049828767123287,0.0,0.0,-0.0035841104262156,0.0011019712607344,-4.304988548296876e-06,-0.0066920588552033,False
SOLUSDT_15m_short_1pct_orders,SOLUSDT,15,-1,0.01,orders,structure,674,674,-0.0029456292547774,0.5441811264492495,0.5089020771513353,0.95,6.680000000000003,39.36666666666667,2.010218599541397,0.0493822232360097,0.0,0.0,-0.0018236040194496,0.0011010029822106,2.102225311716292e-05,-0.0049524103066702,231,231,-0.0022009967930206,0.6314524789682914,0.5454545454545454,0.9833333333333332,7.441666666666666,26.216666666666665,0.5347785228081265,0.0534436834094368,0.0,0.0,-0.0010910910910909,0.0011006001001001,9.305601829602506e-06,-0.0042062988029245,False
SOLUSDT_15m_short_1pct_orders,SOLUSDT,15,-1,0.01,orders,zones,157,157,-0.0023004633702833,0.6193430547392464,0.5414012738853503,0.95,4.266666666666657,9.85,0.4061125016374091,0.0088674726277372,0.0,0.0,-0.0011723188156308,0.0011006447753485,2.749977930390476e-05,-0.0043059463186587,49,49,-0.0041220884546228,0.4293912472086583,0.4489795918367347,0.9666666666666668,5.956666666666666,20.48333333333333,0.2174728585838973,0.0113736681887366,0.0,0.0,-0.0030244530244529,0.0011016634491634,-4.028018993553644e-06,-0.0061312498352265,False
SOLUSDT_15m_short_1pct_regime,SOLUSDT,15,-1,0.01,regime,baseline,1452,1452,-0.0026121410065809,0.580373159995178,0.5227272727272727,0.9583333333333334,6.924166666666667,39.36666666666667,3.821800082222704,0.1063532796025953,0.0,0.0,-0.0014931653585023,0.0011008212409471,1.8154407131481807e-05,-0.0046182572808483,572,572,-0.0028942921285194,0.5477744892926337,0.506993006993007,0.9833333333333332,7.189166666666663,26.216666666666665,1.6674780990945963,0.1302321156773211,0.0,0.0,-0.0017899591170918,0.0011009844775144,3.348533913177526e-06,-0.0049009880769315,False
SOLUSDT_15m_short_1pct_regime,SOLUSDT,15,-1,0.01,regime,both,82,82,-0.0032840671207581,0.5061252678751111,0.4878048780487805,0.9166666666666666,4.891666666666668,9.85,0.2840140270166582,0.0047850770478507,0.0,0.0,-0.0021521490340008,0.0011011836819687,3.073440478856538e-05,-0.0052915160151215,19,19,-0.0046817766984017,0.3831847096552661,0.4210526315789473,0.9666666666666668,7.463333333333302,20.48333333333333,0.1027986131254889,0.0049828767123287,0.0,0.0,-0.0035841104262156,0.0011019712607344,-4.304988548296876e-06,-0.0066920588552033,False
SOLUSDT_15m_short_1pct_regime,SOLUSDT,15,-1,0.01,regime,structure,674,674,-0.002974202311037,0.5403374675238076,0.5059347181008902,0.9416666666666668,6.590000000000002,39.36666666666667,2.029476839460364,0.0485515510948905,0.0,0.0,-0.0018522534980705,0.0011010187394239,2.0930073542558814e-05,-0.0049810406585399,231,231,-0.0022408804539651,0.6253828475900386,0.5411255411255411,0.9833333333333332,7.441666666666666,26.216666666666665,0.5439916484863041,0.0531012176560121,0.0,0.0,-0.0011309528280801,0.0011006220240554,9.305601829602506e-06,-0.0042462623111979,False
SOLUSDT_15m_short_1pct_regime,SOLUSDT,15,-1,0.01,regime,zones,157,157,-0.0024529789884276,0.5983815585088088,0.5286624203821656,0.95,4.06,9.85,0.4300574536860703,0.0087572232360097,0.0,0.0,-0.0013247505962957,0.0011007286128279,2.749977930390476e-05,-0.0044587672739872,49,49,-0.0041220884546228,0.4293912472086583,0.4489795918367347,0.9666666666666668,5.956666666666666,20.48333333333333,0.2174728585838973,0.0113736681887366,0.0,0.0,-0.0030244530244529,0.0011016634491634,-4.028018993553644e-06,-0.0061312498352265,False
SOLUSDT_15m_short_2.5pct_orders,SOLUSDT,15,-1,0.025,orders,baseline,1115,1115,-0.0027851084885769,0.6996069705151363,0.2959641255605381,1.8166666666666669,15.091666666666656,65.0,3.1369428097429224,0.1658556366585563,0.0,0.0,-0.0016425394003868,0.0011009033966702,4.1665691519940446e-05,-0.0047915475334513,433,433,-0.0029262079295729,0.6856510607814796,0.2909930715935335,2.283333333333333,13.916666666666634,48.5,1.328826406677163,0.2043873668188736,0.0,0.0,-0.0018168746113317,0.0011009992810362,8.334037204919713e-06,-0.0049329627880972,False
SOLUSDT_15m_short_2.5pct_orders,SOLUSDT,15,-1,0.025,orders,both,33,33,-0.0036267482834379,0.6229232465615792,0.2727272727272727,0.9166666666666666,9.273333333333332,15.766666666666667,0.183286246410523,0.0025515764395782,0.0,0.0,-0.0024574574574573,0.0011013516016016,6.79392243789698e-05,-0.0056348460226544,6,6,-0.0072788090606709,0.3346931003206593,0.1666666666666666,0.7583333333333333,4.345833333333333,4.85,0.0758804355968758,0.0011320395738203,0.0,0.0,-0.0061770103436769,0.001103397355689,-1.5986386950532838e-06,-0.0092942877855146,False
SOLUSDT_15m_short_2.5pct_orders,SOLUSDT,15,-1,0.025,orders,structure,541,541,-0.0029273213118953,0.6861605081878374,0.2920517560073937,1.75,15.533333333333331,42.11666666666667,1.6152276747149712,0.077641550081103,0.0,0.0,-0.0017797464747556,0.0011009788605611,4.659597657862287e-05,-0.0049340401374018,179,179,-0.0025605708618741,0.7208083395705939,0.3016759776536313,2.3666666666666667,15.113333333333332,48.5,0.5505958806721747,0.0927606544901065,0.0,0.0,-0.0014422243472521,0.0011007932233909,1.755329123097464e-05,-0.0045665844935189,False
SOLUSDT_15m_short_2.5pct_orders,SOLUSDT,15,-1,0.025,orders,zones,59,59,-0.0048466452931605,0.5182497555218807,0.2372881355932203,0.95,6.388333333333316,15.766666666666667,0.3453591013673041,0.0040976023925385,0.0,0.0,-0.0037003104799713,0.0011020351707639,4.429964242518231e-05,-0.0068572089131514,14,14,-0.0106218991381701,0.128724600462748,0.0714285714285714,1.3333333333333333,5.758333333333334,5.866666666666666,0.1740644092898494,0.0038356164383561,0.0,0.0,-0.0095170170170169,0.0011052343593593,-3.522382061613964e-07,-0.0126440695030381,False
SOLUSDT_15m_short_2.5pct_regime,SOLUSDT,15,-1,0.025,regime,baseline,1117,1117,-0.0027729506913746,0.6986900262977429,0.2954341987466428,1.8,14.740000000000007,65.0,3.128932767245077,0.1633724908759124,0.0,0.0,-0.0016300657396707,0.0011008965361568,4.198841554707247e-05,-0.0047793650735413,434,434,-0.0029839961079337,0.6777901969290768,0.2880184331797235,2.2,13.241666666666662,48.5,1.357336845757322,0.2013089802130898,0.0,0.0,-0.0018746241275983,0.0011010310432701,8.34093706521995e-06,-0.0049908666518385,False
SOLUSDT_15m_short_2.5pct_regime,SOLUSDT,15,-1,0.025,regime,both,33,33,-0.0036267482834379,0.6229232465615792,0.2727272727272727,0.9166666666666666,9.273333333333332,15.766666666666667,0.183286246410523,0.0025515764395782,0.0,0.0,-0.0024574574574573,0.0011013516016016,6.79392243789698e-05,-0.0056348460226544,6,6,-0.0072788090606709,0.3346931003206593,0.1666666666666666,0.7583333333333333,4.345833333333333,4.85,0.0758804355968758,0.0011320395738203,0.0,0.0,-0.0061770103436769,0.001103397355689,-1.5986386950532838e-06,-0.0092942877855146,False
SOLUSDT_15m_short_2.5pct_regime,SOLUSDT,15,-1,0.025,regime,structure,541,541,-0.002953940736016,0.6828190362968022,0.2902033271719039,1.75,14.9,42.11666666666667,1.629628783164272,0.0757356295620438,0.0,0.0,-0.0018061785238878,0.0011009933981881,4.6768813940113067e-05,-0.0049607126809318,179,179,-0.002518289895208,0.724146729982251,0.3016759776536313,2.283333333333333,15.113333333333332,48.5,0.5430275876389454,0.0926027397260274,0.0,0.0,-0.0013999666223347,0.0011007699816422,1.755329123097464e-05,-0.0045242188801035,False
SOLUSDT_15m_short_2.5pct_regime,SOLUSDT,15,-1,0.025,regime,zones,59,59,-0.0048466452931605,0.5182497555218807,0.2372881355932203,0.95,6.388333333333316,15.766666666666667,0.3453591013673041,0.0040976023925385,0.0,0.0,-0.0037003104799713,0.0011020351707639,4.429964242518231e-05,-0.0068572089131514,14,14,-0.0106218991381701,0.128724600462748,0.0714285714285714,1.3333333333333333,5.758333333333334,5.866666666666666,0.1740644092898494,0.0038356164383561,0.0,0.0,-0.0095170170170169,0.0011052343593593,-3.522382061613964e-07,-0.0126440695030381,False
SOLUSDT_15m_short_2pct_orders,SOLUSDT,15,-1,0.02,orders,baseline,1198,1198,-0.0028697401759547,0.66860613434911,0.342237061769616,1.5333333333333334,12.171666666666662,65.0,3.464482810257856,0.1506627635847526,0.0,0.0,-0.0017343553904487,0.0011009538954647,3.4430890041227494e-05,-0.0048763558887918,463,463,-0.0026771030234438,0.6873632566766223,0.3477321814254859,1.7333333333333334,12.298333333333334,37.766666666666666,1.277241622195267,0.1856601978691019,0.0,0.0,-0.0015691717635561,0.0011008630444699,7.068215417775032e-06,-0.0046833604382732,False
SOLUSDT_15m_short_2pct_orders,SOLUSDT,15,-1,0.02,orders,both,47,47,-0.0010092514962388,0.8717329878670291,0.4042553191489361,0.9,11.354999999999988,15.733333333333333,0.1557931324740785,0.0041869424168694,0.0,0.0,0.0001299171511938,0.0010999285455668,3.924010186588675e-05,-0.0030121376903361,9,9,-0.00976026923726,0.1618087310119674,0.1111111111111111,0.9666666666666668,8.029999999999998,9.65,0.1150372388526753,0.0026445966514459,0.0,0.0,-0.0086820153486819,0.0011047751084417,-2.652121986361929e-05,-0.011780740782922,False
SOLUSDT_15m_short_2pct_orders,SOLUSDT,15,-1,0.02,orders,structure,565,565,-0.0031605643124041,0.6402846728468358,0.3327433628318584,1.5166666666666666,12.293333333333328,39.36666666666667,1.8122529159724283,0.0704157796025952,0.0,0.0,-0.0020197365507098,0.0011011108551028,3.971690659138163e-05,-0.0051677569708832,191,191,-0.0021216293785843,0.7449446738572763,0.3664921465968586,1.7333333333333334,12.708333333333334,37.766666666666666,0.4768516354822805,0.0821042617960426,0.0,0.0,-0.00100524608378,0.001100552885346,1.5830409458304074e-05,-0.0041267659696268,False
SOLUSDT_15m_short_2pct_orders,SOLUSDT,15,-1,0.02,orders,zones,84,84,-0.0016916676930073,0.7926063828549137,0.3809523809523809,0.9416666666666668,9.345833333333331,15.733333333333333,0.2425926890911115,0.0067828720600162,0.0,0.0,-0.0005705705705704,0.0011003138138138,2.078330862302729e-05,-0.003695938545262,19,19,-0.0083641738250543,0.2424216850131397,0.1578947368421052,1.1333333333333333,6.244999999999992,9.65,0.1825682422211729,0.0050304414003044,0.0,0.0,-0.0072756967493808,0.0011040016332121,-1.5524557538626763e-05,-0.0103818393826262,False
SOLUSDT_15m_short_2pct_regime,SOLUSDT,15,-1,0.02,regime,baseline,1198,1198,-0.0028786191450558,0.6657089401514376,0.340567612687813,1.5083333333333333,12.009999999999993,65.0,3.4751198152410208,0.1486871451743714,0.0,0.0,-0.0017430348944779,0.0011009586691919,3.4625581385955574e-05,-0.0048852524389507,464,464,-0.0027678586118621,0.6759352000263198,0.3426724137931034,1.725,12.280833333333332,37.766666666666666,1.322533479986833,0.1822203196347032,0.0,0.0,-0.0016598682870736,0.0011009129275578,7.07739723061436e-06,-0.0047742977107432,False
SOLUSDT_15m_short_2pct_regime,SOLUSDT,15,-1,0.02,regime,both,47,47,-0.0014867869940585,0.8137600721704671,0.3829787234042553,0.9,9.308333333333332,15.733333333333333,0.1782373008716028,0.0038466899837794,0.0,0.0,-0.0003452334156983,0.0011001898783786,4.136369998156725e-05,-0.0034906270934901,9,9,-0.00976026923726,0.1618087310119674,0.1111111111111111,0.9666666666666668,8.029999999999998,9.65,0.1150372388526753,0.0026445966514459,0.0,0.0,-0.0086820153486819,0.0011047751084417,-2.652121986361929e-05,-0.011780740782922,False
SOLUSDT_15m_short_2pct_regime,SOLUSDT,15,-1,0.02,regime,structure,565,565,-0.0032303076133664,0.6327520039734895,0.3292035398230089,1.5,12.053333333333333,39.36666666666667,1.851657881016132,0.0692955444038929,0.0,0.0,-0.0020893821943038,0.0011011491602068,3.9776258855791e-05,-0.0052376398390008,191,191,-0.0022223553299415,0.7332121423986929,0.3612565445026178,1.7333333333333334,12.708333333333334,37.766666666666666,0.4960902921914891,0.0814554794520548,0.0,0.0,-0.0011059166663167,0.0011006082541664,1.5830409458304074e-05,-0.0042276935749439,False
SOLUSDT_15m_short_2pct_regime,SOLUSDT,15,-1,0.02,regime,zones,84,84,-0.0019588601739302,0.7617259933757367,0.369047619047619,0.9416666666666668,8.660833333333317,15.733333333333333,0.2650368574886357,0.0064426196269261,0.0,0.0,-0.0008364286258553,0.0011004600357442,2.197151233061043e-05,-0.0039636647589315,19,19,-0.0083641738250543,0.2424216850131397,0.1578947368421052,1.1333333333333333,6.244999999999992,9.65,0.1825682422211729,0.0050304414003044,0.0,0.0,-0.0072756967493808,0.0011040016332121,-1.5524557538626763e-05,-0.0103818393826262,False
SOLUSDT_15m_short_3pct_orders,SOLUSDT,15,-1,0.03,orders,baseline,1046,1046,-0.0025590154887195,0.7358247416798636,0.2648183556405353,2.0,16.683333333333334,65.0,2.71557148703832,0.1767810979318735,0.0,0.0,-0.0014080811212741,0.0011007744446167,5.01599228286726e-05,-0.004564993399801,408,408,-0.0025220942798038,0.7388201311046804,0.2647058823529412,2.433333333333333,16.77916666666666,48.5,1.1158566669096133,0.2160977929984779,0.0,0.0,-0.0014125890596477,0.0011007769239828,8.728296173227062e-06,-0.0045280397061128,False
SOLUSDT_15m_short_3pct_orders,SOLUSDT,15,-1,0.03,orders,both,24,24,-0.0048709301748884,0.5355610547541327,0.2083333333333333,0.675,5.350833333333328,9.766666666666667,0.1662206080840716,0.0013160229115977,0.0,0.0,-0.0036720053386718,0.0011020196029362,9.69052332803301e-05,-0.0068814898076623,6,6,-0.0064433481414183,0.4110569545388592,0.1666666666666666,0.7583333333333333,4.545833333333333,5.116666666666666,0.0758804355968758,0.0011624809741248,0.0,0.0,-0.0053420086753419,0.0011029381047714,-1.5986386950532838e-06,-0.0084571542684806,False
SOLUSDT_15m_short_3pct_orders,SOLUSDT,15,-1,0.03,orders,structure,518,518,-0.0028059339126056,0.7127864493982345,0.2586872586872586,1.925,16.105,42.11666666666667,1.490033377224846,0.0819507806163828,0.0,0.0,-0.0016538159781401,0.0011009095987879,5.1208335677505006e-05,-0.0048124051074408,168,168,-0.0019290665641624,0.7962083776651695,0.2797619047619047,2.6166666666666667,17.950833333333346,48.5,0.444446025795047,0.0959436834094368,0.0,0.0,-0.000809142475809,0.0011004450283616,1.947905999166838e-05,-0.0039338139946352,False
SOLUSDT_15m_short_3pct_orders,SOLUSDT,15,-1,0.03,orders,zones,44,44,-0.0040628693870424,0.6015339191236025,0.2272727272727272,0.6916666666666667,6.810000000000002,9.766666666666667,0.242029412580024,0.0027562347931873,0.0,0.0,-0.0029129129129128,0.0011016021021021,4.835437202751613e-05,-0.006071859828221,11,11,-0.0094795363453193,0.205572883941943,0.0909090909090909,0.9666666666666668,5.408333333333333,5.7,0.134645486669496,0.0022241248097412,0.0,0.0,-0.0083783783783783,0.0011046081081081,-3.450141167068795e-06,-0.0114994227909195,False
SOLUSDT_15m_short_3pct_regime,SOLUSDT,15,-1,0.03,regime,baseline,1049,1049,-0.0025326930177181,0.7362814915898611,0.2650142993326978,1.9666666666666663,16.583333333333325,65.0,2.695636261424006,0.1742554997972425,0.0,0.0,-0.0013814841035325,0.0011007598162569,5.0449097928610985e-05,-0.0045386179418788,409,409,-0.0026089150966482,0.7283799885112178,0.2616136919315403,2.3666666666666667,16.469999999999988,48.5,1.1543926370208033,0.2129946727549467,0.0,0.0,-0.0014993557971328,0.0011008246456884,8.734653827021671e-06,-0.0046150343323967,False
SOLUSDT_15m_short_3pct_regime,SOLUSDT,15,-1,0.03,regime,both,24,24,-0.0048709301748884,0.5355610547541327,0.2083333333333333,0.675,5.350833333333328,9.766666666666667,0.1662206080840716,0.0013160229115977,0.0,0.0,-0.0036720053386718,0.0011020196029362,9.69052332803301e-05,-0.0068814898076623,6,6,-0.0064433481414183,0.4110569545388592,0.1666666666666666,0.7583333333333333,4.545833333333333,5.116666666666666,0.0758804355968758,0.0011624809741248,0.0,0.0,-0.0053420086753419,0.0011029381047714,-1.5986386950532838e-06,-0.0084571542684806,False
SOLUSDT_15m_short_3pct_regime,SOLUSDT,15,-1,0.03,regime,structure,518,518,-0.0028434124337732,0.7085033451235834,0.2567567567567567,1.9166666666666667,15.898333333333332,42.11666666666667,1.509447251189662,0.0800442264801297,0.0,0.0,-0.0016910934850717,0.0011009301014167,5.1388847284775655e-05,-0.0048499584803211,168,168,-0.0018840172008693,0.8000157584337442,0.2797619047619047,2.575,17.950833333333346,48.5,0.4368777327618177,0.0957857686453576,0.0,0.0,-0.0007641178760458,0.0011004202648318,1.947905999166838e-05,-0.0038886744422461,False
SOLUSDT_15m_short_3pct_regime,SOLUSDT,15,-1,0.03,regime,zones,44,44,-0.0040628693870424,0.6015339191236025,0.2272727272727272,0.6916666666666667,6.810000000000002,9.766666666666667,0.242029412580024,0.0027562347931873,0.0,0.0,-0.0029129129129128,0.0011016021021021,4.835437202751613e-05,-0.006071859828221,11,11,-0.0094795363453193,0.205572883941943,0.0909090909090909,0.9666666666666668,5.408333333333333,5.7,0.134645486669496,0.0022241248097412,0.0,0.0,-0.0083783783783783,0.0011046081081081,-3.450141167068795e-06,-0.0114994227909195,False
SOLUSDT_5m_long_1.5pct_orders,SOLUSDT,5,1,0.015,orders,baseline,2467,2467,-0.0029868096999903,0.6164169164572596,0.4057559789217673,1.0833333333333333,6.3,54.85,7.399327789596799,0.1762083079886456,0.0,0.0,-0.0018543900363924,0.0010989800854799,3.343957811795427e-05,-0.0049799803692802,570,570,-0.0031998341756133,0.5946863678830294,0.3964912280701754,1.6333333333333333,9.719166666666656,23.7,1.8447357107276368,0.185367199391172,0.0,0.0,-0.0020855460329143,0.0010988529496818,1.5435193017106808e-05,-0.0051925612163038,False
SOLUSDT_5m_long_1.5pct_orders,SOLUSDT,5,1,0.015,orders,both,110,110,-0.0049316920298059,0.4403405652656874,0.3272727272727272,1.0583333333333331,6.75333333333333,11.816666666666666,0.5793488515648672,0.0078840987429034,0.0,0.0,-0.0038125510852782,0.001097903096903,2.123784762460383e-05,-0.0069209646107961,41,41,-0.0057568158983429,0.3760642847260049,0.2926829268292683,1.35,13.016666666666667,21.383333333333333,0.2412997854204878,0.0155441400304414,0.0,0.0,-0.0046755683341048,0.0010974284374162,-1.6180873178122957e-05,-0.0077444024581056,False
SOLUSDT_5m_long_1.5pct_orders,SOLUSDT,5,1,0.015,orders,structure,1121,1121,-0.0032929545420599,0.5856402385634539,0.3933987511150758,1.05,6.3,54.85,3.7055256966919896,0.078832750405515,0.0,0.0,-0.0021627034874135,0.0010988105130819,3.144054156453956e-05,-0.005285511533081,303,303,-0.0032865649029701,0.5860683103883357,0.3927392739273927,1.4,9.593333333333332,23.85,1.0305424631708142,0.0925399543378995,0.0,0.0,-0.0021791574761871,0.001098801463388,8.605963394965865e-06,-0.0052791118259046,False
SOLUSDT_5m_long_1.5pct_orders,SOLUSDT,5,1,0.015,orders,zones,230,230,-0.0035585324021008,0.5601484918161624,0.3826086956521739,1.0666666666666669,6.775833333333315,17.166666666666668,0.8290826102552029,0.0170436688969991,0.0,0.0,-0.0024319159101767,0.0010986624462494,2.7954045674704718e-05,-0.0055505552804638,62,62,-0.005428234358079,0.4005860726601092,0.3064516129032258,1.375,13.004166666666665,22.066666666666663,0.3365505302008982,0.0234912480974124,0.0,0.0,-0.004332038928813,0.0010976173785891,-1.4219493232013069e-06,-0.0074164921846807,False
SOLUSDT_5m_long_1.5pct_regime,SOLUSDT,5,1,0.015,regime,baseline,2467,2467,-0.0029593325353421,0.6167046014704961,0.4041345764085934,1.0833333333333333,6.211666666666663,54.85,7.331541624409756,0.1731352645985401,0.0,0.0,-0.0018270604340244,0.0010989951167612,3.327698455643835e-05,-0.0049525579415777,572,572,-0.0032062015786671,0.5873174634355536,0.3898601398601398,1.6,9.348333333333333,23.7,1.845211993951689,0.1782781582952815,0.0,0.0,-0.0020922607531091,0.0010988492565857,1.5091568972227833e-05,-0.0051989155536234,False
SOLUSDT_5m_long_1.5pct_regime,SOLUSDT,5,1,0.015,regime,both,110,110,-0.004750427855128,0.4495887238720555,0.3272727272727272,1.0583333333333331,6.75333333333333,11.816666666666666,0.5594097923502989,0.0078467153284671,0.0,0.0,-0.0036311871604417,0.0010980028470617,2.123784762460383e-05,-0.006740062603025,41,41,-0.0052757240245976,0.3967516040216509,0.2926829268292683,1.3,12.766666666666667,13.6,0.2215750185969308,0.0132781582952815,0.0,0.0,-0.0041966501234512,0.0010976918424321,-1.8617941285670585e-05,-0.0072642693717329,False
SOLUSDT_5m_long_1.5pct_regime,SOLUSDT,5,1,0.015,regime,structure,1121,1121,-0.0032479184082691,0.5884267033248146,0.3925066904549509,1.0333333333333334,6.3,54.85,3.655040190712494,0.078221309813463,0.0,0.0,-0.0021177318244135,0.0010988352474965,3.135133635902746e-05,-0.0052405652925499,303,303,-0.0031454203826539,0.5951589478184439,0.396039603960396,1.3833333333333333,9.311666666666657,23.85,0.98777567351499,0.0888203957382039,0.0,0.0,-0.0020384004668054,0.0010988788797432,8.141036105206834e-06,-0.0051382488482572,False
SOLUSDT_5m_long_1.5pct_regime,SOLUSDT,5,1,0.015,regime,zones,230,230,-0.0034417255637204,0.5630951936626933,0.3869565217391304,1.0666666666666669,6.106666666666665,17.166666666666668,0.8180468344658551,0.0163929440389294,0.0,0.0,-0.0023150447926816,0.001098726725364,2.7954045674704718e-05,-0.0054339818228462,62,62,-0.0053643837958939,0.3904582513445885,0.2903225806451613,1.325,12.619166666666654,22.066666666666663,0.3325917953454234,0.0207895738203957,0.0,0.0,-0.0042697657259213,0.0010976516288507,-3.0335588781924795e-06,-0.0073527675846885,False
SOLUSDT_5m_long_1pct_orders,SOLUSDT,5,1,0.01,orders,baseline,2906,2906,-0.0031817578864848,0.5170757735216708,0.4969029593943565,0.8,4.583333333333333,25.6,9.25306604599714,0.1508984691808597,0.0,0.0,-0.0020598190522484,0.0010988670995212,2.307173471521805e-05,-0.0051745286802662,714,714,-0.00316419631716,0.5190174928342453,0.4971988795518207,1.25,6.6175000000000015,16.883333333333333,2.275079135595771,0.1606392694063927,0.0,0.0,-0.0020539124740804,0.0010988703481392,1.1413494940347474e-05,-0.005156990540799,False
SOLUSDT_5m_long_1pct_orders,SOLUSDT,5,1,0.01,orders,both,148,148,-0.0041982700157449,0.4217413050819478,0.4459459459459459,0.8916666666666667,4.525833333333335,8.166666666666666,0.6371052041141211,0.0079278183292781,0.0,0.0,-0.0030769230769229,0.0010983076923076,2.303924651430535e-05,-0.0061890097797149,49,49,-0.0037169653467278,0.4645749166597272,0.4693877551020408,1.2333333333333334,8.199999999999983,12.766666666666667,0.1974851979244341,0.0118740487062404,0.0,0.0,-0.0026090236294317,0.0010985650370038,9.376680292356552e-06,-0.0057086530977159,False
SOLUSDT_5m_long_1pct_orders,SOLUSDT,5,1,0.01,orders,structure,1305,1305,-0.0033559600757902,0.4993527442860873,0.4881226053639846,0.7666666666666667,4.35,25.6,4.399640953958611,0.0664746806569343,0.0,0.0,-0.0022350752695579,0.0010987707086017,2.2114097630593556e-05,-0.0053483818549149,363,363,-0.0033525998876841,0.4998500047528923,0.4876033057851239,1.0666666666666669,6.644999999999999,12.95,1.2317579948621518,0.0790429984779299,0.0,0.0,-0.0022454405099032,0.0010987650077195,8.394370061409838e-06,-0.0053450146607298,False
SOLUSDT_5m_long_1pct_orders,SOLUSDT,5,1,0.01,orders,zones,317,317,-0.0034634356289205,0.4889102950858155,0.4826498422712933,0.85,4.843333333333333,9.133333333333333,1.1001196363261108,0.017059509326845,0.0,0.0,-0.0023443118395798,0.0010987106284882,2.041316085243682e-05,-0.0054556409703061,84,84,-0.0038187728790609,0.4551066488834631,0.4642857142857143,1.325,6.987499999999996,12.766666666666667,0.3207769218411158,0.0204509132420091,0.0,0.0,-0.0027108605680033,0.0010985090266875,9.403284369988092e-06,-0.0058102572445937,False
SOLUSDT_5m_long_1pct_regime,SOLUSDT,5,1,0.01,regime,baseline,2906,2906,-0.0031690854580593,0.5163613799650141,0.4944941500344115,0.7833333333333333,4.545833333333333,25.6,9.216239968992529,0.1487162915652879,0.0,0.0,-0.0020471741375022,0.0010988740542243,2.3037266332699547e-05,-0.0051618815369601,715,715,-0.0031371019920677,0.5169709446813786,0.4909090909090909,1.2,6.3849999999999945,16.883333333333333,2.2542926152825244,0.1559627092846271,0.0,0.0,-0.0020268848393473,0.0010988852133383,1.1331939382078942e-05,-0.0051299502687749,False
SOLUSDT_5m_long_1pct_regime,SOLUSDT,5,1,0.01,regime,both,148,148,-0.0041378566611709,0.4252801363382605,0.4459459459459459,0.8916666666666667,4.525833333333335,8.166666666666666,0.6281640276371686,0.0079138787510137,0.0,0.0,-0.0030164764767188,0.0010983409379378,2.303924651430535e-05,-0.0061287171313852,49,49,-0.0034757421120808,0.4812990787444678,0.4693877551020408,1.2166666666666666,8.199999999999983,12.766666666666667,0.1856652594267321,0.0113793759512937,0.0,0.0,-0.0023676676489954,0.001098697782793,9.376680292356552e-06,-0.0054679118285367,False
SOLUSDT_5m_long_1pct_regime,SOLUSDT,5,1,0.01,regime,structure,1305,1305,-0.003324779567196,0.5012924410523498,0.4873563218390804,0.7666666666666667,4.35,25.6,4.358950390243223,0.066046355433901,0.0,0.0,-0.0022038776022467,0.0010987878673187,2.2114097630593556e-05,-0.0053172636451637,363,363,-0.0031986810371224,0.5119880729451463,0.4903581267217631,1.0333333333333334,6.564999999999992,12.766666666666667,1.1758854521082367,0.0766019786910197,0.0,0.0,-0.0020917110194091,0.0010988495589393,8.12045877394273e-06,-0.0051914030670416,False
SOLUSDT_5m_long_1pct_regime,SOLUSDT,5,1,0.01,regime,zones,317,317,-0.00336928767537,0.4938636431635912,0.4858044164037854,0.85,4.713333333333332,8.316666666666666,1.0734126614001318,0.0166749036901865,0.0,0.0,-0.0022501120761595,0.0010987624383581,2.041316085243682e-05,-0.0053616811249307,84,84,-0.0039454650917749,0.4340362862792991,0.4404761904761904,1.25,6.987499999999996,12.766666666666667,0.3314190677090917,0.0193816590563165,0.0,0.0,-0.0028376224997797,0.0010984393076251,9.403284369988092e-06,-0.0059366963255078,False
SOLUSDT_5m_long_2.5pct_orders,SOLUSDT,5,1,0.025,orders,baseline,1934,1934,-0.003069620932762,0.67125362406118,0.2880041365046535,1.3833333333333333,10.068333333333324,72.38333333333334,6.033634352146048,0.2093540906326034,0.0,0.0,-0.0019180173497649,0.0010989450904576,5.2658492539495215e-05,-0.0050626453636656,442,442,-0.0029082567911751,0.686178660439884,0.2918552036199095,2.2583333333333333,14.92166666666666,53.46666666666667,1.2946138549058777,0.212425799086758,0.0,0.0,-0.0017834993061236,0.0010990190753816,2.573840966983441e-05,-0.0049015767084635,False
SOLUSDT_5m_long_2.5pct_orders,SOLUSDT,5,1,0.025,orders,both,66,66,-0.0057122581993374,0.4474815618418312,0.2121212121212121,1.1583333333333334,10.791666666666666,22.766666666666666,0.3900001019252863,0.0065934205190592,0.0,0.0,-0.0045686132049767,0.0010974872627372,4.615773162345842e-05,-0.007699996124379,27,27,-0.0066058181032741,0.3794110692240888,0.1851851851851851,1.35,18.88833333333333,23.55,0.2132042171133773,0.0121917808219178,0.0,0.0,-0.0055094905094904,0.0010969697802197,-6.421864360260986e-07,-0.0085917238902637,False
SOLUSDT_5m_long_2.5pct_orders,SOLUSDT,5,1,0.025,orders,structure,913,913,-0.0031056996390564,0.667768409328745,0.2869660460021905,1.2833333333333334,10.346666666666666,72.38333333333334,2.889550228341939,0.0971487226277372,0.0,0.0,-0.0019542779236097,0.001098925147142,5.249656830469736e-05,-0.0050986518225641,242,242,-0.0032783499964298,0.6512815632149253,0.2809917355371901,1.825,14.882499999999986,42.016666666666666,0.8811407597979605,0.1093569254185692,0.0,0.0,-0.0021629610059361,0.0010988103714467,1.6578619046991737e-05,-0.0052709213054683,False
SOLUSDT_5m_long_2.5pct_orders,SOLUSDT,5,1,0.025,orders,zones,138,138,-0.0040077650752963,0.5866934995931955,0.2608695652173913,1.2416666666666667,10.2625,22.766666666666666,0.555282122349186,0.0141550081103,0.0,0.0,-0.0028658298223514,0.0010984237935977,4.351145934712475e-05,-0.0059989059415321,37,37,-0.0055300519765887,0.460090587247688,0.2162162162162162,1.45,14.729999999999963,23.55,0.2616068791944961,0.0145452815829528,0.0,0.0,-0.0044255744255743,0.0010975659340659,6.911616948450152e-06,-0.0075181147045617,False
SOLUSDT_5m_long_2.5pct_regime,SOLUSDT,5,1,0.025,regime,baseline,1937,1937,-0.0030260615362606,0.6713854841543911,0.2891068662880743,1.35,9.786666666666664,72.38333333333334,5.958468663921109,0.2038036040145985,0.0,0.0,-0.0018750935428634,0.0010989686985514,5.19992948458409e-05,-0.0050191723399003,444,444,-0.0030382092457365,0.664973385181171,0.286036036036036,2.1083333333333334,13.562499999999991,53.0,1.3673028948388108,0.2024828767123287,0.0,0.0,-0.0019142731106181,0.0010989471497891,2.4988985329199548e-05,-0.0050312687678164,False
SOLUSDT_5m_long_2.5pct_regime,SOLUSDT,5,1,0.025,regime,both,66,66,-0.0055456236124039,0.4548121042304231,0.2121212121212121,1.1583333333333334,10.791666666666666,22.766666666666666,0.3790022191876704,0.0065699766828872,0.0,0.0,-0.0044018869185856,0.0010975789621947,4.615773162345842e-05,-0.0075336944743483,27,27,-0.0058752711838831,0.407369586106377,0.1851851851851851,1.3,11.616666666666664,23.55,0.2132042171133773,0.0099257990867579,0.0,0.0,-0.0047822443377571,0.0010973697656142,-4.342919488228051e-06,-0.0078626329072532,False
SOLUSDT_5m_long_2.5pct_regime,SOLUSDT,5,1,0.025,regime,structure,913,913,-0.0030396615086761,0.6717166823115025,0.2869660460021905,1.2833333333333334,10.233333333333327,72.38333333333334,2.8292574153047347,0.0961254308596918,0.0,0.0,-0.0018884222932356,0.0010989613677387,5.227784770172692e-05,-0.0050327454180429,242,242,-0.003137120742511,0.6583446112776109,0.2851239669421487,1.7916666666666667,13.429166666666667,42.016666666666666,0.8469632803496193,0.1053614916286149,0.0,0.0,-0.0020222364732301,0.0010988877699397,1.5996499341219063e-05,-0.005129973646324,False
SOLUSDT_5m_long_2.5pct_regime,SOLUSDT,5,1,0.025,regime,zones,138,138,-0.0040652736694305,0.5729630147751207,0.2681159420289855,1.2416666666666667,10.058333333333334,22.766666666666666,0.5632183083397178,0.0132451338199513,0.0,0.0,-0.0029256196681011,0.0010983909091825,4.126309214685764e-05,-0.0060562973847791,37,37,-0.005690008600231,0.4202676918931478,0.1891891891891892,1.3,9.19999999999998,23.55,0.2616068791944961,0.0118207762557077,0.0,0.0,-0.0045909550039726,0.0010974749747478,1.5786215105757612e-06,-0.0076777464009057,False
SOLUSDT_5m_long_2pct_orders,SOLUSDT,5,1,0.02,orders,baseline,2163,2163,-0.0028637855101154,0.6677445727755061,0.3425797503467406,1.2666666666666666,8.280000000000003,54.88333333333333,6.257471632908817,0.1946522708840227,0.0,0.0,-0.0017211637183896,0.0010990533599548,4.3568431770862736e-05,-0.0048572121113474,495,495,-0.003177771693726,0.636832325729554,0.3313131313131313,2.066666666666667,12.85,33.0,1.5750880428231515,0.2015848554033485,0.0,0.0,-0.0020584869675777,0.0010988678321678,2.0416893980483007e-05,-0.0051705477970984,False
SOLUSDT_5m_long_2pct_orders,SOLUSDT,5,1,0.02,orders,both,87,87,-0.0048433038017986,0.4894570930773654,0.2758620689655172,1.0833333333333333,8.005000000000003,17.566666666666666,0.4682046900117192,0.0080190592051905,0.0,0.0,-0.0037186950980053,0.001097954717696,2.665398609719629e-05,-0.006832758399147,32,32,-0.0055825099885675,0.4296347400738207,0.25,1.25,12.901666666666667,21.383333333333333,0.1888979187071052,0.0109950532724505,0.0,0.0,-0.0044930069930068,0.0010975288461538,-8.0258505931317e-06,-0.007570452967621,False
SOLUSDT_5m_long_2pct_orders,SOLUSDT,5,1,0.02,orders,structure,1022,1022,-0.0030405832203308,0.6502938388336112,0.3365949119373776,1.2,7.726666666666658,54.88333333333333,3.130735518503371,0.0890035736009732,0.0,0.0,-0.0019003501390975,0.0010989548074234,4.127827380977497e-05,-0.0050336542885163,267,267,-0.0033330964440951,0.6218858828058567,0.3258426966292135,1.7333333333333334,12.896666666666668,42.016666666666666,0.942805952843741,0.101474505327245,0.0,0.0,-0.0022222721099124,0.0010987777503395,1.204658384318467e-05,-0.005325553837359,False
SOLUSDT_5m_long_2pct_orders,SOLUSDT,5,1,0.02,orders,zones,182,182,-0.003401212754092,0.6160416219655784,0.3241758241758242,1.1166666666666667,8.229999999999995,17.566666666666666,0.6526868440517363,0.0162687550689375,0.0,0.0,-0.0022721783710793,0.0010987503018959,3.028408111681125e-05,-0.0053935522880942,48,48,-0.004969639259424,0.4780977583421954,0.2708333333333333,1.35,12.961666666666666,21.383333333333333,0.238542684452355,0.0163698630136986,0.0,0.0,-0.0038692557442556,0.0010978719093406,2.511605827765702e-06,-0.0069588172953429,False
SOLUSDT_5m_long_2pct_regime,SOLUSDT,5,1,0.02,regime,baseline,2166,2166,-0.0028156947071227,0.6694025917626788,0.3430286241920591,1.25,7.9125,54.88333333333333,6.161898310156967,0.1902904501216545,0.0,0.0,-0.0016734362673315,0.0010990796100529,4.317882973825679e-05,-0.0048092170044644,497,497,-0.0032239157595115,0.6240736109171358,0.3259557344064386,1.9666666666666663,12.296666666666663,33.0,1.6135508234313154,0.1929147640791476,0.0,0.0,-0.0021051087887191,0.0010988421901662,1.996478062621484e-05,-0.0052165992146498,False
SOLUSDT_5m_long_2pct_regime,SOLUSDT,5,1,0.02,regime,both,87,87,-0.0045514931552386,0.5056820647726775,0.2873563218390804,1.0833333333333333,7.353333333333334,14.966666666666669,0.442817163761005,0.0076002382400648,0.0,0.0,-0.0034278703929741,0.0010981146712838,2.5508090980725863e-05,-0.0065415296461095,32,32,-0.0049661110253314,0.4585105936182018,0.25,1.225,11.01583333333333,13.066666666666666,0.1804669519551425,0.0087290715372907,0.0,0.0,-0.0038793930356069,0.0010978663338304,-1.1148344105927096e-05,-0.0069552824507059,False
SOLUSDT_5m_long_2pct_regime,SOLUSDT,5,1,0.02,regime,structure,1022,1022,-0.0029891594741316,0.6535457319426398,0.3365949119373776,1.2,7.528333333333326,54.88333333333333,3.0781804498878045,0.0880392082319545,0.0,0.0,-0.0018490935950579,0.0010989829985227,4.1082880550956976e-05,-0.0049823330918764,267,267,-0.0031864120061444,0.6301983634786479,0.3295880149812734,1.6833333333333331,12.828333333333337,42.016666666666666,0.9036412079108844,0.0977073820395738,0.0,0.0,-0.0020760348555871,0.0010988581808294,1.1518969727840153e-05,-0.0051791619481787,False
SOLUSDT_5m_long_2pct_regime,SOLUSDT,5,1,0.02,regime,zones,182,182,-0.0031833238033742,0.6270158158625142,0.3406593406593406,1.1166666666666667,7.027499999999991,14.966666666666669,0.6210314737782895,0.0148462844687753,0.0,0.0,-0.0020558683832173,0.0010988692723892,2.85861477676916e-05,-0.0051760969828684,48,48,-0.0049910669808624,0.4570504563709062,0.25,1.2833333333333334,11.652499999999996,16.216666666666665,0.2395712150813959,0.0136548706240487,0.0,0.0,-0.0038927780653124,0.001097858972064,4.299434859021042e-07,-0.0069802001223989,False
SOLUSDT_5m_long_3pct_orders,SOLUSDT,5,1,0.03,orders,baseline,1756,1756,-0.0030448643864095,0.6894171776631065,0.2528473804100228,1.5166666666666666,11.983333333333333,72.38333333333334,5.502245886491095,0.2216988544201135,0.0,0.0,-0.0018843343444709,0.0010989636161105,6.156642582812084e-05,-0.0050379471889921,414,414,-0.0025959106709487,0.7307781367792432,0.2632850241545894,2.3666666666666667,18.08833333333332,53.46666666666667,1.091925688518287,0.2227549467275494,0.0,0.0,-0.0014676627720104,0.0010991927854753,2.9055113462908247e-05,-0.0045898579743667,False
SOLUSDT_5m_long_3pct_orders,SOLUSDT,5,1,0.03,orders,both,50,50,-0.0059300174312757,0.4483977668791259,0.18,1.075,10.016666666666662,11.783333333333331,0.3175634667779332,0.0048870894160583,0.0,0.0,-0.0047924075924074,0.0010973641758241,4.02456630440726e-05,-0.0079173143599871,24,24,-0.0097494126618415,0.1865300836751878,0.0833333333333333,1.6083333333333334,20.44583333333332,23.55,0.2542180339261713,0.0121061643835616,0.0,0.0,-0.0086513486513485,0.0010952417582417,2.822252251305807e-06,-0.0117290409925185,False
SOLUSDT_5m_long_3pct_orders,SOLUSDT,5,1,0.03,orders,structure,838,838,-0.0031850630338945,0.6766854631334192,0.2494033412887828,1.4583333333333333,12.063333333333327,72.38333333333334,2.7883202649877927,0.1053401257096512,0.0,0.0,-0.0020218206614386,0.0010988879986362,6.435437381962283e-05,-0.0051778685066931,222,222,-0.0030274826882777,0.6904582420766952,0.2522522522522522,1.9666666666666663,16.995833333333323,42.016666666666666,0.7679355349986134,0.1145319634703196,0.0,0.0,-0.0019080919080917,0.0010989505494505,2.0440230735415397e-05,-0.00502055909332,False
SOLUSDT_5m_long_3pct_orders,SOLUSDT,5,1,0.03,orders,zones,106,106,-0.0029560412490184,0.6976444302525417,0.2547169811320754,1.2416666666666667,10.929166666666667,25.566666666666663,0.3792006667111604,0.0122357816301703,0.0,0.0,-0.0018096997342279,0.0010990046651461,4.7336849644315626e-05,-0.0049492872911569,32,32,-0.0068457194117767,0.3795500708771018,0.15625,1.8666666666666667,17.94583333333333,23.55,0.2515747840780963,0.0144748858447488,0.0,0.0,-0.0057405094905093,0.0010968427197802,8.367201487187506e-06,-0.0088311548839208,False
SOLUSDT_5m_long_3pct_regime,SOLUSDT,5,1,0.03,regime,baseline,1759,1759,-0.003002379146124,0.688980737231552,0.2546901648664014,1.5,11.70333333333333,72.38333333333334,5.436648941988098,0.2144230281832927,0.0,0.0,-0.0018427980482955,0.0010989864610734,6.059463675502671e-05,-0.0049955458626801,418,418,-0.0027729224763779,0.7054651006668863,0.2583732057416268,2.225,15.704999999999991,53.0,1.1854739023967773,0.2092047184170472,0.0,0.0,-0.0016464329889621,0.001099094461856,2.7395025559677423e-05,-0.0047665144490571,False
SOLUSDT_5m_long_3pct_regime,SOLUSDT,5,1,0.03,regime,both,50,50,-0.0057100597765234,0.4577636873338456,0.18,1.075,10.016666666666662,11.783333333333331,0.3065655840403172,0.0048636455798864,0.0,0.0,-0.0045723288943712,0.001097485219108,4.02456630440726e-05,-0.0076977961819465,24,24,-0.0089275473775267,0.2002630551156722,0.0833333333333333,1.4,13.968333333333316,23.55,0.2344932671026142,0.0098401826484018,0.0,0.0,-0.0078331967081486,0.0010956917418105,-1.3410724324213884e-06,-0.0109088136366317,False
SOLUSDT_5m_long_3pct_regime,SOLUSDT,5,1,0.03,regime,structure,838,838,-0.0031190659604426,0.6802469252809158,0.2494033412887828,1.45,11.891666666666662,72.38333333333334,2.733014717435104,0.1043155667072181,0.0,0.0,-0.001956025696592,0.0010989241858668,6.411607798368968e-05,-0.005112003057493,222,222,-0.0028959952379902,0.6964932435891186,0.2567567567567567,1.9166666666666667,15.127499999999998,42.016666666666666,0.7387453210347876,0.1105136986301369,0.0,0.0,-0.0017771670120339,0.0010990225581433,1.980566781290645e-05,-0.0048893337211816,False
SOLUSDT_5m_long_3pct_regime,SOLUSDT,5,1,0.03,regime,zones,106,106,-0.0031230942407048,0.67284166026841,0.2641509433962264,1.2416666666666667,10.354166666666666,14.033333333333331,0.4079061665675363,0.0106777169505271,0.0,0.0,-0.0019816904766192,0.0010989100702378,4.249369384771434e-05,-0.0051160016667998,32,32,-0.0071865213042542,0.3181013628691628,0.125,1.4666666666666666,10.86166666666666,23.55,0.2502008117781102,0.0117446727549467,0.0,0.0,-0.0060876685964702,0.0010966517822719,2.2009255121452477e-06,-0.0091712696858874,False
SOLUSDT_5m_short_1.5pct_orders,SOLUSDT,5,-1,0.015,orders,baseline,2435,2435,-0.0028369622357647,0.6334270073050648,0.4114989733059548,1.1333333333333333,8.28666666666665,41.06666666666667,6.931873430973859,0.2057988645579886,0.0,0.0,-0.0017139521451635,0.0011009426736798,2.2067416921375493e-05,-0.0048435246904664,876,876,-0.0028307625933319,0.6339998106596969,0.410958904109589,1.4166666666666667,8.983333333333333,38.06666666666667,2.4877179160131537,0.2628272450532724,0.0,0.0,-0.0017274809055629,0.001100950114498,2.3315732709387154e-06,-0.0048373323721954,False
SOLUSDT_5m_short_1.5pct_orders,SOLUSDT,5,-1,0.015,orders,both,122,122,-0.0028582323810206,0.6315127704278148,0.4098360655737705,1.0416666666666667,12.343333333333328,30.08333333333333,0.4023631523431477,0.0128408860502838,0.0,0.0,-0.0017556080670833,0.0011009655844368,1.6587295003841838e-06,-0.0048648578274093,27,27,-0.0010596250779519,0.8442586296319592,0.4814814814814814,1.8166666666666669,7.0233333333333325,15.3,0.0930325633147731,0.0085159817351598,0.0,0.0,3.911318726146362e-05,0.001099978487747,-1.2402225336241029e-06,-0.003062652600668,False
SOLUSDT_5m_short_1.5pct_orders,SOLUSDT,5,-1,0.015,orders,structure,1155,1155,-0.0032594765874015,0.5904296620552543,0.3948051948051948,1.0666666666666669,8.028333333333327,41.06666666666667,3.8165428982319294,0.0940655413625304,0.0,0.0,-0.002132132132132,0.0011011726726726,2.6171782596868376e-05,-0.0052668808140007,347,347,-0.0032376927450525,0.5927025396219326,0.3948126801152737,1.4333333333333331,8.561666666666667,32.81666666666667,1.1990819524080976,0.1021537290715372,0.0,0.0,-0.0021319446247399,0.0011011725695436,4.575550768999824e-06,-0.0052450749565434,False
SOLUSDT_5m_short_1.5pct_orders,SOLUSDT,5,-1,0.015,orders,zones,260,260,-0.0032027636720713,0.5962476125664767,0.3961538461538461,1.0666666666666669,8.396666666666656,30.08333333333333,0.8534533871314584,0.0225859184914841,0.0,0.0,-0.0020983483483482,0.0011011540915915,3.26123213153042e-06,-0.0052100772696695,74,74,-0.0022820087177969,0.6934783011500214,0.4324324324324324,1.65,10.160833333333326,15.3,0.2166094188907488,0.0243112633181126,0.0,0.0,-0.0011895679463246,0.0011006542623704,-8.21349089813103e-06,-0.0042874904331888,False
SOLUSDT_5m_short_1.5pct_regime,SOLUSDT,5,-1,0.015,regime,baseline,2437,2437,-0.0028623446594045,0.6273247914849489,0.407468198604842,1.1,7.986666666666664,41.06666666666667,6.999404321855542,0.1992973185320357,0.0,0.0,-0.0017391154938958,0.0011009565135216,2.227265198705538e-05,-0.0048689577246354,877,877,-0.0029000328378224,0.6215547207890558,0.403648802736602,1.3666666666666667,8.953333333333326,38.06666666666667,2.5518017921523906,0.2576179604261796,0.0,0.0,-0.001796618955665,0.0011009881404256,2.4257417318321177e-06,-0.0049067412019631,False
SOLUSDT_5m_short_1.5pct_regime,SOLUSDT,5,-1,0.015,regime,both,122,122,-0.0030633364560822,0.6054456119123303,0.3934426229508196,1.0416666666666667,11.8975,30.08333333333333,0.427385849500658,0.0122763331305758,0.0,0.0,-0.0019597839154299,0.0011010778811534,2.474659498823402e-06,-0.0050703717061302,27,27,-0.0015196699325174,0.7772316232276542,0.4444444444444444,1.75,7.0233333333333325,15.3,0.0930325633147731,0.0084037290715372,0.0,0.0,-0.0004206787817211,0.0011002313733299,-1.2402225336241029e-06,-0.0035236184677972,False
SOLUSDT_5m_short_1.5pct_regime,SOLUSDT,5,-1,0.015,regime,structure,1155,1155,-0.0032701455968761,0.5861846235111441,0.3904761904761905,1.0333333333333334,7.683333333333334,41.06666666666667,3.8288656041751303,0.0902701743714517,0.0,0.0,-0.0021425148128023,0.001101178383147,2.64524009268022e-05,-0.0052775709022775,347,347,-0.00320838166977,0.5920908509374935,0.3948126801152737,1.3833333333333333,8.561666666666667,32.81666666666667,1.1889110092850983,0.1010045662100456,0.0,0.0,-0.0021026496616871,0.0011011564573139,4.575550768999824e-06,-0.0052157052003121,False
SOLUSDT_5m_short_1.5pct_regime,SOLUSDT,5,-1,0.015,regime,zones,260,260,-0.0035014075340092,0.5622961775041949,0.3769230769230769,1.0583333333333331,8.009166666666664,30.08333333333333,0.9165632451840844,0.0215803680048661,0.0,0.0,-0.0023960636020258,0.0011013178349811,4.0260970023279815e-06,-0.0055093182535474,74,74,-0.002177802260157,0.6966578518186711,0.4189189189189189,1.5583333333333331,10.160833333333326,15.3,0.2088981410253952,0.0233295281582952,0.0,0.0,-0.0010854187707312,0.0011005969803239,-8.21349089813103e-06,-0.0041830753535944,False
SOLUSDT_5m_short_1pct_orders,SOLUSDT,5,-1,0.01,orders,baseline,2851,2851,-0.002883305085445,0.5508873537583019,0.511750263065591,0.85,5.666666666666667,41.06666666666667,8.234147654459642,0.1782384174776966,0.0,0.0,-0.0017665262596864,0.0011009715894428,1.5807236315816623e-05,-0.0048899665790035,1059,1059,-0.0028303752996822,0.5566950651610569,0.5136921624173749,1.0333333333333334,6.466666666666637,33.916666666666664,3.009694303650371,0.2266818873668188,0.0,0.0,-0.0017276105189229,0.0011009501857854,1.8145949738948283e-06,-0.0048369448201608,False
SOLUSDT_5m_short_1pct_orders,SOLUSDT,5,-1,0.01,orders,both,174,174,-0.0033340401050714,0.503273613338902,0.4885057471264368,0.9333333333333332,6.032499999999999,12.8,0.581750861094192,0.0121267994728304,0.0,0.0,-0.0022323472898184,0.0011012277910094,4.650242435559018e-07,-0.0053416193150908,46,46,-0.0009123134506448,0.8221809462338274,0.6086956521739131,1.75,6.204166666666667,20.48333333333333,0.0708869213981315,0.0123744292237442,0.0,0.0,0.0001762632197415,0.0010999030552291,-1.1326384842733796e-05,-0.0029150561407802,False
SOLUSDT_5m_short_1pct_orders,SOLUSDT,5,-1,0.01,orders,structure,1326,1326,-0.0032134625656607,0.5156516222672833,0.4954751131221719,0.7583333333333333,5.583333333333333,41.06666666666667,4.274896217921993,0.0797527625709651,0.0,0.0,-0.0020926809162102,0.0011011509745039,1.9630674946602247e-05,-0.0052207812130325,402,402,-0.0030565099619866,0.5322880232649144,0.5024875621890548,1.0083333333333333,5.873333333333331,33.916666666666664,1.2825690957360507,0.0849923896499239,0.0,0.0,-0.0019521511561311,0.0011010736831358,3.2851227195850317e-06,-0.0050635307348875,False
SOLUSDT_5m_short_1pct_orders,SOLUSDT,5,-1,0.01,orders,zones,358,358,-0.0031066304391442,0.5266798607828552,0.5,0.925,5.6349999999999945,12.8,1.114767129956886,0.0218737327656123,0.0,0.0,-0.0020020020020018,0.0011011011011011,3.5273360412278314e-06,-0.0051137513113278,120,120,-0.0025962378832163,0.5834053240144348,0.525,1.15,6.51333333333333,20.48333333333333,0.3505556345569821,0.0287081430745814,0.0,0.0,-0.0015010010010008,0.0011008255505505,-5.5886683350550525e-06,-0.0046023460624582,False
SOLUSDT_5m_short_1pct_regime,SOLUSDT,5,-1,0.01,regime,baseline,2851,2851,-0.0029077143463332,0.5455940047193643,0.5061381971238162,0.8166666666666667,5.6,41.06666666666667,8.303738457251757,0.1745596360502838,0.0,0.0,-0.001790887003645,0.001100984987852,1.58423548362063e-05,-0.0049144246722601,1060,1060,-0.0028633190922353,0.5487731377755508,0.5056603773584906,1.0166666666666666,6.44499999999999,33.916666666666664,3.047948208184081,0.2230270167427701,0.0,0.0,-0.0017604578466547,0.0011009682518156,1.8929937649330904e-06,-0.0048699544879857,False
SOLUSDT_5m_short_1pct_regime,SOLUSDT,5,-1,0.01,regime,both,174,174,-0.0034285331518289,0.4872366096372355,0.4712643678160919,0.925,5.699166666666666,12.8,0.5981926512299971,0.0113746958637469,0.0,0.0,-0.002326288602468,0.0011012794587313,9.65090629486511e-07,-0.0054363010374285,46,46,-0.0010733666149438,0.7912200163988856,0.5869565217391305,1.7166666666666666,6.204166666666667,20.48333333333333,0.0711862693872453,0.0123496955859969,0.0,0.0,1.5298585991165556e-05,0.0010999915857777,-1.1326384842733796e-05,-0.003076431734482,False
SOLUSDT_5m_short_1pct_regime,SOLUSDT,5,-1,0.01,regime,structure,1326,1326,-0.0032364205793748,0.5107867678309311,0.4894419306184012,0.7333333333333333,5.195833333333334,41.06666666666667,4.305338544106959,0.0775883262368207,0.0,0.0,-0.0021155508439967,0.0011011635529641,1.9706182413895587e-05,-0.0052437851133205,402,402,-0.003076591758456,0.5271439786463752,0.4975124378109453,0.9833333333333332,5.873333333333331,33.916666666666664,1.2906419779167606,0.0843264840182648,0.0,0.0,-0.0019722219136839,0.0011010847220525,3.2851227195850317e-06,-0.0050836527352341,False
SOLUSDT_5m_short_1pct_regime,SOLUSDT,5,-1,0.01,regime,zones,358,358,-0.0032271938304132,0.5086018850479357,0.4832402234636871,0.9166666666666666,5.016666666666667,12.8,1.1569632740997238,0.0209093673965936,0.0,0.0,-0.002122256204434,0.0011011672409124,3.7703850667918714e-06,-0.0052345558281812,120,120,-0.0026572963722263,0.5698822920386061,0.5083333333333333,1.15,6.51333333333333,20.48333333333333,0.3578826532381751,0.0280479452054794,0.0,0.0,-0.0015620259263019,0.0011008591142594,-5.5886683350550525e-06,-0.0046635267909301,False
SOLUSDT_5m_short_2.5pct_orders,SOLUSDT,5,-1,0.025,orders,baseline,1893,1893,-0.0029737502318077,0.681508179594469,0.2905441098784997,1.4666666666666666,12.83666666666666,65.25,5.660856033791559,0.2409861618004866,0.0,0.0,-0.0018326197301367,0.0011010079408515,4.012256081935904e-05,-0.0049805684817196,710,710,-0.0029023031573856,0.6880418561151056,0.2915492957746479,1.8333333333333333,12.765833333333326,39.8,2.0956367614225715,0.2979204718417047,0.0,0.0,-0.0017973677903254,0.0011009885522846,3.946814775564247e-06,-0.0049090145456436,False
SOLUSDT_5m_short_2.5pct_orders,SOLUSDT,5,-1,0.025,orders,both,74,74,-0.0012869679024202,0.852251189735087,0.3378378378378378,0.975,14.674166666666627,30.08333333333333,0.216835709720939,0.0094934864152473,0.0,0.0,-0.0001740253767279,0.0011000957139572,1.2846811735002773e-05,-0.0032904364797747,17,17,-0.0007600998754659,0.910462038169473,0.3529411764705882,1.8166666666666669,10.67333333333332,24.633333333333333,0.0810631970471724,0.0067218417047184,0.0,0.0,0.0003556497674145,0.0010998043926279,1.5945250252621662e-05,-0.0027625105614193,False
SOLUSDT_5m_short_2.5pct_orders,SOLUSDT,5,-1,0.025,orders,structure,929,929,-0.0035064868173568,0.6321399575767792,0.2755651237890204,1.3166666666666669,12.53333333333332,44.5,3.289073098304138,0.1122566909975669,0.0,0.0,-0.0023579338218734,0.001101296863602,4.7256131881419234e-05,-0.0055143644755294,286,286,-0.0036882426113703,0.6157246364015531,0.2692307692307692,1.9083333333333332,13.454166666666667,39.8,1.1466716939640234,0.122867199391172,0.0,0.0,-0.0025800800800799,0.001101419044044,6.743487246299046e-06,-0.0056965246584606,False
SOLUSDT_5m_short_2.5pct_orders,SOLUSDT,5,-1,0.025,orders,zones,162,162,-0.0023099008634942,0.7459709063350455,0.3086419753086419,1.15,9.787499999999984,30.08333333333333,0.4874982007097909,0.0172882451338199,0.0,0.0,-0.001197926321383,0.0011006588594767,1.1315682634507874e-05,-0.0043154188899169,38,38,-0.0029716064678538,0.6812586663220959,0.2894736842105263,1.9166666666666667,13.009166666666664,24.633333333333333,0.1965691149315931,0.0160616438356164,0.0,0.0,-0.0018701596333174,0.0011010285877983,4.18246738069848e-07,-0.0049784601303309,False
SOLUSDT_5m_short_2.5pct_regime,SOLUSDT,5,-1,0.025,regime,baseline,1894,1894,-0.0030139360182712,0.6727334338712657,0.2888067581837381,1.4166666666666667,12.45666666666666,65.25,5.739941663585365,0.2314869728304947,0.0,0.0,-0.0018721614961498,0.0011010296888228,4.07448332985588e-05,-0.0050208340980954,711,711,-0.00302087983022,0.6708123261518207,0.2869198312236287,1.75,12.15,39.8,2.190476520891428,0.2882743531202435,0.0,0.0,-0.001915372915636,0.0011010534551036,4.453459480440872e-06,-0.0050278281030439,False
SOLUSDT_5m_short_2.5pct_regime,SOLUSDT,5,-1,0.025,regime,both,74,74,-0.0015611785386459,0.8202906670320498,0.3243243243243243,0.975,14.674166666666627,30.08333333333333,0.2182442612512026,0.0092387723033252,0.0,0.0,-0.0004480852800069,0.001100246446904,1.2846811735002773e-05,-0.0035651960873421,17,17,-0.0007600998754659,0.910462038169473,0.3529411764705882,1.8166666666666669,10.67333333333332,24.633333333333333,0.0810631970471724,0.0067218417047184,0.0,0.0,0.0003556497674145,0.0010998043926279,1.5945250252621662e-05,-0.0027625105614193,False
SOLUSDT_5m_short_2.5pct_regime,SOLUSDT,5,-1,0.025,regime,structure,929,929,-0.0035399873431233,0.6246326032718165,0.271259418729817,1.2666666666666666,12.159999999999952,44.5,3.3201950867412284,0.106779703974047,0.0,0.0,-0.0023906675191877,0.0011013148671355,4.800495680010337e-05,-0.0055479313207234,286,286,-0.003478329007867,0.6301767443744961,0.2762237762237762,1.7916666666666667,12.933333333333334,39.8,1.086636403362094,0.1190544140030441,0.0,0.0,-0.0023693617154666,0.0011013031489435,7.664143456874165e-06,-0.0054861898860034,False
SOLUSDT_5m_short_2.5pct_regime,SOLUSDT,5,-1,0.025,regime,zones,162,162,-0.0026117680573587,0.7137119825483837,0.2962962962962963,1.1416666666666666,9.779999999999983,30.08333333333333,0.4795196458521489,0.0168174675587996,0.0,0.0,-0.0014990197127291,0.001100824460842,1.1923883787582725e-05,-0.0046178898155153,38,38,-0.0029716064678538,0.6812586663220959,0.2894736842105263,1.9166666666666667,13.009166666666664,24.633333333333333,0.1965691149315931,0.0160616438356164,0.0,0.0,-0.0018701596333174,0.0011010285877983,4.18246738069848e-07,-0.0049784601303309,False
SOLUSDT_5m_short_2pct_orders,SOLUSDT,5,-1,0.02,orders,baseline,2120,2120,-0.0029463923364764,0.6608858977450046,0.3396226415094339,1.3166666666666669,11.084166666666668,62.18333333333333,6.272885832793986,0.226276105028386,0.0,0.0,-0.001812945020492,0.0011009971197612,3.2450196223091726e-05,-0.0049531634880974,760,760,-0.0028028903998317,0.6749094280082323,0.3434210526315789,1.7083333333333333,10.821666666666662,42.05,2.143954789753492,0.2858542617960426,0.0,0.0,-0.0016987645540276,0.0011009343205047,3.1915252994679254e-06,-0.0048094035184426,False
SOLUSDT_5m_short_2pct_orders,SOLUSDT,5,-1,0.02,orders,both,97,97,-0.0028999565125991,0.6653738189930719,0.3402061855670103,1.1333333333333333,14.10999999999995,30.08333333333333,0.3443617406293076,0.0120260543390105,0.0,0.0,-0.0017954036510736,0.001100987472008,3.565389517362197e-06,-0.0049066635842861,22,22,-0.0021897007712521,0.737368394449046,0.3636363636363636,1.7416666666666667,11.232499999999998,24.15,0.0990172938444243,0.0099676560121765,0.0,0.0,-0.0010910910910909,0.0011006001001,-1.9904199389317724e-06,-0.0041949914624969,False
SOLUSDT_5m_short_2pct_orders,SOLUSDT,5,-1,0.02,orders,structure,1030,1030,-0.0035312555639266,0.6050648371580691,0.3203883495145631,1.1833333333333331,10.487499999999988,41.06666666666667,3.663727310308573,0.1036566048256285,0.0,0.0,-0.0023911289930706,0.0011013151209461,3.881144990987127e-05,-0.0055391912539776,312,312,-0.003397702768322,0.6174625075845258,0.3237179487179487,1.6916666666666669,9.346666666666666,42.05,1.1488144677254846,0.1164402587519025,0.0,0.0,-0.0022910410410409,0.0011012600725725,5.401654708527823e-06,-0.0054054044947356,False
SOLUSDT_5m_short_2pct_orders,SOLUSDT,5,-1,0.02,orders,zones,204,204,-0.0037017089852579,0.5895513783034347,0.3137254901960784,1.1416666666666666,8.4475,30.08333333333333,0.7785129326872482,0.0199114203163017,0.0,0.0,-0.002591414944356,0.0011014252782193,8.868762682534673e-06,-0.0057100158668299,55,55,-0.0038253461632884,0.5776826143438103,0.3090909090909091,1.6666666666666667,11.508333333333333,24.15,0.2612379158577415,0.021550608828006,0.0,0.0,-0.0027307307307306,0.0011015019019019,-6.8864693440976525e-06,-0.0058339163224975,False
SOLUSDT_5m_short_2pct_regime,SOLUSDT,5,-1,0.02,regime,baseline,2121,2121,-0.0029745895136713,0.6536761620092078,0.3371051390853371,1.2833333333333334,10.233333333333333,62.18333333333333,6.33563843796083,0.2184395275750202,0.0,0.0,-0.0018407535656585,0.0011010124144611,3.2823533551655176e-05,-0.0049814167428724,761,761,-0.0029108413887583,0.6584069597688202,0.3377135348226018,1.6666666666666667,10.616666666666667,42.05,2.2365378246526824,0.2782553272450532,0.0,0.0,-0.0018063542915732,0.0011009934948603,3.4936023247926745e-06,-0.0049175703238202,False
SOLUSDT_5m_short_2pct_regime,SOLUSDT,5,-1,0.02,regime,both,97,97,-0.0032075474597647,0.6279724914439316,0.3195876288659793,1.1333333333333333,14.10999999999995,30.08333333333333,0.3509406860815416,0.0112511405109489,0.0,0.0,-0.0021012843513107,0.0011011557063932,5.107402060792195e-06,-0.0052148687883609,22,22,-0.0016184807007468,0.7916025470456973,0.3636363636363636,1.7083333333333333,11.232499999999998,24.15,0.0941918311813062,0.0094082952815829,0.0,0.0,-0.0005167425962036,0.0011002842084279,1.4538961152838369e-06,-0.0036226243616545,False
SOLUSDT_5m_short_2pct_regime,SOLUSDT,5,-1,0.02,regime,structure,1030,1030,-0.0035652739382693,0.5978966377000493,0.3155339805825243,1.1583333333333334,10.162499999999996,41.06666666666667,3.698766235881518,0.0993448398215734,0.0,0.0,-0.0024246433519102,0.0011013335538435,3.9297032515602136e-05,-0.0055732772477266,312,312,-0.0033012663540017,0.6225830593808079,0.3269230769230769,1.6583333333333334,9.059999999999995,42.05,1.118726306457567,0.113898401826484,0.0,0.0,-0.0021942288864917,0.0011012068258875,5.8306416224474055e-06,-0.0053087745851465,False
SOLUSDT_5m_short_2pct_regime,SOLUSDT,5,-1,0.02,regime,zones,204,204,-0.0039631596033858,0.561095762879679,0.2990196078431372,1.1333333333333333,8.028333333333332,30.08333333333333,0.8153323967822735,0.0190199209245742,0.0,0.0,-0.0028519890348875,0.0011015685939691,9.601974529165603e-06,-0.0059719891774533,55,55,-0.0035968581350863,0.5926317676872432,0.3090909090909091,1.6666666666666667,11.508333333333333,24.15,0.2486710743066258,0.0209912480974124,0.0,0.0,-0.0025009913327757,0.001101375545233,-5.508742922411409e-06,-0.0056049694821605,False
SOLUSDT_5m_short_3pct_orders,SOLUSDT,5,-1,0.03,orders,baseline,1751,1751,-0.002939300536242,0.7001541436923125,0.2552826956025129,1.55,14.983333333333333,66.43333333333334,5.190486468370121,0.2511848641524736,0.0,0.0,-0.0017902711392144,0.0011009846491265,4.804474790098482e-05,-0.0049460418954534,637,637,-0.0031857643483724,0.6773823850550486,0.2480376766091051,2.1166666666666667,15.663333333333323,50.516666666666666,2.078117653287729,0.314859208523592,0.0,0.0,-0.0020806520806519,0.0011011443586443,3.967909076149628e-06,-0.005193043206544,False
SOLUSDT_5m_short_3pct_orders,SOLUSDT,5,-1,0.03,orders,both,57,57,-0.0018914882012959,0.8001756106968614,0.2807017543859649,0.9,13.9733333333333,30.08333333333333,0.184724370491236,0.0069159316707218,0.0,0.0,-0.0007714732276134,0.0011004243102751,1.9590663407277484e-05,-0.0038961602880568,13,13,0.0022742666921027,1.280478309716508,0.3846153846153846,2.0,16.09666666666663,32.81666666666667,0.0759223618206667,0.0069006849315068,0.0,0.0,0.0033933933933934,0.0010981336336336,2.099306765713288e-05,0.0002779358740817,False
SOLUSDT_5m_short_3pct_orders,SOLUSDT,5,-1,0.03,orders,structure,869,869,-0.0034879630942687,0.6505847193434316,0.241657077100115,1.3666666666666667,14.803333333333322,66.43333333333334,3.067599539414632,0.1197656883617193,0.0,0.0,-0.0023363870199312,0.0011012850128609,5.029106147654978e-05,-0.0054958006329006,262,262,-0.0041057998682823,0.5965620270604218,0.2251908396946564,2.125,14.397499999999996,50.516666666666666,1.1876049346641406,0.1320281582952815,0.0,0.0,-0.0029963551337596,0.0011016479953235,7.796739199139588e-06,-0.0061149168142564,False
SOLUSDT_5m_short_3pct_orders,SOLUSDT,5,-1,0.03,orders,zones,124,124,-0.0018793992918559,0.8009819502662355,0.282258064516129,1.2333333333333334,9.639999999999992,30.08333333333333,0.3785113734817741,0.0134326845093268,0.0,0.0,-0.000709096192967,0.0011003900029061,6.991309598280876e-05,-0.0038839968540142,31,31,-0.0014865670094999,0.8406004674642417,0.2903225806451613,2.0,13.766666666666667,32.81666666666667,0.1619337563567648,0.0154965753424657,0.0,0.0,-0.0003858697407083,0.0011002122283573,4.850404342295402e-07,-0.0034904475472625,False
SOLUSDT_5m_short_3pct_regime,SOLUSDT,5,-1,0.03,regime,baseline,1756,1756,-0.0029806229992239,0.6910469180681834,0.2545558086560364,1.4833333333333334,14.304166666666667,65.25,5.277745216047502,0.2399609691808596,0.0,0.0,-0.0018309782054093,0.0011010070380129,4.863775580154906e-05,-0.0049874464932454,639,639,-0.003340718424949,0.6562120218638045,0.244131455399061,1.95,14.670000000000009,50.516666666666666,2.1911342788431147,0.3031963470319634,0.0,0.0,-0.0022349083244029,0.0011012291995784,4.580900967652984e-06,-0.00534830688912,False
SOLUSDT_5m_short_3pct_regime,SOLUSDT,5,-1,0.03,regime,both,57,57,-0.0017515135546706,0.8121857937385676,0.2807017543859649,0.9,13.9733333333333,30.08333333333333,0.176745815633594,0.0069057937956204,0.0,0.0,-0.0006315755247247,0.0011003473665385,1.9590663407277484e-05,-0.0037559054113477,13,13,0.0022742666921027,1.280478309716508,0.3846153846153846,2.0,16.09666666666663,32.81666666666667,0.0759223618206667,0.0069006849315068,0.0,0.0,0.0033933933933934,0.0010981336336336,2.099306765713288e-05,0.0002779358740817,False
SOLUSDT_5m_short_3pct_regime,SOLUSDT,5,-1,0.03,regime,structure,869,869,-0.0035452821292171,0.6404659604203745,0.2370540851553509,1.3166666666666669,14.6,45.266666666666666,3.11740978078478,0.1122218420519059,0.0,0.0,-0.0023928592433746,0.0011013160725838,5.1106813258612256e-05,-0.005553233605148,262,262,-0.0038766575377405,0.6110451831553214,0.232824427480916,1.975,14.019999999999998,50.516666666666666,1.127569644062211,0.1282153729071537,0.0,0.0,-0.0027663343235328,0.0011015214838779,8.801730329767388e-06,-0.0058853147343986,False
SOLUSDT_5m_short_3pct_regime,SOLUSDT,5,-1,0.03,regime,zones,124,124,-0.0020862146868819,0.7788118053915812,0.2741935483870967,1.2166666666666666,9.639999999999992,30.08333333333333,0.3705328186241321,0.0132007806163828,0.0,0.0,-0.0009150037534573,0.0011005032520644,7.0707681360213e-05,-0.0040912255001169,31,31,-0.0014865670094999,0.8406004674642417,0.2903225806451613,2.0,13.766666666666667,32.81666666666667,0.1619337563567648,0.0154965753424657,0.0,0.0,-0.0003858697407083,0.0011002122283573,4.850404342295402e-07,-0.0034904475472625,False
SOLUSDT_60m_long_1.5pct_orders,SOLUSDT,60,1,0.015,orders,baseline,478,478,-0.0033474086454974,0.5802879369476519,0.3912133891213389,1.325,7.521666666666666,35.88333333333333,1.6260275693928157,0.041162307380373,0.0,0.0,-0.0022172283783161,0.0010987805243919,3.1399742789332573e-05,-0.0053398567960947,123,123,-0.0031518752218013,0.5994617153313433,0.3983739837398374,2.083333333333333,11.526666666666662,25.73333333333333,0.4183883112174284,0.0456982496194824,0.0,0.0,-0.0020385711849125,0.0010988787858482,1.442525104049206e-05,-0.0051446970748248,False
SOLUSDT_60m_long_1.5pct_orders,SOLUSDT,60,1,0.015,orders,both,23,23,-0.0076791642016926,0.2511143725487429,0.217391304347826,1.2333333333333334,3.4966666666666666,4.566666666666666,0.1884856699955748,0.0013356650446066,0.0,0.0,-0.0065540980758371,0.0010963952460582,2.867087979725755e-05,-0.0096629547498729,6,6,0.0035193713103475,1.8077242235080024,0.6666666666666666,0.8833333333333333,8.829166666666667,11.016666666666667,0.0173193567242082,0.0018378995433789,0.0,0.0,0.0046553446553446,0.0011025604395604,3.341290543670943e-05,0.0015132012790995,False
SOLUSDT_60m_long_1.5pct_orders,SOLUSDT,60,1,0.015,orders,structure,222,222,-0.004340148348334,0.489048477193612,0.3513513513513513,1.175,7.948333333333333,24.85,1.0067993647118842,0.0198258819951338,0.0,0.0,-0.0032117882117881,0.0010982335164835,3.0126620062339377e-05,-0.0063306117259332,56,56,-0.0041754175786442,0.5033173421617481,0.3571428571428571,1.4833333333333334,8.3125,11.916666666666666,0.2456882777607205,0.016033105022831,0.0,0.0,-0.003067289853004,0.0010983129905808,9.814735059309191e-06,-0.0061661897773824,False
SOLUSDT_60m_long_1.5pct_orders,SOLUSDT,60,1,0.015,orders,zones,40,40,-0.0037367970383508,0.5433809651211857,0.375,0.95,3.5249999999999995,4.566666666666666,0.1613367748906789,0.0020053984184914,0.0,0.0,-0.0026217532467531,0.0010985580357142,1.6485755883423093e-05,-0.0057284522745901,10,10,-0.0006233180979073,0.9046289649990576,0.5,1.1,7.6416666666666595,11.016666666666667,0.042812072567883,0.0026312785388127,0.0,0.0,0.000497002997003,0.0011002733516483,2.004774326202566e-05,-0.0026211976457139,False
SOLUSDT_60m_long_1.5pct_regime,SOLUSDT,60,1,0.015,regime,baseline,478,478,-0.0033625936997858,0.5778849493169796,0.3891213389121339,1.325,7.521666666666666,35.88333333333333,1.6332860253426753,0.0409722222222222,0.0,0.0,-0.0022324217889804,0.001098772168016,3.1399742789332573e-05,-0.0053550115105537,123,123,-0.0031518752218013,0.5994617153313433,0.3983739837398374,2.083333333333333,11.526666666666662,25.73333333333333,0.4183883112174284,0.0456982496194824,0.0,0.0,-0.0020385711849125,0.0010988787858482,1.442525104049206e-05,-0.0051446970748248,False
SOLUSDT_60m_long_1.5pct_regime,SOLUSDT,60,1,0.015,regime,both,23,23,-0.0076791642016926,0.2511143725487429,0.217391304347826,1.2333333333333334,3.4966666666666666,4.566666666666666,0.1884856699955748,0.0013356650446066,0.0,0.0,-0.0065540980758371,0.0010963952460582,2.867087979725755e-05,-0.0096629547498729,6,6,0.0035193713103475,1.8077242235080024,0.6666666666666666,0.8833333333333333,8.829166666666667,11.016666666666667,0.0173193567242082,0.0018378995433789,0.0,0.0,0.0046553446553446,0.0011025604395604,3.341290543670943e-05,0.0015132012790995,False
SOLUSDT_60m_long_1.5pct_regime,SOLUSDT,60,1,0.015,regime,structure,222,222,-0.004340148348334,0.489048477193612,0.3513513513513513,1.175,7.948333333333333,24.85,1.0067993647118842,0.0198258819951338,0.0,0.0,-0.0032117882117881,0.0010982335164835,3.0126620062339377e-05,-0.0063306117259332,56,56,-0.0041754175786442,0.5033173421617481,0.3571428571428571,1.4833333333333334,8.3125,11.916666666666666,0.2456882777607205,0.016033105022831,0.0,0.0,-0.003067289853004,0.0010983129905808,9.814735059309191e-06,-0.0061661897773824,False
SOLUSDT_60m_long_1.5pct_regime,SOLUSDT,60,1,0.015,regime,zones,40,40,-0.0037367970383508,0.5433809651211857,0.375,0.95,3.5249999999999995,4.566666666666666,0.1613367748906789,0.0020053984184914,0.0,0.0,-0.0026217532467531,0.0010985580357142,1.6485755883423093e-05,-0.0057284522745901,10,10,-0.0006233180979073,0.9046289649990576,0.5,1.1,7.6416666666666595,11.016666666666667,0.042812072567883,0.0026312785388127,0.0,0.0,0.000497002997003,0.0011002733516483,2.004774326202566e-05,-0.0026211976457139,False
SOLUSDT_60m_long_1pct_orders,SOLUSDT,60,1,0.01,orders,baseline,489,489,-0.0031777580981118,0.5174842669310881,0.4969325153374233,0.9833333333333332,5.316666666666664,20.1,1.5708459481237211,0.0312728102189781,0.0,0.0,-0.0020592291144437,0.001098867423987,1.9661559681043414e-05,-0.0051705334733125,130,130,-0.0031038046540557,0.5253175883074273,0.5,1.35,7.554166666666665,12.533333333333331,0.425996551934991,0.0329642313546423,0.0,0.0,-0.0019980019980018,0.001098901098901,6.901557152794949e-06,-0.0050967150286526,False
SOLUSDT_60m_long_1pct_orders,SOLUSDT,60,1,0.01,orders,both,35,35,-0.003400981387043,0.4943010079020757,0.4857142857142857,0.9666666666666668,4.076666666666664,4.85,0.1662044363245199,0.0019515409570154,0.0,0.0,-0.0022831454260024,0.0010987442700156,1.909169102491116e-05,-0.0053933101909055,7,7,-0.0016862446904316,0.6989946990900865,0.5714285714285714,0.7,4.496666666666666,4.666666666666667,0.0261428681318678,0.0013793759512937,0.0,0.0,-0.000572284857999,0.0010996852433281,1.4274589104518325e-05,-0.0036819947313737,False
SOLUSDT_60m_long_1pct_orders,SOLUSDT,60,1,0.01,orders,structure,229,229,-0.0029831140500253,0.5380033799755874,0.5065502183406113,0.8,5.846666666666661,20.1,0.7534472196776614,0.0141524736415247,0.0,0.0,-0.0018672593781762,0.001098973007342,1.6881664507002158e-05,-0.0049762755452992,59,59,-0.0039470743241712,0.4435220032178033,0.4576271186440678,1.3166666666666669,4.836666666666663,9.95,0.2397550129982295,0.0127587519025875,0.0,0.0,-0.0028437664030883,0.0010984359284783,4.871992604568908e-06,-0.0059382978113473,False
SOLUSDT_60m_long_1pct_orders,SOLUSDT,60,1,0.01,orders,zones,61,61,-0.0026205859142274,0.5784078699868122,0.5245901639344263,0.7833333333333333,3.8666666666666663,15.583333333333334,0.1792620914150821,0.0034886962692619,0.0,0.0,-0.0015071813432468,0.0010991710502612,1.423352071946878e-05,-0.0046144690947392,16,16,-0.004349964600765,0.4083839338245111,0.4375,1.2583333333333333,5.008333333333334,6.033333333333333,0.0714649837337613,0.0034208523592085,0.0,0.0,-0.0032455044955043,0.0010982149725274,6.245132733226768e-06,-0.0063403844838981,False
SOLUSDT_60m_long_1pct_regime,SOLUSDT,60,1,0.01,regime,baseline,489,489,-0.0031824026593906,0.5161018404630906,0.4948875255623722,0.9833333333333332,4.913333333333331,20.1,1.5731171385890652,0.0311239101784266,0.0,0.0,-0.002063876231637,0.0010988648680725,1.9661559681043414e-05,-0.00517516875473,130,130,-0.0031038046540557,0.5253175883074273,0.5,1.35,7.554166666666665,12.533333333333331,0.425996551934991,0.0329642313546423,0.0,0.0,-0.0019980019980018,0.001098901098901,6.901557152794949e-06,-0.0050967150286526,False
SOLUSDT_60m_long_1pct_regime,SOLUSDT,60,1,0.01,regime,both,35,35,-0.003400981387043,0.4943010079020757,0.4857142857142857,0.9666666666666668,4.076666666666664,4.85,0.1662044363245199,0.0019515409570154,0.0,0.0,-0.0022831454260024,0.0010987442700156,1.909169102491116e-05,-0.0053933101909055,7,7,-0.0016862446904316,0.6989946990900865,0.5714285714285714,0.7,4.496666666666666,4.666666666666667,0.0261428681318678,0.0013793759512937,0.0,0.0,-0.000572284857999,0.0010996852433281,1.4274589104518325e-05,-0.0036819947313737,False
SOLUSDT_60m_long_1pct_regime,SOLUSDT,60,1,0.01,regime,structure,229,229,-0.0029831140500253,0.5380033799755874,0.5065502183406113,0.8,5.846666666666661,20.1,0.7534472196776614,0.0141524736415247,0.0,0.0,-0.0018672593781762,0.001098973007342,1.6881664507002158e-05,-0.0049762755452992,59,59,-0.0039470743241712,0.4435220032178033,0.4576271186440678,1.3166666666666669,4.836666666666663,9.95,0.2397550129982295,0.0127587519025875,0.0,0.0,-0.0028437664030883,0.0010984359284783,4.871992604568908e-06,-0.0059382978113473,False
SOLUSDT_60m_long_1pct_regime,SOLUSDT,60,1,0.01,regime,zones,61,61,-0.0026205859142274,0.5784078699868122,0.5245901639344263,0.7833333333333333,3.8666666666666663,15.583333333333334,0.1792620914150821,0.0034886962692619,0.0,0.0,-0.0015071813432468,0.0010991710502612,1.423352071946878e-05,-0.0046144690947392,16,16,-0.004349964600765,0.4083839338245111,0.4375,1.2583333333333333,5.008333333333334,6.033333333333333,0.0714649837337613,0.0034208523592085,0.0,0.0,-0.0032455044955043,0.0010982149725274,6.245132733226768e-06,-0.0063403844838981,False
SOLUSDT_60m_long_2.5pct_orders,SOLUSDT,60,1,0.025,orders,baseline,452,452,-0.0033230213334503,0.6477476632810162,0.2809734513274336,1.95,9.665,61.21666666666667,1.535853434422989,0.0588795113544201,0.0,0.0,-0.0021635996746615,0.0010988100201789,6.061163860987438e-05,-0.0053155474219974,115,115,-0.0018685515958009,0.78948228078707,0.3217391304347826,2.9166666666666665,15.388333333333332,25.78333333333333,0.2805868560985867,0.0619558599695586,0.0,0.0,-0.000739651652695,0.001099593191591,2.93067515148579e-05,-0.0038639524186465,False
SOLUSDT_60m_long_2.5pct_orders,SOLUSDT,60,1,0.025,orders,both,9,9,0.0024108410066592,1.3314756024442895,0.4444444444444444,1.7333333333333334,8.166666666666664,11.266666666666667,0.037156065648637,0.0009060725871857,0.0,0.0,0.0035464535464535,0.0011019505494505,3.366199034377597e-05,0.0004068855765128,3,3,0.0101689243266478,3.316018654992193,0.6666666666666666,2.8,2.935,2.95,0.038910266087525,0.0009341704718417,0.0,0.0,0.0113086913086913,0.0011062197802197,3.3547201823762966e-05,0.0081494683143454,False
SOLUSDT_60m_long_2.5pct_orders,SOLUSDT,60,1,0.025,orders,structure,210,210,-0.0039918816424447,0.5877130338251498,0.2619047619047619,1.7416666666666667,10.099166666666658,61.21666666666667,0.8835592686113283,0.028329658353609,0.0,0.0,-0.0028296703296702,0.0010984436813186,6.376763145585111e-05,-0.0059830745000871,56,56,-0.0037385268123216,0.609673141931239,0.2678571428571428,2.6166666666666667,11.85,14.366666666666667,0.2357769452033945,0.0221993911719939,0.0,0.0,-0.0026217532467531,0.0010985580357142,1.8215529854193315e-05,-0.0057301803222395,False
SOLUSDT_60m_long_2.5pct_orders,SOLUSDT,60,1,0.025,orders,zones,19,19,-0.0002468354498526,0.970158131475343,0.3684210526315789,1.7333333333333334,9.811666666666664,11.266666666666667,0.0747621538711016,0.0026250760340632,0.0,0.0,0.000890951154109,0.0011004900231347,3.729658082699919e-05,-0.0022454844611171,4,4,0.0043588347285023,1.664367650840629,0.5,2.875,3.431666666666666,3.5166666666666666,0.038910266087525,0.0013356164383561,0.0,0.0,0.005487012987013,0.0011030178571428,2.5160401367822224e-05,0.0023509956968369,False
SOLUSDT_60m_long_2.5pct_regime,SOLUSDT,60,1,0.025,regime,baseline,452,452,-0.0033611474107045,0.6433291755383622,0.2787610619469026,1.95,9.665,61.21666666666667,1.5530864213418796,0.0586583789537712,0.0,0.0,-0.0022017467327977,0.0010987890392969,6.061163860987438e-05,-0.0053535973231208,115,115,-0.0018685515958009,0.78948228078707,0.3217391304347826,2.9166666666666665,15.388333333333332,25.78333333333333,0.2805868560985867,0.0619558599695586,0.0,0.0,-0.000739651652695,0.001099593191591,2.93067515148579e-05,-0.0038639524186465,False
SOLUSDT_60m_long_2.5pct_regime,SOLUSDT,60,1,0.025,regime,both,9,9,0.0024108410066592,1.3314756024442895,0.4444444444444444,1.7333333333333334,8.166666666666664,11.266666666666667,0.037156065648637,0.0009060725871857,0.0,0.0,0.0035464535464535,0.0011019505494505,3.366199034377597e-05,0.0004068855765128,3,3,0.0101689243266478,3.316018654992193,0.6666666666666666,2.8,2.935,2.95,0.038910266087525,0.0009341704718417,0.0,0.0,0.0113086913086913,0.0011062197802197,3.3547201823762966e-05,0.0081494683143454,False
SOLUSDT_60m_long_2.5pct_regime,SOLUSDT,60,1,0.025,regime,structure,210,210,-0.0039918816424447,0.5877130338251498,0.2619047619047619,1.7416666666666667,10.099166666666658,61.21666666666667,0.8835592686113283,0.028329658353609,0.0,0.0,-0.0028296703296702,0.0010984436813186,6.376763145585111e-05,-0.0059830745000871,56,56,-0.0037385268123216,0.609673141931239,0.2678571428571428,2.6166666666666667,11.85,14.366666666666667,0.2357769452033945,0.0221993911719939,0.0,0.0,-0.0026217532467531,0.0010985580357142,1.8215529854193315e-05,-0.0057301803222395,False
SOLUSDT_60m_long_2.5pct_regime,SOLUSDT,60,1,0.025,regime,zones,19,19,-0.0002468354498526,0.970158131475343,0.3684210526315789,1.7333333333333334,9.811666666666664,11.266666666666667,0.0747621538711016,0.0026250760340632,0.0,0.0,0.000890951154109,0.0011004900231347,3.729658082699919e-05,-0.0022454844611171,4,4,0.0043588347285023,1.664367650840629,0.5,2.875,3.431666666666666,3.5166666666666666,0.038910266087525,0.0013356164383561,0.0,0.0,0.005487012987013,0.0011030178571428,2.5160401367822224e-05,0.0023509956968369,False
SOLUSDT_60m_long_2pct_orders,SOLUSDT,60,1,0.02,orders,baseline,466,466,-0.0031620564841561,0.6385711122193978,0.3326180257510729,1.7,9.004166666666666,35.88333333333333,1.515917886281864,0.0507673104217356,0.0,0.0,-0.0020194183498903,0.0010988893199075,4.3748814358261945e-05,-0.0051548873185783,118,118,-0.0024400859448685,0.7104129762824182,0.3559322033898305,2.7,13.3525,25.73333333333333,0.3271602861798999,0.0544939117199391,0.0,0.0,-0.0013213904739327,0.0010992732352393,1.9422235696464832e-05,-0.0044343349541256,False
SOLUSDT_60m_long_2pct_orders,SOLUSDT,60,1,0.02,orders,both,15,15,-0.0031409548648988,0.6408240011360661,0.3333333333333333,1.7333333333333334,9.493333333333332,10.566666666666666,0.0664131749222352,0.0014440135847526,0.0,0.0,-0.0019980019980019,0.001098901098901,4.405176799584239e-05,-0.0051338281634369,4,4,0.0168020394830038,,1.0,2.7916666666666665,10.023333333333332,11.283333333333331,0.0135142764092168,0.0019805936073059,0.0,0.0,0.0179620379620379,0.0011098791208791,5.011935815506415e-05,0.0147693138946973,False
SOLUSDT_60m_long_2pct_orders,SOLUSDT,60,1,0.02,orders,structure,217,217,-0.0040152169905014,0.5597839674912617,0.304147465437788,1.55,9.713333333333331,24.85,0.9438814418496596,0.0243980636658556,0.0,0.0,-0.0028718286321971,0.0010984204942522,4.496786405198004e-05,-0.0060063444241736,56,56,-0.0034659119477699,0.6094334982535434,0.3214285714285714,2.45,10.283333333333331,14.366666666666667,0.210943227916276,0.0197888127853881,0.0,0.0,-0.0023544312830026,0.0010987050627943,1.2775601972976902e-05,-0.0054581047038814,False
SOLUSDT_60m_long_2pct_orders,SOLUSDT,60,1,0.02,orders,zones,29,29,-0.0017507859531267,0.7847196085170591,0.3793103448275862,1.05,8.546666666666663,10.566666666666666,0.083167548486091,0.0028360705596107,0.0,0.0,-0.0006214475179991,0.0010996582038651,2.968023126248044e-05,-0.0037464224459122,6,6,0.0118314804512067,6.430841202974568,0.8333333333333334,2.7916666666666665,9.341666666666669,11.283333333333331,0.0166692044360149,0.0024181887366818,0.0,0.0,0.012972027972028,0.0011071346153846,3.341290543670943e-05,0.0098087027761056,False
SOLUSDT_60m_long_2pct_regime,SOLUSDT,60,1,0.02,regime,baseline,466,466,-0.0031883348563329,0.6351641357866069,0.3304721030042918,1.7,9.004166666666666,35.88333333333333,1.528163607716239,0.0505480788726682,0.0,0.0,-0.0020457111831253,0.0010988748588492,4.3748814358261945e-05,-0.0051811131864101,118,118,-0.0024400859448685,0.7104129762824182,0.3559322033898305,2.7,13.3525,25.73333333333333,0.3271602861798999,0.0544939117199391,0.0,0.0,-0.0013213904739327,0.0010992732352393,1.9422235696464832e-05,-0.0044343349541256,False
SOLUSDT_60m_long_2pct_regime,SOLUSDT,60,1,0.02,regime,both,15,15,-0.0031409548648988,0.6408240011360661,0.3333333333333333,1.7333333333333334,9.493333333333332,10.566666666666666,0.0664131749222352,0.0014440135847526,0.0,0.0,-0.0019980019980019,0.001098901098901,4.405176799584239e-05,-0.0051338281634369,4,4,0.0168020394830038,,1.0,2.7916666666666665,10.023333333333332,11.283333333333331,0.0135142764092168,0.0019805936073059,0.0,0.0,0.0179620379620379,0.0011098791208791,5.011935815506415e-05,0.0147693138946973,False
SOLUSDT_60m_long_2pct_regime,SOLUSDT,60,1,0.02,regime,structure,217,217,-0.0040152169905014,0.5597839674912617,0.304147465437788,1.55,9.713333333333331,24.85,0.9438814418496596,0.0243980636658556,0.0,0.0,-0.0028718286321971,0.0010984204942522,4.496786405198004e-05,-0.0060063444241736,56,56,-0.0034659119477699,0.6094334982535434,0.3214285714285714,2.45,10.283333333333331,14.366666666666667,0.210943227916276,0.0197888127853881,0.0,0.0,-0.0023544312830026,0.0010987050627943,1.2775601972976902e-05,-0.0054581047038814,False
SOLUSDT_60m_long_2pct_regime,SOLUSDT,60,1,0.02,regime,zones,29,29,-0.0017507859531267,0.7847196085170591,0.3793103448275862,1.05,8.546666666666663,10.566666666666666,0.083167548486091,0.0028360705596107,0.0,0.0,-0.0006214475179991,0.0010996582038651,2.968023126248044e-05,-0.0037464224459122,6,6,0.0118314804512067,6.430841202974568,0.8333333333333334,2.7916666666666665,9.341666666666669,11.283333333333331,0.0166692044360149,0.0024181887366818,0.0,0.0,0.012972027972028,0.0011071346153846,3.341290543670943e-05,0.0098087027761056,False
SOLUSDT_60m_long_3pct_orders,SOLUSDT,60,1,0.03,orders,baseline,443,443,-0.0036871318367447,0.6319667141289306,0.237020316027088,2.2,11.458333333333332,61.21666666666667,1.6772217263503633,0.0657441200324412,0.0,0.0,-0.0025161520195379,0.0010986161163892,7.236370081753887e-05,-0.0056789421824108,109,109,-0.0024990169329692,0.740071828902925,0.2660550458715596,3.15,24.106666666666666,30.15,0.3338064142572415,0.0741647640791476,0.0,0.0,-0.0013570832836886,0.0010992536041939,4.2680045086598495e-05,-0.0044931714556149,False
SOLUSDT_60m_long_3pct_orders,SOLUSDT,60,1,0.03,orders,both,6,6,0.0134768221992996,4.0812132373076855,0.6666666666666666,2.1333333333333333,9.55,11.316666666666666,0.0240846315827028,0.0007698448905109,0.0,0.0,0.0146353646353648,0.0011080494505494,5.0492985515663946e-05,0.011450740041416,2,2,0.0068273070693922,2.03663344179132,0.5,3.3916666666666666,4.254166666666666,4.35,0.0331479310437913,0.0007743531202435,0.0,0.0,0.007982017982018,0.0011043901098901,5.032080273564445e-05,0.0048145108547519,False
SOLUSDT_60m_long_3pct_orders,SOLUSDT,60,1,0.03,orders,structure,207,207,-0.0044743017201486,0.5645801071293782,0.217391304347826,1.8,11.733333333333327,61.21666666666667,0.9752367548204413,0.0316371401054339,0.0,0.0,-0.0032997437345262,0.001098185140946,7.637284467641844e-05,-0.0064645433048244,56,56,-0.0045451605764216,0.5580494089973896,0.2142857142857142,2.808333333333333,13.395833333333334,17.733333333333334,0.2812541776981498,0.0257800608828006,0.0,0.0,-0.0034237191380047,0.001098116954474,2.3324483942782653e-05,-0.0065352075362114,False
SOLUSDT_60m_long_3pct_orders,SOLUSDT,60,1,0.03,orders,zones,14,14,0.0068270110838627,2.041152599549527,0.5,3.883333333333333,10.233333333333333,11.316666666666666,0.0616907198051676,0.0024571674776966,0.0,0.0,0.007982017982018,0.0011043901098901,5.061678826521317e-05,0.0048142151646173,3,3,0.0001943933576168,1.0222218780447918,0.3333333333333333,3.5166666666666666,4.266666666666667,4.35,0.0331479310437913,0.0011757990867579,0.0,0.0,0.0013286713286713,0.0011007307692307,3.3547201823762966e-05,-0.0018051334820615,False
SOLUSDT_60m_long_3pct_regime,SOLUSDT,60,1,0.03,regime,baseline,443,443,-0.0037372904200481,0.6265809074699269,0.2347629796839729,2.2,11.458333333333332,61.21666666666667,1.699441978753769,0.0655077808191403,0.0,0.0,-0.0025663382052434,0.0010985885139871,7.236370081753887e-05,-0.0057290005485643,109,109,-0.0024990169329692,0.740071828902925,0.2660550458715596,3.15,24.106666666666666,30.15,0.3338064142572415,0.0741647640791476,0.0,0.0,-0.0013570832836886,0.0010992536041939,4.2680045086598495e-05,-0.0044931714556149,False
SOLUSDT_60m_long_3pct_regime,SOLUSDT,60,1,0.03,regime,both,6,6,0.0134768221992996,4.0812132373076855,0.6666666666666666,2.1333333333333333,9.55,11.316666666666666,0.0240846315827028,0.0007698448905109,0.0,0.0,0.0146353646353648,0.0011080494505494,5.0492985515663946e-05,0.011450740041416,2,2,0.0068273070693922,2.03663344179132,0.5,3.3916666666666666,4.254166666666666,4.35,0.0331479310437913,0.0007743531202435,0.0,0.0,0.007982017982018,0.0011043901098901,5.032080273564445e-05,0.0048145108547519,False
SOLUSDT_60m_long_3pct_regime,SOLUSDT,60,1,0.03,regime,structure,207,207,-0.0044743017201486,0.5645801071293782,0.217391304347826,1.8,11.733333333333327,61.21666666666667,0.9752367548204413,0.0316371401054339,0.0,0.0,-0.0032997437345262,0.001098185140946,7.637284467641844e-05,-0.0064645433048244,56,56,-0.0045451605764216,0.5580494089973896,0.2142857142857142,2.808333333333333,13.395833333333334,17.733333333333334,0.2812541776981498,0.0257800608828006,0.0,0.0,-0.0034237191380047,0.001098116954474,2.3324483942782653e-05,-0.0065352075362114,False
SOLUSDT_60m_long_3pct_regime,SOLUSDT,60,1,0.03,regime,zones,14,14,0.0068270110838627,2.041152599549527,0.5,3.883333333333333,10.233333333333333,11.316666666666666,0.0616907198051676,0.0024571674776966,0.0,0.0,0.007982017982018,0.0011043901098901,5.061678826521317e-05,0.0048142151646173,3,3,0.0001943933576168,1.0222218780447918,0.3333333333333333,3.5166666666666666,4.266666666666667,4.35,0.0331479310437913,0.0011757990867579,0.0,0.0,0.0013286713286713,0.0011007307692307,3.3547201823762966e-05,-0.0018051334820615,False
SOLUSDT_60m_short_1.5pct_orders,SOLUSDT,60,-1,0.015,orders,baseline,449,449,-0.003082310920385,0.6081704873422651,0.4008908685968819,1.2833333333333334,12.56,35.61666666666667,1.4704768878331889,0.0514978710462287,0.0,0.0,-0.0019796856990619,0.0011010888271344,1.5363941885501893e-06,-0.0050893850956917,189,189,-0.00305656329077,0.610663642200357,0.4021164021164021,1.3333333333333333,13.256666666666664,26.95,0.5835176196607952,0.0684398782343987,0.0,0.0,-0.0019489860230599,0.0011010719423126,6.505325397384078e-06,-0.0050635809502264,False
SOLUSDT_60m_short_1.5pct_orders,SOLUSDT,60,-1,0.015,orders,both,27,27,-0.0038338507542146,0.5362966362888077,0.3703703703703703,0.7,9.728333333333332,18.266666666666666,0.1130622824258594,0.0025179947283049,0.0,0.0,-0.0027442257071885,0.0011015093241389,-1.1884277112804698e-05,-0.0058424429374837,5,5,-0.0081158686186185,0.2272740888637534,0.2,0.9,1.6066666666666665,1.65,0.0525145365365362,0.0006544901065449,0.0,0.0,-0.0070120120120119,0.0011038566066066,0.0,-0.0101330215430861,False
SOLUSDT_60m_short_1.5pct_orders,SOLUSDT,60,-1,0.015,orders,structure,205,205,-0.0029832420104459,0.6184024536434946,0.4048780487804878,1.2666666666666666,13.643333333333317,35.61666666666667,0.717716767823544,0.0256336171938361,0.0,0.0,-0.001879806635904,0.0011010338936497,2.401480892109314e-06,-0.0049901169841111,80,80,-0.0037409344389126,0.5443166617194621,0.375,1.35,13.59666666666666,26.95,0.3244244239621744,0.0310787671232876,0.0,0.0,-0.0026282532532531,0.0011014455392892,1.1235646370185464e-05,-0.0057493174831902,False
SOLUSDT_60m_short_1.5pct_orders,SOLUSDT,60,-1,0.015,orders,zones,46,46,-0.0049601681487548,0.4395704889324272,0.3260869565217391,0.6916666666666667,8.4,18.266666666666666,0.2282673467227402,0.0032580596107055,0.0,0.0,-0.0038535274404838,0.0011021194400922,4.521268178759453e-06,-0.0069709988206388,16,16,-0.0037270697830635,0.5459303979023464,0.375,1.4166666666666667,5.429166666666666,5.866666666666666,0.0980914729441205,0.0037804414003044,0.0,0.0,-0.0026282532532531,0.0011014455392892,-2.6290094788284978e-06,-0.0057354389349004,False
SOLUSDT_60m_short_1.5pct_regime,SOLUSDT,60,-1,0.015,regime,baseline,449,449,-0.0030678970244943,0.6092868978593441,0.4008908685968819,1.2833333333333334,12.56,35.61666666666667,1.464005048578286,0.0514199361313868,0.0,0.0,-0.0019652797264562,0.0011010809038495,1.5363941885501893e-06,-0.0050749423430949,189,189,-0.00305656329077,0.610663642200357,0.4021164021164021,1.3333333333333333,13.256666666666664,26.95,0.5835176196607952,0.0684398782343987,0.0,0.0,-0.0019489860230599,0.0011010719423126,6.505325397384078e-06,-0.0050635809502264,False
SOLUSDT_60m_short_1.5pct_regime,SOLUSDT,60,-1,0.015,regime,both,27,27,-0.0038338507542146,0.5362966362888077,0.3703703703703703,0.7,9.728333333333332,18.266666666666666,0.1130622824258594,0.0025179947283049,0.0,0.0,-0.0027442257071885,0.0011015093241389,-1.1884277112804698e-05,-0.0058424429374837,5,5,-0.0081158686186185,0.2272740888637534,0.2,0.9,1.6066666666666665,1.65,0.0525145365365362,0.0006544901065449,0.0,0.0,-0.0070120120120119,0.0011038566066066,0.0,-0.0101330215430861,False
SOLUSDT_60m_short_1.5pct_regime,SOLUSDT,60,-1,0.015,regime,structure,205,205,-0.0029832420104459,0.6184024536434946,0.4048780487804878,1.2666666666666666,13.643333333333317,35.61666666666667,0.717716767823544,0.0256336171938361,0.0,0.0,-0.001879806635904,0.0011010338936497,2.401480892109314e-06,-0.0049901169841111,80,80,-0.0037409344389126,0.5443166617194621,0.375,1.35,13.59666666666666,26.95,0.3244244239621744,0.0310787671232876,0.0,0.0,-0.0026282532532531,0.0011014455392892,1.1235646370185464e-05,-0.0057493174831902,False
SOLUSDT_60m_short_1.5pct_regime,SOLUSDT,60,-1,0.015,regime,zones,46,46,-0.0049601681487548,0.4395704889324272,0.3260869565217391,0.6916666666666667,8.4,18.266666666666666,0.2282673467227402,0.0032580596107055,0.0,0.0,-0.0038535274404838,0.0011021194400922,4.521268178759453e-06,-0.0069709988206388,16,16,-0.0037270697830635,0.5459303979023464,0.375,1.4166666666666667,5.429166666666666,5.866666666666666,0.0980914729441205,0.0037804414003044,0.0,0.0,-0.0026282532532531,0.0011014455392892,-2.6290094788284978e-06,-0.0057354389349004,False
SOLUSDT_60m_short_1pct_orders,SOLUSDT,60,-1,0.01,orders,baseline,462,462,-0.0034048948455113,0.4965475534051249,0.4848484848484848,0.9833333333333332,7.898333333333331,35.61666666666667,1.5888568818179196,0.0377946319951338,0.0,0.0,-0.0023056389723055,0.0011012681014347,-2.012228228935112e-06,-0.0054126183844044,201,201,-0.0029568359687462,0.5426679452984732,0.5074626865671642,1.0,7.8,12.233333333333333,0.6157073933422169,0.0479661339421613,0.0,0.0,-0.0018524494643896,0.0011010188472054,3.3676571511596992e-06,-0.004963657111179,False
SOLUSDT_60m_short_1pct_orders,SOLUSDT,60,-1,0.01,orders,both,36,36,-0.0058828432363875,0.2986732556875764,0.3611111111111111,0.5666666666666667,8.633333333333333,9.8,0.2132147999533946,0.0023443836171938,0.0,0.0,-0.0047853408964518,0.001102631937493,-5.129597557416094e-06,-0.0078955307602272,9,9,-0.0042413884977509,0.4184848768005246,0.4444444444444444,0.8666666666666667,6.3699999999999966,9.516666666666667,0.045094924407687,0.0018093607305936,0.0,0.0,-0.0031153375597818,0.0011017134356578,2.433750231123016e-05,-0.0062507603521799,False
SOLUSDT_60m_short_1pct_orders,SOLUSDT,60,-1,0.01,orders,structure,210,210,-0.0035749382303805,0.4800950128084059,0.4761904761904761,0.9416666666666668,9.479166666666664,35.61666666666667,0.7604307068760513,0.019310751216545,0.0,0.0,-0.002479145812479,0.0011013635301968,-5.571112295316319e-06,-0.0055830057560433,87,87,-0.0032231728568834,0.5146470074404312,0.4942528735632184,1.0,7.908333333333335,12.233333333333333,0.3022110710406512,0.0218987823439878,0.0,0.0,-0.0021171746459101,0.0011011644460552,4.833764918011055e-06,-0.0052305257412562,False
SOLUSDT_60m_short_1pct_orders,SOLUSDT,60,-1,0.01,orders,zones,68,68,-0.0066599371524402,0.2509358421590363,0.3235294117647059,0.65,7.181666666666663,9.8,0.4667994181073513,0.0037814274128142,0.0,0.0,-0.0055384796561265,0.0011030461638108,1.841133250280711e-05,-0.0086741568819931,23,23,-0.0052867882113211,0.3382758361060041,0.391304347826087,1.0833333333333333,6.9916666666666645,9.516666666666667,0.1399127820448006,0.0052872907153729,0.0,0.0,-0.0041802672237453,0.001102299146973,4.221840602717477e-06,-0.0072982730779615,False
SOLUSDT_60m_short_1pct_regime,SOLUSDT,60,-1,0.01,regime,baseline,462,462,-0.0033908865354358,0.497578181142038,0.4848484848484848,0.9833333333333332,7.898333333333331,35.61666666666667,1.5823850425630168,0.0377166970802919,0.0,0.0,-0.0022916383625653,0.0011012604010994,-2.012228228935112e-06,-0.0053985820296079,201,201,-0.0029568359687462,0.5426679452984732,0.5074626865671642,1.0,7.8,12.233333333333333,0.6157073933422169,0.0479661339421613,0.0,0.0,-0.0018524494643896,0.0011010188472054,3.3676571511596992e-06,-0.004963657111179,False
SOLUSDT_60m_short_1pct_regime,SOLUSDT,60,-1,0.01,regime,both,36,36,-0.0058828432363875,0.2986732556875764,0.3611111111111111,0.5666666666666667,8.633333333333333,9.8,0.2132147999533946,0.0023443836171938,0.0,0.0,-0.0047853408964518,0.001102631937493,-5.129597557416094e-06,-0.0078955307602272,9,9,-0.0042413884977509,0.4184848768005246,0.4444444444444444,0.8666666666666667,6.3699999999999966,9.516666666666667,0.045094924407687,0.0018093607305936,0.0,0.0,-0.0031153375597818,0.0011017134356578,2.433750231123016e-05,-0.0062507603521799,False
SOLUSDT_60m_short_1pct_regime,SOLUSDT,60,-1,0.01,regime,structure,210,210,-0.0035749382303805,0.4800950128084059,0.4761904761904761,0.9416666666666668,9.479166666666664,35.61666666666667,0.7604307068760513,0.019310751216545,0.0,0.0,-0.002479145812479,0.0011013635301968,-5.571112295316319e-06,-0.0055830057560433,87,87,-0.0032231728568834,0.5146470074404312,0.4942528735632184,1.0,7.908333333333335,12.233333333333333,0.3022110710406512,0.0218987823439878,0.0,0.0,-0.0021171746459101,0.0011011644460552,4.833764918011055e-06,-0.0052305257412562,False
SOLUSDT_60m_short_1pct_regime,SOLUSDT,60,-1,0.01,regime,zones,68,68,-0.0066599371524402,0.2509358421590363,0.3235294117647059,0.65,7.181666666666663,9.8,0.4667994181073513,0.0037814274128142,0.0,0.0,-0.0055384796561265,0.0011030461638108,1.841133250280711e-05,-0.0086741568819931,23,23,-0.0052867882113211,0.3382758361060041,0.391304347826087,1.0833333333333333,6.9916666666666645,9.516666666666667,0.1399127820448006,0.0052872907153729,0.0,0.0,-0.0041802672237453,0.001102299146973,4.221840602717477e-06,-0.0072982730779615,False
SOLUSDT_60m_short_2.5pct_orders,SOLUSDT,60,-1,0.025,orders,baseline,431,431,-0.0031975323707873,0.6604476735656489,0.2830626450116009,1.9666666666666663,17.083333333333332,47.85,1.4992707056069283,0.0712464517437145,0.0,0.0,-0.0020949952272456,0.0011011522473749,1.3848961666224866e-06,-0.0052048373716285,178,178,-0.0034803024557705,0.6346460585327474,0.2752808988764045,2.083333333333333,19.909166666666685,30.25,0.6517288379896641,0.0947222222222222,0.0,0.0,-0.0023679016094745,0.0011013023458852,1.1098500410767365e-05,-0.0054881638503976,False
SOLUSDT_60m_short_2.5pct_orders,SOLUSDT,60,-1,0.025,orders,both,15,15,-0.0084657022462106,0.2569903714286729,0.1333333333333333,0.6166666666666667,8.573333333333332,9.133333333333333,0.1270851455731764,0.0011474807380373,0.0,0.0,-0.0073460126793458,0.0011040403069736,1.5649259891118638e-05,-0.010483539890412,3,3,-0.013128634134134,0.0,0.0,0.9,1.38,1.4333333333333331,0.0393859024024022,0.0003652968036529,0.0,0.0,-0.0120220220220219,0.0011066121121121,0.0,-0.0151558226452905,False
SOLUSDT_60m_short_2.5pct_orders,SOLUSDT,60,-1,0.025,orders,structure,203,203,-0.003103236343686,0.6691861322852369,0.2857142857142857,2.0166666666666666,17.738333333333305,42.61666666666667,0.7635305809141545,0.0341209195052716,0.0,0.0,-0.0020020020020018,0.0011011011011011,1.332405830597749e-07,-0.0051103538149724,79,79,-0.0038144497222854,0.6047145052407366,0.2658227848101265,2.183333333333333,16.41666666666663,26.95,0.3766043716354631,0.0396289954337899,0.0,0.0,-0.0026995983325096,0.0011014847790828,1.3366610692918647e-05,-0.0058229778136335,False
SOLUSDT_60m_short_2.5pct_orders,SOLUSDT,60,-1,0.025,orders,zones,29,29,-0.0071135457577879,0.3458107752297852,0.1724137931034483,0.8,9.263333333333332,10.4,0.2063924388558673,0.0026390156123276,0.0,0.0,-0.0059754582168373,0.0011032865020192,3.480103893130087e-05,-0.0091286572247556,9,9,-0.0092337623003518,0.2090850960586436,0.1111111111111111,1.4333333333333331,5.64,5.866666666666666,0.0831038607031666,0.0026959665144596,0.0,0.0,-0.0081253475697918,0.0011044689411633,3.945789396579634e-06,-0.0112531493088916,False
SOLUSDT_60m_short_2.5pct_regime,SOLUSDT,60,-1,0.025,regime,baseline,431,431,-0.0031825165024464,0.6615024822347692,0.2830626450116009,1.9666666666666663,17.083333333333332,47.85,1.4927988663520255,0.0711685168288726,0.0,0.0,-0.0020799876130926,0.0011011439931872,1.3848961666224866e-06,-0.005189791441429,178,178,-0.0034803024557705,0.6346460585327474,0.2752808988764045,2.083333333333333,19.909166666666685,30.25,0.6517288379896641,0.0947222222222222,0.0,0.0,-0.0023679016094745,0.0011013023458852,1.1098500410767365e-05,-0.0054881638503976,False
SOLUSDT_60m_short_2.5pct_regime,SOLUSDT,60,-1,0.025,regime,both,15,15,-0.0084657022462106,0.2569903714286729,0.1333333333333333,0.6166666666666667,8.573333333333332,9.133333333333333,0.1270851455731764,0.0011474807380373,0.0,0.0,-0.0073460126793458,0.0011040403069736,1.5649259891118638e-05,-0.010483539890412,3,3,-0.013128634134134,0.0,0.0,0.9,1.38,1.4333333333333331,0.0393859024024022,0.0003652968036529,0.0,0.0,-0.0120220220220219,0.0011066121121121,0.0,-0.0151558226452905,False
SOLUSDT_60m_short_2.5pct_regime,SOLUSDT,60,-1,0.025,regime,structure,203,203,-0.003103236343686,0.6691861322852369,0.2857142857142857,2.0166666666666666,17.738333333333305,42.61666666666667,0.7635305809141545,0.0341209195052716,0.0,0.0,-0.0020020020020018,0.0011011011011011,1.332405830597749e-07,-0.0051103538149724,79,79,-0.0038144497222854,0.6047145052407366,0.2658227848101265,2.183333333333333,16.41666666666663,26.95,0.3766043716354631,0.0396289954337899,0.0,0.0,-0.0026995983325096,0.0011014847790828,1.3366610692918647e-05,-0.0058229778136335,False
SOLUSDT_60m_short_2.5pct_regime,SOLUSDT,60,-1,0.025,regime,zones,29,29,-0.0071135457577879,0.3458107752297852,0.1724137931034483,0.8,9.263333333333332,10.4,0.2063924388558673,0.0026390156123276,0.0,0.0,-0.0059754582168373,0.0011032865020192,3.480103893130087e-05,-0.0091286572247556,9,9,-0.0092337623003518,0.2090850960586436,0.1111111111111111,1.4333333333333331,5.64,5.866666666666666,0.0831038607031666,0.0026959665144596,0.0,0.0,-0.0081253475697918,0.0011044689411633,3.945789396579634e-06,-0.0112531493088916,False
SOLUSDT_60m_short_2pct_orders,SOLUSDT,60,-1,0.02,orders,baseline,438,438,-0.0032425884415486,0.6321584623183192,0.3287671232876712,1.6333333333333333,14.95833333333333,46.88333333333333,1.4810461839817737,0.0631215784671532,0.0,0.0,-0.0021392625502213,0.0011011765944026,2.1492969246849555e-06,-0.005249982880512,185,185,-0.0028929599489878,0.6660026325394116,0.3405405405405405,1.7,15.466666666666642,26.95,0.5635829952643011,0.0788641552511415,0.0,0.0,-0.0017853529204879,0.0011009819441062,6.6250843935938725e-06,-0.0048996499538114,False
SOLUSDT_60m_short_2pct_orders,SOLUSDT,60,-1,0.02,orders,both,21,21,-0.0045295033990807,0.5171004571529833,0.2857142857142857,0.7,9.133333333333333,18.5,0.1013712972104039,0.0019743511759935,0.0,0.0,-0.0034334334334333,0.0011018883883883,-5.818422740950284e-06,-0.0065394822172591,3,3,-0.013128634134134,0.0,0.0,0.9,1.38,1.4333333333333331,0.0393859024024022,0.0003652968036529,0.0,0.0,-0.0120220220220219,0.0011066121121121,0.0,-0.0151558226452905,False
SOLUSDT_60m_short_2pct_orders,SOLUSDT,60,-1,0.02,orders,structure,204,204,-0.0033971868962017,0.6175524610993905,0.3235294117647059,1.6666666666666667,16.044166666666666,35.61666666666667,0.7813853955210399,0.0305219738442822,0.0,0.0,-0.0022967084731789,0.0011012631896602,-7.847666374355235e-07,-0.0054048937762699,79,79,-0.0036243706131369,0.5963187229069266,0.3164556962025316,1.7166666666666666,16.41666666666663,26.95,0.3113478634210379,0.0360292998477929,0.0,0.0,-0.0025093447878256,0.0011013801396333,1.364568567796954e-05,-0.0056325178858906,False
SOLUSDT_60m_short_2pct_orders,SOLUSDT,60,-1,0.02,orders,zones,37,37,-0.0041958591678753,0.5453800243092967,0.2972972972972973,0.7166666666666667,7.119999999999989,18.5,0.155346401091404,0.002881057380373,0.0,0.0,-0.0030852474095716,0.0011016968860752,8.914872228467229e-06,-0.0062051552949732,11,11,-0.0076633910358051,0.2868351710186475,0.1818181818181818,1.4333333333333331,5.583333333333333,5.866666666666666,0.084297301393857,0.0029337899543378,0.0,0.0,-0.0065565565565564,0.0011036061061061,3.2283731426560648e-06,-0.0096796348690531,False
SOLUSDT_60m_short_2pct_regime,SOLUSDT,60,-1,0.02,regime,baseline,438,438,-0.0032278125528388,0.633219857412902,0.3287671232876712,1.6333333333333333,14.95833333333333,46.88333333333333,1.4745743447268709,0.0630436435523114,0.0,0.0,-0.002124494783783,0.001101168472131,2.1492969246849555e-06,-0.0052351774103842,185,185,-0.0028929599489878,0.6660026325394116,0.3405405405405405,1.7,15.466666666666642,26.95,0.5635829952643011,0.0788641552511415,0.0,0.0,-0.0017853529204879,0.0011009819441062,6.6250843935938725e-06,-0.0048996499538114,False
SOLUSDT_60m_short_2pct_regime,SOLUSDT,60,-1,0.02,regime,both,21,21,-0.0045295033990807,0.5171004571529833,0.2857142857142857,0.7,9.133333333333333,18.5,0.1013712972104039,0.0019743511759935,0.0,0.0,-0.0034334334334333,0.0011018883883883,-5.818422740950284e-06,-0.0065394822172591,3,3,-0.013128634134134,0.0,0.0,0.9,1.38,1.4333333333333331,0.0393859024024022,0.0003652968036529,0.0,0.0,-0.0120220220220219,0.0011066121121121,0.0,-0.0151558226452905,False
SOLUSDT_60m_short_2pct_regime,SOLUSDT,60,-1,0.02,regime,structure,204,204,-0.0033971868962017,0.6175524610993905,0.3235294117647059,1.6666666666666667,16.044166666666666,35.61666666666667,0.7813853955210399,0.0305219738442822,0.0,0.0,-0.0022967084731789,0.0011012631896602,-7.847666374355235e-07,-0.0054048937762699,79,79,-0.0036243706131369,0.5963187229069266,0.3164556962025316,1.7166666666666666,16.41666666666663,26.95,0.3113478634210379,0.0360292998477929,0.0,0.0,-0.0025093447878256,0.0011013801396333,1.364568567796954e-05,-0.0056325178858906,False
SOLUSDT_60m_short_2pct_regime,SOLUSDT,60,-1,0.02,regime,zones,37,37,-0.0041958591678753,0.5453800243092967,0.2972972972972973,0.7166666666666667,7.119999999999989,18.5,0.155346401091404,0.002881057380373,0.0,0.0,-0.0030852474095716,0.0011016968860752,8.914872228467229e-06,-0.0062051552949732,11,11,-0.0076633910358051,0.2868351710186475,0.1818181818181818,1.4333333333333331,5.583333333333333,5.866666666666666,0.084297301393857,0.0029337899543378,0.0,0.0,-0.0065565565565564,0.0011036061061061,3.2283731426560648e-06,-0.0096796348690531,False
SOLUSDT_60m_short_3pct_orders,SOLUSDT,60,-1,0.03,orders,baseline,423,423,-0.0028897115063599,0.7045202502639555,0.2553191489361702,2.083333333333333,20.1,51.266666666666666,1.3567806963718418,0.0787947333738848,0.0,0.0,-0.0017888100866823,0.0011009838455476,-8.242587000416415e-08,-0.0048964017153056,171,171,-0.0037586009949383,0.6267338171116492,0.2339181286549707,2.35,23.566666666666663,35.46666666666667,0.6591096520000351,0.1055688736681887,0.0,0.0,-0.0026465646933482,0.0011014556105813,1.0580691008799048e-05,-0.0057670200627239,False
SOLUSDT_60m_short_3pct_orders,SOLUSDT,60,-1,0.03,orders,both,13,13,-0.0069735652166525,0.3730687308656782,0.1538461538461538,0.5166666666666667,6.6233333333333295,8.333333333333334,0.0907559596965001,0.0007033150851581,0.0,0.0,-0.0058558558558557,0.0011032207207207,1.4488640076109429e-05,-0.0089884167541751,3,3,-0.013128634134134,0.0,0.0,0.9,1.38,1.4333333333333331,0.0393859024024022,0.0003652968036529,0.0,0.0,-0.0120220220220219,0.0011066121121121,0.0,-0.0151558226452905,False
SOLUSDT_60m_short_3pct_orders,SOLUSDT,60,-1,0.03,orders,structure,201,201,-0.0023503919429966,0.7551745042283022,0.2686567164179104,2.083333333333333,22.183333333333334,42.61666666666667,0.6145365158708148,0.039217102595296,0.0,0.0,-0.0012542393139406,0.0011006898316226,-4.537202566686462e-06,-0.0043560068857207,78,78,-0.0038873831156459,0.6154745663707281,0.2307692307692307,2.35,20.54666666666665,26.95,0.3484385074601992,0.0428805175038051,0.0,0.0,-0.0027727727727726,0.001101525025025,1.3085317848246135e-05,-0.0058960575013793,False
SOLUSDT_60m_short_3pct_orders,SOLUSDT,60,-1,0.03,orders,zones,22,22,-0.0058412914490123,0.4564561618640554,0.1818181818181818,0.6916666666666667,8.225833333333332,9.35,0.1313978769940736,0.0015441251013787,0.0,0.0,-0.0047347347347346,0.0011026041041041,3.952610173643507e-06,-0.0078538867036981,8,8,-0.0081148074409682,0.2936001146753985,0.125,1.4166666666666667,4.973333333333333,5.3,0.0649184595277463,0.0020262557077625,0.0,0.0,-0.0070120120120118,0.0011038566066066,-1.0611776501979634e-06,-0.0101319593021317,False
SOLUSDT_60m_short_3pct_regime,SOLUSDT,60,-1,0.03,regime,baseline,423,423,-0.0028744116499654,0.7056241611924697,0.2553191489361702,2.083333333333333,20.1,51.266666666666666,1.350308857116939,0.0787167984590429,0.0,0.0,-0.0017735186405831,0.0011009754352523,-8.242587000416415e-08,-0.0048810712285066,171,171,-0.0037586009949383,0.6267338171116492,0.2339181286549707,2.35,23.566666666666663,35.46666666666667,0.6591096520000351,0.1055688736681887,0.0,0.0,-0.0026465646933482,0.0011014556105813,1.0580691008799048e-05,-0.0057670200627239,False
SOLUSDT_60m_short_3pct_regime,SOLUSDT,60,-1,0.03,regime,both,13,13,-0.0069735652166525,0.3730687308656782,0.1538461538461538,0.5166666666666667,6.6233333333333295,8.333333333333334,0.0907559596965001,0.0007033150851581,0.0,0.0,-0.0058558558558557,0.0011032207207207,1.4488640076109429e-05,-0.0089884167541751,3,3,-0.013128634134134,0.0,0.0,0.9,1.38,1.4333333333333331,0.0393859024024022,0.0003652968036529,0.0,0.0,-0.0120220220220219,0.0011066121121121,0.0,-0.0151558226452905,False
SOLUSDT_60m_short_3pct_regime,SOLUSDT,60,-1,0.03,regime,structure,201,201,-0.0023503919429966,0.7551745042283022,0.2686567164179104,2.083333333333333,22.183333333333334,42.61666666666667,0.6145365158708148,0.039217102595296,0.0,0.0,-0.0012542393139406,0.0011006898316226,-4.537202566686462e-06,-0.0043560068857207,78,78,-0.0038873831156459,0.6154745663707281,0.2307692307692307,2.35,20.54666666666665,26.95,0.3484385074601992,0.0428805175038051,0.0,0.0,-0.0027727727727726,0.001101525025025,1.3085317848246135e-05,-0.0058960575013793,False
SOLUSDT_60m_short_3pct_regime,SOLUSDT,60,-1,0.03,regime,zones,22,22,-0.0058412914490123,0.4564561618640554,0.1818181818181818,0.6916666666666667,8.225833333333332,9.35,0.1313978769940736,0.0015441251013787,0.0,0.0,-0.0047347347347346,0.0011026041041041,3.952610173643507e-06,-0.0078538867036981,8,8,-0.0081148074409682,0.2936001146753985,0.125,1.4166666666666667,4.973333333333333,5.3,0.0649184595277463,0.0020262557077625,0.0,0.0,-0.0070120120120118,0.0011038566066066,-1.0611776501979634e-06,-0.0101319593021317,False
