symbol,tf,side,partition,stop,target,stress,original_signals,matched,coverage,unmatched,control_draws,unique_control_times,max_control_reuse,mean_control_reuse,entry_weight_effective_controls,weeks,all_signal_n_rows,all_signal_weighted_n,all_signal_n_closed,all_signal_weighted_closed,all_signal_pf,all_signal_win_rate,all_signal_average_win,all_signal_average_loss,all_signal_stop_rate,all_signal_ambiguous_count,all_signal_weighted_ambiguous,all_signal_median_hours,all_signal_p95_hours,all_signal_max_hours,all_signal_stop_count,all_signal_stop_weighted_count,all_signal_target_count,all_signal_target_weighted_count,all_signal_regime_count,all_signal_regime_weighted_count,all_signal_boundary_mtm_count,all_signal_boundary_mtm_weighted_count,all_signal_mean_quoted_return,all_signal_mean_slippage_drag,all_signal_mean_fees,all_signal_mean_funding,all_signal_mean_net_return,all_signal_mean_net_R,signal_n_rows,signal_weighted_n,signal_n_closed,signal_weighted_closed,signal_pf,signal_win_rate,signal_average_win,signal_average_loss,signal_stop_rate,signal_ambiguous_count,signal_weighted_ambiguous,signal_median_hours,signal_p95_hours,signal_max_hours,signal_stop_count,signal_stop_weighted_count,signal_target_count,signal_target_weighted_count,signal_regime_count,signal_regime_weighted_count,signal_boundary_mtm_count,signal_boundary_mtm_weighted_count,signal_mean_quoted_return,signal_mean_slippage_drag,signal_mean_fees,signal_mean_funding,signal_mean_net_return,signal_mean_net_R,control_n_rows,control_weighted_n,control_n_closed,control_weighted_closed,control_pf,control_win_rate,control_average_win,control_average_loss,control_stop_rate,control_ambiguous_count,control_weighted_ambiguous,control_median_hours,control_p95_hours,control_max_hours,control_stop_count,control_stop_weighted_count,control_target_count,control_target_weighted_count,control_regime_count,control_regime_weighted_count,control_boundary_mtm_count,control_boundary_mtm_weighted_count,control_mean_quoted_return,control_mean_slippage_drag,control_mean_fees,control_mean_funding,control_mean_net_return,control_mean_net_R,delta_quoted_return,delta_slippage_drag,delta_fees,delta_funding,delta_net_return,delta_net_R,block1_ci_low,block1_ci_high,block4_ci_low,block4_ci_high
BTCUSDT,5,1,discovery,0.02,0.025,1,4553,4546,0.9984625521634087,7,90563,51057,11,1.7737626574220968,36712.628914673674,86,4553,4553.0,4553,4553.0,0.8391928297185552,0.4260926861410059,0.021649564753132122,-0.0191535696532516,0.4364155501866901,0,0.0,16.583333333333332,61.611666666666665,116.13333333333334,1987,1987.0,1851,1851.0,715,715.0,0,0.0,0.0006367094768777905,0.001000136641156192,0.0010998001150596469,0.00030442523172501346,-0.001767652511063062,-0.0883826255531531,4546,4546.0,4546,4546.0,0.8390995626155711,0.42630884293884735,0.0216487699632432,-0.019171933620342467,0.4368675758908931,0,0.0,16.583333333333332,61.6333333333333,116.13333333333334,1986,1986.0,1849,1849.0,711,711.0,0,0.0,0.0006348169237374921,0.0010001347495488557,0.0010997990751958038,0.00030458980666723536,-0.0017697067076744032,-0.08848533538372014,90563,4545.999999999999,90563,4545.999999999999,0.8090607684910637,0.4267220153686874,0.021840728946827086,-0.020093971033591597,0.4719084886284234,0,0.0,16.733333333333334,66.65833333103457,167.8,42723,2145.2959893048123,37345,1870.4214285714284,10495,530.2825821237585,0,0.0,0.00022617043722799747,0.0009997263072834782,0.0010995745442714698,0.00032638092973912784,-0.0021995113440660802,-0.109975567203304,0.0004086464865094957,4.0844226537732224e-07,2.245309243342707e-07,-2.17911230718924e-05,0.00042980463639167665,0.021490231819583833,-0.0008954107395185265,0.0017224040022825503,-0.0008825386391085273,0.0016832082224173639
BTCUSDT,5,1,discovery,0.02,0.025,2,4553,4546,0.9984625521634087,7,90563,51057,11,1.7737626574220968,36712.628914673674,86,4553,4553.0,4553,4553.0,0.7606904127610064,0.42126070722600484,0.020871946475142192,-0.019972066016863476,0.4364155501866901,0,0.0,16.583333333333332,61.611666666666665,116.13333333333334,1987,1987.0,1851,1851.0,715,715.0,0,0.0,0.0006367094768777905,0.0019992741448088412,0.0010992505894326379,0.00030427317116970626,-0.002766088428533394,-0.13830442142666974,4546,4546.0,4546,4546.0,0.7606407894976139,0.4214694236691597,0.02087139836514471,-0.01998994930870291,0.4368675758908931,0,0.0,16.583333333333332,61.6333333333333,116.13333333333334,1986,1986.0,1849,1849.0,711,711.0,0,0.0,0.0006348169237374921,0.001999270363483886,0.0010992495506081397,0.0003044376639066624,-0.002768140654261195,-0.13840703271305974,90563,4545.999999999999,90563,4545.999999999999,0.7353856019633207,0.42200450172344633,0.021057108419549542,-0.020906254769324478,0.4719084886284234,0,0.0,16.733333333333334,66.65833333103457,167.8,42723,2145.2959893048123,37345,1870.4214285714284,10495,530.2825821237585,0,0.0,0.00022617043722799747,0.001998453886987361,0.0010990252441026326,0.0003262179023016958,-0.0031975265961636935,-0.15987632980818461,0.0004086464865094957,8.164764965249302e-07,2.243065055071356e-07,-2.178023839503332e-05,0.00042938594190249714,0.02146929709512485,-0.0008945091668958703,0.0017206869273819075,-0.0008816523088860435,0.0016815382156902794
BTCUSDT,5,1,discovery,0.03,0.03,1,4553,4546,0.9984625521634087,7,90563,51057,11,1.7737626574220968,36712.628914673674,86,4553,4553.0,4553,4553.0,0.7608174513992484,0.40786294750713814,0.026119460879705552,-0.023646984066101533,0.2978256094882495,0,0.0,23.666666666666668,100.66416666666667,196.4,1356,1356.0,1761,1761.0,1436,1436.0,0,0.0,-0.0007468779939932345,0.0009987537451333294,0.0010990399025434805,0.000504423501882893,-0.003349095143552937,-0.11163650478509791,4546,4546.0,4546,4546.0,0.7606482991982513,0.4080510338759349,0.02611808332409163,-0.023669420256269676,0.2980642322921249,0,0.0,23.675,100.69333333333329,196.4,1355,1355.0,1759,1759.0,1432,1432.0,0,0.0,-0.0007509010161823887,0.000998749724121646,0.0010990376920928327,0.0005048895138045677,-0.0033535779462014344,-0.11178593154004786,90563,4545.999999999999,90563,4545.999999999999,0.7440079953734565,0.41430293422985265,0.02644895554835409,-0.025146403783965477,0.33879703343161854,0,0.0,25.666666666666668,106.23333333333333,211.91666666666666,30682,1540.1713139801377,36151,1810.8142857142855,23730,1195.0144003055766,0,0.0,-0.0011525536363540428,0.0009983482722274225,0.0010988170039502806,0.0005205761074101283,-0.003770295019941874,-0.12567650066472913,0.00040165262017165373,4.014518942238336e-07,2.2068814255256973e-07,-1.568659360556057e-05,0.00041671707374043784,0.013890569124681269,-0.0012620245678458604,0.0020924408135567893,-0.0012450686036734192,0.0020351273251242668
BTCUSDT,5,1,discovery,0.03,0.03,2,4553,4546,0.9984625521634087,7,90563,51057,11,1.7737626574220968,36712.628914673674,86,4553,4553.0,4553,4553.0,0.7019990060986209,0.4025916977816824,0.025430138716112213,-0.024412136680226064,0.2978256094882495,0,0.0,23.666666666666668,100.66416666666667,196.4,1356,1356.0,1761,1761.0,1436,1436.0,0,0.0,-0.0007468779939932345,0.001996509734277632,0.0010984911367494512,0.0005041715420917428,-0.00434605040711206,-0.14486834690373532,4546,4546.0,4546,4546.0,0.7018685811375008,0.402771667399912,0.02542911267314519,-0.024433963155322008,0.2980642322921249,0,0.0,23.675,100.69333333333329,196.4,1355,1355.0,1759,1759.0,1432,1432.0,0,0.0,-0.0007509010161823887,0.0019965016962712598,0.0010984889285081507,0.0005046373212402298,-0.004350528962202028,-0.14501763207340096,90563,4545.999999999999,90563,4545.999999999999,0.6884785394500487,0.4094974311433445,0.025726552412514245,-0.025913171766454093,0.33879703343161854,0,0.0,25.666666666666668,106.23333333333333,211.91666666666666,30682,1540.1713139801377,36151,1810.8142857142855,23730,1195.0144003055766,0,0.0,-0.0011525536363540428,0.001995699193533653,0.001098268460943562,0.000520316079384449,-0.004766837370215706,-0.15889457900719023,0.00040165262017165373,8.02502737607009e-07,2.2046756458873228e-07,-1.5678758144219135e-05,0.00041630840801367677,0.013876946933789224,-0.0012607610821710445,0.0020903431221877254,-0.0012438183055625016,0.00203310837802185
BTCUSDT,5,1,validation,0.02,0.025,1,1368,1367,0.9992690058479532,1,27265,15879,11,1.7170476730272688,11589.746108199017,26,1368,1368.0,1368,1368.0,0.9710526104790932,0.40058479532163743,0.02121230178613815,-0.014598617952036338,0.23464912280701755,0,0.0,23.56666666666667,118.925,176.45,321,321.0,511,511.0,536,536.0,0,0.0,0.002094019917786993,0.0010015932233060265,0.0011006008346819646,0.0002451338582391261,-0.0002533079984401245,-0.01266539992200623,1367,1367.0,1367,1367.0,0.9709227495250756,0.4001463057790783,0.021248239178484358,-0.014598617952036338,0.23482077542062912,0,0.0,23.6,118.92916666666666,176.45,321,321.0,511,511.0,535,535.0,0,0.0,0.002092805910185457,0.0010015920099051257,0.0011006001676451542,0.0002452442301032493,-0.0002546304974680723,-0.012731524873403609,27265,1367.0000000000002,27265,1367.0000000000002,0.8438941648324123,0.39700073152889526,0.021790238093963122,-0.016999984032103743,0.3447035873603281,0,0.0,27.45,122.26666666666667,204.05,9406,471.20980392156855,10424,521.6999999999999,7435,374.0901960784314,0,0.0,0.0007596669401454892,0.0010002595371714543,0.0010998676740716358,0.0002597772007892544,-0.0016002374718868575,-0.08001187359434286,0.0013331389700399693,1.3324727336709653e-06,7.3249357351848e-07,-1.4532970686005129e-05,0.0013456069744187849,0.06728034872093927,-0.0011426445596078836,0.0037994526176570458,-0.0011168548558272845,0.003461371416009879
BTCUSDT,5,1,validation,0.02,0.025,2,1368,1367,0.9992690058479532,1,27265,15879,11,1.7170476730272688,11589.746108199017,26,1368,1368.0,1368,1368.0,0.8659073181551651,0.39035087719298245,0.020732000669139158,-0.01533010080095938,0.23464912280701755,0,0.0,23.56666666666667,118.925,176.45,321,321.0,511,511.0,536,536.0,0,0.0,0.002094019917786993,0.0020021858539814837,0.0011000505087350929,0.00024501141375449123,-0.0012532278586840746,-0.06266139293420374,1367,1367.0,1367,1367.0,0.8658640734427054,0.3899049012435991,0.02076986015107351,-0.01533010080095938,0.23482077542062912,0,0.0,23.6,118.92916666666666,176.45,321,321.0,511,511.0,535,535.0,0,0.0,0.002092805910185457,0.0020021834283918695,0.0011000498423649864,0.0002451217304878132,-0.0012545490910592125,-0.06272745455296061,27265,1367.0000000000002,27265,1367.0000000000002,0.7604064063351391,0.3914776883686904,0.021068784584848864,-0.01782478189456105,0.3447035873603281,0,0.0,27.45,122.26666666666667,204.05,9406,471.20980392156855,10424,521.6999999999999,7435,374.0901960784314,0,0.0,0.0007596669401454892,0.0019995198140661165,0.0010993180809193437,0.00025964744194770137,-0.002598818396787673,-0.12994091983938366,0.0013331389700399693,2.6636143257530593e-06,7.317614456428283e-07,-1.4525711459888242e-05,0.0013442693057284616,0.06721346528642308,-0.001141497016019907,0.003795648719892643,-0.0011157213321126883,0.003457914457068365
BTCUSDT,5,1,validation,0.03,0.03,1,1368,1367,0.9992690058479532,1,27265,15879,11,1.7170476730272688,11589.746108199017,26,1368,1368.0,1368,1368.0,1.0373059768065649,0.4071637426900585,0.02476937791874856,-0.016399951366508455,0.12646198830409358,0,0.0,28.791666666666664,151.84166666666667,225.1,173,173.0,495,495.0,700,700.0,0,0.0,0.0027753215690314594,0.0010022741844766807,0.001100975176061505,0.0003093653791770528,0.00036270682931622097,0.01209022764387401,1367,1367.0,1367,1367.0,1.0371890966538835,0.4067300658376006,0.024811131209658603,-0.016399951366508455,0.12655449890270665,0,0.0,28.833333333333332,151.84583333333333,225.1,173,173.0,495,495.0,699,699.0,0,0.0,0.0027746059532742866,0.0010022734692185524,0.0011009747828662306,0.00030952273825473703,0.00036183496293476676,0.01206116543115887,27265,1367.0000000000002,27265,1367.0000000000002,0.9144834037655802,0.41060716898317473,0.026074421521772924,-0.019863717607971093,0.1825408436966593,0,0.0,38.666666666666664,153.41666666666666,242.71666666666667,4976,249.5333333333333,10571,529.05,11718,588.4166666666665,0,0.0,0.0014471101799210296,0.0010009466368613798,0.0011002453899486826,0.00034710650466266503,-0.001001188351551697,-0.03337294505172325,0.0013274957733532566,1.3268323571726055e-06,7.293929175478362e-07,-3.7583766407927996e-05,0.0013630233144864647,0.04543411048288215,-0.0014913811002724038,0.004373559762122686,-0.0011958827406126657,0.004095027140712226
BTCUSDT,5,1,validation,0.03,0.03,2,1368,1367,0.9992690058479532,1,27265,15879,11,1.7170476730272688,11589.746108199017,26,1368,1368.0,1368,1368.0,0.9381336134268059,0.3969298245614035,0.024368127811725433,-0.01709634793941826,0.12646198830409358,0,0.0,28.791666666666664,151.84166666666667,225.1,173,173.0,495,495.0,700,700.0,0,0.0,0.0027753215690314594,0.0020035470960419123,0.0011004244759601441,0.00030921085101562573,-0.0006378608539862232,-0.02126202846620745,1367,1367.0,1367,1367.0,0.9380944133625876,0.39648866130212146,0.024412067352340926,-0.01709634793941826,0.12655449890270665,0,0.0,28.833333333333332,151.84583333333333,225.1,173,173.0,495,495.0,699,699.0,0,0.0,0.0027746059532742866,0.0020035456662402,0.0011004240831578686,0.00030936813149237203,-0.0006387319276161537,-0.02129106425387179,27265,1367.0000000000002,27265,1367.0000000000002,0.8372099788672218,0.40508412582296993,0.02539690392112595,-0.020655515927641192,0.1825408436966593,0,0.0,38.666666666666664,153.41666666666666,242.71666666666667,4976,249.5333333333333,10571,529.05,11718,588.4166666666665,0,0.0,0.0014471101799210296,0.0020008933270326996,0.0010996954192690886,0.0003469331247902061,-0.0020004116911709648,-0.0666803897056988,0.0013274957733532566,2.652339207500113e-06,7.286638887801742e-07,-3.756499329783413e-05,0.0013616797635548105,0.04538932545182701,-0.0014898690210035433,0.004369201733093563,-0.0011946720008168298,0.004090950539419171
BTCUSDT,5,-1,discovery,0.02,0.025,1,4267,4259,0.9981251464729318,8,84863,47209,13,1.7976021521320087,33034.96124450836,79,4267,4267.0,4260,4260.0,0.8098843636883702,0.3927230046948357,0.021587987767045055,-0.017310196668848237,0.4098591549295775,1,1.0,14.3,97.83583333333333,154.41666666666666,1746,1746.0,1560,1560.0,954,954.0,7,7.0,-3.2601553237972634e-05,0.0010005328679871192,0.0011005682239316737,-0.00013846961640712983,-0.0019952330287496363,-0.0997616514374818,4259,4259.0,4252,4252.0,0.8109848269558421,0.3932267168391345,0.021587049454773057,-0.017322538998909755,0.4099247412982126,1,1.0,14.3,97.80333333333331,154.41666666666666,1743,1743.0,1559,1559.0,950,950.0,7,7.0,-2.0893510980170236e-05,0.0010005211540879116,0.0011005617780657875,-0.00013853089661515486,-0.0019834455465187147,-0.09917227732593573,84863,4258.999999999999,84735,4252.599999999999,0.7351998197991209,0.37687706395977244,0.022257613516014366,-0.018379902608013608,0.4584112706933108,0,0.0,14.416666666666666,96.75,159.75,38832,1949.4397697503732,30811,1541.6740688619948,15092,761.4861613876321,128,6.400000000000001,-0.0010758500076260163,0.0010015766383266803,0.0011011425846552745,-0.00015015770002582197,-0.0030284115305821493,-0.15142057652910748,0.0010549564966458459,-1.055484238768389e-06,-5.808065894865259e-07,1.1626803410667042e-05,0.001044965984063434,0.05224829920317168,-0.00036457197193476553,0.0024144677321740787,-0.00048259712507133206,0.0026447163836796368
BTCUSDT,5,-1,discovery,0.02,0.025,2,4267,4259,0.9981251464729318,8,84863,47209,13,1.7976021521320087,33034.96124450836,79,4267,4267.0,4260,4260.0,0.7303933794299593,0.3816901408450704,0.021217077029421147,-0.01800939565227068,0.4098591549295775,1,1.0,14.3,97.83583333333333,154.41666666666666,1746,1746.0,1560,1560.0,954,954.0,7,7.0,-3.2601553237972634e-05,0.002002067270376749,0.0011011190678529882,-0.00013853892051944575,-0.0029972489709482633,-0.14986244854741318,4259,4259.0,4252,4252.0,0.7314123030118931,0.382173095014111,0.02121648300446034,-0.018020681631593736,0.4099247412982126,1,1.0,14.3,97.80333333333331,154.41666666666666,1743,1743.0,1559,1559.0,950,950.0,7,7.0,-2.0893510980170236e-05,0.0020020438308527093,0.0011011126155380082,-0.00013860023139824554,-0.002985449725972641,-0.14927248629863207,84863,4258.999999999999,84735,4252.599999999999,0.6660529608871764,0.3732439924270631,0.02149123923663944,-0.0192889028647957,0.4584112706933108,0,0.0,14.416666666666666,96.75,159.75,38832,1949.4397697503732,30811,1541.6740688619948,15092,761.4861613876321,128,6.400000000000001,-0.0010758500076260163,0.002004155855871018,0.0011016940032249237,-0.00015023285402983888,-0.004031467012692118,-0.20157335063460588,0.0010549564966458459,-2.1120250183075714e-06,-5.813876869152799e-07,1.1632622631593302e-05,0.0010460172867194754,0.052300864335973765,-0.00036493538432225153,0.0024168864415107546,-0.00048307970715472353,0.0026473723066094443
BTCUSDT,5,-1,discovery,0.03,0.03,1,4267,4259,0.9981251464729318,8,84863,47209,13,1.7976021521320087,33034.96124450836,79,4267,4267.0,4234,4234.0,0.9027985349522349,0.4121398205007086,0.02604095011848683,-0.0205058731496281,0.2588568729333963,0,0.0,20.983333333333334,121.51249999999997,231.6,1096,1096.0,1632,1632.0,1506,1506.0,33,33.0,0.0007720589295929695,0.0009997278049727822,0.001100125217881459,-0.00016279688794247014,-0.0011649972053188018,-0.0388332401772934,4259,4259.0,4226,4226.0,0.9048985520412732,0.4129200189304307,0.02604095011848683,-0.020524119927031955,0.2588736393752958,0,0.0,21.0,121.54583333333332,231.6,1094,1094.0,1632,1632.0,1500,1500.0,33,33.0,0.000797601411452919,0.0009997022497132922,0.0011001111554610433,-0.00016289347328838277,-0.0011393185204330337,-0.037977284014434454,84863,4258.999999999999,84486,4240.15,0.7726916814803305,0.39363481005032397,0.02690263420394321,-0.022819200675683233,0.32286086175539463,9,0.45,21.883333333333333,120.33333333333333,255.95,27290,1368.9784829721364,32019,1601.9373065015484,25177,1269.234210526316,377,18.849999999999998,-0.0012263388396938904,0.0010017272024408007,0.0011012254363231744,-0.00019592884562225277,-0.0031333626328356127,-0.10444542109452043,0.002023940251146809,-2.024952727508017e-06,-1.1142808621308949e-06,3.3035372333869944e-05,0.001994044112402578,0.06646813708008595,0.00035963939387876264,0.003549643069985445,0.0002468606426792127,0.003753736587557637
BTCUSDT,5,-1,discovery,0.03,0.03,2,4267,4259,0.9981251464729318,8,84863,47209,13,1.7976021521320087,33034.96124450836,79,4267,4267.0,4234,4234.0,0.8279329321394074,0.40103920642418517,0.02594816826820574,-0.021041250694945324,0.2588568729333963,0,0.0,20.983333333333334,121.51249999999997,231.6,1096,1096.0,1632,1632.0,1506,1506.0,33,33.0,0.0007720589295929695,0.0020004563384791924,0.0011006756185748872,-0.00016287836786636528,-0.002166194659594745,-0.07220648865315817,4259,4259.0,4226,4226.0,0.8298919262185037,0.40179839091339326,0.02594816826820574,-0.021057567282273083,0.2588736393752958,0,0.0,21.0,121.54583333333332,231.6,1094,1094.0,1632,1632.0,1500,1500.0,33,33.0,0.000797601411452919,0.0020004052023793726,0.0011006615420850094,-0.00016297500155329188,-0.0021404903314581705,-0.07134967771527236,84863,4258.999999999999,84486,4240.15,0.7128326083396982,0.3898495666037479,0.026217030245943445,-0.02367853357640036,0.32286086175539463,9,0.45,21.883333333333333,120.33333333333333,255.95,27290,1368.9784829721364,32019,1601.9373065015484,25177,1269.234210526316,377,18.849999999999998,-0.0012263388396938904,0.0020044571348140972,0.0011017769377859798,-0.00019602690810754917,-0.004136546004186419,-0.13788486680621398,0.002023940251146809,-4.05193243472456e-06,-1.1153957009698364e-06,3.305190655425727e-05,0.001996055672728247,0.06653518909094157,0.00036001402912313573,0.0035532113538176567,0.0002471128370623015,0.0037575176039497636
BTCUSDT,5,-1,validation,0.02,0.025,1,1448,1441,0.9951657458563536,7,28673,16022,10,1.7896017975283984,11482.491018212713,32,1448,1448.0,1448,1448.0,0.5118819336962188,0.2962707182320442,0.02136374064939367,-0.01757076229248302,0.47306629834254144,0,0.0,12.608333333333336,58.74166666666666,81.06666666666666,685,685.0,393,393.0,370,370.0,0,0.0,-0.004044856183754875,0.0010045471297485207,0.0011027771718224268,-0.00011657134344024916,-0.0060356091418855735,-0.30178045709427864,1441,1441.0,1441,1441.0,0.5148723196923651,0.29770992366412213,0.02136374064939367,-0.017589542052242894,0.47467036780013877,0,0.0,12.633333333333333,58.770833333333336,81.06666666666666,684,684.0,393,393.0,364,364.0,0,0.0,-0.004001836060381308,0.0010045040881043246,0.0011027534870816673,-0.00011633040289559843,-0.005992763232671703,-0.29963816163358514,28673,1441.0000000000002,28673,1441.0000000000002,0.6113405354717453,0.33769645262685216,0.022162176970585597,-0.01848411419205713,0.4885033541522091,0,0.0,13.233333333333333,57.416666666666664,104.91666666666667,14049,703.9333333333334,9249,465.45,5375,271.6166666666666,0,0.0,-0.00277478928266408,0.0010032764274963044,0.0011020779361405881,-0.00012213779230646832,-0.0047580058539945045,-0.23790029269972524,-0.0012270467777172282,1.2276606080201966e-06,6.755509410788999e-07,5.8073894108699045e-06,-0.0012347573786771972,-0.06173786893385988,-0.0035017865774860666,0.0010438893063054514,-0.0037403773401704925,0.0008943121558616081
BTCUSDT,5,-1,validation,0.02,0.025,2,1448,1441,0.9951657458563536,7,28673,16022,10,1.7896017975283984,11482.491018212713,32,1448,1448.0,1448,1448.0,0.4619548124078367,0.28591160220994477,0.02114578455888707,-0.01832753720407276,0.47306629834254144,0,0.0,12.608333333333336,58.74166666666666,81.06666666666666,685,685.0,393,393.0,370,370.0,0,0.0,-0.004044856183754875,0.0020100998121795827,0.0011033302257977638,-0.00011662968745598501,-0.007041656534276235,-0.35208282671381175,1441,1441.0,1441,1441.0,0.46467889861552275,0.2873004857737682,0.02114578455888707,-0.018344283322905906,0.47467036780013877,0,0.0,12.633333333333333,58.770833333333336,81.06666666666666,684,684.0,393,393.0,364,364.0,0,0.0,-0.004001836060381308,0.002010013685806462,0.0011033065173604033,-0.00011638862632047112,-0.006998767637227702,-0.3499383818613852,28673,1441.0000000000002,28673,1441.0000000000002,0.553935937325109,0.3322243540025308,0.021540843911553732,-0.019346573684115322,0.4885033541522091,0,0.0,13.233333333333333,57.416666666666664,104.91666666666667,14049,703.9333333333334,9249,465.45,5375,271.6166666666666,0,0.0,-0.00277478928266408,0.0020075571357009224,0.0011026302905301007,-0.00012219892233264774,-0.005762777786562454,-0.28813888932812276,-0.0012270467777172282,2.4565501055397223e-06,6.762268303025321e-07,5.810296012176643e-06,-0.0012359898506652468,-0.06179949253326237,-0.0035052865946709256,0.00104493367136211,-0.003744112917233483,0.0008952121808778117
BTCUSDT,5,-1,validation,0.03,0.03,1,1448,1441,0.9951657458563536,7,28673,16022,10,1.7896017975283984,11482.491018212713,32,1448,1448.0,1448,1448.0,0.587783330754925,0.31215469613259667,0.025914377944003305,-0.02000795118900499,0.231353591160221,0,0.0,18.75,77.29166666666666,177.58333333333334,335,335.0,412,412.0,701,701.0,0,0.0,-0.0037256051633263285,0.0010042277190227254,0.0011026014080852918,-0.0001593537976446494,-0.005673080492789697,-0.18910268309298991,1441,1441.0,1441,1441.0,0.5911653313370475,0.3136710617626648,0.025914377944003305,-0.020034290853966973,0.23178348369188065,0,0.0,18.75,77.32083333333333,177.58333333333334,334,334.0,412,412.0,695,695.0,0,0.0,-0.0036740945769805217,0.0010041761826682018,0.0011025730489178068,-0.00015932068303992292,-0.005621523125526607,-0.1873841041842203,28673,1441.0000000000002,28673,1441.0000000000002,0.643400973699514,0.34379175681375945,0.02689855003572051,-0.021902865378607774,0.2634628730048577,0,0.0,20.05,71.82500000023389,191.83333333333334,7568,379.65000000000003,9360,471.23333333333323,11745,590.1166666666667,0,0.0,-0.0031875610139896287,0.0010036894057167368,0.0011023051877308385,-0.0001682145691194367,-0.005125341038317768,-0.17084470127725893,-0.00048653356299089304,4.867769514648491e-07,2.678611869682874e-07,8.89388607951382e-06,-0.0004961820872088398,-0.01653940290696132,-0.003501932621663425,0.0024351142089438244,-0.003602953075978139,0.002088130750834666
BTCUSDT,5,-1,validation,0.03,0.03,2,1448,1441,0.9951657458563536,7,28673,16022,10,1.7896017975283984,11482.491018212713,32,1448,1448.0,1448,1448.0,0.5384495103067081,0.30179558011049723,0.025817278525173137,-0.02072505802512908,0.231353591160221,0,0.0,18.75,77.29166666666666,177.58333333333334,335,335.0,412,412.0,701,701.0,0,0.0,-0.0037256051633263285,0.0020094606709975434,0.001103154286208878,-0.0001594335543001272,-0.006678786566232624,-0.22262621887442083,1441,1441.0,1441,1441.0,0.5415801405786596,0.30326162387231087,0.025817278525173137,-0.020748917964131072,0.23178348369188065,0,0.0,18.75,77.32083333333333,177.58333333333334,334,334.0,412,412.0,695,695.0,0,0.0,-0.0036740945769805217,0.002009357546700555,0.0011031258986680245,-0.00015940042312152447,-0.006627177599227578,-0.22090591997425257,28673,1441.0000000000002,28673,1441.0000000000002,0.592548474999112,0.3383196581894381,0.026352198336347013,-0.022739031691550764,0.2634628730048577,0,0.0,20.05,71.82500000023389,191.83333333333334,7568,379.65000000000003,9360,471.23333333333323,11745,590.1166666666667,0,0.0,-0.0031875610139896287,0.0020083835055334084,0.0011028577694857376,-0.00016829876059547245,-0.0061305035284133025,-0.2043501176137768,-0.00048653356299089304,9.740411671463451e-07,2.6812918228692866e-07,8.898337473948004e-06,-0.000496674070814274,-0.0165558023604758,-0.0035054319653488675,0.0024375623164012684,-0.0036065619055443763,0.0020902237387363178
BTCUSDT,15,1,discovery,0.02,0.025,1,2466,2445,0.9914841849148418,21,47571,21207,13,2.2431744235393976,14188.847928649708,86,2466,2466.0,2466,2466.0,0.8601756265451814,0.4326845093268451,0.021850435930553445,-0.01937401708207792,0.4407948094079481,0,0.0,17.066666666666666,63.87333333333331,150.96666666666667,1087,1087.0,1030,1030.0,349,349.0,0,0.0,0.0008809123602806265,0.001000380721999173,0.0010999342924010549,0.0003174322039203358,-0.001536834858039938,-0.07684174290199688,2445,2445.0,2445,2445.0,0.8667279922991604,0.43476482617586915,0.021885965189395642,-0.019422632936273578,0.4404907975460123,0,0.0,17.233333333333334,64.04583333333332,150.96666666666667,1077,1077.0,1028,1028.0,340,340.0,0,0.0,0.0009565379340619797,0.0010004563097790644,0.0010999758448933556,0.00031921323198772704,-0.0014631074525981677,-0.07315537262990839,47571,2445.0,47571,2445.0,0.841551336540253,0.4363896822841912,0.021910426894773134,-0.020158850502989527,0.46725025596096276,0,0.0,16.816666666666666,67.18333333333334,167.8,22194,1142.426875824554,20447,1032.1802877291266,4930,270.3928364463194,0,0.0,0.0006276442289892233,0.0010001275804386617,0.001099795134156703,0.0003279734198482322,-0.0018002519054543752,-0.09001259527271877,0.00032889370507275736,3.287293404023513e-07,1.807107366527984e-07,-8.760187860505175e-06,0.0003371444528562076,0.01685722264281038,-0.0009290858390489735,0.0015777785519895478,-0.0009685951020870077,0.0015422177205521885
BTCUSDT,15,1,discovery,0.02,0.025,2,2466,2445,0.9914841849148418,21,47571,21207,13,2.2431744235393976,14188.847928649708,86,2466,2466.0,2466,2466.0,0.7804737242246172,0.42903487429034876,0.0210108761748923,-0.02022874266705244,0.4407948094079481,0,0.0,17.066666666666666,63.87333333333331,150.96666666666667,1087,1087.0,1030,1030.0,349,349.0,0,0.0,0.0008809123602806265,0.0019997620626577956,0.0010993846326636926,0.00031727364637592004,-0.0025355079814167814,-0.12677539907083904,2445,2445.0,2445,2445.0,0.7865758271669143,0.4310838445807771,0.02104736531203035,-0.02027545571384359,0.4404907975460123,0,0.0,17.233333333333334,64.04583333333332,150.96666666666667,1077,1077.0,1028,1028.0,340,340.0,0,0.0,0.0009565379340619797,0.0019999131627053105,0.001099426143624246,0.000319053784818902,-0.002461855157086479,-0.12309275785432394,47571,2445.0,47571,2445.0,0.7651483558147615,0.43178365493276505,0.021117236084304464,-0.020972195706645005,0.46725025596096276,0,0.0,16.816666666666666,67.18333333333334,167.8,22194,1142.426875824554,20447,1032.1802877291266,4930,270.3928364463194,0,0.0,0.0006276442289892233,0.001999256032425446,0.0010992456135081102,0.00032780959696119514,-0.002798667013905529,-0.13993335069527643,0.00032889370507275736,6.57130279864981e-07,1.805301161360941e-07,-8.755812142293136e-06,0.00033681185681904953,0.016840592840952476,-0.0009281665428839646,0.0015762062442654509,-0.0009676180650166899,0.0015406813031276444
BTCUSDT,15,1,discovery,0.03,0.03,1,2466,2445,0.9914841849148418,21,47571,21207,13,2.2431744235393976,14188.847928649708,86,2466,2466.0,2466,2466.0,0.7849230980487366,0.4164639091646391,0.02639961510251092,-0.024003807507348606,0.30170316301703165,0,0.0,24.558333333333334,104.5,191.5,744,744.0,987,987.0,735,735.0,0,0.0,-0.0003846467084913051,0.0009991157953936991,0.0010992389306228633,0.0005295996574612838,-0.0030126010919691508,-0.10042003639897171,2445,2445.0,2445,2445.0,0.7906498911207057,0.41840490797546015,0.026447948063344377,-0.024064885809544544,0.301840490797546,0,0.0,24.616666666666667,104.52916666666665,191.5,738,738.0,985,985.0,722,722.0,0,0.0,-0.0002998570405968794,0.0009992005426879462,0.0010992855183291931,0.0005317250997647292,-0.0029300682013787484,-0.09766894004595829,47571,2445.0,47571,2445.0,0.7818897249257185,0.42581501012074235,0.02655281998889319,-0.025184554713401575,0.33040649628509805,0,0.0,26.0,105.75,211.25,15749,807.8438834170647,19912,1005.6252142894944,11910,631.5309022934409,0,0.0,-0.0005239169796032175,0.0009989765947229251,0.0010991624085341205,0.0005319479980630256,-0.003154003980923288,-0.10513346603077627,0.00022405993900633748,2.2394796502129382e-07,1.2310979507270266e-07,-2.228982982965193e-07,0.00022393577954454003,0.007464525984817993,-0.0014428296959751116,0.0018325940270711059,-0.0014204299595877417,0.0018243327774774508
BTCUSDT,15,1,discovery,0.03,0.03,2,2466,2445,0.9914841849148418,21,47571,21207,13,2.2431744235393976,14188.847928649708,86,2466,2466.0,2466,2466.0,0.7249551513700522,0.41281427412814276,0.025602774553140282,-0.02482876442686515,0.30170316301703165,0,0.0,24.558333333333334,104.5,191.5,744,744.0,987,987.0,735,735.0,0,0.0,-0.0003846467084913051,0.001997233473109801,0.0010986899659001194,0.0005293351221678467,-0.004009905269669072,-0.13366350898896906,2445,2445.0,2445,2445.0,0.7303704462442331,0.4147239263803681,0.02565239555215719,-0.024887602269225373,0.301840490797546,0,0.0,24.616666666666667,104.52916666666665,191.5,738,738.0,985,985.0,722,722.0,0,0.0,-0.0002998570405968794,0.0019974028830356642,0.0010987365070420022,0.0005314595028117998,-0.003927455933486345,-0.1309151977828782,47571,2445.0,47571,2445.0,0.7236819312868986,0.42120898276931623,0.025811374380943067,-0.025956088294625337,0.33040649628509805,0,0.0,26.0,105.75,211.25,15749,807.8438834170647,19912,1005.6252142894944,11910,631.5309022934409,0,0.0,-0.0005239169796032175,0.0019969552108298583,0.0010986135202952618,0.0005316822897722851,-0.004151168000500622,-0.1383722666833541,0.00022405993900633748,4.4767220580574056e-07,1.2298674674030107e-07,-2.227869604851772e-07,0.00022371206701427652,0.00745706890047589,-0.001441392534695647,0.0018307679225916277,-0.0014190164121545502,0.0018225092278788657
BTCUSDT,15,1,validation,0.02,0.025,1,692,687,0.9927745664739884,5,13266,6563,9,2.0213317080603384,4272.401396321125,27,692,692.0,692,692.0,0.967893719536784,0.4046242774566474,0.021019443538396448,-0.014758912499454614,0.23410404624277456,0,0.0,24.05,118.75,176.28333333333333,162,162.0,259,259.0,271,271.0,0,0.0,0.0020693489021489926,0.0010015685646197325,0.001100587279185641,0.00024931409739606717,-0.00028212103905244946,-0.01410605195262244,687,687.0,687,687.0,0.9530656156771721,0.4002911208151383,0.021073743111067304,-0.014758912499454614,0.23580786026200873,0,0.0,24.0,118.78749999999998,176.28333333333333,162,162.0,255,255.0,270,270.0,0,0.0,0.001931979333234194,0.0010014312637012764,0.001100511801438243,0.0002454548914306154,-0.0004154186233359419,-0.02077093116679708,13266,687.0,13266,687.0,0.8822535954298143,0.4045070628489585,0.02179221844156986,-0.01677866877172975,0.3330827991707167,0,0.0,27.35,120.82500000008832,202.53333333333333,4451,228.82788303028238,5229,266.94635217723453,3586,191.22576479248306,0,0.0,0.0011751447666779938,0.0010006748073628892,0.0011000959584776234,0.0002508464744369585,-0.0011764724735994795,-0.05882362367997393,0.0007568345665562009,7.564563383871723e-07,4.158429606198023e-07,-5.391583006343137e-06,0.000761053850263537,0.03805269251317687,-0.0010588772726427551,0.002525773520041016,-0.0011216437711307032,0.0022057355238384486
BTCUSDT,15,1,validation,0.02,0.025,2,692,687,0.9927745664739884,5,13266,6563,9,2.0213317080603384,4272.401396321125,27,692,692.0,692,692.0,0.8633291541698859,0.3901734104046243,0.02075561888730817,-0.01538192161037927,0.23410404624277456,0,0.0,24.05,118.75,176.28333333333333,162,162.0,259,259.0,271,271.0,0,0.0,0.0020693489021489926,0.002002136561242946,0.0011000369667874983,0.00024918956487988536,-0.0012820141907613374,-0.0641007095380669,687,687.0,687,687.0,0.8502232730979331,0.38573508005822416,0.0208262059829565,-0.01538192161037927,0.23580786026200873,0,0.0,24.0,118.78749999999998,176.28333333333333,162,162.0,255,255.0,270,270.0,0,0.0,0.001931979333234194,0.00200186209656979,0.0010999615644801655,0.00024533228658974094,-0.0014151766144055021,-0.07075883072027513,13266,687.0,13266,687.0,0.7943708925447671,0.3994852287878231,0.02103737755814444,-0.017617541783566473,0.3330827991707167,0,0.0,27.35,120.82500000008832,202.53333333333333,4451,228.82788303028238,5229,266.94635217723453,3586,191.22576479248306,0,0.0,0.0011751447666779938,0.002000349939593656,0.0010995461371548965,0.00025072117649767935,-0.0021754724865682387,-0.10877362432841196,0.0007568345665562009,1.5121569761339376e-06,4.154273252690463e-07,-5.388889907938368e-06,0.0007602958721627364,0.03801479360813682,-0.0010578092310399713,0.002523250379301086,-0.0011205095581368874,0.0022035271017494403
BTCUSDT,15,1,validation,0.03,0.03,1,692,687,0.9927745664739884,5,13266,6563,9,2.0213317080603384,4272.401396321125,27,692,692.0,692,692.0,1.0734608602291165,0.4161849710982659,0.0248026932122514,-0.016471143466472018,0.12283236994219653,0,0.0,29.55,151.73666666666665,225.1,85,85.0,257,257.0,350,350.0,0,0.0,0.0031159301721053858,0.0010026146228605624,0.0011011623235520848,0.0003057461669157041,0.0007064070587770355,0.023546901959234492,687,687.0,687,687.0,1.0653768770702854,0.413391557496361,0.024942582338809288,-0.01649876519457828,0.12372634643377002,0,0.0,29.25,151.63666666666666,225.1,85,85.0,255,255.0,347,347.0,0,0.0,0.003036218456642116,0.001002534950981038,0.0011011185259281137,0.00029982697273617774,0.0006327380069967862,0.02109126689989285,13266,687.0,13266,687.0,0.9721551047302873,0.42109361013162705,0.025931756979203448,-0.01940290199278889,0.1649052270616617,0,0.0,38.36666666666667,152.11049783550826,242.38333333333333,2214,113.28989099136157,5328,270.5367647058823,5724,303.17334430275605,0,0.0,0.0021250714836652746,0.0010016242593538745,0.0011006178959733714,0.0003355961105245086,-0.00031276678218648,-0.010425559406216006,0.0009111469729768413,9.106916271635757e-07,5.006299547423043e-07,-3.576913778833085e-05,0.000945504789183266,0.031516826306108865,-0.0018439997884356473,0.003535887858183905,-0.0013135031226697087,0.0030924636390405377
BTCUSDT,15,1,validation,0.03,0.03,2,692,687,0.9927745664739884,5,13266,6563,9,2.0213317080603384,4272.401396321125,27,692,692.0,692,692.0,0.9711185283816114,0.40173410404624277,0.024649208339090258,-0.017044143816442862,0.12283236994219653,0,0.0,29.55,151.73666666666665,225.1,85,85.0,257,257.0,350,350.0,0,0.0,0.0031159301721053858,0.0020042276327113897,0.0011006114363966667,0.00030559344655260934,-0.00029450234355528,-0.009816744785176006,687,687.0,687,687.0,0.96413003183315,0.3988355167394469,0.024806784868872462,-0.017070073084869655,0.12372634643377002,0,0.0,29.25,151.63666666666666,225.1,85,85.0,255,255.0,347,347.0,0,0.0,0.003036218456642116,0.00200406836854463,0.001100567682548454,0.0002996772090135323,-0.00036809480346450095,-0.012269826782149993,13266,687.0,13266,687.0,0.8887817698301301,0.4160717760704917,0.025211998356495683,-0.02021254136258117,0.1649052270616617,0,0.0,38.36666666666667,152.11049783550826,242.38333333333333,2214,113.28989099136157,5328,270.5367647058823,5724,303.17334430275605,0,0.0,0.0021250714836652746,0.0020022478950721496,0.0011000675529737262,0.00033542848009967126,-0.0013126724444802724,-0.043755748149342424,0.0009111469729768413,1.8204734724803904e-06,5.001295747274154e-07,-3.575127108613888e-05,0.0009445776410157719,0.031485921367192415,-0.0018421219902617723,0.003532360769962457,-0.0013121651285657823,0.0030893944894977393
BTCUSDT,15,-1,discovery,0.02,0.025,1,2293,2272,0.9908416921064108,21,44001,19794,11,2.2229463473779933,13379.67793308883,79,2293,2293.0,2289,2289.0,0.8193475718878129,0.3931847968545216,0.021882330841822957,-0.0173816737321122,0.41153342070773263,0,0.0,14.983333333333333,99.68999999999994,154.5,942,942.0,852,852.0,495,495.0,4,4.0,5.671986852981262e-05,0.001000443501882299,0.001100519047998344,-0.0001421416203408462,-0.0019021010610099844,-0.09510505305049922,2272,2272.0,2268,2268.0,0.8297343373185219,0.3959435626102293,0.021879983459284682,-0.01736176592356231,0.4087301587301587,0,0.0,14.991666666666665,100.35,154.5,927,927.0,850,850.0,491,491.0,4,4.0,0.000175554583923476,0.001000324607719824,0.001100453623513088,-0.00014270857908514728,-0.0017825150682242888,-0.08912575341121444,44001,2271.9999999999995,43969,2270.142857142857,0.7599637490962797,0.384933785145702,0.0222611166951867,-0.018364487962053973,0.4520467506552275,1,0.05,15.183333333333334,97.25,160.0,19825,1026.2107020946028,16499,840.2229777876064,7645,403.7091772606479,32,1.857142857142857,-0.000757521460765326,0.0010012581505359237,0.0011009673287862161,-0.00015027539650122322,-0.002709471543586243,-0.13547357717931213,0.0009330760446888019,-9.335428160995721e-07,-5.137052731276867e-07,7.566817416075876e-06,0.0009269564753619533,0.046347823768097665,-0.00039047648359977313,0.0022018776525355457,-0.0005116814575378432,0.002312893792772711
BTCUSDT,15,-1,discovery,0.02,0.025,2,2293,2272,0.9908416921064108,21,44001,19794,11,2.2229463473779933,13379.67793308883,79,2293,2293.0,2289,2289.0,0.7395262450068908,0.3853211009174312,0.021338328797641356,-0.01816964474376978,0.41153342070773263,0,0.0,14.983333333333333,99.68999999999994,154.5,942,942.0,852,852.0,495,495.0,4,4.0,5.671986852981262e-05,0.002001888448711549,0.0011010698427190999,-0.00014221276229296872,-0.0029040256606078676,-0.14520128303039334,2272,2272.0,2268,2268.0,0.7488476975353464,0.3880070546737213,0.021336913250255607,-0.018146835048381948,0.4087301587301587,0,0.0,14.991666666666665,100.35,154.5,927,927.0,850,850.0,491,491.0,4,4.0,0.000175554583923476,0.0020016505413734237,0.0011010043527765975,-0.00014278000480040512,-0.0027843203054261395,-0.13921601527130695,44001,2271.9999999999995,43969,2270.142857142857,0.688483387842452,0.37968054989654637,0.021584757451517105,-0.01922335359132403,0.4520467506552275,1,0.05,15.183333333333334,97.25,160.0,19825,1026.2107020946028,16499,840.2229777876064,7645,403.7091772606479,32,1.857142857142857,-0.000757521460765326,0.0020035185614829076,0.0011015185720122367,-0.00015035060941238497,-0.003712207984848085,-0.18561039924240424,0.0009330760446888019,-1.868020109483924e-06,-5.142192356390519e-07,7.5706046119798205e-06,0.0009278876794219452,0.04639438397109725,-0.0003908560341094893,0.002204082784788255,-0.0005121867124709532,0.0023152173816350114
BTCUSDT,15,-1,discovery,0.03,0.03,1,2293,2272,0.9908416921064108,21,44001,19794,11,2.2229463473779933,13379.67793308883,79,2293,2293.0,2279,2279.0,0.9046886033314372,0.41290039491004826,0.02645265692205447,-0.020794969238451796,0.26371215445370777,0,0.0,22.966666666666665,125.46249999999996,230.1,601,601.0,892,892.0,786,786.0,14,14.0,0.0007700571650234576,0.0009997298077387363,0.0011001263199534935,-0.00017154482712254427,-0.0011582541355462277,-0.03860847118487423,2272,2272.0,2260,2260.0,0.9147047724542378,0.4154867256637168,0.02650417236282527,-0.02078450426014462,0.26238938053097344,0,0.0,23.03333333333333,125.23333333333333,230.1,593,593.0,890,890.0,777,777.0,12,12.0,0.0008954956838844589,0.0009996043064692407,0.0011000572597424218,-0.0001718421306325945,-0.0010323237516946093,-0.03441079172315363,44001,2271.9999999999995,43851,2263.449206349206,0.8063174723901664,0.4028989510313474,0.02694326281686954,-0.022722834589392362,0.3141527823384528,2,0.1,22.48187643553929,120.5,251.85,13827,711.0688658563658,17163,874.7096059169587,12861,677.6707345758816,150,8.55079365079365,-0.0007198997937702134,0.001001220510048681,0.0011009466161671008,-0.00020243765652551904,-0.0026196292634604757,-0.08732097544868253,0.001615395477654672,-1.6162035794399765e-06,-8.893564246787835e-07,3.059552589292449e-05,0.001587305511765866,0.05291018372552887,-9.065040742936014e-05,0.0031479477617003897,-0.0002652842508969553,0.0033188365260060043
BTCUSDT,15,-1,discovery,0.03,0.03,2,2293,2272,0.9908416921064108,21,44001,19794,11,2.2229463473779933,13379.67793308883,79,2293,2293.0,2279,2279.0,0.8306775172757291,0.4050021939447126,0.026120526708354762,-0.021455397574576617,0.26371215445370777,0,0.0,22.966666666666665,125.46249999999996,230.1,601,601.0,892,892.0,786,786.0,14,14.0,0.0007700571650234576,0.002000460346015869,0.0011006767217495458,-0.00017163068539437736,-0.0021594492173475795,-0.07198164057825267,2272,2272.0,2260,2260.0,0.8399103180533215,0.4075221238938053,0.026118681364498502,-0.0214717300421061,0.26238938053097344,0,0.0,23.03333333333333,125.23333333333333,230.1,593,593.0,890,890.0,777,777.0,12,12.0,0.0008954956838844589,0.0020002092178499813,0.0011006075924436811,-0.0001719281377049832,-0.002033392988704221,-0.0677797662901407,44001,2271.9999999999995,43851,2263.449206349206,0.7437746324205626,0.3973871885218259,0.02634822284880511,-0.023525612456141824,0.3141527823384528,2,0.1,22.48187643553929,120.5,251.85,13827,711.0688658563658,17163,874.7096059169587,12861,677.6707345758816,150,8.55079365079365,-0.0007198997937702134,0.002003443242830267,0.0011014978386701306,-0.00020253897667393017,-0.0036223018985966807,-0.12074339661988934,0.001615395477654672,-3.234024980284658e-06,-8.902462264492202e-07,3.0610838968946974e-05,0.0015889089098924582,0.052963630329748615,-9.072970300894976e-05,0.0031511027819456357,-0.0002655344171295793,0.0033221796963470397
BTCUSDT,15,-1,validation,0.02,0.025,1,764,757,0.9908376963350786,7,14678,6262,10,2.343979559246247,4334.6551172401805,31,764,764.0,764,764.0,0.49394284611313827,0.2918848167539267,0.021672382658917813,-0.01808579310406353,0.5039267015706806,0,0.0,12.675,58.82999999999997,80.5,385,385.0,208,208.0,171,171.0,0,0.0,-0.004485353331152713,0.0010049878472546763,0.001103019687648124,-0.0001123756090401984,-0.006480985257015315,-0.32404926285076574,757,757.0,757,757.0,0.49037678368236415,0.2906208718626156,0.021655127980568473,-0.018091694644524484,0.5072655217965654,0,0.0,12.683333333333334,59.03999999999998,80.5,384,384.0,205,205.0,168,168.0,0,0.0,-0.004544439486052861,0.0010050469629674331,0.0011030522175469613,-0.00011210026711602632,-0.00654043839945123,-0.3270219199725615,14678,757.0000000000001,14678,757.0000000000001,0.5927708491648519,0.3332926773199398,0.02189244988400968,-0.01846282158635156,0.49656122081943416,0,0.0,12.583333333333334,57.5,106.0,7373,375.89684416031173,4611,238.16320836026716,2694,142.93994747942116,0,0.0,-0.0030198909311525317,0.0010035216517569221,0.0011022128769206004,-0.00011292034580818068,-0.005012705114021873,-0.25063525570109363,-0.0015245485549003302,1.525311210510859e-06,8.393406263609888e-07,8.20078692154355e-07,-0.0015277332854293562,-0.07638666427146781,-0.0036990546650995716,0.0007336374175883048,-0.003948428472564,0.0006128656135059368
BTCUSDT,15,-1,validation,0.02,0.025,2,764,757,0.9908376963350786,7,14678,6262,10,2.343979559246247,4334.6551172401805,31,764,764.0,764,764.0,0.44669839644550186,0.28403141361256545,0.021282446061177716,-0.018900772530880135,0.5039267015706806,0,0.0,12.675,58.82999999999997,80.5,385,385.0,208,208.0,171,171.0,0,0.0,-0.004485353331152713,0.002010981688350548,0.0011035729842607267,-0.00011243185308876708,-0.00748747615067522,-0.37437380753376104,757,757.0,757,757.0,0.44346772444824195,0.28269484808454426,0.02127293748529038,-0.01890511790255234,0.5072655217965654,0,0.0,12.683333333333334,59.03999999999998,80.5,384,384.0,205,205.0,168,168.0,0,0.0,-0.004544439486052861,0.002011099978950949,0.001103605546705752,-0.00011215637335582415,-0.007546988638353739,-0.3773494319176869,14678,757.0000000000001,14678,757.0000000000001,0.5368098264957394,0.3261907083949855,0.021380705653286182,-0.019281293608683327,0.49656122081943416,0,0.0,12.583333333333334,57.5,106.0,7373,375.89684416031173,4611,238.16320836026716,2694,142.93994747942116,0,0.0,-0.0030198909311525317,0.0020080478296918927,0.0011027653663184644,-0.00011297686249777433,-0.006017727264665114,-0.3008863632332557,-0.0015245485549003302,3.052149259056294e-06,8.401803872876634e-07,8.204891419502298e-07,-0.0015292613736886246,-0.0764630686844312,-0.0037027660029076525,0.0007343708162430778,-0.003952385505832736,0.0006134789416590646
BTCUSDT,15,-1,validation,0.03,0.03,1,764,757,0.9908376963350786,7,14678,6262,10,2.343979559246247,4334.6551172401805,31,764,764.0,764,764.0,0.5904516111612889,0.31675392670157065,0.02634021682015665,-0.020681398196129786,0.24738219895287958,0,0.0,19.1,76.53999999999999,177.5,189,189.0,225,225.0,350,350.0,0,0.0,-0.003838589243841614,0.001004340759623546,0.001102663611501906,-0.00015847661509554826,-0.005787116999871518,-0.19290389999571728,757,757.0,757,757.0,0.5862847211847958,0.3157199471598415,0.02632006706069633,-0.020713169363129568,0.24966974900924702,0,0.0,19.133333333333333,76.64499999999998,177.5,189,189.0,222,222.0,346,346.0,0,0.0,-0.003915344796818322,0.0010044175535734983,0.0011027058692927158,-0.00015862977504161146,-0.005863838444642925,-0.19546128148809752,14678,757.0000000000001,14678,757.0000000000001,0.6254215058613903,0.34145968277888716,0.026604831969055224,-0.02205691519723748,0.2785837256501153,0,0.0,19.25,73.5,182.75,4113,210.88788031713733,4707,243.0956314926903,5858,303.01648819017237,0,0.0,-0.0034906704703503467,0.001003992666803642,0.0011024720647254346,-0.00015624475551066782,-0.005440890446368756,-0.1813630148789585,-0.0004246743264679759,4.248867698561688e-07,2.3380456728080644e-07,-2.3850195309436353e-06,-0.00042294799827416896,-0.01409826660913897,-0.003115675614211379,0.0026262654359468823,-0.0034381048826662686,0.002529530172582724
BTCUSDT,15,-1,validation,0.03,0.03,2,764,757,0.9908376963350786,7,14678,6262,10,2.343979559246247,4334.6551172401805,31,764,764.0,764,764.0,0.5420232462849449,0.3089005235602094,0.026026358258327425,-0.02146216706328097,0.24738219895287958,0,0.0,19.1,76.53999999999999,177.5,189,189.0,225,225.0,350,350.0,0,0.0,-0.003838589243841614,0.0020096868653529235,0.001103216551860057,-0.00015855593272072122,-0.0067929367283338735,-0.2264312242777958,757,757.0,757,757.0,0.5382229805839778,0.30779392338177014,0.026014163429164388,-0.021491773819128666,0.24966974900924702,0,0.0,19.133333333333333,76.64499999999998,177.5,189,189.0,222,222.0,346,346.0,0,0.0,-0.003915344796818322,0.0020098405301236474,0.0011032588519298181,-0.0001587091693234141,-0.0068697350095483735,-0.22899116698494582,14678,757.0000000000001,14678,757.0000000000001,0.5759543695143402,0.33435771385393276,0.02618658539719588,-0.022838166688655046,0.2785837256501153,0,0.0,19.25,73.5,182.75,4113,210.88788031713733,4707,243.0956314926903,5858,303.01648819017237,0,0.0,-0.0034906704703503467,0.0020089903312718706,0.0011030248134408923,-0.0001563229560890015,-0.006446362658974108,-0.21487875529913691,-0.0004246743264679759,8.501988517766727e-07,2.3403848892587117e-07,-2.3862132344125733e-06,-0.0004233723505742659,-0.014112411685808866,-0.003118799247018797,0.0026288900361421804,-0.0034415542025533624,0.002532066489044761
BTCUSDT,60,1,discovery,0.02,0.025,1,1044,930,0.8908045977011494,114,13242,5705,8,2.3211218229623136,3914.9458260672877,82,1044,1044.0,1044,1044.0,0.8968604070564453,0.4501915708812261,0.022162096473152988,-0.020233543834440076,0.4549808429118774,0,0.0,17.175,62.60499999999999,150.96666666666667,475,475.0,461,461.0,108,108.0,0,0.0,0.0012714975162288603,0.0010007711119601405,0.0011001488995223477,0.00031796143059569995,-0.0011473839258493287,-0.05736919629246643,930,930.0,930,930.0,0.9420075100050961,0.4645161290322581,0.022261648851543935,-0.020500165489145603,0.4505376344086022,0,0.0,17.883333333333336,60.61666666666667,150.96666666666667,419,419.0,426,426.0,85,85.0,0,0.0,0.0017872848644558883,0.0010012866415435775,0.0011004322990226017,0.0003221789451021039,-0.0006366130212123956,-0.03183065106061978,13242,930.0,13242,930.0,0.9213730616059435,0.46183904403019554,0.02231661873675882,-0.02078602009207132,0.46469692400120344,0,0.0,17.25,66.58333333333333,164.96666666666667,6108,432.1681393211192,6224,423.8600944978654,910,73.9717661810154,0,0.0,0.0015383348326099835,0.001001037815924539,0.001100295513359177,0.00031654008351188743,-0.000879538580185621,-0.043976929009281046,0.00024895003184590526,2.4882561903835453e-07,1.367856634247855e-07,5.638861590216512e-06,0.00024292555897322546,0.012146277948661275,-0.00125994060659223,0.0017150911233943427,-0.0012296509906062655,0.0016338337716106678
BTCUSDT,60,1,discovery,0.02,0.025,2,1044,930,0.8908045977011494,114,13242,5705,8,2.3211218229623136,3914.9458260672877,82,1044,1044.0,1044,1044.0,0.8160053077482545,0.44731800766283525,0.021280968516287233,-0.021107630011333152,0.4549808429118774,0,0.0,17.175,62.60499999999999,150.96666666666667,475,475.0,461,461.0,108,108.0,0,0.0,0.0012714975162288603,0.002000542452579771,0.001099599025285007,0.00031780260870229555,-0.0021464465703382126,-0.10732232851691068,930,930.0,930,930.0,0.857782851189329,0.4612903225806452,0.0213936225179505,-0.021356325689095783,0.4505376344086022,0,0.0,17.883333333333336,60.61666666666667,150.96666666666667,419,419.0,426,426.0,85,85.0,0,0.0,0.0017872848644558883,0.0020015729967320733,0.0010998821415272478,0.00032201801655809683,-0.0016361882903615304,-0.08180941451807651,13242,930.0,13242,930.0,0.8396100746461526,0.4598416507424797,0.021388906022948646,-0.02168693327594565,0.46469692400120344,0,0.0,17.25,66.58333333333333,164.96666666666667,6108,432.1681393211192,6224,423.8600944978654,910,73.9717661810154,0,0.0,0.0015383348326099835,0.0020010755940710425,0.0010997454925811966,0.00031638197158206124,-0.001878868225624317,-0.09394341128121586,0.00024895003184590526,4.974026610310566e-07,1.3664894605167858e-07,5.636044976035583e-06,0.00024267993526278664,0.012133996763139341,-0.0012586889481295404,0.0017133734601917862,-0.0012284254675910672,0.0016322047641783401
BTCUSDT,60,1,discovery,0.03,0.03,1,1044,930,0.8908045977011494,114,13242,5705,8,2.3211218229623136,3914.9458260672877,82,1044,1044.0,1044,1044.0,0.8100524770530476,0.4329501915708812,0.02686888944866093,-0.025325223696353,0.3160919540229885,0,0.0,25.300000000000004,107.78166666666665,204.0,330,330.0,443,443.0,271,271.0,0,0.0,-8.322314889577563e-05,0.0009994170683168301,0.001099404547880533,0.0005457276462538277,-0.002727772411346967,-0.09092574704489889,930,930.0,930,930.0,0.8482843807858248,0.44623655913978494,0.026995790870764876,-0.025644571824673217,0.3118279569892473,0,0.0,26.075000000000003,104.26666666666667,204.0,290,290.0,409,409.0,231,231.0,0,0.0,0.0004969209003927859,0.0009999969224390585,0.0010997233081878745,0.0005517181733564811,-0.0021545175035906283,-0.0718172501196876,13242,930.0,13242,930.0,0.8592626117058811,0.4526664639581598,0.02708503555595242,-0.026069323222287492,0.3310838237270126,0,0.0,27.28610359859544,104.26425300715991,212.0,4540,307.90795606612176,6118,415.0697911093035,2584,207.0222528245748,0,0.0,0.0006111774237505716,0.0010001111218627058,0.0010997860864660387,0.0005194078056000883,-0.0020081275901782606,-0.06693758633927537,-0.00011425652335778582,-1.1419942364721593e-07,-6.27782781637795e-08,3.231036775639274e-05,-0.00014638991341236741,-0.0048796637804122585,-0.002073913269438646,0.0017709730816232905,-0.0020792676944158543,0.0016838238146594923
BTCUSDT,60,1,discovery,0.03,0.03,2,1044,930,0.8908045977011494,114,13242,5705,8,2.3211218229623136,3914.9458260672877,82,1044,1044.0,1044,1044.0,0.750243151257534,0.43007662835249044,0.02602005001576438,-0.026171912684945127,0.3160919540229885,0,0.0,25.300000000000004,107.78166666666665,204.0,330,330.0,443,443.0,271,271.0,0,0.0,-8.322314889577563e-05,0.00199783571798412,0.0010988554176232163,0.0005454550550219328,-0.003725369339525044,-0.12417897798416816,930,930.0,930,930.0,0.7861642636227479,0.443010752688172,0.02616375466212223,-0.02647001735296514,0.3118279569892473,0,0.0,26.075000000000003,104.26666666666667,204.0,290,290.0,409,409.0,231,231.0,0,0.0,0.0004969209003927859,0.0019989948469537277,0.0010991738593293912,0.000551442589853306,-0.0031526903957436398,-0.10508967985812129,13242,930.0,13242,930.0,0.7969030357817305,0.45066907067044387,0.026175530079231946,-0.0269472037140668,0.3310838237270126,0,0.0,27.28610359859544,104.26425300715991,212.0,4540,307.90795606612176,6118,415.0697911093035,2584,207.0222528245748,0,0.0,0.0006111774237505716,0.001999223131715679,0.0010992365748606194,0.0005191483611417467,-0.003006430643967473,-0.10021435479891579,-0.00011425652335778582,-2.2828476195104369e-07,-6.271553122770904e-08,3.2294228711559375e-05,-0.0001462597517761666,-0.0048753250592055404,-0.0020718448086109896,0.0017692067632787281,-0.00207719087357422,0.0016821165285340113
BTCUSDT,60,1,validation,0.02,0.025,1,274,259,0.9452554744525548,15,4374,1890,8,2.3142857142857145,1277.5186117585088,25,274,274.0,274,274.0,0.9961649517694653,0.4233576642335766,0.02130633515415074,-0.01570284698492037,0.2591240875912409,0,0.0,24.49166666666667,117.0,176.28333333333333,71,71.0,109,109.0,94,94.0,0,0.0,0.0023395316802221748,0.0010018386123739345,0.0011007357311873167,0.00027168341598914287,-3.4726079328219306e-05,-0.0017363039664109845,259,259.0,259,259.0,1.0304981864648255,0.42857142857142855,0.02124761111299833,-0.015464081882004058,0.24324324324324326,0,0.0,25.183333333333334,117.55,176.28333333333333,63,63.0,104,104.0,92,92.0,0,0.0,0.002648520863575377,0.0010021474471399036,0.0011009055053790395,0.0002759670809166093,0.00026950083013982406,0.0134750415069912,4374,259.0,4374,259.0,0.8946610465116952,0.4123159002415969,0.021977377170694118,-0.017234689958911104,0.3481030152082784,0,0.0,27.063073579404353,123.41601601599444,196.28333333333333,1492,90.1586809389441,1770,103.50118179893722,1112,65.34013726211867,0,0.0,0.0012875201019268078,0.0010007871265385513,0.0011001577031364636,0.0002535064722857884,-0.0010669312000339967,-0.053346560001699815,0.0013610007616485695,1.3603206013523344e-06,7.478022425759859e-07,2.2460608630820843e-05,0.0013364320301738205,0.06682160150869103,-0.0007308166289061582,0.003288596534618213,-0.0006186863123467161,0.003057245394360023
BTCUSDT,60,1,validation,0.02,0.025,2,274,259,0.9452554744525548,15,4374,1890,8,2.3142857142857145,1277.5186117585088,25,274,274.0,274,274.0,0.8925346049591598,0.40875912408759124,0.021027032566461108,-0.016287556381003956,0.2591240875912409,0,0.0,24.49166666666667,117.0,176.28333333333333,71,71.0,109,109.0,94,94.0,0,0.0,0.0023395316802221748,0.00200267638697336,0.0011001852704112867,0.0002715477099871503,-0.0010348776871496226,-0.05174388435748112,259,259.0,259,259.0,0.9222963652437386,0.41312741312741313,0.02100085495210627,-0.01602900882540132,0.24324324324324326,0,0.0,25.183333333333334,117.55,176.28333333333333,63,63.0,104,104.0,92,92.0,0,0.0,0.002648520863575377,0.0020032937479790625,0.001100354874913578,0.00027582923522184575,-0.0007309569945391094,-0.03654784972695546,4374,259.0,4374,259.0,0.8070715010594041,0.4070245699502666,0.02123411439315982,-0.018059514384668247,0.3481030152082784,0,0.0,27.063073579404353,123.41601601599444,196.28333333333333,1492,90.1586809389441,1770,103.50118179893722,1112,65.34013726211867,0,0.0,0.0012875201019268078,0.002000574465738008,0.0010996078200999038,0.00025337984567625507,-0.0020660420295873596,-0.10330210147936798,0.0013610007616485695,2.719282241054437e-06,7.470548136741372e-07,2.244938954559066e-05,0.0013350850350482505,0.06675425175241251,-0.0007300815021378517,0.0032853011937007686,-0.000618063394851516,0.003054182287989795
BTCUSDT,60,1,validation,0.03,0.03,1,274,259,0.9452554744525548,15,4374,1890,8,2.3142857142857145,1277.5186117585088,25,274,274.0,274,274.0,1.1302906657915872,0.4416058394160584,0.025406217843474584,-0.017776400077368356,0.1386861313868613,0,0.0,30.958333333333336,152.41666666666666,221.86666666666667,38,38.0,111,111.0,125,125.0,0,0.0,0.003727480489625742,0.0010032258675557318,0.0011014983400421383,0.00032946012427945436,0.001293296157748417,0.04310987192494724,259,259.0,259,259.0,1.2254588137620062,0.4555984555984556,0.02534858539430358,-0.01731083046151932,0.12355212355212356,0,0.0,31.0,152.16666666666666,221.86666666666667,32,32.0,108,108.0,119,119.0,0,0.0,0.004566548704443601,0.0010040645164461038,0.0011019593663033986,0.0003357913025682347,0.0021247335191258636,0.07082445063752879,4374,259.0,4374,259.0,1.0319656044450836,0.4378814275430818,0.02645594383405182,-0.01997039376181002,0.16664528383347488,0,0.0,41.0,156.13333333333333,240.85,683,43.16112851286999,1865,108.5226533700218,1826,107.31621811710822,0,0.0,0.00281564278619391,0.0010023144855433122,0.001100997330565358,0.0003534937498222296,0.0003588372202630108,0.011961240675433697,0.0017509059182496908,1.750030902791694e-06,9.62035738040796e-07,-1.7702447253994905e-05,0.001765896298862853,0.0588632099620951,-0.0016674359762415356,0.004873495550226793,-0.0006680403786162212,0.004084370890607509
BTCUSDT,60,1,validation,0.03,0.03,2,274,259,0.9452554744525548,15,4374,1890,8,2.3142857142857145,1277.5186117585088,25,274,274.0,274,274.0,1.0278368895749912,0.42700729927007297,0.02523109346169942,-0.018293553759098222,0.1386861313868613,0,0.0,30.958333333333336,152.41666666666666,221.86666666666667,38,38.0,111,111.0,125,125.0,0,0.0,0.003727480489625742,0.0020054495114676754,0.0011009471170379868,0.0003292955587828113,0.0002917883023372681,0.009726276744575595,259,259.0,259,259.0,1.1126129590540534,0.44015444015444016,0.025193877666456196,-0.01780277697743948,0.12355212355212356,0,0.0,31.0,152.16666666666666,221.86666666666667,32,32.0,108,108.0,119,119.0,0,0.0,0.004566548704443601,0.002007125971437342,0.0011014076825031534,0.00033562357464487396,0.0011223914758582314,0.03741304919527436,4374,259.0,4374,259.0,0.9455193616584143,0.43259009725175146,0.02574640731989591,-0.020759929371874132,0.16664528383347488,0,0.0,41.0,156.13333333333333,240.85,683,43.16112851286999,1865,108.5226533700218,1826,107.31621811710822,0,0.0,0.00281564278619391,0.0020036276579143654,0.0011004466083205538,0.0003533171795176231,-0.0006417486595586321,-0.02139162198528774,0.0017509059182496908,3.4983135229763797e-06,9.61074182599706e-07,-1.7693604872749146e-05,0.0017641401354168632,0.0588046711805621,-0.0016657612625651848,0.00486862320613439,-0.0006673531455075664,0.004080308587949589
BTCUSDT,60,-1,discovery,0.02,0.025,1,969,872,0.8998968008255934,97,13097,5057,10,2.5898754202096104,3495.019789714105,77,969,969.0,968,968.0,0.8052663607350824,0.39359504132231404,0.022563389006451093,-0.018234339452283848,0.44421487603305787,0,0.0,15.066666666666666,97.38249999999996,153.0,430,430.0,372,372.0,166,166.0,1,1.0,-0.00019280838156285148,0.001000693154958931,0.001100656425845087,-0.00014313354747904773,-0.002151024414887822,-0.10755122074439111,872,872.0,871,871.0,0.8553302660705788,0.40757749712973596,0.022596558998729234,-0.01822673025415487,0.43283582089552236,0,0.0,15.041666666666668,97.315,153.0,377,377.0,347,347.0,147,147.0,1,1.0,0.0003992460190353588,0.001000100804383045,0.0011003304701319412,-0.0001408437330067992,-0.0015603415224728287,-0.07801707612364141,13097,872.0,13095,871.7142857142858,0.878865565123417,0.42301049754602515,0.022443754317733253,-0.018736681088242918,0.43725766084247747,2,0.1,15.133333333333333,97.0,160.0,5642,381.16374949439967,5253,357.8510824701614,2200,132.69945374972465,2,0.2857142857142857,0.0006446975593002449,0.0009998552300556204,0.0011001953367189155,-0.00014621367090902925,-0.0013091393365652617,-0.06545696682826307,-0.0002454515402648858,2.455743274246812e-07,1.3513341302576718e-07,5.369937902230058e-06,-0.00025120218590756653,-0.012560109295378322,-0.0018326565739594568,0.0012757592046269818,-0.0017732640405592,0.001193635586466593
BTCUSDT,60,-1,discovery,0.02,0.025,2,969,872,0.8998968008255934,97,13097,5057,10,2.5898754202096104,3495.019789714105,77,969,969.0,968,968.0,0.7296646701901031,0.3915289256198347,0.021702612266503957,-0.019189205542294425,0.44421487603305787,0,0.0,15.066666666666666,97.38249999999996,153.0,430,430.0,372,372.0,166,166.0,1,1.0,-0.00019280838156285148,0.002002388004767789,0.0011012073580124815,-0.0001432051858911994,-0.0031531985584519226,-0.15765992792259612,872,872.0,871,871.0,0.775051572564356,0.40642939150401836,0.02168212964049228,-0.019209194103274266,0.43283582089552236,0,0.0,15.041666666666668,97.315,153.0,377,377.0,347,347.0,147,147.0,1,1.0,0.0003992460190353588,0.0020012027106724975,0.0011008810761804003,-0.00014091422536566145,-0.002561923542451876,-0.12809617712259383,13097,872.0,13095,871.7142857142858,0.7972782689993883,0.4190217407549085,0.02167587584510101,-0.019623794109425562,0.43725766084247747,2,0.1,15.133333333333333,97.0,160.0,5642,381.16374949439967,5253,357.8510824701614,2200,132.69945374972465,2,0.2857142857142857,0.0006446975593002449,0.0020007113161974927,0.0011007458075662935,-0.00014628685092449924,-0.002310472713539041,-0.11552363567695205,-0.0002454515402648858,4.913944750047543e-07,1.3526861410695225e-07,5.372625558837782e-06,-0.0002514508289128356,-0.012572541445641777,-0.001834492150875935,0.0012770378777680342,-0.0017750333448379224,0.0011948359823691598
BTCUSDT,60,-1,discovery,0.03,0.03,1,969,872,0.8998968008255934,97,13097,5057,10,2.5898754202096104,3495.019789714105,77,969,969.0,964,964.0,0.8701018358915085,0.4139004149377593,0.027414784086226468,-0.02224389220064769,0.29979253112033194,0,0.0,23.2,119.0,230.1,289,289.0,390,390.0,285,285.0,5,5.0,0.000223158073796216,0.0010002769804163005,0.001100427415398641,-0.00018383904504135228,-0.0016937072769773731,-0.056456909232579115,872,872.0,871,871.0,0.9208884347806386,0.4293915040183697,0.0275222813352246,-0.02255029824486001,0.2973593570608496,0,0.0,23.166666666666664,117.9,230.1,259,259.0,366,366.0,246,246.0,1,1.0,0.0009034352447218292,0.0009995963629366356,0.0011000528886150182,-0.00017942188872638337,-0.0010167921181034423,-0.033893070603448074,13097,872.0,13089,870.8571428571429,0.9398878255700811,0.4443279142411713,0.02732300410677409,-0.02331407837390633,0.3044446794290053,0,0.0,23.0,120.59535045401167,251.1,3929,265.1278236856024,5446,375.45292663992353,3714,230.276392531617,8,1.1428571428571428,0.001124829735719412,0.0009993748576930177,0.0010999309998170855,-0.00019674459560078478,-0.0007777315261899068,-0.02592438420633023,-0.00022139449099758268,2.2150524361808164e-07,1.2188879793265648e-07,1.732270687440138e-05,-0.00023906059191353466,-0.00796868639711783,-0.0026495893759297703,0.0019627628473685745,-0.0026270456004971825,0.0018524672442815579
BTCUSDT,60,-1,discovery,0.03,0.03,2,969,872,0.8998968008255934,97,13097,5057,10,2.5898754202096104,3495.019789714105,77,969,969.0,964,964.0,0.8023834302288432,0.4118257261410788,0.026645854378077694,-0.023146997370566767,0.29979253112033194,0,0.0,23.2,119.0,230.1,289,289.0,390,390.0,285,285.0,5,5.0,0.000223158073796216,0.0020015552390913963,0.0011009781184409123,-0.00018393105657540698,-0.002695444227160686,-0.08984814090535617,872,872.0,871,871.0,0.8498213240561922,0.42824339839265213,0.026622757134515323,-0.023527060289913745,0.2973593570608496,0,0.0,23.166666666666664,117.9,230.1,259,259.0,366,366.0,246,246.0,1,1.0,0.0009034352447218292,0.002000193322833288,0.0011006032169429613,-0.00017951168947149168,-0.0020178496055829292,-0.06726165351943098,13097,872.0,13089,870.8571428571429,0.8683351779411353,0.44033523150833115,0.026593745974206023,-0.024167960075047436,0.3044446794290053,0,0.0,23.0,120.59535045401167,251.1,3929,265.1278236856024,5446,375.45292663992353,3714,230.276392531617,8,1.1428571428571428,0.001124829735719412,0.001999750090619078,0.001100481206195195,-0.00019684306636935376,-0.0017785584947255077,-0.05928528315751693,-0.00022139449099758268,4.4323221420970515e-07,1.2201074776648859e-07,1.7331376897862038e-05,-0.00023929111085742075,-0.00797637036191404,-0.0026522375224458635,0.001964735227930773,-0.002629662487656711,0.0018543281554388462
BTCUSDT,60,-1,validation,0.02,0.025,1,308,265,0.8603896103896104,43,3557,1607,7,2.2134411947728685,1071.9203365304304,30,308,308.0,308,308.0,0.5846926706044799,0.32792207792207795,0.022436951834216578,-0.0187235085855157,0.5097402597402597,0,0.0,12.883333333333333,58.966666666666654,78.73333333333333,157,157.0,98,98.0,53,53.0,0,0.0,-0.0032327904168340874,0.0010037346577455929,0.001102330088791019,-0.00011277028692304994,-0.0052260848764476495,-0.26130424382238243,265,265.0,265,265.0,0.547267710797858,0.3132075471698113,0.022299053928038257,-0.018582036850948613,0.5132075471698113,0,0.0,13.383333333333333,56.0875,75.28333333333333,136,136.0,80,80.0,49,49.0,0,0.0,-0.0037844051199637588,0.00100428654839405,0.001102633780417597,-0.00011355476633966148,-0.005777770682435746,-0.2888885341217873,3557,265.0,3557,265.0,0.7243078221970676,0.3903472240580132,0.022071528614555375,-0.019510921270295935,0.4917360105802772,0,0.0,14.316666666666666,54.11666666666667,108.0,1764,130.31004280377346,1340,98.57031306326974,453,36.119644132956836,0,0.0,-0.001289437215966485,0.0010017903323820488,0.001101260175151592,-0.00011316033528734931,-0.003279327388212776,-0.16396636941063877,-0.002494967903997274,2.496216012001287e-06,1.3736052660051005e-06,-3.944310523121663e-07,-0.0024984432942229684,-0.1249221647111484,-0.0054778308941901286,0.0008044199433851993,-0.005844761192945233,0.000933602320483086
BTCUSDT,60,-1,validation,0.02,0.025,2,308,265,0.8603896103896104,43,3557,1607,7,2.2134411947728685,1071.9203365304304,30,308,308.0,308,308.0,0.5304131412557086,0.3246753246753247,0.021678495670022457,-0.0196495012601625,0.5097402597402597,0,0.0,12.883333333333333,58.966666666666654,78.73333333333333,157,157.0,98,98.0,53,53.0,0,0.0,-0.0032327904168340874,0.0020084740548884407,0.0011028826954594475,-0.00011282672850809653,-0.006231320438673879,-0.3115660219336939,265,265.0,265,265.0,0.4961433415895252,0.30943396226415093,0.021586874554873896,-0.019495993126914482,0.5132075471698113,0,0.0,13.383333333333333,56.0875,75.28333333333333,136,136.0,80,80.0,49,49.0,0,0.0,-0.0037844051199637588,0.0020095783886284377,0.0011031866909297257,-0.00011361160055704869,-0.006783558598964874,-0.3391779299482437,3557,265.0,3557,265.0,0.6578874129115928,0.38450526065894947,0.021418512879806076,-0.020338348146263407,0.4917360105802772,0,0.0,14.316666666666666,54.11666666666667,108.0,1764,130.31004280377346,1340,98.57031306326974,453,36.119644132956836,0,0.0,-0.001289437215966485,0.002004583457889721,0.0011018117113706211,-0.0001132169720917974,-0.004282615413135029,-0.2141307706567514,-0.002494967903997274,4.994930738716783e-06,1.3749795591047983e-06,-3.9462846525126086e-07,-0.0025009431858298453,-0.1250471592914922,-0.005483314188767578,0.00080522029885323,-0.005850608464264231,0.0009345293694611514
BTCUSDT,60,-1,validation,0.03,0.03,1,308,265,0.8603896103896104,43,3557,1607,7,2.2134411947728685,1071.9203365304304,30,308,308.0,308,308.0,0.6369977273676679,0.33766233766233766,0.027351148051611616,-0.02188975240733876,0.2662337662337662,0,0.0,19.758333333333333,76.54999999999998,128.0,82,82.0,101,101.0,125,125.0,0,0.0,-0.003314625601434717,0.001003816533868254,0.0011023751431744168,-0.00015786242870628923,-0.0052629548497710975,-0.17543182832570328,265,265.0,265,265.0,0.6174975861079633,0.3283018867924528,0.027183497597530044,-0.021516385716148244,0.2528301886792453,0,0.0,20.0,68.24999999999999,86.53333333333333,67,67.0,84,84.0,114,114.0,0,0.0,-0.0035737436862981137,0.0010040757815769712,0.0011025178007073313,-0.0001522151308870428,-0.005528122137695373,-0.1842707379231791,3557,265.0,3557,265.0,0.765856367775625,0.3991829238159339,0.026784035997235358,-0.02323584012449839,0.26118083487541405,0,0.0,21.7,70.85,175.0,1001,69.21292124198472,1388,100.31177349911869,1168,95.47530525889658,0,0.0,-0.0013193849781464448,0.001001820295125601,0.0011012766629002997,-0.0001537222108584483,-0.0032687597253138988,-0.10895865751046323,-0.0022543587081516685,2.2554864513700195e-06,1.2411378070316707e-06,1.507079971405478e-06,-0.0022593624123814758,-0.07531208041271589,-0.00643948272000741,0.0026536498389913062,-0.007031433618653495,0.002619087604020328
BTCUSDT,60,-1,validation,0.03,0.03,2,308,265,0.8603896103896104,43,3557,1607,7,2.2134411947728685,1071.9203365304304,30,308,308.0,308,308.0,0.5869830104138374,0.3344155844155844,0.026638968535680548,-0.022802120545862774,0.2662337662337662,0,0.0,19.758333333333333,76.54999999999998,128.0,82,82.0,101,101.0,125,125.0,0,0.0,-0.003314625601434717,0.002008637889091854,0.0011029277949197898,-0.00015794143893086695,-0.006268249846515493,-0.20894166155051647,265,265.0,265,265.0,0.5684604988176923,0.32452830188679244,0.026520700658060604,-0.022414555047324727,0.2528301886792453,0,0.0,20.0,68.24999999999999,86.53333333333333,67,67.0,84,84.0,114,114.0,0,0.0,-0.0035737436862981137,0.002009156644016505,0.001103070595181673,-0.0001522913146362355,-0.006533679610860057,-0.21778932036200188,3557,265.0,3557,265.0,0.7069315564414858,0.3933409604168702,0.02619848766254713,-0.02402831707065954,0.26118083487541405,0,0.0,21.7,70.85,175.0,1001,69.21292124198472,1388,100.31177349911869,1168,95.47530525889658,0,0.0,-0.0013193849781464448,0.0020046434133695647,0.0011018282156153335,-0.000153799148901921,-0.004272057458229422,-0.1424019152743141,-0.0022543587081516685,4.513230646940202e-06,1.2423795663392352e-06,1.5078342656854615e-06,-0.0022616221526306334,-0.07538740508768779,-0.006445924767363012,0.0026563130685988844,-0.007038464248031319,0.0026217047926611584
ETHUSDT,5,1,discovery,0.02,0.025,1,4310,4299,0.9974477958236659,11,85600,47448,12,1.8040802562805598,33226.85394760159,83,4310,4310.0,4310,4310.0,0.6279202942811122,0.3668213457076566,0.021499945954822984,-0.019836323523415123,0.5248259860788863,0,0.0,9.25,43.63333333333333,130.26666666666668,2262,2262.0,1485,1485.0,563,563.0,0,0.0,-0.0023635003121374345,0.0009971379307223938,0.001098151648966427,0.00021450763504723464,-0.004673297526873491,-0.2336648763436745,4299,4299.0,4299,4299.0,0.6263512906695436,0.36613165852523843,0.021506840032494395,-0.019833385329539065,0.5252384275412887,0,0.0,9.266666666666667,43.66083333333333,130.26666666666668,2258,2258.0,1479,1479.0,562,562.0,0,0.0,-0.0023869703664321515,0.0009971144723972616,0.0010981387533386437,0.00021519646176257316,-0.004697420053930631,-0.23487100269653152,85600,4298.999999999998,85600,4298.999999999998,0.6037976342800444,0.36321847634104737,0.021721012839617058,-0.020519470216661933,0.5577447874551854,16,0.8,9.533333333333333,48.03333333333333,174.43333333333334,47806,2397.744841269841,29703,1486.5666666666668,8091,414.68849206349216,0,0.0,-0.0028498638829315788,0.0009966518102118562,0.0010978844163687716,0.0002325462115382503,-0.005176946321050459,-0.2588473160525229,0.00046289351649942773,4.626621854059293e-07,2.5433696987272007e-07,-1.7349749775677088e-05,0.0004795262671198261,0.023976313355991305,-0.0011909197815633907,0.0022291324688510066,-0.0011668458878744661,0.0023323469149972628
ETHUSDT,5,1,discovery,0.02,0.025,2,4310,4299,0.9974477958236659,11,85600,47448,12,1.8040802562805598,33226.85394760159,83,4310,4310.0,4310,4310.0,0.5699940489531371,0.36241299303944313,0.020733949075729077,-0.020676451510609605,0.5248259860788863,0,0.0,9.25,43.63333333333333,130.26666666666668,2262,2262.0,1485,1485.0,563,563.0,0,0.0,-0.0023635003121374345,0.00199327971965596,0.0010976037709825135,0.0002144004883763819,-0.00566878429115229,-0.2834392145576145,4299,4299.0,4299,4299.0,0.5685751962904257,0.36171202605257036,0.020742070870722284,-0.020673332523731446,0.5252384275412887,0,0.0,9.266666666666667,43.66083333333333,130.26666666666668,2258,2258.0,1479,1479.0,562,562.0,0,0.0,-0.0023869703664321515,0.001993232826440586,0.0010975908882439199,0.000215088971022432,-0.005692883052139088,-0.2846441526069544,85600,4298.999999999998,85600,4298.999999999998,0.5492333033117671,0.35959312623242695,0.020912948312211806,-0.021380300134894486,0.5577447874551854,16,0.8,9.533333333333333,48.03333333333333,174.43333333333334,47806,2397.744841269841,29703,1486.5666666666668,8091,414.68849206349216,0,0.0,-0.0028498638829315788,0.0019923079642697595,0.00109733680548404,0.00023243005458943003,-0.006171938707274809,-0.30859693536374044,0.00046289351649942773,9.248621708270139e-07,2.5408275988073005e-07,-1.7341083566997928e-05,0.00047905565513571796,0.023952782756785904,-0.0011897216977133807,0.0022269154795320476,-0.0011656684360982876,0.0023300225402956825
ETHUSDT,5,1,discovery,0.03,0.03,1,4310,4299,0.9974477958236659,11,85600,47448,12,1.8040802562805598,33226.85394760159,83,4310,4310.0,4310,4310.0,0.6670820125527609,0.39791183294663574,0.026127483306930054,-0.025884817705507192,0.3990719257540603,0,0.0,14.766666666666667,68.91666666666667,239.03333333333333,1720,1720.0,1613,1613.0,977,977.0,0,0.0,-0.0027636907123940657,0.0009967379403173365,0.001097931764241009,0.00033014725692372186,-0.005188507673876132,-0.1729502557958711,4299,4299.0,4299,4299.0,0.665812212814574,0.3973016980693184,0.026135427629577778,-0.025876069371332296,0.3991625959525471,0,0.0,14.8,68.95333333333333,239.03333333333333,1716,1716.0,1607,1607.0,976,976.0,0,0.0,-0.0027858586253542445,0.0009967157834827934,0.0010979195840751398,0.0003313193008312822,-0.005211813293743459,-0.17372710979144868,85600,4298.999999999998,85600,4298.999999999998,0.6017872970607602,0.3850308725327361,0.026416822036364467,-0.02748399076039946,0.4525241050987554,61,3.049999999999999,16.25,79.26666666666667,239.36666666666667,38771,1945.4011278195487,31539,1578.4881578947372,15290,775.1107142857145,0,0.0,-0.004262894484265492,0.000995239485772738,0.0010971080263164792,0.00037527178268308354,-0.006730513779037792,-0.22435045930125977,0.001477035858911245,1.476297710056138e-06,8.115577586606463e-07,-4.3952481851801246e-05,0.0015187004852943292,0.05062334950981098,-0.0004771394837088699,0.0035716721715750325,-0.00037909920235209,0.0036720004051492665
ETHUSDT,5,1,discovery,0.03,0.03,2,4310,4299,0.9974477958236659,11,85600,47448,12,1.8040802562805598,33226.85394760159,83,4310,4310.0,4310,4310.0,0.6176857000705583,0.39350348027842225,0.02538840467878926,-0.02666785773529621,0.3990719257540603,0,0.0,14.766666666666667,68.91666666666667,239.03333333333333,1720,1720.0,1613,1613.0,977,977.0,0,0.0,-0.0027636907123940657,0.0019924801384366636,0.0010973841060320432,0.0003299823482039798,-0.006183537305066752,-0.20611791016889175,4299,4299.0,4299,4299.0,0.6165099909382363,0.3928820655966504,0.025397620334986673,-0.026658889217836886,0.3991625959525471,0,0.0,14.8,68.95333333333333,239.03333333333333,1716,1716.0,1607,1607.0,976,976.0,0,0.0,-0.0027858586253542445,0.0019924358469022773,0.001097371938040259,0.0003311538066750227,-0.0062068202169718025,-0.20689400723239346,85600,4298.999999999998,85600,4298.999999999998,0.5586757064591179,0.3813357387534947,0.025641185400154164,-0.02828985963738159,0.4525241050987554,61,3.049999999999999,16.25,79.26666666666667,239.36666666666667,38771,1945.4011278195487,31539,1578.4881578947372,15290,775.1107142857145,0,0.0,-0.004262894484265492,0.001989484726305054,0.0010965611914341867,0.00037508433424018493,-0.007724024736244916,-0.25746749120816387,0.001477035858911245,2.9511205972248704e-06,8.107466060727133e-07,-4.393052756516199e-05,0.001517204519273109,0.05057348397577031,-0.0004766543049682764,0.0035681226135886065,-0.0003787080822942809,0.0036683466057382216
ETHUSDT,5,1,validation,0.02,0.025,1,1225,1224,0.9991836734693877,1,24453,13004,14,1.8804214087972932,8897.156462070861,21,1225,1225.0,1225,1225.0,0.8107824420353399,0.4326530612244898,0.021167363661887813,-0.01990918586194979,0.4685714285714286,0,0.0,8.3,31.75,71.1,574,574.0,485,485.0,166,166.0,0,0.0,5.8275083436393e-05,0.0009995584958354137,0.0010994822941231804,9.652525939988952e-05,-0.0021372909659220915,-0.10686454829610456,1224,1224.0,1224,1224.0,0.8091423489154623,0.43218954248366015,0.021164478189539003,-0.01990918586194979,0.46895424836601307,0,0.0,8.3,31.759999999999998,71.1,574,574.0,484,484.0,166,166.0,0,0.0,3.789785719737088e-05,0.000999538128792696,0.0010994710978506224,9.646641796334087e-05,-0.0021575777874092896,-0.10787888937046444,24453,1224.0,24453,1224.0,0.7720331365197761,0.4255718954248366,0.021507109564866105,-0.02063874883628595,0.5118464052287581,0,0.0,8.183333333333334,35.15833333350283,87.18333333333334,12503,626.5,9708,485.4,2242,112.1,0,0.0,-0.0005036059429662345,0.0009989968956091203,0.0010991735684387836,0.00010087958518675135,-0.0027026559922008917,-0.1351327996100446,0.0005415038001636064,5.412331835755035e-07,2.975294118390162e-07,-4.413167223410453e-06,0.0005450782047916028,0.027253910239580136,-0.0024344525355433602,0.0030178437408742162,-0.0026145261731614737,0.0026177335376064486
ETHUSDT,5,1,validation,0.02,0.025,2,1225,1224,0.9991836734693877,1,24453,13004,14,1.8804214087972932,8897.156462070861,21,1225,1225.0,1225,1225.0,0.7354915482555986,0.43020408163265306,0.020264517379118854,-0.02080241571792505,0.4685714285714286,0,0.0,8.3,31.75,71.1,574,574.0,485,485.0,166,166.0,0,0.0,5.8275083436393e-05,0.001998118431735027,0.0010989330861584357,9.647704498460487e-05,-0.0031352534794416736,-0.15676267397208368,1224,1224.0,1224,1224.0,0.7339990666627239,0.4297385620915033,0.02026184353128954,-0.02080241571792505,0.46895424836601307,0,0.0,8.3,31.759999999999998,71.1,574,574.0,484,484.0,166,166.0,0,0.0,3.789785719737088e-05,0.001998077717996288,0.0010989219010765605,9.641823293938318e-05,-0.00315551999481486,-0.157775999740743,24453,1224.0,24453,1224.0,0.7020774444664811,0.4228349673202614,0.020621440109288625,-0.021518146200163586,0.5118464052287581,0,0.0,8.183333333333334,35.15833333350283,87.18333333333334,12503,626.5,9708,485.4,2242,112.1,0,0.0,-0.0005036059429662345,0.0019969957923216372,0.0010986246690455918,0.00010082919578356118,-0.0037000556001170262,-0.1850027800058513,0.0005415038001636064,1.0819256746509907e-06,2.972320309689373e-07,-4.41096284417798e-06,0.0005445356053021649,0.02722678026510823,-0.002432013573505381,0.0030148240847594453,-0.002611914010110027,0.002615108618529228
ETHUSDT,5,1,validation,0.03,0.03,1,1225,1224,0.9991836734693877,1,24453,13004,14,1.8804214087972932,8897.156462070861,21,1225,1225.0,1225,1225.0,0.8513015549322608,0.4546938775510204,0.025475620491994512,-0.02495284544675135,0.34775510204081633,0,0.0,11.933333333333334,50.17916666666667,99.65,426,426.0,504,504.0,295,295.0,0,0.0,0.0002110990116939031,0.0009997112433898956,0.0010995662632725671,0.0001351522351448769,-0.002023330730113436,-0.06744435767044787,1224,1224.0,1224,1224.0,0.8496405756886545,0.4542483660130719,0.02547164492852367,-0.02495284544675135,0.3480392156862745,0,0.0,11.925,50.181666666666665,99.65,426,426.0,503,503.0,295,295.0,0,0.0,0.00018676167428515627,0.0009996869182150744,0.0010995528911158386,0.000135124951695048,-0.0020476030867408045,-0.06825343622469349,24453,1224.0,24453,1224.0,0.7845094241224103,0.44613042186571594,0.025988017005119175,-0.026682671195826693,0.3912470291146762,0,0.0,12.866666666666667,54.93333333333333,106.46666666666667,9563,478.8863636363636,10114,506.3136363636363,4776,238.79999999999998,0,0.0,-0.000929627738416447,0.000998571086718116,0.001098939490646176,0.00015753653300038952,-0.0031846748487811276,-0.10615582829270427,0.0011163894127016027,1.1158314969584579e-06,6.134004696625389e-07,-2.2411581305341522e-05,0.0011370717620403231,0.037902392068010764,-0.002223214720054664,0.0038551706367539462,-0.0028758174678579344,0.0038217442634250827
ETHUSDT,5,1,validation,0.03,0.03,2,1225,1224,0.9991836734693877,1,24453,13004,14,1.8804214087972932,8897.156462070861,21,1225,1225.0,1225,1225.0,0.7863274340808261,0.4514285714285714,0.024630750687143182,-0.025776863904862984,0.34775510204081633,0,0.0,11.933333333333334,50.17916666666667,99.65,426,426.0,504,504.0,295,295.0,0,0.0,0.0002110990116939031,0.001998423774249026,0.0010990169713805946,0.0001350847265359134,-0.0030214264604716307,-0.10071421534905436,1224,1224.0,1224,1224.0,0.7847884578680457,0.45098039215686275,0.02462707772313102,-0.025776863904862984,0.3480392156862745,0,0.0,11.925,50.181666666666665,99.65,426,426.0,503,503.0,295,295.0,0,0.0,0.00018676167428515627,0.0019983751482002578,0.0010990036125893467,0.00013505745671418134,-0.0030456745432186293,-0.10152248477395431,24453,1224.0,24453,1224.0,0.7270420476552513,0.4427807486631015,0.025154733209051393,-0.027493042591306575,0.3912470291146762,0,0.0,12.866666666666667,54.93333333333333,106.46666666666667,9563,478.8863636363636,10114,506.3136363636363,4776,238.79999999999998,0,0.0,-0.000929627738416447,0.001996144599923131,0.0010983908252139133,0.00015745784342346627,-0.004181621006976956,-0.13938736689923192,0.0011163894127016027,2.2305482771267053e-06,6.127873754334723e-07,-2.2400386709284914e-05,0.0011359464637583272,0.03786488212527758,-0.0022209746477711454,0.003851325431022099,-0.00287292268809389,0.0038179341351576757
ETHUSDT,5,-1,discovery,0.02,0.025,1,4763,4755,0.9983203863111484,8,94692,52097,12,1.8176094592778855,36566.728371598445,88,4763,4763.0,4750,4750.0,0.7381353811823204,0.3814736842105263,0.021646635440999366,-0.01821652178438266,0.4456842105263158,0,0.0,10.166666666666666,66.18249999999992,138.08333333333334,2117,2117.0,1684,1684.0,949,949.0,13,13.0,-0.0009491821055298235,0.0010014499070589507,0.001101072847606924,-0.00010922505278600052,-0.0029424798074096986,-0.14712399037048488,4755,4755.0,4743,4743.0,0.7381788352644763,0.3816150115960363,0.021653312134866202,-0.01822212648431918,0.44570946658233185,0,0.0,10.166666666666666,66.29583333333329,138.08333333333334,2114,2114.0,1683,1683.0,946,946.0,12,12.0,-0.0009496271057433613,0.0010014503522817757,0.001101073092601914,-0.00010931936896944266,-0.002942831181657609,-0.14714155908288043,94692,4755.0,94413,4741.049999999999,0.6945671445873488,0.37374847975183795,0.021948945880994376,-0.018988375131431846,0.48848537005275916,1,0.05,9.933333333333334,65.11666666666666,161.16666666666666,46246,2315.9335636886335,33477,1679.3504791390242,14690,745.7659571723427,279,13.949999999999998,-0.0016279334282598386,0.0010021289979271135,0.0011014465343344032,-0.00010870742798576701,-0.003622801532535589,-0.18114007662677944,0.0006783063225164771,-6.78645645337948e-07,-3.7344173248898034e-07,-6.119409836756455e-07,0.0006799703508779797,0.033998517543898994,-0.0007894474253690874,0.0021168794469602226,-0.0007850985353986562,0.002141797969567293
ETHUSDT,5,-1,discovery,0.02,0.025,2,4763,4755,0.9983203863111484,8,94692,52097,12,1.8176094592778855,36566.728371598445,88,4763,4763.0,4750,4750.0,0.6675935183060467,0.3722105263157895,0.021191100229627786,-0.01895822505501341,0.4456842105263158,0,0.0,10.166666666666666,66.18249999999992,138.08333333333334,2117,2117.0,1684,1684.0,949,949.0,13,13.0,-0.0009491821055298235,0.002003902266477427,0.001101624196404604,-0.00010927971997958713,-0.003945428848432267,-0.19727144242161337,4755,4755.0,4743,4743.0,0.6676535988674819,0.3723381825848619,0.021198831078607257,-0.0189632880458401,0.44570946658233185,0,0.0,10.166666666666666,66.29583333333329,138.08333333333334,2114,2114.0,1683,1683.0,946,946.0,12,12.0,-0.0009496271057433613,0.0020039031573687457,0.0011016244416447117,-0.00010937408336832625,-0.003945780621388493,-0.1972890310694246,94692,4755.0,94413,4741.049999999999,0.6298854571066794,0.3693654881112768,0.021231274629984812,-0.01986799610970092,0.48848537005275916,1,0.05,9.933333333333334,65.11666666666666,161.16666666666666,46246,2315.9335636886335,33477,1679.3504791390242,14690,745.7659571723427,279,13.949999999999998,-0.0016279334282598386,0.0020052611279843965,0.0011019982570059344,-0.00010876183610788202,-0.004626430977142286,-0.23132154885711434,0.0006783063225164771,-1.3579706156503487e-06,-3.738153612226628e-07,-6.122472604442509e-07,0.0006806503557537944,0.03403251778768971,-0.0007902361182921164,0.002119003157075556,-0.0007858854959076867,0.00214393860149335
ETHUSDT,5,-1,discovery,0.03,0.03,1,4763,4755,0.9983203863111484,8,94692,52097,12,1.8176094592778855,36566.728371598445,88,4763,4763.0,4722,4722.0,0.7236931573260247,0.36213468869123255,0.025795402209342667,-0.020721396271719865,0.25730622617534943,1,1.0,17.083333333333332,80.78999999999998,167.16666666666666,1215,1215.0,1571,1571.0,1936,1936.0,41,41.0,-0.0016739526831116847,0.001002175040203101,0.0011014718702478234,-0.00015696211679140887,-0.0036206374767712005,-0.12068791589237333,4755,4755.0,4715,4715.0,0.7237904896627148,0.36224814422057267,0.025806617015565646,-0.020726511158662916,0.2572640509013786,1,1.0,17.1,80.72499999999998,167.16666666666666,1213,1213.0,1570,1570.0,1932,1932.0,40,40.0,-0.0016737258533568273,0.0010021748132598746,0.0011014717453666392,-0.00015704591127027354,-0.003620326500713068,-0.1206775500237689,94692,4755.0,93624,4701.599999999999,0.6894454804593154,0.368439087200866,0.02622263783597603,-0.022848868327427455,0.32278498433574565,5,0.25,16.016666666666666,81.83333333333333,172.0,30326,1517.6058823529415,32545,1633.1434615951648,30753,1550.8506560518947,1068,53.39999999999999,-0.002483575031969609,0.0010029850675656387,0.0011019176080547446,-0.0001556473160394552,-0.004432830391550537,-0.14776101305168457,0.0008098491786127822,-8.102543057641068e-07,-4.45862688105222e-07,-1.3985952308183188e-06,0.0008125038908374699,0.027083463027915665,-0.0010006221334994659,0.002593263721673281,-0.0010765109181816294,0.0026788625126340604
ETHUSDT,5,-1,discovery,0.03,0.03,2,4763,4755,0.9983203863111484,8,94692,52097,12,1.8176094592778855,36566.728371598445,88,4763,4763.0,4722,4722.0,0.6637960201111126,0.35175772977551883,0.02555040431023795,-0.02140224635367127,0.25730622617534943,1,1.0,17.083333333333332,80.78999999999998,167.16666666666666,1215,1215.0,1571,1571.0,1936,1936.0,41,41.0,-0.0016739526831116847,0.002005353258624739,0.001102023618267955,-0.0001570406764094226,-0.004624288883594957,-0.15414296278649856,4755,4755.0,4715,4715.0,0.6639045733780498,0.3518557794273595,0.025563241624076558,-0.021406728137903643,0.2572640509013786,1,1.0,17.1,80.72499999999998,167.16666666666666,1213,1213.0,1570,1570.0,1932,1932.0,40,40.0,-0.0016737258533568273,0.0020053528045111155,0.0011020234932618274,-0.00015712451282746585,-0.004623977638302305,-0.15413258794341017,94692,4755.0,93624,4701.599999999999,0.6354636358546285,0.3632748914978112,0.02561317848196589,-0.023677781136337797,0.32278498433574565,5,0.25,16.016666666666666,81.83333333333333,172.0,30326,1517.6058823529415,32545,1633.1434615951648,30753,1550.8506560518947,1068,53.39999999999999,-0.002483575031969609,0.0020069741241880183,0.001102469802035887,-0.00015572521759903455,-0.00543729374059448,-0.18124312468648268,0.0008098491786127822,-1.6213196769024607e-06,-4.4630877405932193e-07,-1.399295228431343e-06,0.0008133161022921751,0.0271105367430725,-0.0010016260313467963,0.002595864503681575,-0.0010775929089912283,0.002681542187431939
ETHUSDT,5,-1,validation,0.02,0.025,1,1740,1738,0.9988505747126437,2,34627,18891,12,1.8329892541421842,13149.211114710317,35,1740,1740.0,1740,1740.0,0.5038196892861465,0.3074712643678161,0.022121843674125414,-0.0194945367016086,0.5701149425287356,0,0.0,7.675000000000001,52.58333333333333,125.35,992,992.0,511,511.0,237,237.0,0,0.0,-0.004654701643596293,0.0010051572802836325,0.001103112922408134,-6.427623721836614e-05,-0.006698695609069694,-0.33493478045348474,1738,1738.0,1738,1738.0,0.5033195347260726,0.30724971231300346,0.02212041257928341,-0.019492350257336637,0.5701956271576525,0,0.0,7.666666666666667,52.589999999999996,125.35,991,991.0,510,510.0,237,237.0,0,0.0,-0.004662934902104459,0.0010051655176608293,0.001103117455230871,-6.43770277602754e-05,-0.006706840847235885,-0.33534204236179427,34627,1737.9999999999995,34627,1737.9999999999995,0.602597347935374,0.35341799550660313,0.02190136331876445,-0.019865933610936033,0.5452011069099678,0,0.0,7.15,48.38333333333333,139.8,18862,947.5595238095239,11503,576.2904761904762,4262,214.14999999999998,0,0.0,-0.0030538881134249056,0.0010035556659462937,0.0011022315940786547,-5.5056121137662146e-05,-0.0051046192523121914,-0.25523096261560957,-0.0016090467886795549,1.6098517145358934e-06,8.858611522167674e-07,-9.320906622613264e-06,-0.0016022215949236943,-0.08011107974618471,-0.003688315681112072,0.0002776788495552627,-0.00337183150578234,1.3856981916983435e-05
ETHUSDT,5,-1,validation,0.02,0.025,2,1740,1738,0.9988505747126437,2,34627,18891,12,1.8329892541421842,13149.211114710317,35,1740,1740.0,1740,1740.0,0.45767867262761913,0.3045977011494253,0.02134870060500917,-0.020431547929450306,0.5701149425287356,0,0.0,7.675000000000001,52.58333333333333,125.35,992,992.0,511,511.0,237,237.0,0,0.0,-0.004654701643596293,0.002011320724011093,0.001103666312302184,-6.430840750726423e-05,-0.007705380272402305,-0.38526901362011523,1738,1738.0,1738,1738.0,0.4572205910121535,0.3043728423475259,0.021347641397850798,-0.02042930015544327,0.5701956271576525,0,0.0,7.666666666666667,52.589999999999996,125.35,991,991.0,510,510.0,237,237.0,0,0.0,-0.004662934902104459,0.0020113372070111094,0.0011036708496600133,-6.440924849489015e-05,-0.007713533710280691,-0.38567668551403456,34627,1737.9999999999995,34627,1737.9999999999995,0.5476660356155313,0.3485560852649461,0.02122287133330413,-0.020734041834598302,0.5452011069099678,0,0.0,7.15,48.38333333333333,139.8,18862,947.5595238095239,11503,576.2904761904762,4262,214.14999999999998,0,0.0,-0.0030538881134249056,0.002008115892118859,0.0011027841022030495,-5.508367675384718e-05,-0.006109704430992966,-0.30548522154964824,-0.0016090467886795549,3.2213148922511535e-06,8.867474569644941e-07,-9.325571741043005e-06,-0.0016038292792877277,-0.08019146396438638,-0.0036920093893160416,0.0002779509725749513,-0.0033752118611395936,1.3866621318964223e-05
ETHUSDT,5,-1,validation,0.03,0.03,1,1740,1738,0.9988505747126437,2,34627,18891,12,1.8329892541421842,13149.211114710317,35,1740,1740.0,1740,1740.0,0.5582141443351092,0.3431034482758621,0.02692871408559503,-0.02519665440600006,0.4241379310344828,0,0.0,12.275,60.80833333333334,127.0,738,738.0,568,568.0,434,434.0,0,0.0,-0.005291490612155614,0.0010057943878059499,0.0011034635067499788,-8.84877728277304e-05,-0.007312260733883814,-0.2437420244627938,1738,1738.0,1738,1738.0,0.5578682211684781,0.3429228998849252,0.026927094807932643,-0.02519057220660925,0.4240506329113924,0,0.0,12.249999999999998,60.82999999999999,127.0,737,737.0,567,567.0,434,434.0,0,0.0,-0.005297579784321501,0.0010058004800242248,0.0011034668591453902,-8.861642474548474e-05,-0.007318230698745632,-0.2439410232915211,34627,1737.9999999999995,34627,1737.9999999999995,0.6446592304530883,0.3899542440681683,0.026659268146026757,-0.02643438791094445,0.4335867718779113,0,0.0,11.166666666666666,65.50714285777335,142.08333333333334,15004,753.5738095238096,12716,636.5404761904762,6907,347.8857142857143,0,0.0,-0.003706752884122961,0.0010042088573126724,0.00110259102895779,-8.326137196050291e-05,-0.005730291398432921,-0.19100971328109742,-0.0015908269001985408,1.5916227115528184e-06,8.758301876005386e-07,-5.355052784981844e-06,-0.0015879393003127124,-0.052931310010423754,-0.004926592518971164,0.0014295271815326497,-0.0046350510124258,0.001258427247421819
ETHUSDT,5,-1,validation,0.03,0.03,2,1740,1738,0.9988505747126437,2,34627,18891,12,1.8329892541421842,13149.211114710317,35,1740,1740.0,1740,1740.0,0.5170520993869872,0.34022988505747126,0.026179570475986395,-0.02611006961228854,0.4241379310344828,0,0.0,12.275,60.80833333333334,127.0,738,738.0,568,568.0,434,434.0,0,0.0,-0.005291490612155614,0.002012595576800995,0.001104017247403926,-8.853206100231885e-05,-0.008319571375358216,-0.2773190458452739,1738,1738.0,1738,1738.0,0.5167258340594928,0.34004602991944766,0.02617831461095879,-0.026103910442172844,0.4240506329113924,0,0.0,12.249999999999998,60.82999999999999,127.0,737,737.0,567,567.0,434,434.0,0,0.0,-0.005297579784321501,0.002012607767335861,0.0011040206031534114,-8.866077731042242e-05,-0.008325547377500351,-0.2775182459166784,34627,1737.9999999999995,34627,1737.9999999999995,0.5979712660989819,0.38503479642720156,0.02602114453345862,-0.027245546018048145,0.4335867718779113,0,0.0,11.166666666666666,65.50714285777335,142.08333333333334,15004,753.5738095238096,12716,636.5404761904762,6907,347.8857142857143,0,0.0,-0.003706752884122961,0.0020094229286968302,0.0011031438966970513,-8.33030443188415e-05,-0.006736016665198003,-0.22453388883993342,-0.0015908269001985408,3.1848386390315266e-06,8.767064563606677e-07,-5.357732991580933e-06,-0.0015895307123023519,-0.052984357076745064,-0.004931523459319369,0.0014309567102337136,-0.004639696535599325,0.0012596828921464399
ETHUSDT,15,1,discovery,0.02,0.025,1,2295,2265,0.9869281045751634,30,44141,19296,10,2.287572553897181,13081.788292222469,83,2295,2295.0,2295,2295.0,0.6309424569578509,0.3673202614379085,0.02167380515035542,-0.019943729278959856,0.5276688453159042,0,0.0,9.4,45.12499999999999,160.8,1211,1211.0,801,801.0,283,283.0,0,0.0,-0.0023432841220843324,0.0009971581368094042,0.0010981627567576084,0.00021816063633126487,-0.004656765651982611,-0.23283828259913056,2265,2265.0,2265,2265.0,0.6345587531345397,0.3690949227373068,0.021716052361059113,-0.02002087663621545,0.5289183222958057,0,0.0,9.466666666666667,45.108333333333334,160.8,1198,1198.0,796,796.0,271,271.0,0,0.0,-0.0023023080725148486,0.000997199092381188,0.0010981852710593072,0.00021829561671858684,-0.004615988052673931,-0.23079940263369653,44141,2264.9999999999995,44141,2264.9999999999995,0.6441891972890013,0.37789907703717607,0.02182533352196088,-0.020580808750739806,0.5447860710459382,11,0.55,9.916666666666666,48.6,171.55,24154,1233.94045091905,16142,819.3928524906469,3845,211.66669659030342,0,0.0,-0.002228986724868467,0.000997272377086482,0.001098225557493925,0.00023108206573017252,-0.004555566725179048,-0.2277783362589524,-7.332134764638082e-05,-7.32847052939298e-08,-4.028643461759225e-08,-1.278644901158561e-05,-6.0421327494883706e-05,-0.0030210663747441847,-0.0016535146133032168,0.0015942886858111354,-0.0015688355576052202,0.001575607722098448
ETHUSDT,15,1,discovery,0.02,0.025,2,2295,2265,0.9869281045751634,30,44141,19296,10,2.287572553897181,13081.788292222469,83,2295,2295.0,2295,2295.0,0.5730653369151315,0.3638344226579521,0.02085268081399939,-0.020810924581192786,0.5276688453159042,0,0.0,9.4,45.12499999999999,160.8,1211,1211.0,801,801.0,283,283.0,0,0.0,-0.0023432841220843324,0.0019933201116440766,0.0010976148676714492,0.00021805166498444607,-0.005652270766384304,-0.28261353831921526,2265,2265.0,2265,2265.0,0.5765103373878233,0.3655629139072848,0.02089699086748446,-0.02088575708400821,0.5289183222958057,0,0.0,9.466666666666667,45.108333333333334,160.8,1198,1198.0,796,796.0,271,271.0,0,0.0,-0.0023023080725148486,0.001993401981872987,0.0010976373594700868,0.00021818657794899716,-0.005611533991806918,-0.2805766995903459,44141,2264.9999999999995,44141,2264.9999999999995,0.5861882501239544,0.37412669538399973,0.021018458411859883,-0.021433644377319348,0.5447860710459382,11,0.55,9.916666666666666,48.6,171.55,24154,1233.94045091905,16142,819.3928524906469,3845,211.66669659030342,0,0.0,-0.002228986724868467,0.001993548478072084,0.001097677605638383,0.00023096664012291473,-0.00555117944870185,-0.2775589724350925,-7.332134764638082e-05,-1.4649619909657618e-07,-4.024616829600331e-08,-1.2780062173917488e-05,-6.035454310507072e-05,-0.00301772715525353,-0.001651852329079304,0.0015926999227403602,-0.0015672588479280316,0.0015740462390094023
ETHUSDT,15,1,discovery,0.03,0.03,1,2295,2265,0.9869281045751634,30,44141,19296,10,2.287572553897181,13081.788292222469,83,2295,2295.0,2295,2295.0,0.671188860757313,0.39956427015250545,0.026379626290088602,-0.026154355146394928,0.40435729847494556,0,0.0,15.516666666666667,71.97916666666664,239.03333333333333,928,928.0,873,873.0,494,494.0,0,0.0,-0.0027321494085346056,0.000996769465858428,0.0010979490946190838,0.00033678522650900083,-0.005163653195521118,-0.17212177318403726,2265,2265.0,2265,2265.0,0.675945465175984,0.40176600441501104,0.026427318593921466,-0.026256905354111695,0.4048565121412804,0,0.0,15.75,72.56249999999997,239.03333333333333,917,917.0,868,868.0,480,480.0,0,0.0,-0.0026575860692629513,0.0009968439919346619,0.0010979900634663412,0.00033775507814082256,-0.005090175202804776,-0.16967250676015927,44141,2264.9999999999995,44141,2264.9999999999995,0.6236314680809912,0.3940519914516798,0.02651306239646175,-0.02764712886204237,0.4484575574394737,30,1.5000000000000004,16.75,81.12599524774873,239.28333333333333,19842,1015.7563676004077,16863,854.5792036394978,7436,394.66442876009444,0,0.0,-0.003838278762096046,0.000995663889293147,0.0010973413315417363,0.00037391365629403645,-0.006305197639224967,-0.21017325464083217,0.0011806926928330942,1.1801026415150726e-06,6.487319246053589e-07,-3.6158578153213816e-05,0.0012150224364201874,0.04050074788067292,-0.0006083805409711525,0.00312545205529504,-0.0003642528888262124,0.0028828199359416757
ETHUSDT,15,1,discovery,0.03,0.03,2,2295,2265,0.9869281045751634,30,44141,19296,10,2.287572553897181,13081.788292222469,83,2295,2295.0,2295,2295.0,0.6219311383505591,0.396078431372549,0.025578791538326925,-0.026973566540596374,0.40435729847494556,0,0.0,15.516666666666667,71.97916666666664,239.03333333333333,928,928.0,873,873.0,494,494.0,0,0.0,-0.0027321494085346056,0.0019925431580247966,0.0010974014190883923,0.0003366170021201352,-0.006158710987767929,-0.205290366258931,2265,2265.0,2265,2265.0,0.6264732970025818,0.39823399558498895,0.025628610804019052,-0.027072800529669074,0.4048565121412804,0,0.0,15.75,72.56249999999997,239.03333333333333,917,917.0,868,868.0,480,480.0,0,0.0,-0.0026575860692629513,0.001992692135725639,0.0010974423469872563,0.0003375863693105824,-0.006085306921286429,-0.20284356404288095,44141,2264.9999999999995,44141,2264.9999999999995,0.5791583673577266,0.3902133846329406,0.025742324159727246,-0.028442953687027466,0.4484575574394737,30,1.5000000000000004,16.75,81.12599524774873,239.28333333333333,19842,1015.7563676004077,16863,854.5792036394978,7436,394.66442876009444,0,0.0,-0.003838278762096046,0.001990333109366332,0.001096794263470696,0.0003737268862359476,-0.0072991330211690224,-0.2433044340389674,0.0011806926928330942,2.3590263593073927e-06,6.480835165605852e-07,-3.614051692536506e-05,0.0012138260998825912,0.04046086999608637,-0.0006077608002941549,0.0031223417311241827,-0.0003638676083458419,0.002879952607777853
ETHUSDT,15,1,validation,0.02,0.025,1,663,652,0.9834087481146304,11,12608,5234,12,2.4088651127244938,3355.890694133806,21,663,663.0,663,663.0,0.8360557150635926,0.4464555052790347,0.021339727273033102,-0.020586347127753,0.48114630467571645,0,0.0,8.866666666666667,30.842499999999998,69.51666666666667,319,319.0,273,273.0,71,71.0,0,0.0,0.00033183266551137247,0.0009998319167070506,0.0010996326004118425,0.00010058854517611834,-0.001868220396783639,-0.09341101983918194,652,652.0,652,652.0,0.8489681722274697,0.4539877300613497,0.021339727273033102,-0.020899657496247167,0.48466257668711654,0,0.0,8.883333333333333,31.14499999999998,69.51666666666667,316,316.0,273,273.0,63,63.0,0,0.0,0.00047823762854191785,0.000999978248504183,0.0010997130426590208,0.00010204142303238466,-0.0017234950856536712,-0.08617475428268354,12608,652.0,12608,652.0,0.8663328303160693,0.4549193397998693,0.021474761963367513,-0.0206879383301433,0.4860122324846251,0,0.0,8.266666666666667,34.55483580747056,85.01666666666667,6194,316.87997557997556,5339,274.6619208277102,1075,60.45810359231412,0,0.0,0.000693909887292271,0.0010001938129806946,0.0010998315438408715,0.00010119507891030747,-0.001507310548439605,-0.07536552742198027,-0.00021567225875035107,-2.1556447651170228e-07,-1.1850118185061139e-07,8.463441220771911e-07,-0.0002161845372140661,-0.010809226860703305,-0.003068429808870315,0.00231354729011833,-0.0033711113753384487,0.0019154481921532702
ETHUSDT,15,1,validation,0.02,0.025,2,663,652,0.9834087481146304,11,12608,5234,12,2.4088651127244938,3355.890694133806,21,663,663.0,663,663.0,0.7599401540681227,0.4419306184012066,0.020532920983346532,-0.021396229106366505,0.48114630467571645,0,0.0,8.866666666666667,30.842499999999998,69.51666666666667,319,319.0,273,273.0,71,71.0,0,0.0,0.00033183266551137247,0.0019986650003305764,0.0010990832422158494,0.00010053830114755884,-0.002866453878182612,-0.14332269390913058,652,652.0,652,652.0,0.7722108040258722,0.4493865030674847,0.020532920983346532,-0.021701414098246215,0.48466257668711654,0,0.0,8.883333333333333,31.14499999999998,69.51666666666667,316,316.0,273,273.0,63,63.0,0,0.0,0.00047823762854191785,0.0019989575177392278,0.0010991636040609415,0.00010199045329061022,-0.002721873946548862,-0.13609369732744306,12608,652.0,12608,652.0,0.787852002515525,0.45211074623005515,0.020583796999148637,-0.021559212565359698,0.4860122324846251,0,0.0,8.266666666666667,34.55483580747056,85.01666666666667,6194,316.87997557997556,5339,274.6619208277102,1075,60.45810359231412,0,0.0,0.000693909887292271,0.0019993884313431326,0.001099281986800772,0.00010114453191784478,-0.00250590506276948,-0.12529525313847398,-0.00021567225875035107,-4.309136039046509e-07,-1.1838273983053378e-07,8.459213727654665e-07,-0.0002159688837793815,-0.010798444188969077,-0.0030653619064801942,0.0023112371835719344,-0.003367737937090804,0.0019135347445589524
ETHUSDT,15,1,validation,0.03,0.03,1,663,652,0.9834087481146304,11,12608,5234,12,2.4088651127244938,3355.890694133806,21,663,663.0,663,663.0,0.872397281198078,0.4720965309200603,0.025619175976439614,-0.02626196067007205,0.3650075414781297,0,0.0,12.566666666666666,50.535000000000004,85.75,242,242.0,285,285.0,136,136.0,0,0.0,0.0004741992300690442,0.0009999742121239062,0.0010997108237598698,0.00014357023324954678,-0.001769056039064279,-0.058968534635475967,652,652.0,652,652.0,0.886366796415181,0.48006134969325154,0.025619175976439614,-0.02668678871923186,0.3665644171779141,0,0.0,12.83333333333333,50.589999999999996,85.75,239,239.0,285,285.0,128,128.0,0,0.0,0.000669018352931084,0.001000168933885888,0.001099817867180475,0.00014574826228496603,-0.0015767167104202447,-0.052557223680674836,12608,652.0,12608,652.0,0.8585001060351899,0.468432003005784,0.025968695167765975,-0.02665615512447392,0.3773819823666449,0,0.0,12.816666666666666,53.78333333333333,106.25,4802,246.05305250305247,5494,281.6721772379667,2312,124.27477025898077,0,0.0,0.00024896201958496606,0.0009997490874757383,0.00109958706711266,0.00015461695919703555,-0.0020049910942004675,-0.06683303647334893,0.0004200563333461179,4.198464101495908e-07,2.3080006781477066e-07,-8.868696912069502e-06,0.0004282743837802225,0.014275812792674081,-0.0030996102390104777,0.0032855970651997713,-0.003845813069944029,0.0030994269839988466
ETHUSDT,15,1,validation,0.03,0.03,2,663,652,0.9834087481146304,11,12608,5234,12,2.4088651127244938,3355.890694133806,21,663,663.0,663,663.0,0.8075622015830505,0.4675716440422323,0.02483767636464609,-0.02700983735606116,0.3650075414781297,0,0.0,12.566666666666666,50.535000000000004,85.75,242,242.0,285,285.0,136,136.0,0,0.0,0.0004741992300690442,0.001998949449011015,0.001099161387379582,0.00014349851984632523,-0.0027674101261678775,-0.09224700420559592,652,652.0,652,652.0,0.8209706117487121,0.4754601226993865,0.02483767636464609,-0.027423251127769836,0.3665644171779141,0,0.0,12.83333333333333,50.589999999999996,85.75,239,239.0,285,285.0,128,128.0,0,0.0,0.000669018352931084,0.0019993386980077413,0.0010992683238102078,0.00014567546095515336,-0.0025752641298420185,-0.08584213766140061,12608,652.0,12608,652.0,0.7955527349368229,0.4650865996200191,0.02512614074844074,-0.027460419273918478,0.3773819823666449,0,0.0,12.816666666666666,53.78333333333333,106.25,4802,246.05305250305247,5494,281.6721772379667,2312,124.27477025898077,0,0.0,0.00024896201958496606,0.0019984994246144416,0.0010990377544272338,0.00015453972794868539,-0.0030031148874053943,-0.10010382958017981,0.0004200563333461179,8.392733932997887e-07,2.3056938297405392e-07,-8.864266993532001e-06,0.00042785075756337566,0.014261691918779181,-0.0030965109743093704,0.003282318652733977,-0.003841952256995738,0.0030963183558100874
ETHUSDT,15,-1,discovery,0.02,0.025,1,2598,2566,0.9876828329484219,32,50019,21773,13,2.2972948146787306,14708.709943112182,88,2598,2598.0,2592,2592.0,0.764739068613659,0.3888888888888889,0.021962246424681846,-0.018384264518325037,0.4494598765432099,0,0.0,10.5,69.07999999999994,137.75,1165,1165.0,953,953.0,474,474.0,6,6.0,-0.0006493537991260772,0.001001149928763398,0.0011009077770503394,-0.00011439952557127365,-0.00263701197936854,-0.13185059896842705,2566,2566.0,2560,2560.0,0.7707572942984013,0.390625,0.021971856422974428,-0.018383258378432292,0.448046875,0,0.0,10.533333333333333,69.72,137.75,1147,1147.0,946,946.0,467,467.0,6,6.0,-0.0005745469788135799,0.0010010750845209648,0.001100866592134834,-0.00011444831687152179,-0.002562040338597857,-0.12810201692989287,50019,2566.0,49833,2556.573684210526,0.7506354571544356,0.3914803643524589,0.022026728913573004,-0.019016547928147436,0.47481955438947093,3,0.15000000000000002,10.283333333333333,67.41672494165593,161.0,23675,1213.91117750069,18681,953.375542220937,7477,389.28696448889957,186,9.426315789473684,-0.0008844690937797097,0.0010013851616745054,0.0011010372198405002,-0.00010952538658248853,-0.0028773660887122274,-0.14386830443561135,0.0003099221149661299,-3.1007715354080087e-07,-1.7062770566581274e-07,-4.9229302890332376e-06,0.0003153257501143695,0.0157662875057185,-0.0010918699565724388,0.001735904395209604,-0.0010752764406736254,0.0017349663933782938
ETHUSDT,15,-1,discovery,0.02,0.025,2,2598,2566,0.9876828329484219,32,50019,21773,13,2.2972948146787306,14708.709943112182,88,2598,2598.0,2592,2592.0,0.69240341121524,0.38310185185185186,0.02130649036573712,-0.019225150297170323,0.4494598765432099,0,0.0,10.5,69.07999999999994,137.75,1165,1165.0,953,953.0,474,474.0,6,6.0,-0.0006493537991260772,0.0020033020096077545,0.0011014589606948035,-0.00011445678259107907,-0.003639657986837556,-0.18198289934187775,2566,2566.0,2560,2560.0,0.697864207002474,0.384765625,0.021318857713428663,-0.01922144809336599,0.448046875,0,0.0,10.533333333333333,69.72,137.75,1147,1147.0,946,946.0,467,467.0,6,6.0,-0.0005745469788135799,0.0020031522462037256,0.0011014177345737594,-0.00011450559831139739,-0.0035646113612796677,-0.17823056806398335,50019,2566.0,49833,2556.573684210526,0.6808914161562168,0.38647377468206073,0.021335881859958602,-0.019870363410034002,0.47481955438947093,3,0.15000000000000002,10.283333333333333,67.41672494165593,161.0,23675,1213.91117750069,18681,953.375542220937,7477,389.28696448889957,186,9.426315789473684,-0.0008844690937797097,0.002003772710898349,0.001101588532992573,-0.0001095802040932906,-0.00388025013357734,-0.19401250667886702,0.0003099221149661299,-6.204646946228674e-07,-1.7079841881341e-07,-4.925394218106827e-06,0.00031563877229767273,0.015781938614883643,-0.0010929629466887036,0.0017376334791575818,-0.0010763539304580122,0.0017366969844091321
ETHUSDT,15,-1,discovery,0.03,0.03,1,2598,2566,0.9876828329484219,32,50019,21773,13,2.2972948146787306,14708.709943112182,88,2598,2598.0,2575,2575.0,0.7412738383169805,0.36854368932038833,0.026207398213334124,-0.02113445039917804,0.26407766990291265,0,0.0,17.75,81.0,167.0,680,680.0,888,888.0,1007,1007.0,23,23.0,-0.001477920085002265,0.0010019789095396603,0.0011013639444469982,-0.00015900532324499329,-0.0034222576157439304,-0.11407525385813098,2566,2566.0,2543,2543.0,0.747348361794328,0.37042862760519074,0.02621874957315192,-0.021145836503803937,0.2626818718049548,0,0.0,17.774999999999995,81.11999999999999,167.0,668,668.0,882,882.0,993,993.0,23,23.0,-0.0013891548705479038,0.0010018900999203965,0.0011013150747337577,-0.00015900427571706238,-0.0033333557694849953,-0.11111185898283317,50019,2566.0,49344,2531.528571428571,0.739168361803032,0.3842285072132917,0.026272140544859462,-0.02291659010715625,0.31209093298795615,1,0.05,16.25,84.0,170.25,15392,790.0671137428105,18051,921.7625888000887,15901,819.6988688856725,675,34.47142857142857,-0.001685706674771514,0.0010021868000746927,0.0011014783414111655,-0.00015518038182259466,-0.0036341914344347774,-0.12113971448115927,0.00029655180422361017,-2.967001542962229e-07,-1.6326667740786706e-07,-3.823893894467733e-06,0.00030083566494978214,0.01002785549832607,-0.0014744062036021847,0.0020766742803298255,-0.0015734823825536792,0.00216908796123226
ETHUSDT,15,-1,discovery,0.03,0.03,2,2598,2566,0.9876828329484219,32,50019,21773,13,2.2972948146787306,14708.709943112182,88,2598,2598.0,2575,2575.0,0.6809126519557536,0.36155339805825243,0.025719095893719214,-0.021918501294649777,0.26407766990291265,0,0.0,17.75,81.0,167.0,680,680.0,888,888.0,1007,1007.0,23,23.0,-0.001477920085002265,0.0020049608009708683,0.0011019155844872854,-0.00015908490548885966,-0.004425711564971559,-0.14752371883238527,2566,2566.0,2543,2543.0,0.6865201253906557,0.36335037357451827,0.025734263407885545,-0.02192611052981496,0.2626818718049548,0,0.0,17.774999999999995,81.11999999999999,167.0,668,668.0,882,882.0,993,993.0,23,23.0,-0.0013891548705479038,0.0020047830928338222,0.0011018666658798599,-0.0001590838574366405,-0.004336720771824946,-0.14455735906083153,50019,2566.0,49344,2531.528571428571,0.6814246882840951,0.37832309671636666,0.025700297454778927,-0.023710196840201432,0.31209093298795615,1,0.05,16.25,84.0,170.25,15392,790.0671137428105,18051,921.7625888000887,15901,819.6988688856725,675,34.47142857142857,-0.001685706674771514,0.0020053767901395724,0.0011020300959057013,-0.00015525804968136473,-0.004637855511135423,-0.1545951837045141,0.00029655180422361017,-5.936973057501898e-07,-1.634300258411461e-07,-3.825807755275777e-06,0.00030113473931047747,0.01003782464368257,-0.0014758837204998452,0.002078747683484585,-0.0015750601218572332,0.002171260450027293
ETHUSDT,15,-1,validation,0.02,0.025,1,891,887,0.9955106621773289,4,17102,7898,11,2.1653583185616614,5163.861034229871,35,891,891.0,891,891.0,0.5224922741746258,0.31313131313131315,0.022319012975947447,-0.01947367387751836,0.5645342312008979,0,0.0,8.216666666666667,51.74666666666667,125.35,503,503.0,269,269.0,119,119.0,0,0.0,-0.004339739980671684,0.0010048421610610965,0.001102939520177953,-6.044669810389094e-05,-0.006387074963806843,-0.3193537481903421,887,887.0,887,887.0,0.5259087466405443,0.314543404735062,0.022319012975947447,-0.019474450615954052,0.5636978579481398,0,0.0,8.25,51.78749999999998,125.35,500,500.0,269,269.0,118,118.0,0,0.0,-0.004281576936083356,0.0010047839689204376,0.0011029074984977524,-6.0676121415047754e-05,-0.006328592282086498,-0.3164296141043249,17102,887.0,17102,887.0,0.6182174561156987,0.3570286613246324,0.022068250202247095,-0.019821572391317314,0.5389236900723771,0,0.0,7.416666666666667,46.61666666666667,139.63333333333333,9167,478.02531309419845,5846,299.1998072103335,2089,109.77487969546794,0,0.0,-0.0028121528285521414,0.0010033138097333156,0.0011020985066510574,-5.186003732584107e-05,-0.0048657051076106735,-0.24328525538053364,-0.0014694241075312148,1.470159187122103e-06,8.089918466950986e-07,-8.816084089206687e-06,-0.001462887174475825,-0.07314435872379126,-0.0034170568500028723,0.00020824450914969545,-0.0032341258955901273,0.00020461088673181835
ETHUSDT,15,-1,validation,0.02,0.025,2,891,887,0.9955106621773289,4,17102,7898,11,2.1653583185616614,5163.861034229871,35,891,891.0,891,891.0,0.47477798443523817,0.31200897867564537,0.02142039425462973,-0.02046073398283434,0.5645342312008979,0,0.0,8.216666666666667,51.74666666666667,125.35,503,503.0,269,269.0,119,119.0,0,0.0,-0.004339739980671684,0.0020106901701313646,0.0011034927365829415,-6.0476951706545557e-05,-0.007393445935679445,-0.36967229678397223,887,887.0,887,887.0,0.47788323199833477,0.3134160090191657,0.02142039425462973,-0.020461297554488313,0.5636978579481398,0,0.0,8.25,51.78749999999998,125.35,500,500.0,269,269.0,118,118.0,0,0.0,-0.004281576936083356,0.002010573727599657,0.0011034606828650255,-6.0706489844184425e-05,-0.007334904856703853,-0.36674524283519266,17102,887.0,17102,887.0,0.5619778785069606,0.35366815486378766,0.021296389700721213,-0.020736104225774862,0.5389236900723771,0,0.0,7.416666666666667,46.61666666666667,139.63333333333333,9167,478.02531309419845,5846,299.1998072103335,2089,109.77487969546794,0,0.0,-0.0028121528285521414,0.0020076319375945876,0.0011026508816213809,-5.188599330047863e-05,-0.00587054965446763,-0.29352748272338147,-0.0014694241075312148,2.9417900050693364e-06,8.098012436449561e-07,-8.820496543705789e-06,-0.0014643552022362233,-0.07321776011181118,-0.003420478656855571,0.00020844823845674862,-0.0032373667313837845,0.00020481068524308104
ETHUSDT,15,-1,validation,0.03,0.03,1,891,887,0.9955106621773289,4,17102,7898,11,2.1653583185616614,5163.861034229871,35,891,891.0,891,891.0,0.5825806444792602,0.3501683501683502,0.027258320456177234,-0.02521268347121509,0.4186307519640853,0,0.0,12.55,60.50333333333333,127.0,373,373.0,302,302.0,216,216.0,0,0.0,-0.004816709452446568,0.0010053193691369109,0.001103202115851871,-8.623234315225109e-05,-0.006838998594283099,-0.22796661980943664,887,887.0,887,887.0,0.586905794739525,0.35174746335963925,0.027258320456177234,-0.025200980874553344,0.41713641488162345,0,0.0,12.7,60.57916666666663,127.0,370,370.0,302,302.0,215,215.0,0,0.0,-0.00472687546973772,0.0010052294902147415,0.001103152657727974,-8.670291583052075e-05,-0.006748554701849916,-0.2249518233949972,17102,887.0,17102,887.0,0.6534054236458287,0.3903540518916207,0.026826398920620175,-0.026288187483541663,0.4277807069984934,0,0.0,11.5,63.75,142.25,7287,379.44148710766365,6404,327.0844286432522,3411,180.47408424908429,0,0.0,-0.0035274235443067768,0.0010040294382633321,0.0011024922991404137,-7.925181558102623e-05,-0.005554693466129497,-0.18515644887098326,-0.0011994519254309433,1.200051951409446e-06,6.603585875602801e-07,-7.451100249494535e-06,-0.0011938612357204183,-0.03979537452401395,-0.004282450575747645,0.0016197997789662594,-0.0040679549134643375,0.0013376526859561321
ETHUSDT,15,-1,validation,0.03,0.03,2,891,887,0.9955106621773289,4,17102,7898,11,2.1653583185616614,5163.861034229871,35,891,891.0,891,891.0,0.5398587606381466,0.3490460157126824,0.026372145269598274,-0.026193751405843763,0.4186307519640853,0,0.0,12.55,60.50333333333333,127.0,373,373.0,302,302.0,216,216.0,0,0.0,-0.004816709452446568,0.0020116450639687446,0.0011037555949840283,-8.627550248315813e-05,-0.007845834608916183,-0.26152782029720606,887,887.0,887,887.0,0.543856938359886,0.3506200676437429,0.026372145269598274,-0.02618175119645816,0.41713641488162345,0,0.0,12.7,60.57916666666663,127.0,370,370.0,302,302.0,215,215.0,0,0.0,-0.00472687546973772,0.0020114652161555137,0.0011037060873772412,-8.674631068328879e-05,-0.007755300462587187,-0.2585100154195729,17102,887.0,17102,887.0,0.6060898860640147,0.386993545430776,0.026082906253425867,-0.027167996820045656,0.4277807069984934,0,0.0,11.5,63.75,142.25,7287,379.44148710766365,6404,327.0844286432522,3411,180.47408424908429,0,0.0,-0.0035274235443067768,0.0020090639109994995,0.0011030450681004185,-7.92914811543901e-05,-0.006560241042252305,-0.21867470140841017,-0.0011994519254309433,2.401305156014164e-06,6.610192768228308e-07,-7.454829528898686e-06,-0.0011950594203348813,-0.039835314011162706,-0.004286741174544582,0.0016214202553650405,-0.0040720287368326506,0.0013389858105468412
ETHUSDT,60,1,discovery,0.02,0.025,1,950,880,0.9263157894736842,70,12839,5181,9,2.4780930322331596,3560.3191090936884,82,950,950.0,950,950.0,0.6473604871884647,0.37473684210526315,0.022337039537999075,-0.02067964018544647,0.5505263157894736,0,0.0,10.0,46.0,124.0,523,523.0,351,351.0,76,76.0,0,0.0,-0.0022527247891341484,0.0009972486508853175,0.0010982125146079894,0.00021151951340152547,-0.004559705468028981,-0.22798527340144903,880,880.0,880,880.0,0.6802574632741912,0.3875,0.022386262079131147,-0.020819671960037662,0.5465909090909091,0,0.0,10.025,46.05,124.0,481,481.0,337,337.0,62,62.0,0,0.0,-0.0017716077409011685,0.000997729527495245,0.0010984768645023817,0.00020955838696095136,-0.0040773725198597465,-0.20386862599298733,12839,880.0,12839,880.0,0.7356679312969195,0.4088230888712876,0.022208284067522736,-0.020876184677273497,0.5314825345519478,8,0.8484848484848484,10.516666666666667,48.833333333333336,168.05,6647,467.70463040571406,5371,352.0539774123365,821,60.241392181949465,0,0.0,-0.0009422382107659766,0.0009985584825478522,0.0010989325618186775,0.00022252982751494452,-0.0032622590826474522,-0.1631129541323726,-0.000829369530135191,-8.289550526074419e-07,-4.556973162954141e-07,-1.2971440553993182e-05,-0.0008151134372122952,-0.04075567186061476,-0.0025386722409800585,0.0010579200553731875,-0.0025374752454369806,0.0011280861750186436
ETHUSDT,60,1,discovery,0.02,0.025,2,950,880,0.9263157894736842,70,12839,5181,9,2.4780930322331596,3560.3191090936884,82,950,950.0,950,950.0,0.5898025902787059,0.3736842105263158,0.02137552869214841,-0.021623280244751464,0.5505263157894736,0,0.0,10.0,46.0,124.0,523,523.0,351,351.0,76,76.0,0,0.0,-0.0022527247891341484,0.001993501049372246,0.0010976645757888213,0.0002114138592989273,-0.005555304273594143,-0.2777652136797071,880,880.0,880,880.0,0.6200200343321729,0.3875,0.021363721611093175,-0.021799011528657875,0.5465909090909091,0,0.0,10.025,46.05,124.0,481,481.0,337,337.0,62,62.0,0,0.0,-0.0017716077409011685,0.001994462322195888,0.0010979286614652966,0.00020945371244198986,-0.005073452437004342,-0.2536726218502171,12839,880.0,12839,880.0,0.6704005597163644,0.405773086845684,0.02134954572732441,-0.02174629081665407,0.5314825345519478,8,0.8484848484848484,10.516666666666667,48.833333333333336,168.05,6647,467.70463040571406,5371,352.0539774123365,821,60.241392181949465,0,0.0,-0.0009422382107659766,0.001996119404174185,0.0010983839033117829,0.00022241867375494704,-0.004259160192006893,-0.2129580096003446,-0.000829369530135191,-1.657081978296985e-06,-4.552418464862767e-07,-1.2964961312957217e-05,-0.0008142922449974507,-0.04071461224987253,-0.0025361333763957244,0.0010568590835000244,-0.0025349375490346846,0.0011269659402397174
ETHUSDT,60,1,discovery,0.03,0.03,1,950,880,0.9263157894736842,70,12839,5181,9,2.4780930322331596,3560.3191090936884,82,950,950.0,950,950.0,0.7114863378541072,0.4189473684210526,0.027129668911171734,-0.027492986762836843,0.42210526315789476,1,1.0,17.108333333333334,78.0,224.03333333333333,401,401.0,392,392.0,157,157.0,0,0.0,-0.002167151382578659,0.0009973341815265482,0.0010982595329397421,0.0003462238149967193,-0.004608968912041669,-0.15363229706805562,880,880.0,880,880.0,0.7602667023438816,0.43636363636363634,0.027183886705183985,-0.027681851174536826,0.4113636363636364,1,1.0,17.541666666666664,74.49999999999991,224.03333333333333,362,362.0,379,379.0,139,139.0,0,0.0,-0.0012999670534376536,0.0009982009324802116,0.001098736007607745,0.00034353428804213213,-0.0037404382815677422,-0.1246812760522581,12839,880.0,12839,880.0,0.7337311049045866,0.4322531820331216,0.02699415985472663,-0.028010210663987435,0.4246640554343552,3,0.40202020202020206,17.833333333333332,79.2,239.03333333333333,5304,373.70436878223256,5728,372.2724593947504,1807,134.02317182301704,0,0.0,-0.0017611864188436552,0.0009977399436092414,0.001098482590500651,0.0003769875285909153,-0.004234396481544462,-0.1411465493848154,0.0004612193654060009,4.6098887097026034e-07,2.5341710709425655e-07,-3.345324054878319e-05,0.0004939581999767194,0.016465273332557314,-0.0014862722051081632,0.002608756889205429,-0.0013446656203936578,0.002474996656265102
ETHUSDT,60,1,discovery,0.03,0.03,2,950,880,0.9263157894736842,70,12839,5181,9,2.4780930322331596,3560.3191090936884,82,950,950.0,950,950.0,0.6611586326406658,0.41789473684210526,0.02616892426060227,-0.028414863419265975,0.42210526315789476,1,1.0,17.108333333333334,78.0,224.03333333333333,401,401.0,392,392.0,157,157.0,0,0.0,-0.002167151382578659,0.0019936720252095234,0.0010977115471257164,0.0003460508760281895,-0.005604585830942088,-0.18681952769806964,880,880.0,880,880.0,0.7067042514974513,0.43636363636363634,0.026156498958385125,-0.028654409109704664,0.4113636363636364,1,1.0,17.541666666666664,74.49999999999991,224.03333333333333,362,362.0,379,379.0,139,139.0,0,0.0,-0.0012999670534376536,0.001995404661231784,0.0010981875455569317,0.0003433626924936596,-0.0047369219527200294,-0.15789739842400094,12839,880.0,12839,880.0,0.6821676094929056,0.4292031800075179,0.02615562940997458,-0.028830718583558925,0.4246640554343552,3,0.40202020202020206,17.833333333333332,79.2,239.03333333333333,5304,373.70436878223256,5728,372.2724593947504,1807,134.02317182301704,0,0.0,-0.0017611864188436552,0.001994483144018183,0.001097934381740426,0.0003767992231320787,-0.005230403167734342,-0.1743467722578114,0.0004612193654060009,9.215172136011195e-07,2.5316381650580646e-07,-3.3436530638419154e-05,0.0004934812150143134,0.016449373833810434,-0.0014847748060408466,0.002606166086770052,-0.0013433068777859692,0.0024725317006924837
ETHUSDT,60,1,validation,0.02,0.025,1,242,213,0.8801652892561983,29,2988,1331,7,2.244928625093914,905.6476461869462,21,242,242.0,242,242.0,1.001360166325899,0.48760330578512395,0.021929561745934807,-0.020840107906516064,0.4628099173553719,0,0.0,9.20833333333333,33.24999999999996,66.51666666666667,112,112.0,113,113.0,17,17.0,0,0.0,0.0022187929534386052,0.0010017179339863343,0.0011006693912606986,0.00010188122483489428,1.4524403356677093e-05,0.0007262201678338608,213,213.0,213,213.0,1.0117600980890915,0.49295774647887325,0.02203520834508186,-0.021174109618324475,0.4694835680751174,0,0.0,9.066666666666666,35.91916666666667,66.51666666666667,100,100.0,101,101.0,12,12.0,0,0.0,0.0023319782072923545,0.0010018310626758416,0.001100731580929539,0.00010315717188156247,0.00012625839180541073,0.006312919590270547,2988,213.0,2988,213.0,1.0606905900279526,0.4995788065382101,0.022208895211869122,-0.020902900381619273,0.4551488992458338,0,0.0,8.65,35.85,73.51666666666667,1398,96.9467155393626,1461,102.63800529535824,129,13.415279165279165,0,0.0,0.0028436593293718207,0.0010023424880852168,0.0011010127242627077,0.00010546510832896934,0.0006348390086949251,0.03174195043474627,-0.000511681122079465,-5.114254093752946e-07,-2.8114333316855083e-07,-2.307936447406874e-06,-0.0005085806168895147,-0.02542903084447573,-0.003856959324941171,0.0027028177971314734,-0.0035314096931873167,0.0018968178097745925
ETHUSDT,60,1,validation,0.02,0.025,2,242,213,0.8801652892561983,29,2988,1331,7,2.244928625093914,905.6476461869462,21,242,242.0,242,242.0,0.9118446862688142,0.48760330578512395,0.020907528486071508,-0.02181936702764466,0.4628099173553719,0,0.0,9.20833333333333,33.24999999999996,66.51666666666667,112,112.0,113,113.0,17,17.0,0,0.0,0.0022187929534386052,0.0020024351507560052,0.0011001189967914755,0.00010183033511219954,-0.000985591529221075,-0.04927957646105374,213,213.0,213,213.0,0.9221929263351742,0.49295774647887325,0.02101306787906408,-0.022153034322521945,0.4694835680751174,0,0.0,9.066666666666666,35.91916666666667,66.51666666666667,100,100.0,101,101.0,12,12.0,0,0.0,0.0023319782072923545,0.002002661295119353,0.0011001811243016952,0.00010310564482268059,-0.0008739698569513743,-0.04369849284756871,2988,213.0,2988,213.0,0.966585408661919,0.4995788065382101,0.02118658529087095,-0.021882102233161678,0.4551488992458338,0,0.0,8.65,35.85,73.51666666666667,1398,96.9467155393626,1461,102.63800529535824,129,13.415279165279165,0,0.0,0.0028436593293718207,0.0020036836350236092,0.0011004619866318917,0.00010541242845467917,-0.0003658987207383599,-0.018294936036917984,-0.000511681122079465,-1.0223399042558726e-06,-2.808623301963566e-07,-2.3067836319985783e-06,-0.0005080711362130142,-0.025403556810650704,-0.0038531097106048093,0.002700115854680905,-0.0035278742918550695,0.0018949213893146581
ETHUSDT,60,1,validation,0.03,0.03,1,242,213,0.8801652892561983,29,2988,1331,7,2.244928625093914,905.6476461869462,21,242,242.0,242,242.0,0.945159307398378,0.5,0.026691126542554372,-0.02823981770440763,0.3925619834710744,0,0.0,13.583333333333332,49.60666666666666,85.0,95,95.0,116,116.0,31,31.0,0,0.0,0.001479481745095335,0.001000978992248849,0.0011002631765140657,0.00015258515725905005,-0.0007743455809266302,-0.025811519364220985,213,213.0,213,213.0,0.8848840053157393,0.48826291079812206,0.026795288406346426,-0.028892088209016915,0.41784037558685444,0,0.0,14.15,49.49833333333333,85.0,89,89.0,100,100.0,24,24.0,0,0.0,0.0005497127630856217,0.0010000496879189976,0.0010997523146913416,0.00015191836856361845,-0.0017020076080883362,-0.05673358693627788,2988,213.0,2988,213.0,1.0481001772876672,0.5164378611354585,0.02682173840711171,-0.027330646944004788,0.3576112264181858,0,0.0,13.3,50.3,86.53333333333333,1146,76.17119122707358,1515,105.42898392457217,327,31.399824848354257,0,0.0,0.002897610174531381,0.0010023964119684411,0.0011010423675694096,0.00015847627288457982,0.0006356951221089503,0.021189837403631704,-0.00234789741144576,-2.346724049443335e-06,-1.2900528780679906e-06,-6.5579043209613815e-06,-0.0023377027301972873,-0.07792342433990955,-0.006931279224820069,0.001630858445325834,-0.006633666925053208,0.0008819859920917737
ETHUSDT,60,1,validation,0.03,0.03,2,242,213,0.8801652892561983,29,2988,1331,7,2.244928625093914,905.6476461869462,21,242,242.0,242,242.0,0.8785625033149083,0.5,0.02566431192348459,-0.029211708702170245,0.3925619834710744,0,0.0,13.583333333333332,49.60666666666666,85.0,95,95.0,116,116.0,31,31.0,0,0.0,0.001479481745095335,0.0020009580054845943,0.0010997131880567858,0.00015250894089678278,-0.0017736983893428273,-0.05912327964476093,213,213.0,213,213.0,0.8232952395567719,0.48826291079812206,0.025768373498035343,-0.029863330716828087,0.41784037558685444,0,0.0,14.15,49.49833333333333,85.0,89,89.0,100,100.0,24,24.0,0,0.0,0.0005497127630856217,0.001999100325200861,0.0010992028368408367,0.00015184248526263762,-0.0027004328842187134,-0.09001442947395712,2988,213.0,2988,213.0,0.9733262301633837,0.5164378611354585,0.025794793923623917,-0.028303452795310866,0.3576112264181858,0,0.0,13.3,50.3,86.53333333333333,1146,76.17119122707358,1515,105.42898392457217,327,31.399824848354257,0,0.0,0.002897610174531381,0.002003791428920033,0.0011004916003100862,0.000158397113907115,-0.0003650699686058533,-0.012168998953528446,-0.00234789741144576,-4.69110371917224e-06,-1.288763469249636e-06,-6.554628644477387e-06,-0.00233536291561286,-0.07784543052042867,-0.006924355384026817,0.001629232136144691,-0.006627035569571416,0.0008811048387726958
ETHUSDT,60,-1,discovery,0.02,0.025,1,1072,988,0.9216417910447762,84,14869,5947,10,2.5002522280141246,3995.4366738548633,84,1072,1072.0,1069,1069.0,0.7240531888161801,0.3816651075771749,0.022046244784973974,-0.0189323496684231,0.47988774555659497,0,0.0,10.466666666666667,72.93666666666664,137.0,513,513.0,388,388.0,168,168.0,3,3.0,-0.001225386621386411,0.001001726249746151,0.001101224912079123,-0.00010699774197720387,-0.0032213400412344807,-0.16106700206172403,988,988.0,985,985.0,0.72642081518609,0.38071065989847713,0.022119669885359655,-0.01886914952269029,0.4781725888324873,0,0.0,10.075000000000001,73.955,137.0,471,471.0,358,358.0,156,156.0,3,3.0,-0.001192961816090571,0.0010016938087203415,0.0011012070605936463,-0.00010867038563216439,-0.0031871922997723937,-0.15935961498861972,14869,988.0,14842,984.452380952381,0.7786840689087838,0.40184566518044207,0.0220206487130141,-0.019148541077336385,0.47358254722964455,2,0.1,10.033333333333333,70.0,149.0,6952,466.219466197717,5728,378.08611525643255,2162,140.14679949823136,27,3.5476190476190474,-0.0005368065440357363,0.0010010373252065292,0.0011008458141280836,-0.0001118148309774134,-0.002526874852392936,-0.1263437426196468,-0.0006561552720548346,6.564835138122831e-07,3.6124646556275866e-07,3.1444453452490094e-06,-0.0006603174473794586,-0.03301587236897294,-0.002108804071108468,0.0009183401988676092,-0.0021284523230790326,0.0009873530988883583
ETHUSDT,60,-1,discovery,0.02,0.025,2,1072,988,0.9216417910447762,84,14869,5947,10,2.5002522280141246,3995.4366738548633,84,1072,1072.0,1069,1069.0,0.6566766421205882,0.3760523854069224,0.02138800014772998,-0.019776425562271584,0.47988774555659497,0,0.0,10.466666666666667,72.93666666666664,137.0,513,513.0,388,388.0,168,168.0,3,3.0,-0.001225386621386411,0.002004455228471136,0.0011017764130174218,-0.00010705129440061588,-0.004224566968474352,-0.2112283484237176,988,988.0,985,985.0,0.6588232735850998,0.3746192893401015,0.021491046266039388,-0.01969930272512707,0.4781725888324873,0,0.0,10.075000000000001,73.955,137.0,471,471.0,358,358.0,156,156.0,3,3.0,-0.001192961816090571,0.002004390313946019,0.00110175854367152,-0.00010872477521456288,-0.0041903858984935465,-0.2095192949246773,14869,988.0,14842,984.452380952381,0.706600603095802,0.39474125424003415,0.021442423842966928,-0.01992965104988652,0.47358254722964455,2,0.1,10.033333333333333,70.0,149.0,6952,466.219466197717,5728,378.08611525643255,2162,140.14679949823136,27,3.5476190476190474,-0.0005368065440357363,0.002003076689777741,0.0011013969357785976,-0.00011187079435628099,-0.003529409375235793,-0.17647046876178968,-0.0006561552720548346,1.3136241682777652e-06,3.616078929227258e-07,3.146019141718104e-06,-0.0006609765232577533,-0.03304882616288767,-0.0021109101634882842,0.0009192630309094958,-0.002130580725727411,0.0009883433021454224
ETHUSDT,60,-1,discovery,0.03,0.03,1,1072,988,0.9216417910447762,84,14869,5947,10,2.5002522280141246,3995.4366738548633,84,1072,1072.0,1062,1062.0,0.7379598877895291,0.3766478342749529,0.02649378686157396,-0.022235000793678277,0.2824858757062147,0,0.0,18.0,83.08999999999999,167.0,300,300.0,379,379.0,383,383.0,10,10.0,-0.0016456542456260261,0.0010021467276093172,0.0011014562905352794,-0.0001511995098809822,-0.0035980577538896404,-0.11993525846298801,988,988.0,979,979.0,0.7441926070640722,0.3769152196118488,0.026595849363312093,-0.022145754335911663,0.27783452502553624,0,0.0,18.06666666666667,83.57999999999998,167.0,272,272.0,351,351.0,356,356.0,9,9.0,-0.0015479920991239373,0.0010020490166073148,0.0011014025226136525,-0.0001537927420148015,-0.0034976508963301036,-0.11658836321100342,14869,988.0,14747,975.2098444641015,0.7844430966521491,0.40170739845211595,0.026260762074273684,-0.023186768563226753,0.3092919658615335,0,0.0,16.0,92.55880663250649,172.0,4453,301.6245699218223,5693,371.87291724443423,4601,301.71235729784496,122,12.790155535898569,-0.0010053707349771742,0.0010015061237967583,0.0011011037822723257,-0.00015511984878583733,-0.002952860792260421,-0.09842869307534736,-0.0005426213641467636,5.428928105563183e-07,2.9874034132651474e-07,1.3271067710358418e-06,-0.0005447901040696822,-0.018159670135656076,-0.0026224486572309245,0.0014978278026338693,-0.0025350228518404238,0.0015239106692091621
ETHUSDT,60,-1,discovery,0.03,0.03,2,1072,988,0.9216417910447762,84,14869,5947,10,2.5002522280141246,3995.4366738548633,84,1072,1072.0,1062,1062.0,0.6796761754067366,0.3700564971751412,0.02597283207608773,-0.02301951605471666,0.2824858757062147,0,0.0,18.0,83.08999999999999,167.0,300,300.0,379,379.0,383,383.0,10,10.0,-0.0016456542456260261,0.0020052966050962432,0.0011020080229678971,-0.00015127518531135305,-0.004601683688378814,-0.1533894562792938,988,988.0,979,979.0,0.6854056600315153,0.36976506639427986,0.026115958658569315,-0.022911157537415325,0.27783452502553624,0,0.0,18.06666666666667,83.57999999999998,167.0,272,272.0,351,351.0,356,356.0,9,9.0,-0.0015479920991239373,0.002005101085283426,0.001101954201251424,-0.0001538697153591533,-0.0045011776702996355,-0.15003925567665452,14869,988.0,14747,975.2098444641015,0.7235315202040437,0.3929462540542722,0.025862268256178357,-0.023859345180045056,0.3092919658615335,0,0.0,16.0,92.55880663250649,172.0,4453,301.6245699218223,5693,371.87291724443423,4601,301.71235729784496,122,12.790155535898569,-0.0010053707349771742,0.002004014756226072,0.0011016551620201618,-0.00015519748634779224,-0.003955843166875616,-0.1318614388958539,-0.0005426213641467636,1.0863290573537527e-06,2.9903923126227176e-07,1.3277709886389625e-06,-0.0005453345034240185,-0.01817781678080062,-0.00262506901164373,0.001499326302338858,-0.0025375593560429776,0.0015254388072250995
ETHUSDT,60,-1,validation,0.02,0.025,1,343,296,0.8629737609329446,47,4228,1982,7,2.1331987891019173,1239.148961389878,30,343,343.0,343,343.0,0.5133270286512887,0.32653061224489793,0.021774609877520085,-0.02056659014239102,0.5918367346938775,0,0.0,6.95,58.16583333333328,124.6,203,203.0,105,105.0,35,35.0,0,0.0,-0.00469778270783039,0.001005200382899168,0.0011031366406999013,-6.522755472369915e-05,-0.006740892176705761,-0.337044608835288,296,296.0,296,296.0,0.48348326886250953,0.3141891891891892,0.021774621143645898,-0.02063270022764595,0.6047297297297297,0,0.0,6.508333333333334,59.885,124.6,179,179.0,87,87.0,30,30.0,0,0.0,-0.005270529485790644,0.0010057734161937758,0.0011034519665960914,-7.097655826612456e-05,-0.007308778310314386,-0.36543891551571933,4228,296.0,4228,296.0,0.6730597998659634,0.3785490410200163,0.022229234046384074,-0.020118061628703963,0.5285941183290254,0,0.0,6.866666666666666,48.17066082633536,139.13333333333333,2340,156.4638590253915,1532,106.74871268222662,356,32.78742829238185,0,0.0,-0.0020363539823888173,0.00100253762279368,0.0011016713903828506,-5.302953445704675e-05,-0.004087533461108302,-0.20437667305541507,-0.003234175503401826,3.2357934000957086e-06,1.7805762132410452e-06,-1.7947023809077817e-05,-0.0032212448492060855,-0.16106224246030426,-0.005486359134175563,-0.0008746842745636607,-0.005141218992966233,-0.0010920382087101438
ETHUSDT,60,-1,validation,0.02,0.025,2,343,296,0.8629737609329446,47,4228,1982,7,2.1331987891019173,1239.148961389878,30,343,343.0,343,343.0,0.4671401877649061,0.3236151603498542,0.020988127327429287,-0.021496188074565183,0.5918367346938775,0,0.0,6.95,58.16583333333328,124.6,203,203.0,105,105.0,35,35.0,0,0.0,-0.00469778270783039,0.0020114069723879383,0.0011036900543241201,-6.52602011474848e-05,-0.007747619533394963,-0.38738097666974813,296,296.0,296,296.0,0.43999826729422253,0.3141891891891892,0.02079643269285603,-0.021653334715224112,0.6047297297297297,0,0.0,6.508333333333334,59.885,124.6,179,179.0,87,87.0,30,30.0,0,0.0,-0.005270529485790644,0.0020125536125840562,0.001104005695704106,-7.101208206906056e-05,-0.008316076712009745,-0.4158038356004872,4228,296.0,4228,296.0,0.612435092165509,0.3764950420910173,0.02137030102141687,-0.021070261346456676,0.5285941183290254,0,0.0,6.866666666666666,48.17066082633536,139.13333333333333,2340,156.4638590253915,1532,106.74871268222662,356,32.78742829238185,0,0.0,-0.0020363539823888173,0.0020060787867514193,0.0011022233380230272,-5.305607576558381e-05,-0.0050916000313976795,-0.254580001569884,-0.003234175503401826,6.4748258326367154e-06,1.78235768107894e-06,-1.7956006303476752e-05,-0.0032244766806120654,-0.16122383403060328,-0.005491854542065014,-0.0008755673096145564,-0.005146377712263448,-0.0010931344841051572
ETHUSDT,60,-1,validation,0.03,0.03,1,343,296,0.8629737609329446,47,4228,1982,7,2.1331987891019173,1239.148961389878,30,343,343.0,343,343.0,0.6119865284480981,0.3848396501457726,0.026725729731113958,-0.027319905068205922,0.44314868804664725,0,0.0,11.45,66.47249999999995,125.0,152,152.0,125,125.0,66,66.0,0,0.0,-0.004500841101954565,0.0010050033427732377,0.0011030282144446004,-8.787077904293366e-05,-0.00652100188012947,-0.217366729337649,296,296.0,296,296.0,0.5981912997595129,0.38513513513513514,0.02677039985533898,-0.028031622064048613,0.47297297297297297,0,0.0,11.75,68.68666666666665,125.0,140,140.0,108,108.0,48,48.0,0,0.0,-0.004911369058214562,0.0010054140760961635,0.001103254230723871,-9.459941858796338e-05,-0.006925437946446634,-0.23084793154822117,4228,296.0,4228,296.0,0.7239193611425396,0.42313372814533806,0.026946999248158594,-0.027303776190337373,0.4415355057286172,0,0.0,10.433333333333334,70.0,142.0,1966,130.6945096956707,1750,118.72078007132187,512,46.58471023300744,0,0.0,-0.002330139597229651,0.0010028315553748078,0.0011018331341339325,-8.636096246735628e-05,-0.004348443324271037,-0.14494811080903452,-0.0025812294609849113,2.5825207213554967e-06,1.4210965899384348e-06,-8.238456120607138e-06,-0.0025769946221755975,-0.0858998207391866,-0.005614886478135009,0.00033902564508917903,-0.005044257959225073,-0.0006182995790168659
ETHUSDT,60,-1,validation,0.03,0.03,2,343,296,0.8629737609329446,47,4228,1982,7,2.1331987891019173,1239.148961389878,30,343,343.0,343,343.0,0.5683638568524099,0.3819241982507289,0.025952752437949297,-0.028215802456488432,0.44314868804664725,0,0.0,11.45,66.47249999999995,125.0,152,152.0,125,125.0,66,66.0,0,0.0,-0.004500841101954565,0.002011012694898697,0.0011035815195882693,-8.791475841182402e-05,-0.007527520558029709,-0.25091735193432363,296,296.0,296,296.0,0.5560518067765469,0.38513513513513514,0.02579719534719962,-0.029059671424442903,0.47297297297297297,0,0.0,11.75,68.68666666666665,125.0,140,140.0,108,108.0,48,48.0,0,0.0,-0.004911369058214562,0.00201183457268901,0.0011038077619969968,-9.464676564431374e-05,-0.007932364627256256,-0.2644121542418752,4228,296.0,4228,296.0,0.6724987882257758,0.4210797292163392,0.026103231245982475,-0.028232435398058926,0.4415355057286172,0,0.0,10.433333333333334,70.0,142.0,1966,130.6945096956707,1750,118.72078007132187,512,46.58471023300744,0,0.0,-0.002330139597229651,0.0020066669461404883,0.0011023852435988535,-8.640418617229489e-05,-0.005352787600796699,-0.17842625335988996,-0.0025812294609849113,5.167626548522044e-06,1.4225183981433823e-06,-8.24257947201885e-06,-0.002579577026459557,-0.08598590088198525,-0.005620500328630247,0.0003393596629217579,-0.005049311955695255,-0.0006189221942756132
SOLUSDT,5,1,discovery,0.02,0.025,1,3618,3612,0.9983416252072969,6,71820,42212,10,1.7014119207808207,30279.940172596987,75,3618,3618.0,3618,3618.0,0.6338526948643132,0.39994472084024324,0.02079322361343424,-0.021864632927458383,0.546710889994472,0,0.0,3.8666666666666667,20.89666666666666,71.56666666666666,1978,1978.0,1371,1371.0,269,269.0,0,0.0,-0.0016016362832007222,0.0019948019255079793,0.0010980219589852103,0.00010938823387402936,-0.00480384840156794,-0.24019242007839703,3612,3612.0,3612,3612.0,0.6349409672273225,0.4003322259136213,0.020792570036106257,-0.0218617369532654,0.5462347729789591,0,0.0,3.8666666666666667,20.85999999999998,71.56666666666666,1973,1973.0,1370,1370.0,269,269.0,0,0.0,-0.00158353268898677,0.0019948380965253898,0.0010980318960679683,0.00010944060982718577,-0.004785843291407313,-0.23929216457036567,71820,3611.9999999999995,71820,3611.9999999999995,0.6696844694971442,0.41023457657921736,0.021193471633728915,-0.022013283678093794,0.5434124508427272,0,0.0,3.95,22.433333333333334,92.71666666666667,39052,1962.8057724439304,28674,1436.165991902834,4094,213.0282356532357,0,0.0,-0.0010775921904547623,0.0019958489666523286,0.0010983096073635913,0.00011662794291567252,-0.004288378707386357,-0.21441893536931775,-0.0005059404985320067,-1.010870126938838e-06,-2.7771129562278283e-07,-7.187333088486717e-06,-0.0004974645840209584,-0.024873229201047915,-0.0019962563138187658,0.0009213979103063979,-0.0018453381673664423,0.0008276051503439836
SOLUSDT,5,1,discovery,0.02,0.025,2,3618,3612,0.9983416252072969,6,71820,42212,10,1.7014119207808207,30279.940172596987,75,3618,3618.0,3618,3618.0,0.5249691190644924,0.3919292426755113,0.01915559119076474,-0.023518810502873765,0.546710889994472,0,0.0,3.8666666666666667,20.89666666666666,71.56666666666666,1978,1978.0,1371,1371.0,269,269.0,0,0.0,-0.0016016362832007222,0.003985622210446305,0.0010969270078284939,0.00010927906397994348,-0.006793464565455466,-0.33967322827277324,3612,3612.0,3612,3612.0,0.5258625408328772,0.3923034330011074,0.0191552100574048,-0.023515272133160056,0.5462347729789591,0,0.0,3.8666666666666667,20.85999999999998,71.56666666666666,1973,1973.0,1370,1370.0,269,269.0,0,0.0,-0.00158353268898677,0.003985694480283486,0.0010969369250569013,0.00010933138766168957,-0.0067754954819888484,-0.33877477409944246,71820,3611.9999999999995,71820,3611.9999999999995,0.5559250850497056,0.40675814959780704,0.019324864827322014,-0.0238344248156755,0.5434124508427272,0,0.0,3.95,22.433333333333334,92.71666666666667,39052,1962.8057724439304,28674,1436.165991902834,4094,213.0282356532357,0,0.0,-0.0010775921904547623,0.003987714202832517,0.0010972140814836922,0.00011651154776306204,-0.006279032022534037,-0.3139516011267019,-0.0005059404985320067,-2.019722549031199e-06,-2.7715642679063694e-07,-7.1801601013724585e-06,-0.0004964634594548126,-0.024823172972740618,-0.001992259494913341,0.0009195703661927947,-0.0018416489710690427,0.0008259547018424553
SOLUSDT,5,1,discovery,0.03,0.03,1,3618,3612,0.9983416252072969,6,71820,42212,10,1.7014119207808207,30279.940172596987,75,3618,3618.0,3618,3618.0,0.7030121494974839,0.4483139856274185,0.025571975699274697,-0.029559138022411974,0.45439469320066334,0,0.0,6.916666666666667,30.94666666666666,130.83333333333334,1644,1644.0,1543,1543.0,431,431.0,0,0.0,-0.0015740671137820308,0.00199485700876356,0.0010980370917325999,0.0001761274834859732,-0.004843088697764164,-0.16143628992547215,3612,3612.0,3612,3612.0,0.70453507729555,0.448781838316722,0.025571264048309283,-0.02955026167410842,0.453765227021041,0,0.0,6.925000000000002,30.961666666666652,130.83333333333334,1639,1639.0,1542,1542.0,431,431.0,0,0.0,-0.0015434592518447914,0.001994918163332865,0.001098053892421652,0.0001762907219800133,-0.004812722029579323,-0.16042406765264408,71820,3611.9999999999995,71820,3611.9999999999995,0.6952720211010069,0.4481370810514893,0.02594213749225404,-0.030299165761706923,0.4749072764613069,0,0.0,6.766666666666667,35.05320512697485,152.31666666666666,34133,1715.3650825782404,31295,1566.0531713900139,6392,330.5817460317461,0,0.0,-0.0018062965268434727,0.0019943930139322713,0.0010979096207525735,0.00019675312541691625,-0.005095352286945233,-0.16984507623150777,0.0002628372749986808,5.251494005944711e-07,1.4427166907895332e-07,-2.0462403436902953e-05,0.00028263025736590986,0.009421008578863665,-0.0018345613694462596,0.0023072682389938958,-0.0018410079208390116,0.0023084411365162866
SOLUSDT,5,1,discovery,0.03,0.03,2,3618,3612,0.9983416252072969,6,71820,42212,10,1.7014119207808207,30279.940172596987,75,3618,3618.0,3618,3618.0,0.6069911511221844,0.4400221116639027,0.02398266552166633,-0.03104693361468176,0.45439469320066334,0,0.0,6.916666666666667,30.94666666666666,130.83333333333334,1644,1644.0,1543,1543.0,431,431.0,0,0.0,-0.0015740671137820308,0.00398573226701085,0.0010969421103405638,0.00017595170755435043,-0.006832693198687797,-0.2277564399562599,3612,3612.0,3612,3612.0,0.6082925533911469,0.44047619047619047,0.02398223164829214,-0.031037087442022392,0.453765227021041,0,0.0,6.925000000000002,30.961666666666652,130.83333333333334,1639,1639.0,1542,1542.0,431,431.0,0,0.0,-0.0015434592518447914,0.003985854454084452,0.001096958877461739,0.0001761147831357218,-0.006802387366526706,-0.2267462455508902,71820,3611.9999999999995,71820,3611.9999999999995,0.6018849932986281,0.44425921442445326,0.02410882785341629,-0.032020400111202225,0.4749072764613069,0,0.0,6.766666666666667,35.05320512697485,152.31666666666666,34133,1715.3650825782404,31295,1566.0531713900139,6392,330.5817460317461,0,0.0,-0.0018062965268434727,0.003984805203485657,0.001096814894048319,0.00019655676501230854,-0.007084473389389759,-0.23614911297965863,0.0002628372749986808,1.0492505987952405e-06,1.439834134199423e-07,-2.0441981876586675e-05,0.0002820860228630521,0.009402867428768408,-0.0018308739908978564,0.002302677754033504,-0.0018373121277720909,0.002303845654997436
SOLUSDT,5,1,validation,0.02,0.025,1,1110,1110,1.0,0,22154,12936,12,1.7125850340136055,9294.937699298893,24,1110,1110.0,1110,1110.0,0.5684163244762642,0.35765765765765767,0.02064017336937942,-0.02021844615391576,0.5126126126126126,0,0.0,4.6416666666666675,23.4,53.583333333333336,569,569.0,373,373.0,168,168.0,0,0.0,-0.0024713604570094543,0.0019930642148709965,0.0010975445664304657,4.3078761777648364e-05,-0.005605048000088565,-0.28025240000442825,1110,1110.0,1110,1110.0,0.5684163244762642,0.35765765765765767,0.02064017336937942,-0.02021844615391576,0.5126126126126126,0,0.0,4.6416666666666675,23.4,53.583333333333336,569,569.0,373,373.0,168,168.0,0,0.0,-0.0024713604570094543,0.0019930642148709965,0.0010975445664304657,4.3078761777648364e-05,-0.005605048000088565,-0.28025240000442825,22154,1109.9999999999998,22154,1109.9999999999998,0.6775947246498054,0.40156618156618157,0.021187986511624377,-0.020982666326447765,0.5056860706860709,0,0.0,5.516666666666667,29.083333333333332,57.0,11215,561.3115384615385,8621,431.5884615384615,2318,117.1,0,0.0,-0.0008961690405476214,0.001996211450468327,0.0010984091907299417,5.756861036418801e-05,-0.004048358292110079,-0.20241791460550393,-0.0015751914164618323,-3.1472355973298994e-06,-8.646242994754644e-07,-1.4489848586539626e-05,-0.0015566897079784872,-0.07783448539892436,-0.004843388764636062,0.001082705243732471,-0.0039010378556803456,0.00033003675035483157
SOLUSDT,5,1,validation,0.02,0.025,2,1110,1110,1.0,0,22154,12936,12,1.7125850340136055,9294.937699298893,24,1110,1110.0,1110,1110.0,0.46741859848771544,0.34954954954954953,0.019064458629365656,-0.021918610355642,0.5126126126126126,0,0.0,4.6416666666666675,23.4,53.583333333333336,569,569.0,373,373.0,168,168.0,0,0.0,-0.0024713604570094543,0.003982150257656648,0.0010964505691069338,4.3035769001423165e-05,-0.007592997052774462,-0.379649852638723,1110,1110.0,1110,1110.0,0.46741859848771544,0.34954954954954953,0.019064458629365656,-0.021918610355642,0.5126126126126126,0,0.0,4.6416666666666675,23.4,53.583333333333336,569,569.0,373,373.0,168,168.0,0,0.0,-0.0024713604570094543,0.003982150257656648,0.0010964505691069338,4.3035769001423165e-05,-0.007592997052774462,-0.379649852638723,22154,1109.9999999999998,22154,1109.9999999999998,0.5602534427795028,0.39634095634095634,0.019413741235114062,-0.02275107616058966,0.5056860706860709,0,0.0,5.516666666666667,29.083333333333332,57.0,11215,561.3115384615385,8621,431.5884615384615,2318,117.1,0,0.0,-0.0008961690405476214,0.003988438446943925,0.0010973134658818799,5.751115666122972e-05,-0.006039432110034658,-0.30197160550173296,-0.0015751914164618323,-6.288189287276274e-06,-8.628967749460062e-07,-1.4475387659806553e-05,-0.001553564942739803,-0.07767824713699016,-0.004833685219066545,0.0010805486130656507,-0.0038932235088818576,0.0003293946845937307
SOLUSDT,5,1,validation,0.03,0.03,1,1110,1110,1.0,0,22154,12936,12,1.7125850340136055,9294.937699298893,24,1110,1110.0,1110,1110.0,0.6731012246297976,0.4045045045045045,0.025294955031814705,-0.025526919715845572,0.3747747747747748,0,0.0,8.333333333333334,39.0,62.28333333333333,416,416.0,422,422.0,272,272.0,0,0.0,-0.0017966128752475569,0.001994412361887511,0.0010979149361195757,8.03022797986187e-05,-0.004969242453053261,-0.16564141510177538,1110,1110.0,1110,1110.0,0.6731012246297976,0.4045045045045045,0.025294955031814705,-0.025526919715845572,0.3747747747747748,0,0.0,8.333333333333334,39.0,62.28333333333333,416,416.0,422,422.0,272,272.0,0,0.0,-0.0017966128752475569,0.001994412361887511,0.0010979149361195757,8.03022797986187e-05,-0.004969242453053261,-0.16564141510177538,22154,1109.9999999999998,22154,1109.9999999999998,0.7754438708683341,0.45229729729729734,0.026043935623318287,-0.027735458784509687,0.39076576576576577,0,0.0,9.316666666666666,41.06666666666667,104.53333333333333,8667,433.74999999999994,9733,487.34999999999997,3754,188.90000000000003,0,0.0,-0.00022478082067003087,0.001997552885473076,0.0010987777164616216,9.007262095898417e-05,-0.003411184043563713,-0.11370613478545709,-0.0015718320545775259,-3.140523585565069e-06,-8.627803420455855e-07,-9.770341160365447e-06,-0.0015580584094895499,-0.05193528031631834,-0.005279765831317884,0.0020240659937404144,-0.004516371286927993,0.0019267903368975629
SOLUSDT,5,1,validation,0.03,0.03,2,1110,1110,1.0,0,22154,12936,12,1.7125850340136055,9294.937699298893,24,1110,1110.0,1110,1110.0,0.5750266302891585,0.39369369369369367,0.02391571431579014,-0.02700609379882888,0.3747747747747748,0,0.0,8.333333333333334,39.0,62.28333333333333,416,416.0,422,422.0,272,272.0,0,0.0,-0.0017966128752475569,0.003984843860777459,0.0010968201987951866,8.022213780281167e-05,-0.006958499072623015,-0.23194996908743387,1110,1110.0,1110,1110.0,0.5750266302891585,0.39369369369369367,0.02391571431579014,-0.02700609379882888,0.3747747747747748,0,0.0,8.333333333333334,39.0,62.28333333333333,416,416.0,422,422.0,272,272.0,0,0.0,-0.0017966128752475569,0.003984843860777459,0.0010968201987951866,8.022213780281167e-05,-0.006958499072623015,-0.23194996908743387,22154,1109.9999999999998,22154,1109.9999999999998,0.6677111872853029,0.44671171171171176,0.02430669149653008,-0.029390911667950437,0.39076576576576577,0,0.0,9.316666666666666,41.06666666666667,104.53333333333333,8667,433.74999999999994,9733,487.34999999999997,3754,188.90000000000003,0,0.0,-0.00022478082067003087,0.003991118639438448,0.0010976812552969406,8.998272812369576e-05,-0.005403563443529116,-0.18011878145097057,-0.0015718320545775259,-6.274778660987619e-06,-8.61056501754104e-07,-9.760590320884045e-06,-0.0015549356290939006,-0.05183118763646333,-0.005269216306560205,0.0020200461162720442,-0.004507350242287898,0.0019229721142313522
SOLUSDT,5,-1,discovery,0.02,0.025,1,4065,4060,0.998769987699877,5,80558,46712,14,1.7245675629388595,32149.60726259046,84,4065,4065.0,4065,4065.0,0.7325297966873332,0.414760147601476,0.02141264952653057,-0.020716111603855433,0.4883148831488315,0,0.0,4.333333333333333,28.437499999999996,61.35,1985,1985.0,1637,1637.0,443,443.0,0,0.0,-0.00010481725078029804,0.0020022118463478007,0.0011011588660034205,3.4592456017688864e-05,-0.0032427804191492078,-0.16213902095746036,4060,4060.0,4060,4060.0,0.7328660794156888,0.41502463054187194,0.021412324259499148,-0.020728863030486287,0.4886699507389163,0,0.0,4.333333333333333,28.441666666666663,61.35,1984,1984.0,1636,1636.0,440,440.0,0,0.0,-0.00010119661339995885,0.002002204597824517,0.0011011568706661733,3.467426297360424e-05,-0.0032392323448642525,-0.16196161724321262,80558,4059.999999999999,80558,4059.999999999999,0.765530086574149,0.4349162348236034,0.021559332353099585,-0.021675335732635945,0.5037234284205224,35,1.7500000000000002,4.833333333333333,30.874999998270095,105.8,40614,2045.1171193873204,34404,1730.0008224747387,5540,284.8820581379405,0,0.0,0.0002718156743846992,0.0020014578264775994,0.0011009513031836515,4.128321966309196e-05,-0.002871876674939643,-0.14359383374698215,-0.00037301228778465774,7.467713469174525e-07,2.055674825223679e-07,-6.608956689487705e-06,-0.0003673556699246097,-0.018367783496230482,-0.0017179941504338687,0.001023213104367323,-0.0016850705785052382,0.0010595246931241883
SOLUSDT,5,-1,discovery,0.02,0.025,2,4065,4060,0.998769987699877,5,80558,46712,14,1.7245675629388595,32149.60726259046,84,4065,4065.0,4065,4065.0,0.6059258354034587,0.4113161131611316,0.019626230700987936,-0.02263137827451622,0.4883148831488315,0,0.0,4.333333333333333,28.437499999999996,61.35,1985,1985.0,1637,1637.0,443,443.0,0,0.0,-0.00010481725078029804,0.004008436141285701,0.0011022622893656364,3.4627117797265715e-05,-0.005250142799228901,-0.26250713996144504,4060,4060.0,4060,4060.0,0.60623582313851,0.41157635467980297,0.019626004755823868,-0.022643867458709527,0.4886699507389163,0,0.0,4.333333333333333,28.441666666666663,61.35,1984,1984.0,1636,1636.0,440,440.0,0,0.0,-0.00010119661339995885,0.004008421629713034,0.0011022602900337122,3.4709006724078796e-05,-0.005246587539870784,-0.26232937699353914,80558,4059.999999999999,80558,4059.999999999999,0.636120567682558,0.43140414346668443,0.019768923451734966,-0.023578935983480695,0.5037234284205224,35,1.7500000000000002,4.833333333333333,30.874999998270095,105.8,40614,2045.1171193873204,34404,1730.0008224747387,5540,284.8820581379405,0,0.0,0.0002718156743846992,0.004006926590483434,0.001102054311003855,4.132458561465817e-05,-0.004878489812717249,-0.24392449063586238,-0.00037301228778465774,1.4950392296009074e-06,2.0597902985784698e-07,-6.615578890579376e-06,-0.000368097727153537,-0.01840488635767685,-0.0017214220869216223,0.0010252479908559038,-0.0016884442196235833,0.001061621364283153
SOLUSDT,5,-1,discovery,0.03,0.03,1,4065,4060,0.998769987699877,5,80558,46712,14,1.7245675629388595,32149.60726259046,84,4065,4065.0,4065,4065.0,0.7492352046364202,0.44132841328413286,0.026241458114550403,-0.027667829581565564,0.40811808118081183,0,0.0,6.833333333333333,37.34166666666666,92.76666666666667,1659,1659.0,1738,1738.0,668,668.0,0,0.0,-0.0006942930713216882,0.0020033919781206554,0.001101483726777193,7.696040514134575e-05,-0.003876129181360883,-0.1292043060453628,4060,4060.0,4060,4060.0,0.7493285330054468,0.4416256157635468,0.026241049842450324,-0.027697317252189924,0.4086206896551724,0,0.0,6.85,37.349999999999994,92.76666666666667,1659,1659.0,1737,1737.0,664,664.0,0,0.0,-0.0006947682354385655,0.002003392929400169,0.0011014839886406614,7.710751725980055e-05,-0.0038767526707391958,-0.12922508902463986,80558,4059.999999999999,80558,4059.999999999999,0.7920194515592855,0.4683845762201674,0.02645417652111062,-0.029428180568369322,0.4242430243739647,1,0.05,7.7,45.416666666666664,106.95,34217,1722.4266789582964,37051,1860.7822885447881,9290,476.7910324969148,0,0.0,-8.869338434001709e-05,0.002002179566334906,0.0011011499801228716,6.172349403140183e-05,-0.003253746424829197,-0.1084582141609732,-0.0006060748510985475,1.213363065263965e-06,3.34008517790096e-07,1.5384023228398724e-05,-0.0006230062459100004,-0.02076687486366667,-0.002623488962910969,0.0013223968329876725,-0.002821235283695802,0.0016396205903222603
SOLUSDT,5,-1,discovery,0.03,0.03,2,4065,4060,0.998769987699877,5,80558,46712,14,1.7245675629388595,32149.60726259046,84,4065,4065.0,4065,4065.0,0.645703598033732,0.43763837638376385,0.02450623875931781,-0.02953542170343821,0.40811808118081183,0,0.0,6.833333333333333,37.34166666666666,92.76666666666667,1659,1659.0,1738,1738.0,668,668.0,0,0.0,-0.0006942930713216882,0.004010798769824945,0.001102587800512631,7.703751977575593e-05,-0.00588471716143502,-0.1961572387145007,4060,4060.0,4060,4060.0,0.6458295085506388,0.4379310344827586,0.024505946100480337,-0.02956444333018908,0.4086206896551724,0,0.0,6.85,37.349999999999994,92.76666666666667,1659,1659.0,1737,1737.0,664,664.0,0,0.0,-0.0006947682354385655,0.0040108006742903424,0.0011025880629003512,7.718477930114302e-05,-0.005885341751930403,-0.1961780583976801,80558,4059.999999999999,80558,4059.999999999999,0.6857732405007803,0.4646508099864012,0.024710840951718136,-0.031274943912890756,0.4242430243739647,1,0.05,7.7,45.416666666666664,106.95,34217,1722.4266789582964,37051,1860.7822885447881,9290,476.7910324969148,0,0.0,-8.869338434001709e-05,0.004008371516570508,0.001102253385695501,6.178534121981005e-05,-0.005261103627825836,-0.17537012092752785,-0.0006060748510985475,2.429157719836848e-06,3.3467720485011255e-07,1.5399438081332992e-05,-0.0006242381241045675,-0.020807937470152253,-0.0026286797652966287,0.0013250244558256465,-0.0028268114316688142,0.0016429106370695096
SOLUSDT,5,-1,validation,0.02,0.025,1,1552,1551,0.9993556701030928,1,30906,18767,9,1.6468268769648853,13847.824929084882,35,1552,1552.0,1552,1552.0,0.5893574437485924,0.3704896907216495,0.021414186199865994,-0.021384351402042038,0.5451030927835051,0,0.0,5.6,26.428333333333335,54.083333333333336,846,846.0,559,559.0,147,147.0,0,0.0,-0.002424806442430184,0.0020068564693541033,0.0011024374146014811,-6.165883813524128e-06,-0.005527934442572244,-0.27639672212861216,1551,1551.0,1551,1551.0,0.5900109376689907,0.37072856221792394,0.021414186199865994,-0.021382552102411308,0.5448098001289491,0,0.0,5.6,26.43083333333333,54.083333333333336,845,845.0,559,559.0,147,147.0,0,0.0,-0.002413474918537489,0.002006833783620584,0.001102431169786187,-6.161027952969187e-06,-0.0055165788439912895,-0.2758289421995645,30906,1551.0,30906,1551.0,0.7023709543080915,0.41521501279721784,0.021608303603465003,-0.021843939382030855,0.5275498375111529,0,0.0,5.783333333333333,29.449074074336654,74.35,16294,818.2297979797981,12604,630.9484848484849,2008,101.82171717171718,0,0.0,-0.0006977558288681604,0.0020033989105681955,0.00110148563510669,-7.246198026738362e-07,-0.003801915754740371,-0.19009578773701852,-0.0017157190896693287,3.434873052388839e-06,9.455346794969482e-07,-5.436408150295352e-06,-0.0017146630892509189,-0.08573315446254598,-0.0047871355020857554,0.0014033521272183863,-0.0049601799063838155,0.001684029453794277
SOLUSDT,5,-1,validation,0.02,0.025,2,1552,1551,0.9993556701030928,1,30906,18767,9,1.6468268769648853,13847.824929084882,35,1552,1552.0,1552,1552.0,0.48907872467050173,0.3634020618556701,0.0198611184194944,-0.02318179650500244,0.5451030927835051,0,0.0,5.6,26.428333333333335,54.083333333333336,846,846.0,559,559.0,147,147.0,0,0.0,-0.002424806442430184,0.004017734695160051,0.0011035433976256748,-6.1720620538182415e-06,-0.007539912473162092,-0.3769956236581045,1551,1551.0,1551,1551.0,0.4896171696788852,0.36363636363636365,0.0198611184194944,-0.023179764167316128,0.5448098001289491,0,0.0,5.6,26.43083333333333,54.083333333333336,845,845.0,559,559.0,147,147.0,0,0.0,-0.002413474918537489,0.004017689278230621,0.0011035371403082226,-6.167201327671562e-06,-0.007528534135748662,-0.376426706787433,30906,1551.0,30906,1551.0,0.5841838922354022,0.41186233710411657,0.01982004679730292,-0.023759001542114647,0.5275498375111529,0,0.0,5.783333333333333,29.449074074336654,74.35,16294,818.2297979797981,12604,630.9484848484849,2008,101.82171717171718,0,0.0,-0.0006977558288681604,0.004010812648612701,0.0011025897126626149,-7.253458746204033e-07,-0.005810432844268857,-0.29052164221344284,-0.0017157190896693287,6.876629617920205e-06,9.47427645607992e-07,-5.441855453051159e-06,-0.001718101291479806,-0.08590506457399029,-0.004796715149561951,0.0014061509199080596,-0.004970122955988656,0.001687389888844507
SOLUSDT,5,-1,validation,0.03,0.03,1,1552,1551,0.9993556701030928,1,30906,18767,9,1.6468268769648853,13847.824929084882,35,1552,1552.0,1552,1552.0,0.6517647918631339,0.4065721649484536,0.02630616177115029,-0.02765262213936541,0.40463917525773196,0,0.0,9.258333333333333,42.905,86.0,628,628.0,613,613.0,311,311.0,0,0.0,-0.0026145330675252454,0.002007236302437375,0.0011025419731534795,-9.828796234842692e-06,-0.005714482546881257,-0.19048275156270858,1551,1551.0,1551,1551.0,0.6526146647232309,0.40683430045132174,0.02630616177115029,-0.02764662933856835,0.40425531914893614,0,0.0,9.266666666666667,42.91083333333332,86.0,627,627.0,613,613.0,311,311.0,0,0.0,-0.0025968764157312586,0.0020072009537851344,0.0011025322425532338,-9.826302019949466e-06,-0.0056967833100496764,-0.18989277700165597,30906,1551.0,30906,1551.0,0.7729524219169058,0.45496453900709216,0.026564372758999526,-0.028687955088519925,0.40334901862948286,0,0.0,9.366666666666667,47.55833333464001,113.0,12455,625.5943278943279,13827,692.35,4624,233.0556721056721,0,0.0,-0.0004609413305881256,0.002002924807468536,0.001101355126375931,-1.5116044128077881e-05,-0.0035501052203045142,-0.11833684067681714,-0.0021359350851431333,4.276146316598331e-06,1.1771161773028533e-06,5.289742108128421e-06,-0.0021466780897451626,-0.07155593632483875,-0.0062483405300248745,0.0018809255584797996,-0.0054785907126956536,0.0008896077843050544
SOLUSDT,5,-1,validation,0.03,0.03,2,1552,1551,0.9993556701030928,1,30906,18767,9,1.6468268769648853,13847.824929084882,35,1552,1552.0,1552,1552.0,0.5619546875313439,0.39948453608247425,0.024813274445966312,-0.029373693437432256,0.40463917525773196,0,0.0,9.258333333333333,42.905,86.0,628,628.0,613,613.0,311,311.0,0,0.0,-0.0026145330675252454,0.004018495122515144,0.0011036481655045222,-9.838644728063981e-06,-0.0077268377108168475,-0.25756125702722826,1551,1551.0,1551,1551.0,0.5626788560557533,0.39974210186976145,0.024813274445966312,-0.02936739953564024,0.40425531914893614,0,0.0,9.266666666666667,42.91083333333332,86.0,627,627.0,613,613.0,311,311.0,0,0.0,-0.0025968764157312586,0.004018424354371681,0.0011036384154235568,-9.836148013957428e-06,-0.007709103037512538,-0.2569701012504179,30906,1551.0,30906,1551.0,0.6684030830144322,0.451611863313991,0.02480798668314751,-0.03056541990025762,0.40334901862948286,0,0.0,9.366666666666667,47.55833333464001,113.0,12455,625.5943278943279,13827,692.35,4624,233.0556721056721,0,0.0,-0.0004609413305881256,0.004009863492306973,0.0011024589426525924,-1.5131190464879562e-05,-0.005558132575082812,-0.18527108583609372,-0.0021359350851431333,8.56086206470738e-06,1.1794727709643148e-06,5.295042450922135e-06,-0.0021509704624297268,-0.07169901541432425,-0.006260832996995433,0.0018846963394323517,-0.005489563437366446,0.0008913793345784209
SOLUSDT,15,1,discovery,0.02,0.025,1,1903,1885,0.9905412506568576,18,36554,17810,11,2.052442448062886,11908.027255950874,75,1903,1903.0,1903,1903.0,0.6258641296555569,0.3967419863373621,0.020841820744515595,-0.021900834255072565,0.5528113504992118,0,0.0,3.8833333333333333,21.279166666666654,71.81666666666666,1052,1052.0,719,719.0,132,132.0,0,0.0,-0.0017356666860228042,0.001994534132495348,0.0010979483895498148,0.00011487920113541051,-0.004943028409203377,-0.24715142046016883,1885,1885.0,1885,1885.0,0.6263510952084995,0.39734748010610077,0.020875548204709667,-0.021974729324542655,0.5549071618037136,0,0.0,3.9833333333333334,21.366666666666646,71.81666666666666,1046,1046.0,715,715.0,124,124.0,0,0.0,-0.001741043844961766,0.0019945233889210445,0.0010979454380213643,0.0001147668545429966,-0.004948279526447171,-0.24741397632235856,36554,1885.0,36554,1885.0,0.7079090151168813,0.42352748507128457,0.02120945512966042,-0.02201177486206766,0.530839485810579,0,0.0,4.05,22.616666666666667,92.71666666666667,19346,1000.6324307529416,15217,773.8452772201999,1991,110.52229202685862,0,0.0,-0.0004930025283573015,0.0019970169779652104,0.0010986304892715226,0.00011774602638945458,-0.0037063960219834904,-0.18531980109917445,-0.0012480413166044636,-2.4935890441658666e-06,-6.850512501581562e-07,-2.979171846457956e-06,-0.0012418835044636814,-0.06209417522318408,-0.0027969767786446896,0.00020301117700937324,-0.002702868295440168,0.00015727325275381789
SOLUSDT,15,1,discovery,0.02,0.025,2,1903,1885,0.9905412506568576,18,36554,17810,11,2.052442448062886,11908.027255950874,75,1903,1903.0,1903,1903.0,0.5185981446228951,0.3883342091434577,0.019230891035647867,-0.023542897213308312,0.5528113504992118,0,0.0,3.8833333333333333,21.279166666666654,71.81666666666666,1052,1052.0,719,719.0,132,132.0,0,0.0,-0.0017356666860228042,0.0039850871589380355,0.0010968535853852714,0.00011476455123407773,-0.006932371981580191,-0.3466185990790095,1885,1885.0,1885,1885.0,0.5192172949836128,0.3893899204244032,0.019240911704795177,-0.023631823409083,0.5549071618037136,0,0.0,3.9833333333333334,21.366666666666646,71.81666666666666,1046,1046.0,715,715.0,124,124.0,0,0.0,-0.001741043844961766,0.003985065693233689,0.0010968506397539925,0.00011465231676401157,-0.00693761249471346,-0.346880624735673,36554,1885.0,36554,1885.0,0.5876836807933279,0.4202009039385756,0.01932835188204687,-0.023835849842586274,0.530839485810579,0,0.0,4.05,22.616666666666667,92.71666666666667,19346,1000.6324307529416,15217,773.8452772201999,1991,110.52229202685862,0,0.0,-0.0004930025283573015,0.003990047894098376,0.0010975343222676495,0.00011762851538507386,-0.005698213260108403,-0.2849106630054202,-0.0012480413166044636,-4.98220086468805e-06,-6.83682513656874e-07,-2.9761986210622916e-06,-0.0012393992346050565,-0.06196996173025282,-0.0027913873236131747,0.00020262102787748705,-0.002697486354105313,0.00015698243378011598
SOLUSDT,15,1,discovery,0.03,0.03,1,1903,1885,0.9905412506568576,18,36554,17810,11,2.052442448062886,11908.027255950874,75,1903,1903.0,1903,1903.0,0.6847524495836556,0.44298476090383604,0.02562160553317339,-0.02975736386055218,0.4676826064109301,0,0.0,6.933333333333334,32.863333333333316,90.33333333333333,890,890.0,805,805.0,208,208.0,0,0.0,-0.001952853442591008,0.0019941001929217844,0.001097829175500468,0.00018054153355854426,-0.005225324344571804,-0.17417747815239348,1885,1885.0,1885,1885.0,0.6875630897209568,0.4445623342175066,0.02566360624767967,-0.029874625223990047,0.4689655172413793,0,0.0,6.983333333333333,32.991666666666646,90.33333333333333,884,884.0,802,802.0,199,199.0,0,0.0,-0.0019120123793759229,0.0019941817934476893,0.001097851593204947,0.00018037363660381274,-0.005184419402632372,-0.17281398008774573,36554,1885.0,36554,1885.0,0.7307009568199209,0.4601836908906326,0.02596847000602535,-0.030296461550754685,0.46362416429610176,0,0.0,6.8,34.66830925386167,151.65,16917,873.9315496981518,16544,839.6804604837887,3093,171.38798981805948,0,0.0,-0.0011155434599633195,0.0019957731399400224,0.0010982887758700533,0.00019465230347342545,-0.00440425767924682,-0.14680858930822732,-0.0007964689194126036,-1.5913464923331522e-06,-4.371826651061474e-07,-1.4278666869612687e-05,-0.0007801617233855514,-0.026005390779518387,-0.003043404848184608,0.0013141245299676475,-0.0029484267386352832,0.0014334711929806566
SOLUSDT,15,1,discovery,0.03,0.03,2,1903,1885,0.9905412506568576,18,36554,17810,11,2.052442448062886,11908.027255950874,75,1903,1903.0,1903,1903.0,0.5916055830367832,0.4345769837099317,0.0240476194849522,-0.03124158547262767,0.4676826064109301,0,0.0,6.933333333333334,32.863333333333316,90.33333333333333,890,890.0,805,805.0,208,208.0,0,0.0,-0.001952853442591008,0.003984220145937762,0.001096734609526309,0.00018036135238732814,-0.007214169550442408,-0.2404723183480803,1885,1885.0,1885,1885.0,0.5942483235658063,0.43660477453580904,0.02406251131405648,-0.03137966510347603,0.4689655172413793,0,0.0,6.983333333333333,32.991666666666646,90.33333333333333,884,884.0,802,802.0,199,199.0,0,0.0,-0.0019120123793759229,0.003984383184114269,0.0010967569824400804,0.00018019362299442765,-0.007173346168924702,-0.23911153896415674,36554,1885.0,36554,1885.0,0.6325889836869023,0.4565918577685336,0.024113784060039327,-0.0320291758646855,0.46362416429610176,0,0.0,6.8,34.66830925386167,151.65,16917,873.9315496981518,16544,839.6804604837887,3093,171.38798981805948,0,0.0,-0.0011155434599633195,0.003987562700758632,0.001097193291611603,0.00019445803969750386,-0.00639475749203106,-0.21315858306770197,-0.0007964689194126036,-3.179516644362698e-06,-4.3630917152252873e-07,-1.4264416703076151e-05,-0.0007785886768936421,-0.025952955896454733,-0.0030373286367829633,0.0013115295289475345,-0.002942534196139628,0.0014306284695396064
SOLUSDT,15,1,validation,0.02,0.025,1,581,576,0.9913941480206541,5,11238,5409,10,2.0776483638380476,3881.9298908650517,24,581,581.0,581,581.0,0.6245579557807464,0.37349397590361444,0.02102410805483955,-0.020067958085937216,0.49569707401032703,0,0.0,5.133333333333334,24.592499999999983,53.5,288,288.0,209,209.0,84,84.0,0,0.0,-0.001579729273670749,0.0019948456957567984,0.0010980339837668148,4.7709971729846186e-05,-0.004720318924924209,-0.23601594624621036,576,576.0,576,576.0,0.6345722974008932,0.3767361111111111,0.02102410805483955,-0.020026347896192963,0.4913194444444444,0,0.0,5.1416666666666675,24.671666666666653,53.5,283,283.0,209,209.0,84,84.0,0,0.0,-0.0014198310902824743,0.0019951651726466844,0.001098121752055389,4.804074687845893e-05,-0.004561158761863007,-0.22805793809315034,11238,576.0,11238,576.0,0.6738473669639954,0.4010745733478576,0.0212210745139625,-0.021089108143770307,0.5066029808586164,0,0.0,6.116666666666666,29.444444444329193,57.0,5677,291.8033169745631,4434,224.468954248366,1127,59.72772877707088,0,0.0,-0.0009666510839472296,0.0019960706272047915,0.0010983705030588667,5.8477471839308865e-05,-0.004119569686050198,-0.2059784843025099,-0.0004531800063352433,-9.05454558106962e-07,-2.4875100347741666e-07,-1.0436724960849942e-05,-0.000441589075812809,-0.022079453790640437,-0.004049340267722688,0.0025342968836585384,-0.003219143932491754,0.0016773027378120798
SOLUSDT,15,1,validation,0.02,0.025,2,581,576,0.9913941480206541,5,11238,5409,10,2.0776483638380476,3881.9298908650517,24,581,581.0,581,581.0,0.5141614902291628,0.3648881239242685,0.01946135208777458,-0.021746179020453196,0.49569707401032703,0,0.0,5.133333333333334,24.592499999999983,53.5,288,288.0,209,209.0,84,84.0,0,0.0,-0.001579729273670749,0.003985709663578167,0.0010969390085845132,4.766235698760083e-05,-0.006710040302821032,-0.3355020151410516,576,576.0,576,576.0,0.5223004859489533,0.3680555555555556,0.01946135208777458,-0.021701365283904456,0.4913194444444444,0,0.0,5.1416666666666675,24.671666666666653,53.5,283,283.0,209,209.0,84,84.0,0,0.0,-0.0014198310902824743,0.0039863479796795175,0.001097026601511521,4.799280202129479e-05,-0.0065511984734948105,-0.32755992367474046,11238,576.0,11238,576.0,0.5574848418541271,0.3956058233478576,0.019458938058039728,-0.02284696292154991,0.5066029808586164,0,0.0,6.116666666666666,29.444444444329193,57.0,5677,291.8033169745631,4434,224.468954248366,1127,59.72772877707088,0,0.0,-0.0009666510839472296,0.003988157081501212,0.0010972748555090036,5.841911108897023e-05,-0.0061105021320464175,-0.3055251066023209,-0.0004531800063352433,-1.809101821693652e-06,-2.482539974824515e-07,-1.0426309067675439e-05,-0.000440696341448392,-0.02203481707241958,-0.004041225250258609,0.002529233292489304,-0.0032126915980192896,0.0016739628725817768
SOLUSDT,15,1,validation,0.03,0.03,1,581,576,0.9913941480206541,5,11238,5409,10,2.0776483638380476,3881.9298908650517,24,581,581.0,581,581.0,0.6255891412469495,0.387263339070568,0.025728169232534116,-0.02599274834543366,0.3958691910499139,0,0.0,8.566666666666666,36.75,57.25,230,230.0,216,216.0,135,135.0,0,0.0,-0.002795171068053994,0.0019924172406231653,0.0010973668264302276,7.817796928884109e-05,-0.005963133104396228,-0.19877110347987428,576,576.0,576,576.0,0.6359392341907517,0.390625,0.025728169232534116,-0.025933949798974693,0.3923611111111111,0,0.0,8.591666666666667,36.75,57.25,226,226.0,216,216.0,134,134.0,0,0.0,-0.002584762452269607,0.0019928376374578993,0.00109748231995065,7.835214261340646e-05,-0.005753434552291563,-0.1917811517430521,11238,576.0,11238,576.0,0.7488422072848512,0.4450954861111111,0.026093675709891087,-0.027949875539543517,0.4006099176672093,0,0.0,10.033333333333333,41.516666666666666,102.11666666666666,4513,230.75131257631256,4923,249.67499999999998,1802,95.57368742368743,0,0.0,-0.0007102624585078531,0.001996582892190684,0.0010985112350571158,8.99782392500249e-05,-0.003895334825005677,-0.12984449416685592,-0.0018744999937617547,-3.7452547327846994e-06,-1.0289151064659333e-06,-1.1626096636618438e-05,-0.0018580997272858854,-0.06193665757619618,-0.0062395076715526104,0.0017752520182940297,-0.005206190811034938,0.0016853071636350292
SOLUSDT,15,1,validation,0.03,0.03,2,581,576,0.9913941480206541,5,11238,5409,10,2.0776483638380476,3881.9298908650517,24,581,581.0,581,581.0,0.5359154790262045,0.3769363166953528,0.024356804660633575,-0.02749536924469959,0.3958691910499139,0,0.0,8.566666666666666,36.75,57.25,230,230.0,216,216.0,135,135.0,0,0.0,-0.002795171068053994,0.0039808576005267386,0.0010962731842322805,7.809994736340314e-05,-0.007950401800176417,-0.2650133933392139,576,576.0,576,576.0,0.5446875997722791,0.3802083333333333,0.024356804660633575,-0.027431447405531995,0.3923611111111111,0,0.0,8.591666666666667,36.75,57.25,226,226.0,216,216.0,134,134.0,0,0.0,-0.002584762452269607,0.003981697555080768,0.0010963884469959574,7.827394686229528e-05,-0.007741122401208629,-0.258037413373621,11238,576.0,11238,576.0,0.6452392726310331,0.43945312499999994,0.024363969947487515,-0.029602465494535598,0.4006099176672093,0,0.0,10.033333333333333,41.516666666666666,102.11666666666666,4513,230.75131257631256,4923,249.67499999999998,1802,95.57368742368743,0,0.0,-0.0007102624585078531,0.003989180588987998,0.0010974153063238773,8.988844060805882e-05,-0.005886746794427788,-0.19622489314759298,-0.0018744999937617547,-7.483033907230124e-06,-1.0268593279199957e-06,-1.1614493745763524e-05,-0.0018543756067808408,-0.06181252022602804,-0.006227015680879202,0.0017717170348202347,-0.00519577156729406,0.0016819640852927284
SOLUSDT,15,-1,discovery,0.02,0.025,1,2177,2168,0.9958658704639411,9,42323,19702,15,2.148157547457111,13182.69048093758,83,2177,2177.0,2177,2177.0,0.7687431558864548,0.43178686265502986,0.021367710536509602,-0.021121992469760056,0.4873679375287092,1,1.0,4.75,29.377499999999998,60.93333333333333,1061,1061.0,910,910.0,206,206.0,0,0.0,0.00036636071837950837,0.0020012685471102417,0.001100899199305802,3.9689885502356105e-05,-0.002775496913538891,-0.1387748456769445,2168,2168.0,2168,2168.0,0.7720087537692591,0.4331180811808118,0.021366997427280415,-0.021146328878446467,0.4870848708487085,1,1.0,4.75,29.414999999999985,60.93333333333333,1056,1056.0,909,909.0,203,203.0,0,0.0,0.000408988625328731,0.0020011832059551884,0.0011008757070193446,3.996827665050872e-05,-0.002733038564296309,-0.13665192821481548,42323,2168.0,42323,2168.0,0.7949471047072324,0.44630035974511056,0.021631774822954468,-0.02193344839109435,0.5024066072650428,15,0.7552631578947371,5.033333333333333,31.294444445236685,95.13333333333334,21244,1089.2175245506128,18750,951.1342781745258,2329,127.64819727486135,0,0.0,0.0006496059462447255,0.0020007014895969985,0.001100743102548844,3.843495238720415e-05,-0.0024902735982883202,-0.12451367991441602,-0.00024061732091599388,4.817163581896255e-07,1.3260447050079793e-07,1.5333242633045721e-06,-0.00024276496600798893,-0.01213824830039945,-0.0016349970755669518,0.001223426372772729,-0.0015695647687796852,0.0011152054787398542
SOLUSDT,15,-1,discovery,0.02,0.025,2,2177,2168,0.9958658704639411,9,42323,19702,15,2.148157547457111,13182.69048093758,83,2177,2177.0,2177,2177.0,0.6368221989316878,0.4281120808451998,0.01958590318218083,-0.02302353313881472,0.4873679375287092,1,1.0,4.75,29.377499999999998,60.93333333333333,1061,1061.0,910,910.0,206,206.0,0,0.0,0.00036636071837950837,0.004006547652431351,0.0011020021028137286,3.972965492670716e-05,-0.00478191869179228,-0.239095934589614,2168,2168.0,2168,2168.0,0.639588044565433,0.4294280442804428,0.01958537197459187,-0.023046844335800013,0.4870848708487085,1,1.0,4.75,29.414999999999985,60.93333333333333,1056,1056.0,909,909.0,203,203.0,0,0.0,0.000408988625328731,0.004006376799096886,0.0011019785634955727,4.000832502390603e-05,-0.004739375062287634,-0.2369687531143817,42323,2168.0,42323,2168.0,0.6614221123654613,0.443644246726852,0.01979810854599275,-0.02386861731376712,0.5024066072650428,15,0.7552631578947371,5.033333333333333,31.294444445236685,95.13333333333334,21244,1089.2175245506128,18750,951.1342781745258,2329,127.64819727486135,0,0.0,0.0006496059462447255,0.004005412401017059,0.001101845693550125,3.8473464363544025e-05,-0.004496125612686004,-0.22480628063430014,-0.00024061732091599388,9.643980798271702e-07,1.3286994544770285e-07,1.534860660361993e-06,-0.0002432494496016309,-0.012162472480081541,-0.0016382737530645699,0.0012258558341835654,-0.0015726934505665632,0.0011174572146739907
SOLUSDT,15,-1,discovery,0.03,0.03,1,2177,2168,0.9958658704639411,9,42323,19702,15,2.148157547457111,13182.69048093758,83,2177,2177.0,2177,2177.0,0.7730711805373611,0.4565916398713826,0.026202490457824912,-0.0284789994915589,0.4152503445107947,0,0.0,7.45,38.21083333333333,92.76666666666667,904,904.0,961,961.0,312,312.0,0,0.0,-0.0003272602981461917,0.0020026571777739532,0.0011012814546117562,8.068939442731678e-05,-0.0035118883249592183,-0.11706294416530728,2168,2168.0,2168,2168.0,0.777603332661832,0.4584870848708487,0.026202490457824912,-0.028530063991417918,0.4151291512915129,0,0.0,7.458333333333332,38.224999999999994,92.76666666666667,900,900.0,961,961.0,307,307.0,0,0.0,-0.00025096592799233415,0.002002504436292163,0.0011012394087003565,8.118488146471945e-05,-0.003435894654449574,-0.11452982181498579,42323,2168.0,42323,2168.0,0.8264895265223734,0.482845461440195,0.026508072098191563,-0.02994529541539884,0.4264692452995007,0,0.0,8.066666666666666,44.583333333333336,106.95,18104,924.5853238093175,20267,1026.180001693353,3952,217.23467449732934,0,0.0,0.0004705135307727005,0.0020010600329713173,0.0011008418005762092,5.565482567153763e-05,-0.0026870431284463643,-0.08956810428154548,-0.0007214794587650342,1.4444033208462233e-06,3.976081241472375e-07,2.5530055793181806e-05,-0.0007488515260032096,-0.02496171753344031,-0.002760479363874751,0.001254481834242553,-0.0027963646834741943,0.0013820187290688023
SOLUSDT,15,-1,discovery,0.03,0.03,2,2177,2168,0.9958658704639411,9,42323,19702,15,2.148157547457111,13182.69048093758,83,2177,2177.0,2177,2177.0,0.6674473567621455,0.4529168580615526,0.02446003158493657,-0.03033927157465997,0.4152503445107947,0,0.0,7.45,38.21083333333333,92.76666666666667,904,904.0,961,961.0,312,312.0,0,0.0,-0.0003272602981461917,0.0040093276965857605,0.0011023851233971026,8.077024552393732e-05,-0.005519743363652991,-0.1839914454550997,2168,2168.0,2168,2168.0,0.6714380492095581,0.4547970479704797,0.02446003158493657,-0.03038858677175138,0.4151291512915129,0,0.0,7.458333333333332,38.224999999999994,92.76666666666667,900,900.0,961,961.0,307,307.0,0,0.0,-0.00025096592799233415,0.004009021907527026,0.0011023429933095358,8.126622904133739e-05,-0.0054435970578702335,-0.18145323526234117,42323,2168.0,42323,2168.0,0.7165105536624586,0.4796619580377384,0.024730114734539392,-0.03181656111544898,0.4264692452995007,0,0.0,8.066666666666666,44.583333333333336,106.95,18104,924.5853238093175,20267,1026.180001693353,3952,217.23467449732934,0,0.0,0.0004705135307727005,0.004006130206289494,0.0011019445891715344,5.571059202992595e-05,-0.004693271856718254,-0.1564423952239418,-0.0007214794587650342,2.8917012375330954e-06,3.9840413800141195e-07,2.555563701141145e-05,-0.0007503252011519807,-0.025010840038399342,-0.0027659505376173223,0.001256991152683649,-0.0028019406145695968,0.001384759566637446
SOLUSDT,15,-1,validation,0.02,0.025,1,818,813,0.9938875305623472,5,15917,7928,11,2.007694248234107,5555.224599108877,35,818,818.0,818,818.0,0.6099787568318759,0.3753056234718826,0.021765220336204153,-0.021437090078527423,0.5464547677261614,0,0.0,6.033333333333333,27.713333333333285,53.18333333333333,447,447.0,303,303.0,68,68.0,0,0.0,-0.0021193698861966016,0.0020062449847570453,0.0011022690881790245,-4.8639262318899836e-06,-0.005223020032900779,-0.261151001645039,813,813.0,813,813.0,0.6058234051008908,0.3726937269372694,0.021856026792760684,-0.021433723264632058,0.5485854858548586,0,0.0,6.066666666666666,27.934166666666627,53.18333333333333,446,446.0,301,301.0,66,66.0,0,0.0,-0.0021961814847281606,0.0020063987617310827,0.0011023114191355526,-4.986688035310092e-06,-0.005299904977559483,-0.2649952488779742,15917,813.0000000000002,15917,813.0000000000002,0.6815470100601388,0.40785688457166636,0.02163854311375322,-0.021868213912062014,0.536441129837049,0,0.0,6.25,30.116666666666667,74.75,8466,436.1266385575209,6450,325.3209804900981,1001,51.55238095238096,0,0.0,-0.0010187928684379896,0.002004041627364129,0.0011016625589726908,-8.135210782575004e-07,-0.004123683533696551,-0.20618417668482758,-0.0011773886162901699,2.357134366953061e-06,6.488601628614105e-07,-4.1731669570525936e-06,-0.0011762214438629317,-0.05881107219314658,-0.003983685924745051,0.0018146205792065897,-0.004197527664612643,0.002151800324543736
SOLUSDT,15,-1,validation,0.02,0.025,2,818,813,0.9938875305623472,5,15917,7928,11,2.007694248234107,5555.224599108877,35,818,818.0,818,818.0,0.5068045877182114,0.3753056234718826,0.019807886293733635,-0.023480918009383366,0.5464547677261614,0,0.0,6.033333333333333,27.713333333333285,53.18333333333333,447,447.0,303,303.0,68,68.0,0,0.0,-0.0021193698861966016,0.004016510500545881,0.0011033747342127085,-4.868799905469031e-06,-0.007234386321049722,-0.3617193160524861,813,813.0,813,813.0,0.5035565950026606,0.3726937269372694,0.019898874253492068,-0.023477544466559218,0.5485854858548586,0,0.0,6.066666666666666,27.934166666666627,53.18333333333333,446,446.0,301,301.0,66,66.0,0,0.0,-0.0021961814847281606,0.004016818362664243,0.0011034171499160659,-4.991684716708203e-06,-0.007311425312591761,-0.365571265629588,15917,813.0000000000002,15917,813.0000000000002,0.5669653651089174,0.40519185792139983,0.01981687487154488,-0.023810167075149904,0.536441129837049,0,0.0,6.25,30.116666666666667,74.75,8466,436.1266385575209,6450,325.3209804900981,1001,51.55238095238096,0,0.0,-0.0010187928684379896,0.004012099370214182,0.0011027669907312586,-8.143362296385191e-07,-0.006132844893153793,-0.30664224465768963,-0.0011773886162901699,4.7189924500593164e-06,6.501591848071281e-07,-4.177348487069679e-06,-0.0011785804194379668,-0.05892902097189834,-0.0039916592023318785,0.0018182422953434852,-0.004205940636208798,0.0021561082277310613
SOLUSDT,15,-1,validation,0.03,0.03,1,818,813,0.9938875305623472,5,15917,7928,11,2.007694248234107,5555.224599108877,35,818,818.0,818,818.0,0.692121863876565,0.4180929095354523,0.026744354457378935,-0.027763147744371868,0.39853300733496333,0,0.0,9.508333333333335,41.91999999999999,86.0,326,326.0,338,338.0,154,154.0,0,0.0,-0.001877179936877963,0.0020057601199936393,0.0011021356170312793,-1.112811657107863e-05,-0.004973947557331804,-0.1657982519110601,813,813.0,813,813.0,0.6885861800005384,0.4157441574415744,0.026855021208237802,-0.027751744484473297,0.3997539975399754,0,0.0,9.533333333333333,41.96999999999999,86.0,325,325.0,336,336.0,152,152.0,0,0.0,-0.001952502052326381,0.002005910915019562,0.0011021771271320403,-1.1289403530336309e-05,-0.005049300690947647,-0.16831002303158824,15917,813.0000000000002,15917,813.0000000000002,0.7681858023161631,0.45368033493169146,0.026601661509310492,-0.028757134470845505,0.40620002781387626,0,0.0,10.0,48.047883598077156,113.0,6390,330.2406226126815,7185,362.37544563279863,2342,120.38393175451998,0,0.0,-0.0005520606722984125,0.002003107228573061,0.0011014053423454792,-1.4635874063804704e-05,-0.003641937369153148,-0.12139791230510494,-0.0014004413800279684,2.803686446499943e-06,7.717847865609554e-07,3.346470533468396e-06,-0.0014073633217944975,-0.04691211072648325,-0.0049662358367490245,0.002236763897038993,-0.00442004673722947,0.0013438166897409155
SOLUSDT,15,-1,validation,0.03,0.03,2,818,813,0.9938875305623472,5,15917,7928,11,2.007694248234107,5555.224599108877,35,818,818.0,818,818.0,0.5974691717511296,0.4180929095354523,0.02479698401296623,-0.02981964809008103,0.39853300733496333,0,0.0,9.508333333333335,41.91999999999999,86.0,326,326.0,338,338.0,154,154.0,0,0.0,-0.001877179936877963,0.004015539799346211,0.0011032409958549236,-1.1139266988484521e-05,-0.006984821465090613,-0.23282738216968712,813,813.0,813,813.0,0.594598273035428,0.4157441574415744,0.024907872002550038,-0.029808222029104135,0.3997539975399754,0,0.0,9.533333333333333,41.96999999999999,86.0,325,325.0,336,336.0,152,152.0,0,0.0,-0.001952502052326381,0.004015841691592498,0.0011032825890591558,-1.1300715557921816e-05,-0.007060325617420111,-0.23534418724733705,15917,813.0000000000002,15917,813.0000000000002,0.664436815519082,0.451015308281425,0.024805496776322412,-0.030670813088086647,0.40620002781387626,0,0.0,10.0,48.047883598077156,113.0,6390,330.2406226126815,7185,362.37544563279863,2342,120.38393175451998,0,0.0,-0.0005520606722984125,0.004010228700089378,0.001102509259154813,-1.465053926827745e-05,-0.005650148092274326,-0.18833826974247755,-0.0014004413800279684,5.612991503117662e-06,7.733299043421005e-07,3.349823710355641e-06,-0.0014101775251457837,-0.04700591750485947,-0.00497617595345683,0.002241258859968553,-0.004428905428950312,0.001346500324357561
SOLUSDT,60,1,discovery,0.02,0.025,1,806,715,0.8870967741935484,91,10897,5019,11,2.1711496314006773,3431.4691818404262,70,806,806.0,806,806.0,0.6876167164566889,0.41935483870967744,0.021239754040197976,-0.022308681559418453,0.5446650124069479,0,0.0,4.216666666666666,21.089999999999996,71.81666666666666,439,439.0,329,329.0,38,38.0,0,0.0,-0.0008436916494633422,0.0019963163004005626,0.0010984379956275748,0.00010798842699105411,-0.004046434372482533,-0.20232171862412665,715,715.0,715,715.0,0.7372334332419128,0.43636363636363634,0.021318510308134666,-0.022387282504544134,0.5314685314685315,0,0.0,4.133333333333334,21.879166666666634,71.81666666666666,380,380.0,305,305.0,30,30.0,0,0.0,-0.00010935613419222796,0.00199778350422728,0.0010988410731988692,0.00010968311102955289,-0.0033156638226479298,-0.16578319113239648,10897,715.0,10897,715.0,0.803884882987827,0.46017443039374667,0.02131526416541122,-0.022602989808689012,0.518479356852346,0,0.0,4.116666666666666,24.45,97.21666666666667,5517,370.7127401494274,5136,320.7871063233292,244,23.500153527243306,0,0.0,0.0008236699661047364,0.0019996476922398625,0.0010993532122506257,0.0001176013638837851,-0.002392932302269538,-0.11964661511347686,-0.0009330261002969633,-1.8641880125824599e-06,-5.121390517564031e-07,-7.918252854232214e-06,-0.0009227315203783924,-0.046136576018919614,-0.002980520938427284,0.0010743750372035326,-0.002815391104981862,0.0009290306994118452
SOLUSDT,60,1,discovery,0.02,0.025,2,806,715,0.8870967741935484,91,10897,5019,11,2.1711496314006773,3431.4691818404262,70,806,806.0,806,806.0,0.5716762447322076,0.4143920595533499,0.01944590661520782,-0.02407035624505787,0.5446650124069479,0,0.0,4.216666666666666,21.089999999999996,71.81666666666666,439,439.0,329,329.0,38,38.0,0,0.0,-0.0008436916494633422,0.003988647937527095,0.001097342213227155,0.00010788065410982549,-0.00603756245432742,-0.30187812271637104,715,715.0,715,715.0,0.613274834779949,0.43216783216783217,0.019478340013718336,-0.02417292721100248,0.5314685314685315,0,0.0,4.133333333333334,21.879166666666634,71.81666666666666,380,380.0,305,305.0,30,30.0,0,0.0,-0.00010935613419222796,0.003991579416629973,0.0010977444854470477,0.00010957364684688862,-0.005308253683116139,-0.265412684155807,10897,715.0,10897,715.0,0.6691089402436012,0.45795044226066767,0.019373047560252234,-0.024461360060074173,0.518479356852346,0,0.0,4.116666666666666,24.45,97.21666666666667,5517,370.7127401494274,5136,320.7871063233292,244,23.500153527243306,0,0.0,0.0008236699661047364,0.003995304071720977,0.001098255601241911,0.00011748399725316254,-0.004387373704111318,-0.21936868520556588,-0.0009330261002969633,-3.724655091004731e-06,-5.111157948632833e-07,-7.910350406273894e-06,-0.0009208799790048213,-0.046043998950241076,-0.002974569106284894,0.0010722399338903915,-0.0028097610125603894,0.0009271835518881897
SOLUSDT,60,1,discovery,0.03,0.03,1,806,715,0.8870967741935484,91,10897,5019,11,2.1711496314006773,3431.4691818404262,70,806,806.0,806,806.0,0.7047117812134502,0.45285359801488834,0.02608955786960757,-0.030641460540886855,0.47766749379652607,0,0.0,6.958333333333331,32.10333333333331,80.08333333333333,385,385.0,356,356.0,65,65.0,0,0.0,-0.0016851063087544092,0.0019946351522301497,0.0010979761421964585,0.0001728971314645663,-0.004950614734645582,-0.1650204911548528,715,715.0,715,715.0,0.7474726244977187,0.4699300699300699,0.026181489932910747,-0.031052683258494845,0.4727272727272727,0,0.0,6.916666666666667,33.49166666666666,80.08333333333333,338,338.0,329,329.0,48,48.0,0,0.0,-0.000886170114409615,0.001996231428342727,0.0010984146791514862,0.00017580802636405307,-0.0041566242482678805,-0.13855414160892934,10897,715.0,10897,715.0,0.836141854142204,0.5018432457545126,0.026130865429519295,-0.031482984140290854,0.45213267468084634,0,0.0,7.233333333333333,37.21666666666667,149.15,4803,323.27486239680513,5666,349.9445950205625,428,41.780542582632364,0,0.0,0.0007337740296566468,0.001999468079979223,0.0010993038682723226,0.0002048649531702023,-0.0025698628717651002,-0.08566209572550335,-0.0016199441440662614,-3.236651636495973e-06,-8.891891208363774e-07,-2.9056926806149205e-05,-0.00158676137650278,-0.05289204588342601,-0.004074205223415403,0.0008531830904581546,-0.003809191419812121,0.0006654997122622866
SOLUSDT,60,1,discovery,0.03,0.03,2,806,715,0.8870967741935484,91,10897,5019,11,2.1711496314006773,3431.4691818404262,70,806,806.0,806,806.0,0.6108377772577617,0.4478908188585608,0.02432106544231492,-0.032300102394869495,0.47766749379652607,0,0.0,6.958333333333331,32.10333333333331,80.08333333333333,385,385.0,356,356.0,65,65.0,0,0.0,-0.0016851063087544092,0.003985288996771437,0.0010968812825819607,0.0001727245794371565,-0.006940001167544965,-0.23133337225149886,715,715.0,715,715.0,0.6485726818347247,0.46573426573426574,0.024360743737266485,-0.03274256978331942,0.4727272727272727,0,0.0,6.916666666666667,33.49166666666666,80.08333333333333,338,338.0,329,329.0,48,48.0,0,0.0,-0.000886170114409615,0.003988478362816725,0.0010973189433375254,0.0001756325692519133,-0.006147599989815779,-0.20491999966052604,10897,715.0,10897,715.0,0.725898346648389,0.4995493275515034,0.024195523765358645,-0.03327180194265358,0.45213267468084634,0,0.0,7.233333333333333,37.21666666666667,149.15,4803,323.27486239680513,5666,349.9445950205625,428,41.780542582632364,0,0.0,0.0007337740296566468,0.003994945205707211,0.0010982063558531725,0.00020466049712911428,-0.004564038029032854,-0.15213460096776177,-0.0016199441440662614,-6.466842890486676e-06,-8.874125156466724e-07,-2.9027927877200948e-05,-0.0015835619607829274,-0.05278539869276424,-0.004066042898030206,0.0008515059155268811,-0.003801551996873895,0.00066420213630053
SOLUSDT,60,1,validation,0.02,0.025,1,226,202,0.8938053097345132,24,3106,1418,7,2.1904090267983074,1026.4939510481324,24,226,226.0,226,226.0,0.6429355286872824,0.3893805309734513,0.02128553133938932,-0.021111576041056904,0.5221238938053098,0,0.0,5.491666666666667,27.47,53.0,118,118.0,86,86.0,22,22.0,0,0.0,-0.0014608933263019824,0.001995083130217054,0.0010980992129489145,4.889218805237454e-05,-0.004602967857520324,-0.2301483928760163,202,202.0,202,202.0,0.6370431650958217,0.38613861386138615,0.02121984139802241,-0.020952998920192763,0.5198019801980198,0,0.0,5.591666666666667,27.976666666666667,53.0,105,105.0,76,76.0,21,21.0,0,0.0,-0.001524711770403789,0.001994955620838227,0.001098064182934817,5.070524294274342e-05,-0.004668436817119576,-0.2334218408559788,3106,202.0,3106,202.0,0.7873271539583632,0.440283926136124,0.02130242132506231,-0.021283291413005664,0.48104392701628546,0,0.0,6.016666666666667,28.811884961855142,57.0,1463,97.17087325728966,1350,86.66311065525463,293,18.166016087455713,0,0.0,0.0006163222008332177,0.0019992334109905684,0.0010992393988344135,5.1336002392187954e-05,-0.0025334866113839527,-0.1266743305691976,-0.002141033971237006,-4.277790152341316e-06,-1.1752158995965426e-06,-6.307594494445319e-07,-0.002134950205735624,-0.10674751028678117,-0.006518051656451978,0.0016026484350304653,-0.006678925522682608,0.0009666314125865778
SOLUSDT,60,1,validation,0.02,0.025,2,226,202,0.8938053097345132,24,3106,1418,7,2.1904090267983074,1026.4939510481324,24,226,226.0,226,226.0,0.5321567960954791,0.3805309734513274,0.019707312506438014,-0.0227487849981287,0.5221238938053098,0,0.0,5.491666666666667,27.47,53.0,118,118.0,86,86.0,22,22.0,0,0.0,-0.0014608933263019824,0.003986184058577635,0.001097004107438316,4.884339345351987e-05,-0.006592924885771455,-0.32964624428857275,202,202.0,202,202.0,0.5267934622685704,0.37623762376237624,0.01970100966298252,-0.022557509796031265,0.5198019801980198,0,0.0,5.591666666666667,27.976666666666667,53.0,105,105.0,76,76.0,21,21.0,0,0.0,-0.001524711770403789,0.0039859292943297256,0.0010969691474143966,5.0654638907870416e-05,-0.006658264851055783,-0.3329132425527891,3106,202.0,3106,202.0,0.6520668075612139,0.43323322106561696,0.01958577229543575,-0.022959687514599737,0.48104392701628546,0,0.0,6.016666666666667,28.811884961855142,57.0,1463,97.17087325728966,1350,86.66311065525463,293,18.166016087455713,0,0.0,0.0006163222008332177,0.003994476336131077,0.001098142015225586,5.12847688568664e-05,-0.004527580919380314,-0.22637904596901573,-0.002141033971237006,-8.547041801351724e-06,-1.1728678111895908e-06,-6.301299489959818e-07,-0.002130683931675468,-0.10653419658377343,-0.006505023173438683,0.0015994331200389381,-0.006665561579441885,0.000964695927653572
SOLUSDT,60,1,validation,0.03,0.03,1,226,202,0.8938053097345132,24,3106,1418,7,2.1904090267983074,1026.4939510481324,24,226,226.0,226,226.0,0.6693510286596152,0.42035398230088494,0.02591527903199689,-0.02807723026850268,0.4247787610619469,0,0.0,9.433333333333334,36.0,74.51666666666667,96,96.0,92,92.0,38,38.0,0,0.0,-0.0022091360342813785,0.001993588139791532,0.0010976885017042598,8.085129384295014e-05,-0.005381263969620121,-0.17937546565400403,202,202.0,202,202.0,0.6726362594780656,0.4207920792079208,0.0258141296451869,-0.02788112387070397,0.42574257425742573,0,0.0,10.541666666666668,36.45333333333333,74.51666666666667,86,86.0,82,82.0,34,34.0,0,0.0,-0.0021093326724520222,0.001993787547107875,0.0010977432838792421,8.572299671669704e-05,-0.005286586500155836,-0.17621955000519451,3106,202.0,3106,202.0,0.8796682174582234,0.48882684757010386,0.026189750731207107,-0.02847078739285679,0.3882781507618662,0,0.0,9.5,37.72291491435553,102.11666666666666,1164,78.43218645389697,1514,96.41878078491857,428,27.149032761184465,0,0.0,0.0014289363330429628,0.0020008570156503282,0.0010996854436245659,7.9642728953225e-05,-0.0017512488551851557,-0.0583749618395052,-0.0035382690054949857,-7.069468542453519e-06,-1.942159745323895e-06,6.080267763472045e-06,-0.00353533764497068,-0.11784458816568935,-0.009060662628888182,0.0013021388327771268,-0.0080404470874739,0.0005503219247875445
SOLUSDT,60,1,validation,0.03,0.03,2,226,202,0.8938053097345132,24,3106,1418,7,2.1904090267983074,1026.4939510481324,24,226,226.0,226,226.0,0.5766526798900311,0.40707964601769914,0.024659700524701185,-0.029360031175054552,0.4247787610619469,0,0.0,9.433333333333334,36.0,74.51666666666667,96,96.0,92,92.0,38,38.0,0,0.0,-0.0022091360342813785,0.003983197061739403,0.0010965942167971885,8.077060392893521e-05,-0.007369697916746905,-0.24565659722489688,202,202.0,202,202.0,0.5790411621434914,0.40594059405940597,0.024652054786549322,-0.029092181820805037,0.42574257425742573,0,0.0,10.541666666666668,36.45333333333333,74.51666666666667,86,86.0,82,82.0,34,34.0,0,0.0,-0.0021093326724520222,0.003983595478353493,0.001096648889517057,8.56374448237662e-05,-0.007275214485146338,-0.242507149504878,3106,202.0,3106,202.0,0.7590617511542127,0.4815286177471216,0.02451463005147496,-0.02999477086156878,0.3882781507618662,0,0.0,9.5,37.72291491435553,102.11666666666666,1164,78.43218645389697,1514,96.41878078491857,428,27.149032761184465,0,0.0,0.0014289363330429628,0.003997720304722732,0.0010985871688155761,7.956324519179461e-05,-0.0037469343856871393,-0.12489781285623801,-0.0035382690054949857,-1.4124826369238833e-05,-1.9382792985191704e-06,6.0741996319715725e-06,-0.0035282800994591986,-0.11760933664863996,-0.009042561745376123,0.0012995248942693138,-0.008024397755274243,0.000549215320915271
SOLUSDT,60,-1,discovery,0.02,0.025,1,898,828,0.9220489977728286,70,12883,5494,9,2.3449217327994174,3845.865761706631,80,898,898.0,898,898.0,0.8117423206599637,0.4510022271714922,0.021578694228718217,-0.021838111359729382,0.4933184855233853,0,0.0,4.975,28.65333333333332,59.11666666666667,443,443.0,398,398.0,57,57.0,0,0.0,0.0008918010282921702,0.0020002166145578646,0.001100609628572446,4.801012782968413e-05,-0.002257035342667824,-0.1128517671333912,828,828.0,828,828.0,0.8460198761148341,0.4613526570048309,0.02163298142808081,-0.021901018664813133,0.48792270531400966,0,0.0,4.975,28.89166666666666,59.11666666666667,404,404.0,377,377.0,47,47.0,0,0.0,0.0013348645980857876,0.0019993296004041238,0.001100365455751275,5.166159383834755e-05,-0.001816492051907958,-0.09082460259539789,12883,828.0,12883,828.0,0.9167718113787457,0.48429303068526613,0.02171933434349892,-0.02224797451068752,0.4797409763254482,7,0.35,5.0,32.416666666666664,80.13333333333334,6212,397.2255283974711,6189,396.2896017553138,482,34.48486984721505,0,0.0,0.0021801762342809157,0.001997637284816147,0.0010998996035777942,3.755260050540987e-05,-0.0009549132546184352,-0.047745662730921734,-0.0008453116361951278,1.692315587976822e-06,4.658521734807144e-07,1.410899333293768e-05,-0.0008615787972895235,-0.04307893986447615,-0.002580191567300467,0.0007967168969352297,-0.0023547701265758452,0.0005566287926920505
SOLUSDT,60,-1,discovery,0.02,0.025,2,898,828,0.9220489977728286,70,12883,5494,9,2.3449217327994174,3845.865761706631,80,898,898.0,898,898.0,0.6750241223125556,0.44766146993318484,0.019777607712238354,-0.023746458129794545,0.4933184855233853,0,0.0,4.975,28.65333333333332,59.11666666666667,443,443.0,398,398.0,57,57.0,0,0.0,0.0008918010282921702,0.004004441679245323,0.0011017119523580243,4.8058234170194845e-05,-0.004262410837481373,-0.2131205418740686,828,828.0,828,828.0,0.7038203818447126,0.45893719806763283,0.019784651008122562,-0.023843617002077263,0.48792270531400966,0,0.0,4.975,28.89166666666666,59.11666666666667,404,404.0,377,377.0,47,47.0,0,0.0,0.0013348645980857876,0.004002665873354368,0.001101467290701398,5.171335896243407e-05,-0.003820981924932414,-0.19104909624662061,12883,828.0,12883,828.0,0.7639458519261413,0.4827813954353529,0.019826835944642778,-0.024225191755627488,0.4797409763254482,7,0.35,5.0,32.416666666666664,80.13333333333334,6212,397.2255283974711,6189,396.2896017553138,482,34.48486984721505,0,0.0,0.0021801762342809157,0.003999277850764413,0.001101000505889066,3.75902283616277e-05,-0.0029576923507341913,-0.14788461753670953,-0.0008453116361951278,3.3880225899558594e-06,4.667848123318065e-07,1.4123130600806347e-05,-0.0008632895741982216,-0.0431644787099111,-0.002585340981528766,0.000798335017090737,-0.0023594721271481232,0.000557735139237679
SOLUSDT,60,-1,discovery,0.03,0.03,1,898,828,0.9220489977728286,70,12883,5494,9,2.3449217327994174,3845.865761706631,80,898,898.0,898,898.0,0.7871517204024857,0.46993318485523383,0.026535473790230468,-0.029886420015249483,0.43207126948775054,0,0.0,7.708333333333334,38.08333333333332,90.26666666666667,388,388.0,415,415.0,95,95.0,0,0.0,-0.0001918139366517879,0.0020023860138870804,0.0011012068099727963,7.649300316483294e-05,-0.0033718997636764977,-0.11239665878921658,828,828.0,828,828.0,0.8157866798744073,0.47946859903381644,0.02660631288308759,-0.03004147973675301,0.427536231884058,0,0.0,7.9,38.868333333333254,90.26666666666667,354,354.0,392,392.0,82,82.0,0,0.0,0.00030480738483129236,0.0020013917770072363,0.0011009331214156966,8.312445736823397e-05,-0.0028806419709598748,-0.09602139903199583,12883,828.0,12883,828.0,0.9653439405531199,0.5270267404811926,0.026634218272512344,-0.030743544936931683,0.40732770889378445,0,0.0,8.018825488235041,48.04425415773368,105.43333333333334,5198,337.2673429640535,6806,430.2008912441188,879,60.53176579182771,0,0.0,0.0026501543356659356,0.001996696387716273,0.0010996405981286278,5.774676637773837e-05,-0.0005039294165567045,-0.016797647218556797,-0.0023453469508346435,4.695389290962689e-06,1.2925232870690827e-06,2.537769099049559e-05,-0.0023767125544031705,-0.07922375181343903,-0.004683868484290885,-0.00018079489804624535,-0.004625178496519187,-0.00019325246023169803
SOLUSDT,60,-1,discovery,0.03,0.03,2,898,828,0.9220489977728286,70,12883,5494,9,2.3449217327994174,3845.865761706631,80,898,898.0,898,898.0,0.6824131909152075,0.4665924276169265,0.02477350561932626,-0.03175547132309408,0.43207126948775054,0,0.0,7.708333333333334,38.08333333333332,90.26666666666667,388,388.0,415,415.0,95,95.0,0,0.0,-0.0001918139366517879,0.004008784825397404,0.0011023103293191273,7.65696494605893e-05,-0.005379478740828909,-0.17931595802763023,828,828.0,828,828.0,0.7075774365221099,0.47705314009661837,0.024789010259304033,-0.031959090456662134,0.427536231884058,0,0.0,7.9,38.868333333333254,90.26666666666667,354,354.0,392,392.0,82,82.0,0,0.0,0.00030480738483129236,0.004006794359179036,0.0011020360928358913,8.32077484076811e-05,-0.004887230815591316,-0.16290769385304388,12883,828.0,12883,828.0,0.838522574291784,0.5253809130681019,0.024766950335434836,-0.03269541587037278,0.40732770889378445,0,0.0,8.018825488235041,48.04425415773368,105.43333333333334,5198,337.2673429640535,6806,430.2008912441188,879,60.53176579182771,0,0.0,0.0026501543356659356,0.003997394170999343,0.0011007409819094333,5.780462886909884e-05,-0.002505785446111939,-0.08352618153706463,-0.0023453469508346435,9.40018817969293e-06,1.2951109264578911e-06,2.5403119538582253e-05,-0.002381445369479376,-0.07938151231597924,-0.004693191610321723,-0.0001811484977219036,-0.004634415576942039,-0.0001936388643608162
SOLUSDT,60,-1,validation,0.02,0.025,1,325,307,0.9446153846153846,18,4557,2161,7,2.108745950948635,1545.7134178497593,34,325,325.0,325,325.0,0.6000224022280464,0.38153846153846155,0.02164988103892276,-0.022259411426897337,0.5723076923076923,0,0.0,6.0,31.062499999999996,53.18333333333333,186,186.0,122,122.0,17,17.0,0,0.0,-0.0023942427688567413,0.002006795280818432,0.0011024205709273213,2.868911643481554e-06,-0.005506327532245975,-0.2753163766122988,307,307.0,307,307.0,0.6084969646990213,0.38436482084690554,0.021637511809213975,-0.022200824557534755,0.5667752442996743,0,0.0,5.933333333333334,31.044166666666666,53.18333333333333,174,174.0,116,116.0,17,17.0,0,0.0,-0.0022414622145877547,0.00200648941384292,0.0011023363733956369,6.222518766861406e-07,-0.005350910253702997,-0.26754551268514987,4557,307.0,4557,307.0,0.7884096760903496,0.44518404671325174,0.02158117015365836,-0.02196411433102771,0.50586750160688,0,0.0,5.616666666666666,31.266666666666666,67.26666666666667,2258,155.30132299331217,2035,133.67955656744357,264,18.019120439244276,0,0.0,0.0005251212979687477,0.0020009507081120634,0.0011008117061755789,1.8072525364936106e-06,-0.002578448368855388,-0.1289224184427694,-0.002766583512556502,5.5387057308566995e-06,1.5246672200580532e-06,-1.1850006598074664e-06,-0.00277246188484761,-0.13862309424238048,-0.005803290772010342,0.00026596276673691806,-0.004942739861624386,-0.00017311374240499603
SOLUSDT,60,-1,validation,0.02,0.025,2,325,307,0.9446153846153846,18,4557,2161,7,2.108745950948635,1545.7134178497593,34,325,325.0,325,325.0,0.4999204810417807,0.37846153846153846,0.0198589856897958,-0.024188552241949064,0.5723076923076923,0,0.0,6.0,31.062499999999996,53.18333333333333,186,186.0,122,122.0,17,17.0,0,0.0,-0.0023942427688567413,0.004017612195466366,0.001103526520230378,2.871786304446966e-06,-0.007518253270857933,-0.3759126635428966,307,307.0,307,307.0,0.5068446469798732,0.3811074918566775,0.01985502929261395,-0.02412281181410769,0.5667752442996743,0,0.0,5.933333333333334,31.044166666666666,53.18333333333333,174,174.0,116,116.0,17,17.0,0,0.0,-0.0022414622145877547,0.004016999848555468,0.0011034421541347287,6.228753755605803e-07,-0.007362527092653513,-0.3681263546326756,4557,307.0,4557,307.0,0.6559274152394917,0.4409412934476972,0.01982066406635764,-0.023833387498835668,0.50586750160688,0,0.0,5.616666666666666,31.266666666666666,67.26666666666667,2258,155.30132299331217,2035,133.67955656744357,264,18.019120439244276,0,0.0,0.0005251212979687477,0.0040059113374830944,0.0011019144345217331,1.8090634107786768e-06,-0.004584513537446859,-0.2292256768723429,-0.002766583512556502,1.108851107237371e-05,1.527719612995907e-06,-1.1861880352180973e-06,-0.0027780135552066547,-0.13890067776033269,-0.005814914103535383,0.0002665029623145526,-0.004952637043234835,-0.00017346251770004355
SOLUSDT,60,-1,validation,0.03,0.03,1,325,307,0.9446153846153846,18,4557,2161,7,2.108745950948635,1545.7134178497593,34,325,325.0,325,325.0,0.6595524966202392,0.42153846153846153,0.026625482536498983,-0.02941784372489432,0.4369230769230769,0,0.0,9.65,47.533333333333324,86.0,142,142.0,135,135.0,48,48.0,0,0.0,-0.0026878180703968826,0.002007383019159844,0.0011025823605992564,-4.357256987451365e-06,-0.0057934261931685315,-0.19311420643895105,307,307.0,307,307.0,0.6878716956686769,0.42996742671009774,0.02661291091061061,-0.02918238770664697,0.4234527687296417,0,0.0,9.433333333333334,47.0375,86.0,130,130.0,130,130.0,47,47.0,0,0.0,-0.002091058882543207,0.002006188306071047,0.0011022534859537376,-7.2739369047370304e-06,-0.0051922267376632554,-0.17307422458877517,4557,307.0,4557,307.0,0.9205808824017944,0.5008069193624755,0.026544903242859495,-0.0289281698459687,0.37302160658785244,0,0.0,9.039155387750931,48.92828420253772,113.0,1679,114.51763322247069,2258,150.70577847075526,620,41.77658830677407,0,0.0,0.0019402254564034774,0.0019981176667538416,0.0011000318407156928,-1.1053046282846639e-05,-0.0011468710047832105,-0.03822903349277367,-0.0040312843389466845,8.07063931720573e-06,2.2216452380451405e-06,3.7791093781096034e-06,-0.0040453557328800445,-0.1348451910960015,-0.008084034877133519,1.57221761489294e-05,-0.007018732768990526,-0.0007537334046328705
SOLUSDT,60,-1,validation,0.03,0.03,2,325,307,0.9446153846153846,18,4557,2161,7,2.108745950948635,1545.7134178497593,34,325,325.0,325,325.0,0.5713637792673403,0.41846153846153844,0.024865269009934993,-0.03131537096822134,0.4369230769230769,0,0.0,9.65,47.533333333333324,86.0,142,142.0,135,135.0,48,48.0,0,0.0,-0.0026878180703968826,0.004018788849981551,0.001103688633806208,-4.361622976416747e-06,-0.007805933931208225,-0.26019779770694085,307,307.0,307,307.0,0.5955668046023723,0.42671009771986973,0.024859727617433314,-0.031068802219520984,0.4234527687296417,0,0.0,9.433333333333334,47.0375,86.0,130,130.0,130,130.0,47,47.0,0,0.0,-0.002091058882543207,0.004016397029589354,0.001103359100751673,-7.281225418669637e-06,-0.007203533787465565,-0.24011779291551882,4557,307.0,4557,307.0,0.7964035164222126,0.49656416609692083,0.024814727935328757,-0.030733187130099555,0.37302160658785244,0,0.0,9.039155387750931,48.92828420253772,113.0,1679,114.51763322247069,2258,150.70577847075526,620,41.77658830677407,0,0.0,0.0019402254564034774,0.0040002395773290535,0.0011011330077665092,-1.1064121479522833e-05,-0.003150083007212562,-0.1050027669070854,-0.0040312843389466845,1.6157452260300822e-05,2.2260929851638314e-06,3.7828960608531976e-06,-0.004053450780253002,-0.13511502600843342,-0.008100215639657498,1.5763608239182597e-05,-0.007032783582368439,-0.0007552371963695962
