poll_minutes,stress,cost_model,partition,feature,n,winners,losers,winner_median,loser_median,winner_q25,winner_q75,loser_q25,loser_q75,auc,within_token_side_auc,within_token_side_pairs,grouping,symbol,side,entry_year
0,1,research_all_exit_slip,evaluation,volume_ratio,15,12,3,2.1674446646355428,3.1347234558341848,2.034073792248484,3.6984414230737275,2.7533620457019734,3.546688528133368,0.3333333333333333,0.375,8.0,,,,
0,1,research_all_exit_slip,evaluation,prior_atr_pct,15,12,3,0.007839049802550232,0.006185374625865065,0.006082088910519512,0.008914609106581114,0.005113583822760189,0.007525354702075074,0.6388888888888888,0.5,8.0,,,,
0,1,research_all_exit_slip,evaluation,extension_atr,15,12,3,0.5859552756146141,0.4592885152223164,0.3712017775054388,0.7438784838156219,0.27359593922349784,0.6597471360867553,0.5555555555555556,0.375,8.0,,,,
0,1,research_all_exit_slip,evaluation,aligned_rsi14,15,12,3,13.549926258432492,11.111549550042128,11.584026200844779,14.969164705154562,10.045002498203363,15.401491401839714,0.5277777777777778,0.25,8.0,,,,
0,1,research_all_exit_slip,evaluation,aligned_crsi,15,12,3,37.71543272455736,34.34614998923368,34.71586411746107,38.309041317395355,29.20998784251558,35.3930313377133,0.8055555555555556,0.75,8.0,,,,
0,1,research_all_exit_slip,evaluation,aligned_btc24,15,12,3,0.008526635394506266,0.002627654019616954,0.00452423841993177,0.012887504371042774,0.001711017303550555,0.020369513616511903,0.6388888888888888,0.5,8.0,,,,
0,1,research_all_exit_slip,evaluation,aligned_own24,15,12,3,0.01770288186733948,0.02472836268265266,0.007429096777785249,0.022594583709282745,0.013678008351134807,0.031419867948029756,0.4444444444444444,0.25,8.0,,,,
0,1,research_all_exit_slip,evaluation,efficiency24_before_signal,15,12,3,0.06557361651178492,0.023729578736493433,0.03832499342407701,0.10042740782816621,0.022799183006417662,0.24276841114753628,0.5555555555555556,0.5,8.0,,,,
0,1,research_all_exit_slip,evaluation,adx14,15,12,3,18.196269331996852,14.830185107925647,14.931803332294912,24.25087461493141,12.56077237170819,24.43181783996114,0.5833333333333334,0.5,8.0,,,,
0,1,research_all_exit_slip,evaluation,compression,15,12,3,0.6555059458684689,0.6683953866398283,0.6259608025603957,0.6723063422179902,0.6412394606654437,0.6774142252156965,0.3888888888888889,0.125,8.0,,,,
0,1,research_all_exit_slip,evaluation,signal_tr_atr,15,12,3,1.9324372172628634,2.3887390133434727,1.736081884934199,2.1307695660398576,2.272572612987288,2.4109191227068996,0.19444444444444445,0.25,8.0,,,,
0,1,research_all_exit_slip,evaluation,aligned_body_atr,15,12,3,1.389304866200773,1.591172080163477,1.2845312141762175,1.7893758226890175,1.1964997919318352,1.7264936400700286,0.5277777777777778,0.375,8.0,,,,
0,1,research_all_exit_slip,historical,volume_ratio,41,23,18,2.7193419191975226,2.996813904053008,2.4417092260180038,3.5935461865588803,2.4215181031262523,3.3979370045946253,0.45893719806763283,0.5076923076923077,65.0,,,,
0,1,research_all_exit_slip,historical,prior_atr_pct,41,23,18,0.0060597925285657515,0.006552243995798228,0.004834924411635031,0.007570871803069979,0.005176440866819893,0.010382664790583754,0.45652173913043476,0.49230769230769234,65.0,,,,
0,1,research_all_exit_slip,historical,extension_atr,41,23,18,0.45190530574332005,0.773213948526758,0.23422035939945737,0.6308131526779492,0.4684983247463354,0.923286801877105,0.2777777777777778,0.24615384615384617,65.0,,,,
0,1,research_all_exit_slip,historical,aligned_rsi14,41,23,18,14.783738163622715,15.749318635487569,11.423884811148195,16.482772421598852,11.297547865132504,18.97356792163503,0.42028985507246375,0.3230769230769231,65.0,,,,
0,1,research_all_exit_slip,historical,aligned_crsi,41,23,18,33.46210105186803,35.328310445165336,30.480096508319168,36.61963082913249,32.838118582635886,37.12434715726903,0.4251207729468599,0.35384615384615387,65.0,,,,
0,1,research_all_exit_slip,historical,aligned_btc24,41,23,18,0.011865247126415124,0.010006111388600802,0.0045429922652691634,0.025305864594219574,0.004361382942487113,0.027010722374424645,0.4939613526570048,0.4,65.0,,,,
0,1,research_all_exit_slip,historical,aligned_own24,41,23,18,0.018607068607068733,0.011557932122837011,0.007005881949602166,0.031905499720778385,0.008103896353845869,0.031207559026451698,0.463768115942029,0.3230769230769231,65.0,,,,
0,1,research_all_exit_slip,historical,efficiency24_before_signal,41,23,18,0.16900311526479816,0.1392260831315291,0.06104910317974911,0.2023856087609795,0.059019099869272236,0.31035975109294656,0.47101449275362317,0.4153846153846154,65.0,,,,
0,1,research_all_exit_slip,historical,adx14,41,23,18,16.629386806998955,27.658303992426713,14.885060259737708,25.809751757914025,18.84600435880817,30.314278682407803,0.32367149758454106,0.36923076923076925,65.0,,,,
0,1,research_all_exit_slip,historical,compression,41,23,18,0.6508941463956491,0.6639026695551135,0.5964055692180656,0.683811775301137,0.6149275805645755,0.6837376457733346,0.45893719806763283,0.4,65.0,,,,
0,1,research_all_exit_slip,historical,signal_tr_atr,41,23,18,1.9159384023447998,1.970420050382653,1.6860743248419283,2.419656294508164,1.732712047015276,2.733339797285216,0.46618357487922707,0.4307692307692308,65.0,,,,
0,1,research_all_exit_slip,historical,aligned_body_atr,41,23,18,1.5081041651961,1.5765973816238357,1.2493943591517742,2.068007366165321,1.3823057080404748,2.1277337796855487,0.47342995169082125,0.49230769230769234,65.0,,,,
0,1,research_all_exit_slip,reserved_replication,volume_ratio,9,8,1,2.974241694958422,2.0892397913013836,2.7534224204501268,3.3022172368943967,2.0892397913013836,2.0892397913013836,1.0,1.0,1.0,,,,
0,1,research_all_exit_slip,reserved_replication,prior_atr_pct,9,8,1,0.004787492894971514,0.005739374694962948,0.0039083922691227095,0.0063595950275660215,0.005739374694962948,0.005739374694962948,0.375,0.0,1.0,,,,
0,1,research_all_exit_slip,reserved_replication,extension_atr,9,8,1,0.515632857368438,0.6791327583663799,0.4852895628207665,0.7651391271036974,0.6791327583663799,0.6791327583663799,0.375,0.0,1.0,,,,
0,1,research_all_exit_slip,reserved_replication,aligned_rsi14,9,8,1,11.375868609940174,17.905477325778406,9.83816485932853,18.77252508642428,17.905477325778406,17.905477325778406,0.375,0.0,1.0,,,,
0,1,research_all_exit_slip,reserved_replication,aligned_crsi,9,8,1,35.06274148927855,33.46856613031089,31.1884034123702,35.50287009180561,33.46856613031089,33.46856613031089,0.625,0.0,1.0,,,,
0,1,research_all_exit_slip,reserved_replication,aligned_btc24,9,8,1,0.004841228553758126,0.029870765789860698,0.004090499995727748,0.011600365350328046,0.029870765789860698,0.029870765789860698,0.125,0.0,1.0,,,,
0,1,research_all_exit_slip,reserved_replication,aligned_own24,9,8,1,0.012796411350354753,0.029870765789860698,0.007827504578582334,0.021239046184048344,0.029870765789860698,0.029870765789860698,0.25,0.0,1.0,,,,
0,1,research_all_exit_slip,reserved_replication,efficiency24_before_signal,9,8,1,0.1590770603803781,0.2656970749443747,0.0790206829096,0.34382061324825075,0.2656970749443747,0.2656970749443747,0.375,0.0,1.0,,,,
0,1,research_all_exit_slip,reserved_replication,adx14,9,8,1,19.804122543088695,26.963171810061823,14.099509163712519,31.24860273882585,26.963171810061823,26.963171810061823,0.375,0.0,1.0,,,,
0,1,research_all_exit_slip,reserved_replication,compression,9,8,1,0.637267377431311,0.5705929487179504,0.6061186611299881,0.6602407754846804,0.5705929487179504,0.5705929487179504,0.75,0.0,1.0,,,,
0,1,research_all_exit_slip,reserved_replication,signal_tr_atr,9,8,1,1.8174975887446012,2.741957501471978,1.5958733932345528,1.9394168589523466,2.741957501471978,2.741957501471978,0.0,0.0,1.0,,,,
0,1,research_all_exit_slip,reserved_replication,aligned_body_atr,9,8,1,1.2120776273246379,1.7596209472004969,1.1570993580045992,1.5913702031807904,1.7596209472004969,1.7596209472004969,0.125,0.0,1.0,,,,
0,1,runtime_stop_fill,evaluation,volume_ratio,15,12,3,2.1674446646355428,3.1347234558341848,2.034073792248484,3.6984414230737275,2.7533620457019734,3.546688528133368,0.3333333333333333,0.375,8.0,,,,
0,1,runtime_stop_fill,evaluation,prior_atr_pct,15,12,3,0.007839049802550232,0.006185374625865065,0.006082088910519512,0.008914609106581114,0.005113583822760189,0.007525354702075074,0.6388888888888888,0.5,8.0,,,,
0,1,runtime_stop_fill,evaluation,extension_atr,15,12,3,0.5859552756146141,0.4592885152223164,0.3712017775054388,0.7438784838156219,0.27359593922349784,0.6597471360867553,0.5555555555555556,0.375,8.0,,,,
0,1,runtime_stop_fill,evaluation,aligned_rsi14,15,12,3,13.549926258432492,11.111549550042128,11.584026200844779,14.969164705154562,10.045002498203363,15.401491401839714,0.5277777777777778,0.25,8.0,,,,
0,1,runtime_stop_fill,evaluation,aligned_crsi,15,12,3,37.71543272455736,34.34614998923368,34.71586411746107,38.309041317395355,29.20998784251558,35.3930313377133,0.8055555555555556,0.75,8.0,,,,
0,1,runtime_stop_fill,evaluation,aligned_btc24,15,12,3,0.008526635394506266,0.002627654019616954,0.00452423841993177,0.012887504371042774,0.001711017303550555,0.020369513616511903,0.6388888888888888,0.5,8.0,,,,
0,1,runtime_stop_fill,evaluation,aligned_own24,15,12,3,0.01770288186733948,0.02472836268265266,0.007429096777785249,0.022594583709282745,0.013678008351134807,0.031419867948029756,0.4444444444444444,0.25,8.0,,,,
0,1,runtime_stop_fill,evaluation,efficiency24_before_signal,15,12,3,0.06557361651178492,0.023729578736493433,0.03832499342407701,0.10042740782816621,0.022799183006417662,0.24276841114753628,0.5555555555555556,0.5,8.0,,,,
0,1,runtime_stop_fill,evaluation,adx14,15,12,3,18.196269331996852,14.830185107925647,14.931803332294912,24.25087461493141,12.56077237170819,24.43181783996114,0.5833333333333334,0.5,8.0,,,,
0,1,runtime_stop_fill,evaluation,compression,15,12,3,0.6555059458684689,0.6683953866398283,0.6259608025603957,0.6723063422179902,0.6412394606654437,0.6774142252156965,0.3888888888888889,0.125,8.0,,,,
0,1,runtime_stop_fill,evaluation,signal_tr_atr,15,12,3,1.9324372172628634,2.3887390133434727,1.736081884934199,2.1307695660398576,2.272572612987288,2.4109191227068996,0.19444444444444445,0.25,8.0,,,,
0,1,runtime_stop_fill,evaluation,aligned_body_atr,15,12,3,1.389304866200773,1.591172080163477,1.2845312141762175,1.7893758226890175,1.1964997919318352,1.7264936400700286,0.5277777777777778,0.375,8.0,,,,
0,1,runtime_stop_fill,historical,volume_ratio,41,23,18,2.7193419191975226,2.996813904053008,2.4417092260180038,3.5935461865588803,2.4215181031262523,3.3979370045946253,0.45893719806763283,0.5076923076923077,65.0,,,,
0,1,runtime_stop_fill,historical,prior_atr_pct,41,23,18,0.0060597925285657515,0.006552243995798228,0.004834924411635031,0.007570871803069979,0.005176440866819893,0.010382664790583754,0.45652173913043476,0.49230769230769234,65.0,,,,
0,1,runtime_stop_fill,historical,extension_atr,41,23,18,0.45190530574332005,0.773213948526758,0.23422035939945737,0.6308131526779492,0.4684983247463354,0.923286801877105,0.2777777777777778,0.24615384615384617,65.0,,,,
0,1,runtime_stop_fill,historical,aligned_rsi14,41,23,18,14.783738163622715,15.749318635487569,11.423884811148195,16.482772421598852,11.297547865132504,18.97356792163503,0.42028985507246375,0.3230769230769231,65.0,,,,
0,1,runtime_stop_fill,historical,aligned_crsi,41,23,18,33.46210105186803,35.328310445165336,30.480096508319168,36.61963082913249,32.838118582635886,37.12434715726903,0.4251207729468599,0.35384615384615387,65.0,,,,
0,1,runtime_stop_fill,historical,aligned_btc24,41,23,18,0.011865247126415124,0.010006111388600802,0.0045429922652691634,0.025305864594219574,0.004361382942487113,0.027010722374424645,0.4939613526570048,0.4,65.0,,,,
0,1,runtime_stop_fill,historical,aligned_own24,41,23,18,0.018607068607068733,0.011557932122837011,0.007005881949602166,0.031905499720778385,0.008103896353845869,0.031207559026451698,0.463768115942029,0.3230769230769231,65.0,,,,
0,1,runtime_stop_fill,historical,efficiency24_before_signal,41,23,18,0.16900311526479816,0.1392260831315291,0.06104910317974911,0.2023856087609795,0.059019099869272236,0.31035975109294656,0.47101449275362317,0.4153846153846154,65.0,,,,
0,1,runtime_stop_fill,historical,adx14,41,23,18,16.629386806998955,27.658303992426713,14.885060259737708,25.809751757914025,18.84600435880817,30.314278682407803,0.32367149758454106,0.36923076923076925,65.0,,,,
0,1,runtime_stop_fill,historical,compression,41,23,18,0.6508941463956491,0.6639026695551135,0.5964055692180656,0.683811775301137,0.6149275805645755,0.6837376457733346,0.45893719806763283,0.4,65.0,,,,
0,1,runtime_stop_fill,historical,signal_tr_atr,41,23,18,1.9159384023447998,1.970420050382653,1.6860743248419283,2.419656294508164,1.732712047015276,2.733339797285216,0.46618357487922707,0.4307692307692308,65.0,,,,
0,1,runtime_stop_fill,historical,aligned_body_atr,41,23,18,1.5081041651961,1.5765973816238357,1.2493943591517742,2.068007366165321,1.3823057080404748,2.1277337796855487,0.47342995169082125,0.49230769230769234,65.0,,,,
0,1,runtime_stop_fill,reserved_replication,volume_ratio,9,8,1,2.974241694958422,2.0892397913013836,2.7534224204501268,3.3022172368943967,2.0892397913013836,2.0892397913013836,1.0,1.0,1.0,,,,
0,1,runtime_stop_fill,reserved_replication,prior_atr_pct,9,8,1,0.004787492894971514,0.005739374694962948,0.0039083922691227095,0.0063595950275660215,0.005739374694962948,0.005739374694962948,0.375,0.0,1.0,,,,
0,1,runtime_stop_fill,reserved_replication,extension_atr,9,8,1,0.515632857368438,0.6791327583663799,0.4852895628207665,0.7651391271036974,0.6791327583663799,0.6791327583663799,0.375,0.0,1.0,,,,
0,1,runtime_stop_fill,reserved_replication,aligned_rsi14,9,8,1,11.375868609940174,17.905477325778406,9.83816485932853,18.77252508642428,17.905477325778406,17.905477325778406,0.375,0.0,1.0,,,,
0,1,runtime_stop_fill,reserved_replication,aligned_crsi,9,8,1,35.06274148927855,33.46856613031089,31.1884034123702,35.50287009180561,33.46856613031089,33.46856613031089,0.625,0.0,1.0,,,,
0,1,runtime_stop_fill,reserved_replication,aligned_btc24,9,8,1,0.004841228553758126,0.029870765789860698,0.004090499995727748,0.011600365350328046,0.029870765789860698,0.029870765789860698,0.125,0.0,1.0,,,,
0,1,runtime_stop_fill,reserved_replication,aligned_own24,9,8,1,0.012796411350354753,0.029870765789860698,0.007827504578582334,0.021239046184048344,0.029870765789860698,0.029870765789860698,0.25,0.0,1.0,,,,
0,1,runtime_stop_fill,reserved_replication,efficiency24_before_signal,9,8,1,0.1590770603803781,0.2656970749443747,0.0790206829096,0.34382061324825075,0.2656970749443747,0.2656970749443747,0.375,0.0,1.0,,,,
0,1,runtime_stop_fill,reserved_replication,adx14,9,8,1,19.804122543088695,26.963171810061823,14.099509163712519,31.24860273882585,26.963171810061823,26.963171810061823,0.375,0.0,1.0,,,,
0,1,runtime_stop_fill,reserved_replication,compression,9,8,1,0.637267377431311,0.5705929487179504,0.6061186611299881,0.6602407754846804,0.5705929487179504,0.5705929487179504,0.75,0.0,1.0,,,,
0,1,runtime_stop_fill,reserved_replication,signal_tr_atr,9,8,1,1.8174975887446012,2.741957501471978,1.5958733932345528,1.9394168589523466,2.741957501471978,2.741957501471978,0.0,0.0,1.0,,,,
0,1,runtime_stop_fill,reserved_replication,aligned_body_atr,9,8,1,1.2120776273246379,1.7596209472004969,1.1570993580045992,1.5913702031807904,1.7596209472004969,1.7596209472004969,0.125,0.0,1.0,,,,
0,2,research_all_exit_slip,evaluation,volume_ratio,15,11,4,2.2540393445700464,2.7533620457019734,2.0280664164131648,3.7058025648520356,2.2992129728525814,3.3407059919837767,0.4090909090909091,0.4,10.0,,,,
0,2,research_all_exit_slip,evaluation,prior_atr_pct,15,11,4,0.008282332870152441,0.0057405971871535766,0.0062705392141426675,0.00893756094614562,0.004982313066245394,0.006855364663970069,0.7272727272727273,0.6,10.0,,,,
0,2,research_all_exit_slip,evaluation,extension_atr,15,11,4,0.6055401804657954,0.4224784370463781,0.3604216785691644,0.7496584847402767,0.3112271099589997,0.5595178256545359,0.6136363636363636,0.5,10.0,,,,
0,2,research_all_exit_slip,evaluation,aligned_rsi14,15,11,4,12.772938016403799,13.600233744774314,11.356036603285823,14.815382826197986,10.578276024122745,16.9895467680392,0.4090909090909091,0.3,10.0,,,,
0,2,research_all_exit_slip,evaluation,aligned_crsi,15,11,4,37.762702248941935,33.240965472599875,36.350123156241736,38.36560626712168,30.120292140923922,34.86959066347349,0.8636363636363636,0.8,10.0,,,,
0,2,research_all_exit_slip,evaluation,aligned_btc24,15,11,4,0.008120991618291162,0.012200381518193304,0.004260705677914922,0.010240822296080643,0.0021693356615837545,0.025857675065928953,0.4772727272727273,0.4,10.0,,,,
0,2,research_all_exit_slip,evaluation,aligned_own24,15,11,4,0.017294209296286667,0.023250735849711157,0.006737201937279336,0.022717697773725065,0.01698674526748148,0.028074115315341208,0.4090909090909091,0.2,10.0,,,,
0,2,research_all_exit_slip,evaluation,efficiency24_before_signal,15,11,4,0.059780575988030965,0.11497089893749839,0.03785971728865334,0.07621333169727415,0.023264380871455548,0.2701109752435223,0.4318181818181818,0.5,10.0,,,,
0,2,research_all_exit_slip,evaluation,adx14,15,11,4,19.549119334771724,14.067027142311339,15.735893458562316,24.63066889873059,12.550741791395456,19.631001473943396,0.7045454545454546,0.7,10.0,,,,
0,2,research_all_exit_slip,evaluation,compression,15,11,4,0.6538860718204218,0.6774142252156965,0.6155096449879081,0.6682529294440287,0.6548174236526361,0.6884293981311904,0.25,0.0,10.0,,,,
0,2,research_all_exit_slip,evaluation,signal_tr_atr,15,11,4,1.921411929353167,2.272572612987288,1.735709556209064,2.166047993381449,2.1273869959141716,2.399829068025186,0.25,0.3,10.0,,,,
0,2,research_all_exit_slip,evaluation,aligned_body_atr,15,11,4,1.371855886004161,1.7264936400700286,1.2819726092327972,1.595974246240634,1.393835936047656,1.8932687303749058,0.38636363636363635,0.2,10.0,,,,
0,2,research_all_exit_slip,historical,volume_ratio,41,21,20,2.7193419191975226,2.996813904053008,2.4553475948961716,3.4540917523039227,2.2814511488590465,3.436006629135598,0.4785714285714286,0.5671641791044776,67.0,,,,
0,2,research_all_exit_slip,historical,prior_atr_pct,41,21,20,0.0060597925285657515,0.006552243995798228,0.004765164469903968,0.007503042898797398,0.005234528503597826,0.010570239872145842,0.4261904761904762,0.4925373134328358,67.0,,,,
0,2,research_all_exit_slip,historical,extension_atr,41,21,20,0.45190530574332005,0.773213948526758,0.2871197061534645,0.5450338482168804,0.4291954961032165,0.9028847859777649,0.2904761904761905,0.31343283582089554,67.0,,,,
0,2,research_all_exit_slip,historical,aligned_rsi14,41,21,20,14.783738163622715,15.421535689567826,11.283061381457891,16.92189773610727,11.407547583866878,18.91265282110527,0.43333333333333335,0.3582089552238806,67.0,,,,
0,2,research_all_exit_slip,historical,aligned_crsi,41,21,20,33.46210105186803,35.328310445165336,30.584746827072017,36.61244349781059,32.316182499945796,37.39034693116085,0.4380952380952381,0.417910447761194,67.0,,,,
0,2,research_all_exit_slip,historical,aligned_btc24,41,21,20,0.012196085912214105,0.009076844518076443,0.0046861475091782845,0.027192444080742062,0.0041004715615778065,0.025996590371852035,0.5273809523809524,0.43283582089552236,67.0,,,,
0,2,research_all_exit_slip,historical,aligned_own24,41,21,20,0.018607068607068733,0.011557932122837011,0.007092453701205592,0.030061968228987324,0.00769336032890644,0.03346768120959212,0.45714285714285713,0.373134328358209,67.0,,,,
0,2,research_all_exit_slip,historical,efficiency24_before_signal,41,21,20,0.16966456003889158,0.1392260831315291,0.0683925135560614,0.21271823738950865,0.055557037488361063,0.28203373198662407,0.49523809523809526,0.43283582089552236,67.0,,,,
0,2,research_all_exit_slip,historical,adx14,41,21,20,16.377517724549996,25.326280799147106,14.84537359007507,27.507036960166953,18.945516870811375,29.587452093273185,0.32857142857142857,0.373134328358209,67.0,,,,
0,2,research_all_exit_slip,historical,compression,41,21,20,0.6508941463956491,0.6639026695551135,0.5799389002036629,0.6808510638297872,0.6157911450550719,0.686885044416222,0.4380952380952381,0.3582089552238806,67.0,,,,
0,2,research_all_exit_slip,historical,signal_tr_atr,41,21,20,2.162850770536092,1.9276938193422377,1.72230696036533,2.499885544595777,1.6818427642017642,2.555033346994188,0.5261904761904762,0.4925373134328358,67.0,,,,
0,2,research_all_exit_slip,historical,aligned_body_atr,41,21,20,1.5519843902383217,1.5207403843008342,1.4089364875254866,2.1538078035856763,1.294392527901135,2.0849259665675604,0.5523809523809524,0.5522388059701493,67.0,,,,
0,2,research_all_exit_slip,reserved_replication,volume_ratio,9,8,1,2.974241694958422,2.0892397913013836,2.7534224204501268,3.3022172368943967,2.0892397913013836,2.0892397913013836,1.0,1.0,1.0,,,,
0,2,research_all_exit_slip,reserved_replication,prior_atr_pct,9,8,1,0.004787492894971514,0.005739374694962948,0.0039083922691227095,0.0063595950275660215,0.005739374694962948,0.005739374694962948,0.375,0.0,1.0,,,,
0,2,research_all_exit_slip,reserved_replication,extension_atr,9,8,1,0.515632857368438,0.6791327583663799,0.4852895628207665,0.7651391271036974,0.6791327583663799,0.6791327583663799,0.375,0.0,1.0,,,,
0,2,research_all_exit_slip,reserved_replication,aligned_rsi14,9,8,1,11.375868609940174,17.905477325778406,9.83816485932853,18.77252508642428,17.905477325778406,17.905477325778406,0.375,0.0,1.0,,,,
0,2,research_all_exit_slip,reserved_replication,aligned_crsi,9,8,1,35.06274148927855,33.46856613031089,31.1884034123702,35.50287009180561,33.46856613031089,33.46856613031089,0.625,0.0,1.0,,,,
0,2,research_all_exit_slip,reserved_replication,aligned_btc24,9,8,1,0.004841228553758126,0.029870765789860698,0.004090499995727748,0.011600365350328046,0.029870765789860698,0.029870765789860698,0.125,0.0,1.0,,,,
0,2,research_all_exit_slip,reserved_replication,aligned_own24,9,8,1,0.012796411350354753,0.029870765789860698,0.007827504578582334,0.021239046184048344,0.029870765789860698,0.029870765789860698,0.25,0.0,1.0,,,,
0,2,research_all_exit_slip,reserved_replication,efficiency24_before_signal,9,8,1,0.1590770603803781,0.2656970749443747,0.0790206829096,0.34382061324825075,0.2656970749443747,0.2656970749443747,0.375,0.0,1.0,,,,
0,2,research_all_exit_slip,reserved_replication,adx14,9,8,1,19.804122543088695,26.963171810061823,14.099509163712519,31.24860273882585,26.963171810061823,26.963171810061823,0.375,0.0,1.0,,,,
0,2,research_all_exit_slip,reserved_replication,compression,9,8,1,0.637267377431311,0.5705929487179504,0.6061186611299881,0.6602407754846804,0.5705929487179504,0.5705929487179504,0.75,0.0,1.0,,,,
0,2,research_all_exit_slip,reserved_replication,signal_tr_atr,9,8,1,1.8174975887446012,2.741957501471978,1.5958733932345528,1.9394168589523466,2.741957501471978,2.741957501471978,0.0,0.0,1.0,,,,
0,2,research_all_exit_slip,reserved_replication,aligned_body_atr,9,8,1,1.2120776273246379,1.7596209472004969,1.1570993580045992,1.5913702031807904,1.7596209472004969,1.7596209472004969,0.125,0.0,1.0,,,,
0,2,runtime_stop_fill,evaluation,volume_ratio,15,11,4,2.2540393445700464,2.7533620457019734,2.0280664164131648,3.7058025648520356,2.2992129728525814,3.3407059919837767,0.4090909090909091,0.4,10.0,,,,
0,2,runtime_stop_fill,evaluation,prior_atr_pct,15,11,4,0.008282332870152441,0.0057405971871535766,0.0062705392141426675,0.00893756094614562,0.004982313066245394,0.006855364663970069,0.7272727272727273,0.6,10.0,,,,
0,2,runtime_stop_fill,evaluation,extension_atr,15,11,4,0.6055401804657954,0.4224784370463781,0.3604216785691644,0.7496584847402767,0.3112271099589997,0.5595178256545359,0.6136363636363636,0.5,10.0,,,,
0,2,runtime_stop_fill,evaluation,aligned_rsi14,15,11,4,12.772938016403799,13.600233744774314,11.356036603285823,14.815382826197986,10.578276024122745,16.9895467680392,0.4090909090909091,0.3,10.0,,,,
0,2,runtime_stop_fill,evaluation,aligned_crsi,15,11,4,37.762702248941935,33.240965472599875,36.350123156241736,38.36560626712168,30.120292140923922,34.86959066347349,0.8636363636363636,0.8,10.0,,,,
0,2,runtime_stop_fill,evaluation,aligned_btc24,15,11,4,0.008120991618291162,0.012200381518193304,0.004260705677914922,0.010240822296080643,0.0021693356615837545,0.025857675065928953,0.4772727272727273,0.4,10.0,,,,
0,2,runtime_stop_fill,evaluation,aligned_own24,15,11,4,0.017294209296286667,0.023250735849711157,0.006737201937279336,0.022717697773725065,0.01698674526748148,0.028074115315341208,0.4090909090909091,0.2,10.0,,,,
0,2,runtime_stop_fill,evaluation,efficiency24_before_signal,15,11,4,0.059780575988030965,0.11497089893749839,0.03785971728865334,0.07621333169727415,0.023264380871455548,0.2701109752435223,0.4318181818181818,0.5,10.0,,,,
0,2,runtime_stop_fill,evaluation,adx14,15,11,4,19.549119334771724,14.067027142311339,15.735893458562316,24.63066889873059,12.550741791395456,19.631001473943396,0.7045454545454546,0.7,10.0,,,,
0,2,runtime_stop_fill,evaluation,compression,15,11,4,0.6538860718204218,0.6774142252156965,0.6155096449879081,0.6682529294440287,0.6548174236526361,0.6884293981311904,0.25,0.0,10.0,,,,
0,2,runtime_stop_fill,evaluation,signal_tr_atr,15,11,4,1.921411929353167,2.272572612987288,1.735709556209064,2.166047993381449,2.1273869959141716,2.399829068025186,0.25,0.3,10.0,,,,
0,2,runtime_stop_fill,evaluation,aligned_body_atr,15,11,4,1.371855886004161,1.7264936400700286,1.2819726092327972,1.595974246240634,1.393835936047656,1.8932687303749058,0.38636363636363635,0.2,10.0,,,,
0,2,runtime_stop_fill,historical,volume_ratio,41,21,20,2.7193419191975226,2.996813904053008,2.4553475948961716,3.4540917523039227,2.2814511488590465,3.436006629135598,0.4785714285714286,0.5671641791044776,67.0,,,,
0,2,runtime_stop_fill,historical,prior_atr_pct,41,21,20,0.0060597925285657515,0.006552243995798228,0.004765164469903968,0.007503042898797398,0.005234528503597826,0.010570239872145842,0.4261904761904762,0.4925373134328358,67.0,,,,
0,2,runtime_stop_fill,historical,extension_atr,41,21,20,0.45190530574332005,0.773213948526758,0.2871197061534645,0.5450338482168804,0.4291954961032165,0.9028847859777649,0.2904761904761905,0.31343283582089554,67.0,,,,
0,2,runtime_stop_fill,historical,aligned_rsi14,41,21,20,14.783738163622715,15.421535689567826,11.283061381457891,16.92189773610727,11.407547583866878,18.91265282110527,0.43333333333333335,0.3582089552238806,67.0,,,,
0,2,runtime_stop_fill,historical,aligned_crsi,41,21,20,33.46210105186803,35.328310445165336,30.584746827072017,36.61244349781059,32.316182499945796,37.39034693116085,0.4380952380952381,0.417910447761194,67.0,,,,
0,2,runtime_stop_fill,historical,aligned_btc24,41,21,20,0.012196085912214105,0.009076844518076443,0.0046861475091782845,0.027192444080742062,0.0041004715615778065,0.025996590371852035,0.5273809523809524,0.43283582089552236,67.0,,,,
0,2,runtime_stop_fill,historical,aligned_own24,41,21,20,0.018607068607068733,0.011557932122837011,0.007092453701205592,0.030061968228987324,0.00769336032890644,0.03346768120959212,0.45714285714285713,0.373134328358209,67.0,,,,
0,2,runtime_stop_fill,historical,efficiency24_before_signal,41,21,20,0.16966456003889158,0.1392260831315291,0.0683925135560614,0.21271823738950865,0.055557037488361063,0.28203373198662407,0.49523809523809526,0.43283582089552236,67.0,,,,
0,2,runtime_stop_fill,historical,adx14,41,21,20,16.377517724549996,25.326280799147106,14.84537359007507,27.507036960166953,18.945516870811375,29.587452093273185,0.32857142857142857,0.373134328358209,67.0,,,,
0,2,runtime_stop_fill,historical,compression,41,21,20,0.6508941463956491,0.6639026695551135,0.5799389002036629,0.6808510638297872,0.6157911450550719,0.686885044416222,0.4380952380952381,0.3582089552238806,67.0,,,,
0,2,runtime_stop_fill,historical,signal_tr_atr,41,21,20,2.162850770536092,1.9276938193422377,1.72230696036533,2.499885544595777,1.6818427642017642,2.555033346994188,0.5261904761904762,0.4925373134328358,67.0,,,,
0,2,runtime_stop_fill,historical,aligned_body_atr,41,21,20,1.5519843902383217,1.5207403843008342,1.4089364875254866,2.1538078035856763,1.294392527901135,2.0849259665675604,0.5523809523809524,0.5522388059701493,67.0,,,,
0,2,runtime_stop_fill,reserved_replication,volume_ratio,9,8,1,2.974241694958422,2.0892397913013836,2.7534224204501268,3.3022172368943967,2.0892397913013836,2.0892397913013836,1.0,1.0,1.0,,,,
0,2,runtime_stop_fill,reserved_replication,prior_atr_pct,9,8,1,0.004787492894971514,0.005739374694962948,0.0039083922691227095,0.0063595950275660215,0.005739374694962948,0.005739374694962948,0.375,0.0,1.0,,,,
0,2,runtime_stop_fill,reserved_replication,extension_atr,9,8,1,0.515632857368438,0.6791327583663799,0.4852895628207665,0.7651391271036974,0.6791327583663799,0.6791327583663799,0.375,0.0,1.0,,,,
0,2,runtime_stop_fill,reserved_replication,aligned_rsi14,9,8,1,11.375868609940174,17.905477325778406,9.83816485932853,18.77252508642428,17.905477325778406,17.905477325778406,0.375,0.0,1.0,,,,
0,2,runtime_stop_fill,reserved_replication,aligned_crsi,9,8,1,35.06274148927855,33.46856613031089,31.1884034123702,35.50287009180561,33.46856613031089,33.46856613031089,0.625,0.0,1.0,,,,
0,2,runtime_stop_fill,reserved_replication,aligned_btc24,9,8,1,0.004841228553758126,0.029870765789860698,0.004090499995727748,0.011600365350328046,0.029870765789860698,0.029870765789860698,0.125,0.0,1.0,,,,
0,2,runtime_stop_fill,reserved_replication,aligned_own24,9,8,1,0.012796411350354753,0.029870765789860698,0.007827504578582334,0.021239046184048344,0.029870765789860698,0.029870765789860698,0.25,0.0,1.0,,,,
0,2,runtime_stop_fill,reserved_replication,efficiency24_before_signal,9,8,1,0.1590770603803781,0.2656970749443747,0.0790206829096,0.34382061324825075,0.2656970749443747,0.2656970749443747,0.375,0.0,1.0,,,,
0,2,runtime_stop_fill,reserved_replication,adx14,9,8,1,19.804122543088695,26.963171810061823,14.099509163712519,31.24860273882585,26.963171810061823,26.963171810061823,0.375,0.0,1.0,,,,
0,2,runtime_stop_fill,reserved_replication,compression,9,8,1,0.637267377431311,0.5705929487179504,0.6061186611299881,0.6602407754846804,0.5705929487179504,0.5705929487179504,0.75,0.0,1.0,,,,
0,2,runtime_stop_fill,reserved_replication,signal_tr_atr,9,8,1,1.8174975887446012,2.741957501471978,1.5958733932345528,1.9394168589523466,2.741957501471978,2.741957501471978,0.0,0.0,1.0,,,,
0,2,runtime_stop_fill,reserved_replication,aligned_body_atr,9,8,1,1.2120776273246379,1.7596209472004969,1.1570993580045992,1.5913702031807904,1.7596209472004969,1.7596209472004969,0.125,0.0,1.0,,,,
1,1,research_all_exit_slip,evaluation,volume_ratio,15,12,3,2.1674446646355428,3.1347234558341848,2.034073792248484,3.6984414230737275,2.7533620457019734,3.546688528133368,0.3333333333333333,0.375,8.0,,,,
1,1,research_all_exit_slip,evaluation,prior_atr_pct,15,12,3,0.007839049802550232,0.006185374625865065,0.006082088910519512,0.008914609106581114,0.005113583822760189,0.007525354702075074,0.6388888888888888,0.5,8.0,,,,
1,1,research_all_exit_slip,evaluation,extension_atr,15,12,3,0.5859552756146141,0.4592885152223164,0.3712017775054388,0.7438784838156219,0.27359593922349784,0.6597471360867553,0.5555555555555556,0.375,8.0,,,,
1,1,research_all_exit_slip,evaluation,aligned_rsi14,15,12,3,13.549926258432492,11.111549550042128,11.584026200844779,14.969164705154562,10.045002498203363,15.401491401839714,0.5277777777777778,0.25,8.0,,,,
1,1,research_all_exit_slip,evaluation,aligned_crsi,15,12,3,37.71543272455736,34.34614998923368,34.71586411746107,38.309041317395355,29.20998784251558,35.3930313377133,0.8055555555555556,0.75,8.0,,,,
1,1,research_all_exit_slip,evaluation,aligned_btc24,15,12,3,0.008526635394506266,0.002627654019616954,0.00452423841993177,0.012887504371042774,0.001711017303550555,0.020369513616511903,0.6388888888888888,0.5,8.0,,,,
1,1,research_all_exit_slip,evaluation,aligned_own24,15,12,3,0.01770288186733948,0.02472836268265266,0.007429096777785249,0.022594583709282745,0.013678008351134807,0.031419867948029756,0.4444444444444444,0.25,8.0,,,,
1,1,research_all_exit_slip,evaluation,efficiency24_before_signal,15,12,3,0.06557361651178492,0.023729578736493433,0.03832499342407701,0.10042740782816621,0.022799183006417662,0.24276841114753628,0.5555555555555556,0.5,8.0,,,,
1,1,research_all_exit_slip,evaluation,adx14,15,12,3,18.196269331996852,14.830185107925647,14.931803332294912,24.25087461493141,12.56077237170819,24.43181783996114,0.5833333333333334,0.5,8.0,,,,
1,1,research_all_exit_slip,evaluation,compression,15,12,3,0.6555059458684689,0.6683953866398283,0.6259608025603957,0.6723063422179902,0.6412394606654437,0.6774142252156965,0.3888888888888889,0.125,8.0,,,,
1,1,research_all_exit_slip,evaluation,signal_tr_atr,15,12,3,1.9324372172628634,2.3887390133434727,1.736081884934199,2.1307695660398576,2.272572612987288,2.4109191227068996,0.19444444444444445,0.25,8.0,,,,
1,1,research_all_exit_slip,evaluation,aligned_body_atr,15,12,3,1.389304866200773,1.591172080163477,1.2845312141762175,1.7893758226890175,1.1964997919318352,1.7264936400700286,0.5277777777777778,0.375,8.0,,,,
1,1,research_all_exit_slip,historical,volume_ratio,41,22,19,2.7331508423685644,2.9729228372251875,2.4633365744550306,3.6632734036863592,2.2637814802794667,3.392239170637584,0.5,0.56,75.0,,,,
1,1,research_all_exit_slip,historical,prior_atr_pct,41,22,19,0.005993681315682023,0.006589583353109343,0.004800044440769499,0.007397015562947839,0.00520548468520886,0.010303641246499538,0.43301435406698563,0.4533333333333333,75.0,,,,
1,1,research_all_exit_slip,historical,extension_atr,41,22,19,0.4846167179113823,0.7624102599566263,0.29367096291538436,0.6737028049084836,0.4088741337088361,0.9637994544195525,0.30861244019138756,0.3333333333333333,75.0,,,,
1,1,research_all_exit_slip,historical,aligned_rsi14,41,22,19,14.846028754970291,16.293335996340346,11.377554144306284,15.942177856443042,11.250386926895256,18.94311037137015,0.4258373205741627,0.36,75.0,,,,
1,1,research_all_exit_slip,historical,aligned_crsi,41,22,19,34.435519999300126,35.312401812310355,30.71317787281587,36.62322449479344,32.06546250577469,36.879523157289825,0.47607655502392343,0.41333333333333333,75.0,,,,
1,1,research_all_exit_slip,historical,aligned_btc24,41,22,19,0.010429026440905431,0.010851339496444457,0.004471414643314603,0.026249154337480818,0.004397480741020032,0.02650365637313834,0.4820574162679426,0.41333333333333333,75.0,,,,
1,1,research_all_exit_slip,historical,aligned_own24,41,22,19,0.018145527407593842,0.012736558797973974,0.007163592772220062,0.032827265466673916,0.0074353436186038735,0.031079968189143103,0.47607655502392343,0.38666666666666666,75.0,,,,
1,1,research_all_exit_slip,historical,efficiency24_before_signal,41,22,19,0.16226355915018484,0.16609103562039235,0.055323927472296267,0.20755192307524406,0.06186404735520867,0.2961967415397853,0.45215311004784686,0.37333333333333335,75.0,,,,
1,1,research_all_exit_slip,historical,adx14,41,22,19,16.20991559772115,27.232218244254042,14.267717055525464,25.930631110605862,19.256715287331147,29.950865387840494,0.2822966507177033,0.32,75.0,,,,
1,1,research_all_exit_slip,historical,compression,41,22,19,0.6440020814080074,0.666706601174071,0.5881722347108643,0.678798393451792,0.6153593628098237,0.6873305992797887,0.41866028708133973,0.38666666666666666,75.0,,,,
1,1,research_all_exit_slip,historical,signal_tr_atr,41,22,19,1.9812000670581271,1.9347649647452414,1.7417525872433806,2.4597709195519704,1.6656580184399856,2.644186572139702,0.5047846889952153,0.5333333333333333,75.0,,,,
1,1,research_all_exit_slip,historical,aligned_body_atr,41,22,19,1.5861234695940916,1.488752015304301,1.4255998978082967,2.110907584875499,1.2895843808981975,2.1063298731265547,0.5574162679425837,0.6,75.0,,,,
1,1,research_all_exit_slip,reserved_replication,volume_ratio,9,8,1,2.974241694958422,2.0892397913013836,2.7534224204501268,3.3022172368943967,2.0892397913013836,2.0892397913013836,1.0,1.0,1.0,,,,
1,1,research_all_exit_slip,reserved_replication,prior_atr_pct,9,8,1,0.004787492894971514,0.005739374694962948,0.0039083922691227095,0.0063595950275660215,0.005739374694962948,0.005739374694962948,0.375,0.0,1.0,,,,
1,1,research_all_exit_slip,reserved_replication,extension_atr,9,8,1,0.515632857368438,0.6791327583663799,0.4852895628207665,0.7651391271036974,0.6791327583663799,0.6791327583663799,0.375,0.0,1.0,,,,
1,1,research_all_exit_slip,reserved_replication,aligned_rsi14,9,8,1,11.375868609940174,17.905477325778406,9.83816485932853,18.77252508642428,17.905477325778406,17.905477325778406,0.375,0.0,1.0,,,,
1,1,research_all_exit_slip,reserved_replication,aligned_crsi,9,8,1,35.06274148927855,33.46856613031089,31.1884034123702,35.50287009180561,33.46856613031089,33.46856613031089,0.625,0.0,1.0,,,,
1,1,research_all_exit_slip,reserved_replication,aligned_btc24,9,8,1,0.004841228553758126,0.029870765789860698,0.004090499995727748,0.011600365350328046,0.029870765789860698,0.029870765789860698,0.125,0.0,1.0,,,,
1,1,research_all_exit_slip,reserved_replication,aligned_own24,9,8,1,0.012796411350354753,0.029870765789860698,0.007827504578582334,0.021239046184048344,0.029870765789860698,0.029870765789860698,0.25,0.0,1.0,,,,
1,1,research_all_exit_slip,reserved_replication,efficiency24_before_signal,9,8,1,0.1590770603803781,0.2656970749443747,0.0790206829096,0.34382061324825075,0.2656970749443747,0.2656970749443747,0.375,0.0,1.0,,,,
1,1,research_all_exit_slip,reserved_replication,adx14,9,8,1,19.804122543088695,26.963171810061823,14.099509163712519,31.24860273882585,26.963171810061823,26.963171810061823,0.375,0.0,1.0,,,,
1,1,research_all_exit_slip,reserved_replication,compression,9,8,1,0.637267377431311,0.5705929487179504,0.6061186611299881,0.6602407754846804,0.5705929487179504,0.5705929487179504,0.75,0.0,1.0,,,,
1,1,research_all_exit_slip,reserved_replication,signal_tr_atr,9,8,1,1.8174975887446012,2.741957501471978,1.5958733932345528,1.9394168589523466,2.741957501471978,2.741957501471978,0.0,0.0,1.0,,,,
1,1,research_all_exit_slip,reserved_replication,aligned_body_atr,9,8,1,1.2120776273246379,1.7596209472004969,1.1570993580045992,1.5913702031807904,1.7596209472004969,1.7596209472004969,0.125,0.0,1.0,,,,
1,1,runtime_stop_fill,evaluation,volume_ratio,15,12,3,2.1674446646355428,3.1347234558341848,2.034073792248484,3.6984414230737275,2.7533620457019734,3.546688528133368,0.3333333333333333,0.375,8.0,,,,
1,1,runtime_stop_fill,evaluation,prior_atr_pct,15,12,3,0.007839049802550232,0.006185374625865065,0.006082088910519512,0.008914609106581114,0.005113583822760189,0.007525354702075074,0.6388888888888888,0.5,8.0,,,,
1,1,runtime_stop_fill,evaluation,extension_atr,15,12,3,0.5859552756146141,0.4592885152223164,0.3712017775054388,0.7438784838156219,0.27359593922349784,0.6597471360867553,0.5555555555555556,0.375,8.0,,,,
1,1,runtime_stop_fill,evaluation,aligned_rsi14,15,12,3,13.549926258432492,11.111549550042128,11.584026200844779,14.969164705154562,10.045002498203363,15.401491401839714,0.5277777777777778,0.25,8.0,,,,
1,1,runtime_stop_fill,evaluation,aligned_crsi,15,12,3,37.71543272455736,34.34614998923368,34.71586411746107,38.309041317395355,29.20998784251558,35.3930313377133,0.8055555555555556,0.75,8.0,,,,
1,1,runtime_stop_fill,evaluation,aligned_btc24,15,12,3,0.008526635394506266,0.002627654019616954,0.00452423841993177,0.012887504371042774,0.001711017303550555,0.020369513616511903,0.6388888888888888,0.5,8.0,,,,
1,1,runtime_stop_fill,evaluation,aligned_own24,15,12,3,0.01770288186733948,0.02472836268265266,0.007429096777785249,0.022594583709282745,0.013678008351134807,0.031419867948029756,0.4444444444444444,0.25,8.0,,,,
1,1,runtime_stop_fill,evaluation,efficiency24_before_signal,15,12,3,0.06557361651178492,0.023729578736493433,0.03832499342407701,0.10042740782816621,0.022799183006417662,0.24276841114753628,0.5555555555555556,0.5,8.0,,,,
1,1,runtime_stop_fill,evaluation,adx14,15,12,3,18.196269331996852,14.830185107925647,14.931803332294912,24.25087461493141,12.56077237170819,24.43181783996114,0.5833333333333334,0.5,8.0,,,,
1,1,runtime_stop_fill,evaluation,compression,15,12,3,0.6555059458684689,0.6683953866398283,0.6259608025603957,0.6723063422179902,0.6412394606654437,0.6774142252156965,0.3888888888888889,0.125,8.0,,,,
1,1,runtime_stop_fill,evaluation,signal_tr_atr,15,12,3,1.9324372172628634,2.3887390133434727,1.736081884934199,2.1307695660398576,2.272572612987288,2.4109191227068996,0.19444444444444445,0.25,8.0,,,,
1,1,runtime_stop_fill,evaluation,aligned_body_atr,15,12,3,1.389304866200773,1.591172080163477,1.2845312141762175,1.7893758226890175,1.1964997919318352,1.7264936400700286,0.5277777777777778,0.375,8.0,,,,
1,1,runtime_stop_fill,historical,volume_ratio,41,22,19,2.7331508423685644,2.9729228372251875,2.4633365744550306,3.6632734036863592,2.2637814802794667,3.392239170637584,0.5,0.56,75.0,,,,
1,1,runtime_stop_fill,historical,prior_atr_pct,41,22,19,0.005993681315682023,0.006589583353109343,0.004800044440769499,0.007397015562947839,0.00520548468520886,0.010303641246499538,0.43301435406698563,0.4533333333333333,75.0,,,,
1,1,runtime_stop_fill,historical,extension_atr,41,22,19,0.4846167179113823,0.7624102599566263,0.29367096291538436,0.6737028049084836,0.4088741337088361,0.9637994544195525,0.30861244019138756,0.3333333333333333,75.0,,,,
1,1,runtime_stop_fill,historical,aligned_rsi14,41,22,19,14.846028754970291,16.293335996340346,11.377554144306284,15.942177856443042,11.250386926895256,18.94311037137015,0.4258373205741627,0.36,75.0,,,,
1,1,runtime_stop_fill,historical,aligned_crsi,41,22,19,34.435519999300126,35.312401812310355,30.71317787281587,36.62322449479344,32.06546250577469,36.879523157289825,0.47607655502392343,0.41333333333333333,75.0,,,,
1,1,runtime_stop_fill,historical,aligned_btc24,41,22,19,0.010429026440905431,0.010851339496444457,0.004471414643314603,0.026249154337480818,0.004397480741020032,0.02650365637313834,0.4820574162679426,0.41333333333333333,75.0,,,,
1,1,runtime_stop_fill,historical,aligned_own24,41,22,19,0.018145527407593842,0.012736558797973974,0.007163592772220062,0.032827265466673916,0.0074353436186038735,0.031079968189143103,0.47607655502392343,0.38666666666666666,75.0,,,,
1,1,runtime_stop_fill,historical,efficiency24_before_signal,41,22,19,0.16226355915018484,0.16609103562039235,0.055323927472296267,0.20755192307524406,0.06186404735520867,0.2961967415397853,0.45215311004784686,0.37333333333333335,75.0,,,,
1,1,runtime_stop_fill,historical,adx14,41,22,19,16.20991559772115,27.232218244254042,14.267717055525464,25.930631110605862,19.256715287331147,29.950865387840494,0.2822966507177033,0.32,75.0,,,,
1,1,runtime_stop_fill,historical,compression,41,22,19,0.6440020814080074,0.666706601174071,0.5881722347108643,0.678798393451792,0.6153593628098237,0.6873305992797887,0.41866028708133973,0.38666666666666666,75.0,,,,
1,1,runtime_stop_fill,historical,signal_tr_atr,41,22,19,1.9812000670581271,1.9347649647452414,1.7417525872433806,2.4597709195519704,1.6656580184399856,2.644186572139702,0.5047846889952153,0.5333333333333333,75.0,,,,
1,1,runtime_stop_fill,historical,aligned_body_atr,41,22,19,1.5861234695940916,1.488752015304301,1.4255998978082967,2.110907584875499,1.2895843808981975,2.1063298731265547,0.5574162679425837,0.6,75.0,,,,
1,1,runtime_stop_fill,reserved_replication,volume_ratio,9,8,1,2.974241694958422,2.0892397913013836,2.7534224204501268,3.3022172368943967,2.0892397913013836,2.0892397913013836,1.0,1.0,1.0,,,,
1,1,runtime_stop_fill,reserved_replication,prior_atr_pct,9,8,1,0.004787492894971514,0.005739374694962948,0.0039083922691227095,0.0063595950275660215,0.005739374694962948,0.005739374694962948,0.375,0.0,1.0,,,,
1,1,runtime_stop_fill,reserved_replication,extension_atr,9,8,1,0.515632857368438,0.6791327583663799,0.4852895628207665,0.7651391271036974,0.6791327583663799,0.6791327583663799,0.375,0.0,1.0,,,,
1,1,runtime_stop_fill,reserved_replication,aligned_rsi14,9,8,1,11.375868609940174,17.905477325778406,9.83816485932853,18.77252508642428,17.905477325778406,17.905477325778406,0.375,0.0,1.0,,,,
1,1,runtime_stop_fill,reserved_replication,aligned_crsi,9,8,1,35.06274148927855,33.46856613031089,31.1884034123702,35.50287009180561,33.46856613031089,33.46856613031089,0.625,0.0,1.0,,,,
1,1,runtime_stop_fill,reserved_replication,aligned_btc24,9,8,1,0.004841228553758126,0.029870765789860698,0.004090499995727748,0.011600365350328046,0.029870765789860698,0.029870765789860698,0.125,0.0,1.0,,,,
1,1,runtime_stop_fill,reserved_replication,aligned_own24,9,8,1,0.012796411350354753,0.029870765789860698,0.007827504578582334,0.021239046184048344,0.029870765789860698,0.029870765789860698,0.25,0.0,1.0,,,,
1,1,runtime_stop_fill,reserved_replication,efficiency24_before_signal,9,8,1,0.1590770603803781,0.2656970749443747,0.0790206829096,0.34382061324825075,0.2656970749443747,0.2656970749443747,0.375,0.0,1.0,,,,
1,1,runtime_stop_fill,reserved_replication,adx14,9,8,1,19.804122543088695,26.963171810061823,14.099509163712519,31.24860273882585,26.963171810061823,26.963171810061823,0.375,0.0,1.0,,,,
1,1,runtime_stop_fill,reserved_replication,compression,9,8,1,0.637267377431311,0.5705929487179504,0.6061186611299881,0.6602407754846804,0.5705929487179504,0.5705929487179504,0.75,0.0,1.0,,,,
1,1,runtime_stop_fill,reserved_replication,signal_tr_atr,9,8,1,1.8174975887446012,2.741957501471978,1.5958733932345528,1.9394168589523466,2.741957501471978,2.741957501471978,0.0,0.0,1.0,,,,
1,1,runtime_stop_fill,reserved_replication,aligned_body_atr,9,8,1,1.2120776273246379,1.7596209472004969,1.1570993580045992,1.5913702031807904,1.7596209472004969,1.7596209472004969,0.125,0.0,1.0,,,,
1,2,research_all_exit_slip,evaluation,volume_ratio,15,10,5,2.1497513284136467,3.1347234558341848,2.0220590405778456,3.611445660789583,2.372000635569762,3.9586536004325517,0.28,0.2727272727272727,11.0,,,,
1,2,research_all_exit_slip,evaluation,prior_atr_pct,15,10,5,0.008434523041206485,0.006185374625865065,0.00622371528417094,0.008960512785710126,0.005295819748442088,0.007395766734948023,0.7,0.6363636363636364,11.0,,,,
1,2,research_all_exit_slip,evaluation,extension_atr,15,10,5,0.6216261783531734,0.3856683588704398,0.43637358548677807,0.7554384856649317,0.32780203341043573,0.4592885152223164,0.68,0.6363636363636364,11.0,,,,
1,2,research_all_exit_slip,evaluation,aligned_rsi14,15,10,5,13.549926258432492,11.111549550042128,11.830700183801639,14.877713757337352,10.90005740816791,16.0889179395065,0.5,0.45454545454545453,11.0,,,,
1,2,research_all_exit_slip,evaluation,aligned_crsi,15,10,5,37.88083413159085,34.34614998923368,37.27002445549371,38.422171216848,32.13578095596607,35.56293477188278,0.86,0.8181818181818182,11.0,,,,
1,2,research_all_exit_slip,evaluation,aligned_btc24,15,10,5,0.007771326754411723,0.01802198235238106,0.0039971729358980745,0.009212294453853798,0.002627654019616954,0.021773109016769654,0.4,0.2727272727272727,11.0,,,,
1,2,research_all_exit_slip,evaluation,aligned_own24,15,10,5,0.01770288186733948,0.021773109016769654,0.009738375514474207,0.023888352780273542,0.005353412256267509,0.02472836268265266,0.5,0.36363636363636365,11.0,,,,
1,2,research_all_exit_slip,evaluation,efficiency24_before_signal,15,10,5,0.05681559198938244,0.16384180790960473,0.03739444115322967,0.07269470595403091,0.023729578736493433,0.20621221913850335,0.36,0.36363636363636365,11.0,,,,
1,2,research_all_exit_slip,evaluation,adx14,15,10,5,18.196269331996852,14.830185107925647,15.447566187436628,23.954920252059946,13.303869176697033,23.87108033113223,0.62,0.5454545454545454,11.0,,,,
1,2,research_all_exit_slip,evaluation,compression,15,10,5,0.6490329830001551,0.671029668411866,0.6050584874154206,0.6633885978362727,0.6683953866398283,0.6864330637915645,0.22,0.09090909090909091,11.0,,,,
1,2,research_all_exit_slip,evaluation,signal_tr_atr,15,10,5,1.8309671388388766,2.3887390133434727,1.735337227483929,2.0574839803168397,2.156406212631103,2.433099232070326,0.16,0.18181818181818182,11.0,,,,
1,2,research_all_exit_slip,evaluation,aligned_body_atr,15,10,5,1.3570468604394041,1.8618151999765804,1.2794140042893771,1.447977058386933,1.591172080163477,1.9668122004626132,0.3,0.09090909090909091,11.0,,,,
1,2,research_all_exit_slip,historical,volume_ratio,41,20,21,2.699649900427331,3.020704970880829,2.4485284104570875,3.2682052097286123,2.2991208174386264,3.533122000887391,0.43333333333333335,0.5285714285714286,70.0,,,,
1,2,research_all_exit_slip,historical,prior_atr_pct,41,20,21,0.005993681315682023,0.006589583353109343,0.004744112939969052,0.007184960891248722,0.0052635723219867925,0.01046168833466797,0.40476190476190477,0.45714285714285713,70.0,,,,
1,2,research_all_exit_slip,historical,extension_atr,41,20,21,0.4394573051315719,0.7840176370968897,0.26067003277646095,0.5430512903703916,0.449516858497597,0.9334878098267749,0.2523809523809524,0.3,70.0,,,,
1,2,research_all_exit_slip,historical,aligned_rsi14,41,20,21,14.74751958596741,15.63777010450086,11.170775404976718,16.267488333896093,11.564708240838499,18.882195270840384,0.4142857142857143,0.34285714285714286,70.0,,,,
1,2,research_all_exit_slip,historical,aligned_crsi,41,20,21,33.9841539461478,35.312401812310355,30.532421667695594,36.61603716347154,32.5669024941169,37.369171157248225,0.44761904761904764,0.4142857142857143,70.0,,,,
1,2,research_all_exit_slip,historical,aligned_btc24,41,20,21,0.012030666519314615,0.009160883280757148,0.004614569887223724,0.027909825117803377,0.004175409422369936,0.02548952437056573,0.513095238095238,0.42857142857142855,70.0,,,,
1,2,research_all_exit_slip,historical,aligned_own24,41,20,21,0.018145527407593842,0.012736558797973974,0.006547330905391058,0.030983733974882854,0.007951377039209007,0.03133514986376029,0.4523809523809524,0.37142857142857144,70.0,,,,
1,2,research_all_exit_slip,historical,efficiency24_before_signal,41,20,21,0.16259428153723154,0.16609103562039235,0.06403631819480635,0.21529407372558473,0.056174152383335806,0.2678707224334628,0.48333333333333334,0.4142857142857143,70.0,,,,
1,2,research_all_exit_slip,historical,adx14,41,20,21,16.20991559772115,24.112466555661097,14.652821411891868,27.54144800757175,18.99527312681298,29.224038798705873,0.319047619047619,0.35714285714285715,70.0,,,,
1,2,research_all_exit_slip,historical,compression,41,20,21,0.6440020814080074,0.666706601174071,0.5786691022010069,0.6746930526958016,0.6162229273003201,0.6882217090069219,0.39285714285714285,0.32857142857142857,70.0,,,,
1,2,research_all_exit_slip,historical,signal_tr_atr,41,20,21,2.039394586440446,1.9347649647452414,1.704190642603629,2.528141647118054,1.698027509963543,2.465880121848674,0.5166666666666667,0.5142857142857142,70.0,,,,
1,2,research_all_exit_slip,historical,aligned_body_atr,41,20,21,1.5861234695940916,1.488752015304301,1.4589267183739165,2.1681103740424894,1.2561115443691098,2.063522060008566,0.5785714285714286,0.5857142857142857,70.0,,,,
1,2,research_all_exit_slip,reserved_replication,volume_ratio,9,7,2,2.880417244427944,2.748830593589391,2.6280851102782004,3.167440998027815,2.4190351924453872,3.0786259947333945,0.5714285714285714,1.0,1.0,,,,
1,2,research_all_exit_slip,reserved_replication,prior_atr_pct,9,7,2,0.005542982298770961,0.004849729781589354,0.0038926589815078128,0.006693056974065288,0.004404907324902557,0.005294552238276151,0.5714285714285714,0.0,1.0,,,,
1,2,research_all_exit_slip,reserved_replication,extension_atr,9,7,2,0.5060332157266907,0.7684081814945083,0.47903914997068064,0.6297617334704515,0.7237704699304441,0.8130458930585726,0.21428571428571427,0.0,1.0,,,,
1,2,research_all_exit_slip,reserved_replication,aligned_rsi14,9,7,2,12.243879025087693,13.25295601595585,10.252982330752996,19.352145246620985,10.92669536104457,15.579216670867128,0.7142857142857143,0.0,1.0,,,,
1,2,research_all_exit_slip,reserved_replication,aligned_crsi,9,7,2,34.98042517748983,36.37907351258395,29.903074220323845,35.31138347131112,34.923819821447424,37.83432720372048,0.2857142857142857,0.0,1.0,,,,
1,2,research_all_exit_slip,reserved_replication,aligned_btc24,9,7,2,0.00537720613741377,0.016784697619691147,0.00426318724061614,0.01426595631250338,0.010241663534606371,0.023327731704775923,0.5,0.0,1.0,,,,
1,2,research_all_exit_slip,reserved_replication,aligned_own24,9,7,2,0.015157836184119033,0.01718823046986595,0.009684880452371591,0.026128245032333852,0.010846962809868577,0.023529498129863324,0.5714285714285714,0.0,1.0,,,,
1,2,research_all_exit_slip,reserved_replication,efficiency24_before_signal,9,7,2,0.22597402597402605,0.17893858486555242,0.07187886057999657,0.399320058613281,0.1355593398261413,0.22231782990496357,0.5,0.0,1.0,,,,
1,2,research_all_exit_slip,reserved_replication,adx14,9,7,2,20.764950379152214,20.533563251510692,16.46473364149828,32.6362290966324,17.318758972235127,23.748367530786258,0.5714285714285714,0.0,1.0,,,,
1,2,research_all_exit_slip,reserved_replication,compression,9,7,2,0.6393939393939382,0.5475337966189515,0.6342370744010086,0.6700750469043208,0.5360042205694521,0.559063372668451,0.8571428571428571,0.0,1.0,,,,
1,2,research_all_exit_slip,reserved_replication,signal_tr_atr,9,7,2,1.9216495856508624,2.1739709693666116,1.639442926496407,1.948331206862701,1.889977703313929,2.4579642354192948,0.35714285714285715,0.0,1.0,,,,
1,2,research_all_exit_slip,reserved_replication,aligned_body_atr,9,7,2,1.2334559633338362,1.4706818960935606,1.1369340941869814,1.5917766425117064,1.3262123705400923,1.6151514216470289,0.42857142857142855,0.0,1.0,,,,
1,2,runtime_stop_fill,evaluation,volume_ratio,15,10,5,2.1497513284136467,3.1347234558341848,2.0220590405778456,3.611445660789583,2.372000635569762,3.9586536004325517,0.28,0.2727272727272727,11.0,,,,
1,2,runtime_stop_fill,evaluation,prior_atr_pct,15,10,5,0.008434523041206485,0.006185374625865065,0.00622371528417094,0.008960512785710126,0.005295819748442088,0.007395766734948023,0.7,0.6363636363636364,11.0,,,,
1,2,runtime_stop_fill,evaluation,extension_atr,15,10,5,0.6216261783531734,0.3856683588704398,0.43637358548677807,0.7554384856649317,0.32780203341043573,0.4592885152223164,0.68,0.6363636363636364,11.0,,,,
1,2,runtime_stop_fill,evaluation,aligned_rsi14,15,10,5,13.549926258432492,11.111549550042128,11.830700183801639,14.877713757337352,10.90005740816791,16.0889179395065,0.5,0.45454545454545453,11.0,,,,
1,2,runtime_stop_fill,evaluation,aligned_crsi,15,10,5,37.88083413159085,34.34614998923368,37.27002445549371,38.422171216848,32.13578095596607,35.56293477188278,0.86,0.8181818181818182,11.0,,,,
1,2,runtime_stop_fill,evaluation,aligned_btc24,15,10,5,0.007771326754411723,0.01802198235238106,0.0039971729358980745,0.009212294453853798,0.002627654019616954,0.021773109016769654,0.4,0.2727272727272727,11.0,,,,
1,2,runtime_stop_fill,evaluation,aligned_own24,15,10,5,0.01770288186733948,0.021773109016769654,0.009738375514474207,0.023888352780273542,0.005353412256267509,0.02472836268265266,0.5,0.36363636363636365,11.0,,,,
1,2,runtime_stop_fill,evaluation,efficiency24_before_signal,15,10,5,0.05681559198938244,0.16384180790960473,0.03739444115322967,0.07269470595403091,0.023729578736493433,0.20621221913850335,0.36,0.36363636363636365,11.0,,,,
1,2,runtime_stop_fill,evaluation,adx14,15,10,5,18.196269331996852,14.830185107925647,15.447566187436628,23.954920252059946,13.303869176697033,23.87108033113223,0.62,0.5454545454545454,11.0,,,,
1,2,runtime_stop_fill,evaluation,compression,15,10,5,0.6490329830001551,0.671029668411866,0.6050584874154206,0.6633885978362727,0.6683953866398283,0.6864330637915645,0.22,0.09090909090909091,11.0,,,,
1,2,runtime_stop_fill,evaluation,signal_tr_atr,15,10,5,1.8309671388388766,2.3887390133434727,1.735337227483929,2.0574839803168397,2.156406212631103,2.433099232070326,0.16,0.18181818181818182,11.0,,,,
1,2,runtime_stop_fill,evaluation,aligned_body_atr,15,10,5,1.3570468604394041,1.8618151999765804,1.2794140042893771,1.447977058386933,1.591172080163477,1.9668122004626132,0.3,0.09090909090909091,11.0,,,,
1,2,runtime_stop_fill,historical,volume_ratio,41,20,21,2.699649900427331,3.020704970880829,2.4485284104570875,3.2682052097286123,2.2991208174386264,3.533122000887391,0.43333333333333335,0.5285714285714286,70.0,,,,
1,2,runtime_stop_fill,historical,prior_atr_pct,41,20,21,0.005993681315682023,0.006589583353109343,0.004744112939969052,0.007184960891248722,0.0052635723219867925,0.01046168833466797,0.40476190476190477,0.45714285714285713,70.0,,,,
1,2,runtime_stop_fill,historical,extension_atr,41,20,21,0.4394573051315719,0.7840176370968897,0.26067003277646095,0.5430512903703916,0.449516858497597,0.9334878098267749,0.2523809523809524,0.3,70.0,,,,
1,2,runtime_stop_fill,historical,aligned_rsi14,41,20,21,14.74751958596741,15.63777010450086,11.170775404976718,16.267488333896093,11.564708240838499,18.882195270840384,0.4142857142857143,0.34285714285714286,70.0,,,,
1,2,runtime_stop_fill,historical,aligned_crsi,41,20,21,33.9841539461478,35.312401812310355,30.532421667695594,36.61603716347154,32.5669024941169,37.369171157248225,0.44761904761904764,0.4142857142857143,70.0,,,,
1,2,runtime_stop_fill,historical,aligned_btc24,41,20,21,0.012030666519314615,0.009160883280757148,0.004614569887223724,0.027909825117803377,0.004175409422369936,0.02548952437056573,0.513095238095238,0.42857142857142855,70.0,,,,
1,2,runtime_stop_fill,historical,aligned_own24,41,20,21,0.018145527407593842,0.012736558797973974,0.006547330905391058,0.030983733974882854,0.007951377039209007,0.03133514986376029,0.4523809523809524,0.37142857142857144,70.0,,,,
1,2,runtime_stop_fill,historical,efficiency24_before_signal,41,20,21,0.16259428153723154,0.16609103562039235,0.06403631819480635,0.21529407372558473,0.056174152383335806,0.2678707224334628,0.48333333333333334,0.4142857142857143,70.0,,,,
1,2,runtime_stop_fill,historical,adx14,41,20,21,16.20991559772115,24.112466555661097,14.652821411891868,27.54144800757175,18.99527312681298,29.224038798705873,0.319047619047619,0.35714285714285715,70.0,,,,
1,2,runtime_stop_fill,historical,compression,41,20,21,0.6440020814080074,0.666706601174071,0.5786691022010069,0.6746930526958016,0.6162229273003201,0.6882217090069219,0.39285714285714285,0.32857142857142857,70.0,,,,
1,2,runtime_stop_fill,historical,signal_tr_atr,41,20,21,2.039394586440446,1.9347649647452414,1.704190642603629,2.528141647118054,1.698027509963543,2.465880121848674,0.5166666666666667,0.5142857142857142,70.0,,,,
1,2,runtime_stop_fill,historical,aligned_body_atr,41,20,21,1.5861234695940916,1.488752015304301,1.4589267183739165,2.1681103740424894,1.2561115443691098,2.063522060008566,0.5785714285714286,0.5857142857142857,70.0,,,,
1,2,runtime_stop_fill,reserved_replication,volume_ratio,9,7,2,2.880417244427944,2.748830593589391,2.6280851102782004,3.167440998027815,2.4190351924453872,3.0786259947333945,0.5714285714285714,1.0,1.0,,,,
1,2,runtime_stop_fill,reserved_replication,prior_atr_pct,9,7,2,0.005542982298770961,0.004849729781589354,0.0038926589815078128,0.006693056974065288,0.004404907324902557,0.005294552238276151,0.5714285714285714,0.0,1.0,,,,
1,2,runtime_stop_fill,reserved_replication,extension_atr,9,7,2,0.5060332157266907,0.7684081814945083,0.47903914997068064,0.6297617334704515,0.7237704699304441,0.8130458930585726,0.21428571428571427,0.0,1.0,,,,
1,2,runtime_stop_fill,reserved_replication,aligned_rsi14,9,7,2,12.243879025087693,13.25295601595585,10.252982330752996,19.352145246620985,10.92669536104457,15.579216670867128,0.7142857142857143,0.0,1.0,,,,
1,2,runtime_stop_fill,reserved_replication,aligned_crsi,9,7,2,34.98042517748983,36.37907351258395,29.903074220323845,35.31138347131112,34.923819821447424,37.83432720372048,0.2857142857142857,0.0,1.0,,,,
1,2,runtime_stop_fill,reserved_replication,aligned_btc24,9,7,2,0.00537720613741377,0.016784697619691147,0.00426318724061614,0.01426595631250338,0.010241663534606371,0.023327731704775923,0.5,0.0,1.0,,,,
1,2,runtime_stop_fill,reserved_replication,aligned_own24,9,7,2,0.015157836184119033,0.01718823046986595,0.009684880452371591,0.026128245032333852,0.010846962809868577,0.023529498129863324,0.5714285714285714,0.0,1.0,,,,
1,2,runtime_stop_fill,reserved_replication,efficiency24_before_signal,9,7,2,0.22597402597402605,0.17893858486555242,0.07187886057999657,0.399320058613281,0.1355593398261413,0.22231782990496357,0.5,0.0,1.0,,,,
1,2,runtime_stop_fill,reserved_replication,adx14,9,7,2,20.764950379152214,20.533563251510692,16.46473364149828,32.6362290966324,17.318758972235127,23.748367530786258,0.5714285714285714,0.0,1.0,,,,
1,2,runtime_stop_fill,reserved_replication,compression,9,7,2,0.6393939393939382,0.5475337966189515,0.6342370744010086,0.6700750469043208,0.5360042205694521,0.559063372668451,0.8571428571428571,0.0,1.0,,,,
1,2,runtime_stop_fill,reserved_replication,signal_tr_atr,9,7,2,1.9216495856508624,2.1739709693666116,1.639442926496407,1.948331206862701,1.889977703313929,2.4579642354192948,0.35714285714285715,0.0,1.0,,,,
1,2,runtime_stop_fill,reserved_replication,aligned_body_atr,9,7,2,1.2334559633338362,1.4706818960935606,1.1369340941869814,1.5917766425117064,1.3262123705400923,1.6151514216470289,0.42857142857142855,0.0,1.0,,,,
1,2,runtime_stop_fill,evaluation,volume_ratio,7,4,3,2.1470602563269248,3.1347234558341848,2.034073792248484,2.533664958245553,2.6077867202676117,3.546688528133368,0.25,0.2857142857142857,7.0,symbol,BTCUSDT,,
1,2,runtime_stop_fill,evaluation,prior_atr_pct,7,4,3,0.007323259972119281,0.005295819748442088,0.005566737483326372,0.008358427955679464,0.0046688063840487,0.0057405971871535766,0.75,0.7142857142857143,7.0,symbol,BTCUSDT,,
1,2,runtime_stop_fill,evaluation,extension_atr,7,4,3,0.6718193316783811,0.3856683588704398,0.5109309012996861,0.7438784838156219,0.23678586104755955,0.4224784370463781,0.8333333333333334,0.7142857142857143,7.0,symbol,BTCUSDT,,
1,2,runtime_stop_fill,evaluation,aligned_rsi14,7,4,3,11.849384569199543,16.0889179395065,11.049361099855954,13.517231230363969,12.53368669293555,17.8901755965719,0.3333333333333333,0.14285714285714285,7.0,symbol,BTCUSDT,,
1,2,runtime_stop_fill,evaluation,aligned_crsi,7,4,3,34.92140767718436,32.13578095596607,31.252578294678305,37.993894189791206,28.104803325881775,34.2878468210795,0.75,0.7142857142857143,7.0,symbol,BTCUSDT,,
1,2,runtime_stop_fill,evaluation,aligned_btc24,7,4,3,0.00645438139011989,0.021773109016769654,0.00452423841993177,0.010618632323316446,0.012200381518193304,0.029942241115088253,0.3333333333333333,0.14285714285714285,7.0,symbol,BTCUSDT,,
1,2,runtime_stop_fill,evaluation,aligned_own24,7,4,3,0.00645438139011989,0.021773109016769654,0.00452423841993177,0.010618632323316446,0.012200381518193304,0.029942241115088253,0.3333333333333333,0.14285714285714285,7.0,symbol,BTCUSDT,,
1,2,runtime_stop_fill,evaluation,efficiency24_before_signal,7,4,3,0.058109219742746354,0.20621221913850335,0.028649775114742072,0.11861380899761775,0.11497089893749839,0.33400973134854123,0.3333333333333333,0.2857142857142857,7.0,symbol,BTCUSDT,,
1,2,runtime_stop_fill,evaluation,adx14,7,4,3,21.116838397775464,13.303869176697033,16.71070149711991,27.08726464126749,11.797614406093881,23.668659874346837,0.6666666666666666,0.5714285714285714,7.0,symbol,BTCUSDT,,
1,2,runtime_stop_fill,evaluation,compression,7,4,3,0.6155096449879081,0.6683953866398283,0.5780751083784463,0.6407804880547678,0.6412394606654437,0.6814068938949482,0.16666666666666666,0.0,7.0,symbol,BTCUSDT,,
1,2,runtime_stop_fill,evaluation,signal_tr_atr,7,4,3,1.7377436235416899,2.3887390133434727,1.7339543787056662,1.8292645459180061,2.214534179553425,2.4109191227068996,0.08333333333333333,0.14285714285714285,7.0,symbol,BTCUSDT,,
1,2,runtime_stop_fill,evaluation,aligned_body_atr,7,4,3,1.3095466171103023,1.591172080163477,1.2483148561699795,1.358366837755332,1.1964997919318352,1.7894007008666797,0.3333333333333333,0.14285714285714285,7.0,symbol,BTCUSDT,,
1,2,runtime_stop_fill,evaluation,volume_ratio,2,2,0,2.7390555339846614,,2.263043160329283,3.2150679076400404,,,,,0.0,symbol,ETHUSDT,,
1,2,runtime_stop_fill,evaluation,prior_atr_pct,2,2,0,0.00853168785493644,,0.007354289604567826,0.009709086105305053,,,,,0.0,symbol,ETHUSDT,,
1,2,runtime_stop_fill,evaluation,extension_atr,2,2,0,0.6913804940781081,,0.5422109089030006,0.8405500792532157,,,,,0.0,symbol,ETHUSDT,,
1,2,runtime_stop_fill,evaluation,aligned_rsi14,2,2,0,11.364501207472802,,9.88329456097861,12.845707853966994,,,,,0.0,symbol,ETHUSDT,,
1,2,runtime_stop_fill,evaluation,aligned_crsi,2,2,0,37.80802385358751,,37.472667697094096,38.14338001008092,,,,,0.0,symbol,ETHUSDT,,
1,2,runtime_stop_fill,evaluation,aligned_btc24,2,2,0,0.008363647386048445,,0.007892654638290364,0.008834640133806526,,,,,0.0,symbol,ETHUSDT,,
1,2,runtime_stop_fill,evaluation,aligned_own24,2,2,0,0.01982476749492268,,0.01720764734897301,0.02244188764087235,,,,,0.0,symbol,ETHUSDT,,
1,2,runtime_stop_fill,evaluation,efficiency24_before_signal,2,2,0,0.033527669079634566,,0.020401215625436366,0.04665412253383276,,,,,0.0,symbol,ETHUSDT,,
1,2,runtime_stop_fill,evaluation,adx14,2,2,0,23.431874343045692,,18.84068546164626,28.02306322444512,,,,,0.0,symbol,ETHUSDT,,
1,2,runtime_stop_fill,evaluation,compression,2,2,0,0.5440381853874138,,0.48749436812286256,0.6005820026519649,,,,,0.0,symbol,ETHUSDT,,
1,2,runtime_stop_fill,evaluation,signal_tr_atr,2,2,0,1.9324372172628634,,1.9269245733080154,1.9379498612177117,,,,,0.0,symbol,ETHUSDT,,
1,2,runtime_stop_fill,evaluation,aligned_body_atr,2,2,0,1.260236504442949,,1.204426813662343,1.3160461952235551,,,,,0.0,symbol,ETHUSDT,,
1,2,runtime_stop_fill,evaluation,volume_ratio,6,4,2,2.88299408033295,3.7204028296344838,1.9586094165238737,3.9701676386243565,3.046201732602123,4.394603926666845,0.25,0.25,4.0,symbol,SOLUSDT,,
1,2,runtime_stop_fill,evaluation,prior_atr_pct,6,4,2,0.00893756094614562,0.008130550756616553,0.008118163345132557,0.010047882032223314,0.007763158745782288,0.008497942767450818,0.75,0.5,4.0,symbol,SOLUSDT,,
1,2,runtime_stop_fill,evaluation,extension_atr,6,4,2,0.6020412735019921,0.594003895180815,0.4478547514586587,0.6720058119340426,0.4609029642956254,0.7271048260660047,0.375,0.5,4.0,symbol,SOLUSDT,,
1,2,runtime_stop_fill,evaluation,aligned_rsi14,6,4,2,14.815382826197986,11.005803479105019,14.21127522704039,14.969164705154562,10.952930443636465,11.058676514573573,1.0,1.0,4.0,symbol,SOLUSDT,,
1,2,runtime_stop_fill,evaluation,aligned_crsi,6,4,2,38.1257211909544,34.95454238055823,37.93990007291531,38.47007277520823,34.65034618489595,35.25873857622051,1.0,1.0,4.0,symbol,SOLUSDT,,
1,2,runtime_stop_fill,evaluation,aligned_btc24,6,4,2,0.005942345135640348,0.009408181469932608,0.0024215477773759375,0.009493212305690196,0.005101281028708382,0.013715081911156835,0.5,0.5,4.0,symbol,SOLUSDT,,
1,2,runtime_stop_fill,evaluation,aligned_own24,6,4,2,0.02354046660758674,0.015040887469460085,0.01960584314454275,0.0310060599720747,0.010197149862863797,0.019884625076056373,0.75,0.75,4.0,symbol,SOLUSDT,,
1,2,runtime_stop_fill,evaluation,efficiency24_before_signal,6,4,2,0.06260863251313639,0.09285529759297331,0.05008552338292561,0.07180934000836955,0.057362042434657604,0.12834855275128904,0.5,0.5,4.0,symbol,SOLUSDT,,
1,2,runtime_stop_fill,evaluation,adx14,6,4,2,17.354179125541332,19.35063271952894,14.764888035443832,19.57406665339203,17.090408913727295,21.610856525330583,0.375,0.5,4.0,symbol,SOLUSDT,,
1,2,runtime_stop_fill,evaluation,compression,6,4,2,0.6708062770562773,0.6787313661017152,0.6601521164021158,0.6776216791199665,0.6748805172567907,0.6825822149466398,0.25,0.25,4.0,symbol,SOLUSDT,,
1,2,runtime_stop_fill,evaluation,signal_tr_atr,6,4,2,1.9865295308619833,2.3016071238652094,1.7038271370544775,2.4082244599411107,2.2290066682481564,2.374207579482263,0.375,0.25,4.0,symbol,SOLUSDT,,
1,2,runtime_stop_fill,evaluation,aligned_body_atr,6,4,2,1.595974246240634,1.914313700219597,1.418061051567496,1.903443323958049,1.8880644500980885,1.940562950341105,0.25,0.0,4.0,symbol,SOLUSDT,,
1,2,runtime_stop_fill,evaluation,volume_ratio,4,3,1,2.2540393445700464,3.9586536004325517,2.1497513284136467,2.9872820964893494,3.9586536004325517,3.9586536004325517,0.0,0.0,1.0,side,,-1.0,
1,2,runtime_stop_fill,evaluation,prior_atr_pct,4,3,1,0.008983464625274632,0.004041793019655312,0.008785088918767583,0.011112299439171993,0.004041793019655312,0.004041793019655312,1.0,1.0,1.0,side,,-1.0,
1,2,runtime_stop_fill,evaluation,extension_atr,4,3,1,0.6055401804657954,0.08790336322467926,0.34892403700506586,0.6216261783531734,0.08790336322467926,0.08790336322467926,1.0,1.0,1.0,side,,-1.0,
1,2,runtime_stop_fill,evaluation,aligned_rsi14,4,3,1,12.772938016403799,8.978455446364599,10.767167510308205,13.731829490161527,8.978455446364599,8.978455446364599,0.6666666666666666,0.0,1.0,side,,-1.0,
1,2,runtime_stop_fill,evaluation,aligned_crsi,4,3,1,37.762702248941935,24.073825695797478,34.96867720156894,38.44278212338388,24.073825695797478,24.073825695797478,1.0,1.0,1.0,side,,-1.0,
1,2,runtime_stop_fill,evaluation,aligned_btc24,4,3,1,0.003733640193881227,0.002627654019616954,0.003343025647220277,0.007454825952238953,0.002627654019616954,0.002627654019616954,1.0,1.0,1.0,side,,-1.0,
1,2,runtime_stop_fill,evaluation,aligned_own24,4,3,1,0.020376387760628112,0.002627654019616954,0.01205501397725467,0.0321434956426454,0.002627654019616954,0.002627654019616954,1.0,1.0,1.0,side,,-1.0,
1,2,runtime_stop_fill,evaluation,efficiency24_before_signal,4,3,1,0.0731373889268616,0.023729578736493433,0.07225202298120023,0.07621333169727415,0.023729578736493433,0.023729578736493433,1.0,1.0,1.0,side,,-1.0,
1,2,runtime_stop_fill,evaluation,adx14,4,3,1,16.312548000813695,10.29135963549073,14.947191696828103,17.93083366779271,10.29135963549073,10.29135963549073,1.0,1.0,1.0,side,,-1.0,
1,2,runtime_stop_fill,evaluation,compression,4,3,1,0.6654761904761916,0.614083534691059,0.596977317230589,0.6737769080234842,0.614083534691059,0.614083534691059,0.6666666666666666,0.0,1.0,side,,-1.0,
1,2,runtime_stop_fill,evaluation,signal_tr_atr,4,3,1,1.740522348324586,2.3887390133434727,1.6732341277822467,2.3318028219475657,2.3887390133434727,2.3887390133434727,0.3333333333333333,0.0,1.0,side,,-1.0,
1,2,runtime_stop_fill,evaluation,aligned_body_atr,4,3,1,1.3422378348746475,0.8018275037001934,1.3146638269971427,1.8826600202066934,0.8018275037001934,0.8018275037001934,1.0,1.0,1.0,side,,-1.0,
1,2,runtime_stop_fill,evaluation,volume_ratio,11,7,4,2.0400811680838027,2.7533620457019734,1.9015412257082154,3.5318110402837464,2.2992129728525814,3.61824384780044,0.32142857142857145,0.3,10.0,side,,1.0,
1,2,runtime_stop_fill,evaluation,prior_atr_pct,11,7,4,0.006364187074086122,0.006790570680406545,0.005987286466839811,0.008586995068584524,0.005962985906509321,0.007763158745782288,0.5357142857142857,0.6,10.0,side,,1.0,
1,2,runtime_stop_fill,evaluation,extension_atr,11,7,4,0.738098482890967,0.4224784370463781,0.479705847245663,0.7680526028020516,0.3712017775054388,0.5595178256545359,0.6428571428571429,0.6,10.0,side,,1.0,
1,2,runtime_stop_fill,evaluation,aligned_rsi14,11,7,4,14.326914500461186,13.600233744774314,11.849384569199543,14.998284721832405,11.058676514573573,16.9895467680392,0.4642857142857143,0.5,10.0,side,,1.0,
1,2,runtime_stop_fill,evaluation,aligned_crsi,11,7,4,37.99896601423977,34.95454238055823,37.40273737038674,38.36560626712168,33.793557730916774,35.78217925046032,0.8571428571428571,0.8,10.0,side,,1.0,
1,2,runtime_stop_fill,evaluation,aligned_btc24,11,7,4,0.008120991618291162,0.019897545684575357,0.00610471652624045,0.009118956026142988,0.013715081911156835,0.025857675065928953,0.2857142857142857,0.2,10.0,side,,1.0,
1,2,runtime_stop_fill,evaluation,aligned_own24,11,7,4,0.017294209296286667,0.023250735849711157,0.011355759410657251,0.021585281112607158,0.017668184826644118,0.028074115315341208,0.35714285714285715,0.3,10.0,side,,1.0,
1,2,runtime_stop_fill,evaluation,efficiency24_before_signal,11,7,4,0.03879026955950068,0.18502701352405404,0.022101963594522087,0.05681559198938244,0.12834855275128904,0.2701109752435223,0.25,0.3,10.0,side,,1.0,
1,2,runtime_stop_fill,evaluation,adx14,11,7,4,19.648908609252942,19.35063271952894,16.00132912276646,28.78427181620603,14.448606125118493,26.41167289134833,0.5714285714285714,0.5,10.0,side,,1.0,
1,2,runtime_stop_fill,evaluation,compression,11,7,4,0.6441798941798884,0.6787313661017152,0.6155096449879081,0.6555059458684689,0.6703710979688565,0.6884293981311904,0.07142857142857142,0.1,10.0,side,,1.0,
1,2,runtime_stop_fill,evaluation,signal_tr_atr,11,7,4,1.921411929353167,2.2947527223507143,1.735709556209064,2.019476821935413,2.1273869959141716,2.4365264328275735,0.10714285714285714,0.2,10.0,side,,1.0,
1,2,runtime_stop_fill,evaluation,aligned_body_atr,11,7,4,1.371855886004161,1.914313700219597,1.2197743129940022,1.4342359877237503,1.7941544200233046,1.9720164807394305,0.03571428571428571,0.0,10.0,side,,1.0,
1,2,runtime_stop_fill,evaluation,volume_ratio,15,10,5,2.1497513284136467,3.1347234558341848,2.0220590405778456,3.611445660789583,2.372000635569762,3.9586536004325517,0.28,0.2727272727272727,11.0,entry_year,,,2025.0
1,2,runtime_stop_fill,evaluation,prior_atr_pct,15,10,5,0.008434523041206485,0.006185374625865065,0.00622371528417094,0.008960512785710126,0.005295819748442088,0.007395766734948023,0.7,0.6363636363636364,11.0,entry_year,,,2025.0
1,2,runtime_stop_fill,evaluation,extension_atr,15,10,5,0.6216261783531734,0.3856683588704398,0.43637358548677807,0.7554384856649317,0.32780203341043573,0.4592885152223164,0.68,0.6363636363636364,11.0,entry_year,,,2025.0
1,2,runtime_stop_fill,evaluation,aligned_rsi14,15,10,5,13.549926258432492,11.111549550042128,11.830700183801639,14.877713757337352,10.90005740816791,16.0889179395065,0.5,0.45454545454545453,11.0,entry_year,,,2025.0
1,2,runtime_stop_fill,evaluation,aligned_crsi,15,10,5,37.88083413159085,34.34614998923368,37.27002445549371,38.422171216848,32.13578095596607,35.56293477188278,0.86,0.8181818181818182,11.0,entry_year,,,2025.0
1,2,runtime_stop_fill,evaluation,aligned_btc24,15,10,5,0.007771326754411723,0.01802198235238106,0.0039971729358980745,0.009212294453853798,0.002627654019616954,0.021773109016769654,0.4,0.2727272727272727,11.0,entry_year,,,2025.0
1,2,runtime_stop_fill,evaluation,aligned_own24,15,10,5,0.01770288186733948,0.021773109016769654,0.009738375514474207,0.023888352780273542,0.005353412256267509,0.02472836268265266,0.5,0.36363636363636365,11.0,entry_year,,,2025.0
1,2,runtime_stop_fill,evaluation,efficiency24_before_signal,15,10,5,0.05681559198938244,0.16384180790960473,0.03739444115322967,0.07269470595403091,0.023729578736493433,0.20621221913850335,0.36,0.36363636363636365,11.0,entry_year,,,2025.0
1,2,runtime_stop_fill,evaluation,adx14,15,10,5,18.196269331996852,14.830185107925647,15.447566187436628,23.954920252059946,13.303869176697033,23.87108033113223,0.62,0.5454545454545454,11.0,entry_year,,,2025.0
1,2,runtime_stop_fill,evaluation,compression,15,10,5,0.6490329830001551,0.671029668411866,0.6050584874154206,0.6633885978362727,0.6683953866398283,0.6864330637915645,0.22,0.09090909090909091,11.0,entry_year,,,2025.0
1,2,runtime_stop_fill,evaluation,signal_tr_atr,15,10,5,1.8309671388388766,2.3887390133434727,1.735337227483929,2.0574839803168397,2.156406212631103,2.433099232070326,0.16,0.18181818181818182,11.0,entry_year,,,2025.0
1,2,runtime_stop_fill,evaluation,aligned_body_atr,15,10,5,1.3570468604394041,1.8618151999765804,1.2794140042893771,1.447977058386933,1.591172080163477,1.9668122004626132,0.3,0.09090909090909091,11.0,entry_year,,,2025.0
1,2,runtime_stop_fill,historical,volume_ratio,15,9,6,2.746959765539606,2.89211191790067,2.487303513131608,3.817918183877206,2.4337445951813876,3.002180705008539,0.5555555555555556,0.6071428571428571,28.0,symbol,BTCUSDT,,
1,2,runtime_stop_fill,historical,prior_atr_pct,15,9,6,0.005621193793319238,0.006225261905927914,0.004765164469903968,0.0070479488336778265,0.004575998517958816,0.006570913674453786,0.48148148148148145,0.5357142857142857,28.0,symbol,BTCUSDT,,
1,2,runtime_stop_fill,historical,extension_atr,15,9,6,0.5337759022674707,0.6547301802947202,0.3211172366957477,0.716592457139018,0.4684983247463354,0.94158773353347,0.3333333333333333,0.35714285714285715,28.0,symbol,BTCUSDT,,
1,2,runtime_stop_fill,historical,aligned_rsi14,15,9,6,13.781663789595484,16.696726879192784,11.661032432851464,15.533619644518168,13.404384971825056,18.21708318132744,0.3333333333333333,0.25,28.0,symbol,BTCUSDT,,
1,2,runtime_stop_fill,historical,aligned_crsi,15,9,6,34.981206319819854,35.51046900272053,30.584746827072017,36.01921895060827,33.50951750094923,37.43269847898609,0.3888888888888889,0.32142857142857145,28.0,symbol,BTCUSDT,,
1,2,runtime_stop_fill,historical,aligned_btc24,15,9,6,0.012196085912214105,0.008861168789256801,0.0046861475091782845,0.022898813915214755,0.008103896353845869,0.01821150883450054,0.48148148148148145,0.42857142857142855,28.0,symbol,BTCUSDT,,
1,2,runtime_stop_fill,historical,aligned_own24,15,9,6,0.012196085912214105,0.008861168789256801,0.0046861475091782845,0.022898813915214755,0.008103896353845869,0.01821150883450054,0.48148148148148145,0.42857142857142855,28.0,symbol,BTCUSDT,,
1,2,runtime_stop_fill,historical,efficiency24_before_signal,15,9,6,0.16966456003889158,0.2008763298682465,0.13924050632911392,0.19205298013245034,0.12300840272436388,0.2566606175826729,0.3888888888888889,0.32142857142857145,28.0,symbol,BTCUSDT,,
1,2,runtime_stop_fill,historical,adx14,15,9,6,18.753637441538864,21.553869841237038,14.84537359007507,30.693157668373445,18.84600435880817,26.452280322105807,0.4074074074074074,0.42857142857142855,28.0,symbol,BTCUSDT,,
1,2,runtime_stop_fill,historical,compression,15,9,6,0.6521685254027207,0.6711693578047216,0.6270635642792112,0.6867724867724868,0.6564127206747494,0.6865838465855076,0.3888888888888889,0.4642857142857143,28.0,symbol,BTCUSDT,,
1,2,runtime_stop_fill,historical,signal_tr_atr,15,9,6,2.499885544595777,1.6042619815417782,1.8349556382614145,2.6223702873502175,1.5428858792900755,2.037655317076874,0.7777777777777778,0.8214285714285714,28.0,symbol,BTCUSDT,,
1,2,runtime_stop_fill,historical,aligned_body_atr,15,9,6,2.1538078035856763,1.2895843808981975,1.5081041651961,2.4002156610224223,1.1438465535195452,1.3659053985950211,0.9074074074074074,0.8928571428571429,28.0,symbol,BTCUSDT,,
1,2,runtime_stop_fill,historical,volume_ratio,17,6,11,2.699649900427331,3.3808435027235006,2.1638717790506434,2.8443204039603693,3.0283812586790204,3.7684229000929803,0.25757575757575757,0.3333333333333333,27.0,symbol,ETHUSDT,,
1,2,runtime_stop_fill,historical,prior_atr_pct,17,6,11,0.005719780767970259,0.005887380379150388,0.0038319487751123154,0.006821526611416195,0.00520548468520886,0.008683437205111753,0.3787878787878788,0.48148148148148145,27.0,symbol,ETHUSDT,,
1,2,runtime_stop_fill,historical,extension_atr,17,6,11,0.37016701886048387,0.7572417658091034,0.29367096291538436,0.49478102102731814,0.3147172517596981,0.8762746113461257,0.3333333333333333,0.4074074074074074,27.0,symbol,ETHUSDT,,
1,2,runtime_stop_fill,historical,aligned_rsi14,17,6,11,13.09569036388788,15.205301274634792,10.776636351802047,15.759815166897294,11.166984162261016,18.960279838662245,0.3939393939393939,0.3333333333333333,27.0,symbol,ETHUSDT,,
1,2,runtime_stop_fill,historical,aligned_crsi,17,6,11,31.341077283271453,33.889833678780406,29.4440384722991,35.35525351248181,31.103564097633082,35.40984032354245,0.5,0.5925925925925926,27.0,symbol,ETHUSDT,,
1,2,runtime_stop_fill,historical,aligned_btc24,17,6,11,0.007312088734263034,0.010851339496444457,0.004007950656902071,0.02449380533037665,0.004025533700785677,0.022236983377779684,0.5,0.4074074074074074,27.0,symbol,ETHUSDT,,
1,2,runtime_stop_fill,historical,aligned_own24,17,6,11,0.007234731843234532,0.010379305447700049,0.005457085313761989,0.028436395080057297,0.0065810119490614105,0.031079968189143103,0.42424242424242425,0.37037037037037035,27.0,symbol,ETHUSDT,,
1,2,runtime_stop_fill,historical,efficiency24_before_signal,17,6,11,0.07268144295948595,0.11236113064266585,0.029290945024174644,0.17878127113285913,0.054939922593386314,0.29378847391911156,0.4090909090909091,0.4074074074074074,27.0,symbol,ETHUSDT,,
1,2,runtime_stop_fill,historical,adx14,17,6,11,16.503452265774477,29.224038798705873,14.650753089144196,24.787624421874952,19.70565939306794,35.74234756875826,0.25757575757575757,0.2962962962962963,27.0,symbol,ETHUSDT,,
1,2,runtime_stop_fill,historical,compression,17,6,11,0.6191395567569244,0.6542610571736824,0.5488785262302531,0.666718753509895,0.5965629015716285,0.6802830433951335,0.4393939393939394,0.3333333333333333,27.0,symbol,ETHUSDT,,
1,2,runtime_stop_fill,historical,signal_tr_atr,17,6,11,2.039394586440446,2.0464617317714544,1.716365867575095,2.295282975949436,1.910474279402542,2.6687697917060187,0.4090909090909091,0.37037037037037035,27.0,symbol,ETHUSDT,,
1,2,runtime_stop_fill,historical,aligned_body_atr,17,6,11,1.7023459963938925,1.814817060510253,1.2427391450866945,1.9689306625914889,1.4516787694323527,2.2701096200021675,0.42424242424242425,0.4074074074074074,27.0,symbol,ETHUSDT,,
1,2,runtime_stop_fill,historical,volume_ratio,9,5,4,2.649702077015625,2.503391570337824,2.3528555377277236,3.1862554660464344,2.0599083512925818,3.0247826253453067,0.55,0.7333333333333333,15.0,symbol,SOLUSDT,,
1,2,runtime_stop_fill,historical,prior_atr_pct,9,5,4,0.009129809861695076,0.01213983360717616,0.005927570102798295,0.012879152048612591,0.011962988486947015,0.014985171321513151,0.3,0.26666666666666666,15.0,symbol,SOLUSDT,,
1,2,runtime_stop_fill,historical,extension_atr,9,5,4,0.45190530574332005,0.8895001040193697,0.1724746378968569,0.5173281300794446,0.8447552875608278,1.0156073720174588,0.0,0.0,15.0,symbol,SOLUSDT,,
1,2,runtime_stop_fill,historical,aligned_rsi14,9,5,4,14.783738163622715,14.019786255940819,14.711301008312105,17.013023639368015,12.035368208773587,17.69443273358103,0.5,0.5333333333333333,15.0,symbol,SOLUSDT,,
1,2,runtime_stop_fill,historical,aligned_crsi,9,5,4,36.62681816045439,38.14647915451938,31.42601854089554,38.19645463818392,37.24569337482367,38.48832619086204,0.3,0.26666666666666666,15.0,symbol,SOLUSDT,,
1,2,runtime_stop_fill,historical,aligned_btc24,9,5,4,0.027192444080742062,0.017241165062980734,0.011865247126415124,0.030061968228987324,0.007080425299390708,0.034065138030548,0.55,0.4666666666666667,15.0,symbol,SOLUSDT,,
1,2,runtime_stop_fill,historical,aligned_own24,9,5,4,0.03374903121256945,0.053850147821458916,0.028194056388112676,0.03952808308964406,0.03545381491059202,0.07267037419303451,0.25,0.26666666666666666,15.0,symbol,SOLUSDT,,
1,2,runtime_stop_fill,historical,efficiency24_before_signal,9,5,4,0.17258261933904573,0.11959143697246338,0.08602150537634455,0.3817427385892087,0.05434949665069989,0.24656028642626793,0.6,0.6,15.0,symbol,SOLUSDT,,
1,2,runtime_stop_fill,historical,adx14,9,5,4,15.23799055247654,23.972238664454334,14.924746929400346,15.326721930404608,18.68055752138421,28.31875981925844,0.3,0.3333333333333333,15.0,symbol,SOLUSDT,,
1,2,runtime_stop_fill,historical,compression,9,5,4,0.6234567901234576,0.6746602234715389,0.6128722382324685,0.6371100164203658,0.6538514112634917,0.6902803033268395,0.15,0.06666666666666667,15.0,symbol,SOLUSDT,,
1,2,runtime_stop_fill,historical,signal_tr_atr,9,5,4,1.800089467877532,1.92142039709527,1.72230696036533,1.9084823292919058,1.8286716404392613,2.2482149222552934,0.25,0.2,15.0,symbol,SOLUSDT,,
1,2,runtime_stop_fill,historical,aligned_body_atr,9,5,4,1.4837557538572115,1.4044322346364937,1.2426771739344384,1.5519843902383217,1.2027005371612898,1.7376339290238634,0.45,0.3333333333333333,15.0,symbol,SOLUSDT,,
1,2,runtime_stop_fill,historical,volume_ratio,18,6,12,3.282438974708406,3.214719268997201,2.5522175762336077,4.203002366136825,2.7029921506669092,3.8006814154350206,0.5277777777777778,0.6296296296296297,27.0,side,,-1.0,
1,2,runtime_stop_fill,historical,prior_atr_pct,18,6,12,0.004834924411635031,0.006552243995798228,0.004278880001325078,0.006512132713599893,0.0049124529970853035,0.010224617702415324,0.2916666666666667,0.48148148148148145,27.0,side,,-1.0,
1,2,runtime_stop_fill,historical,extension_atr,18,6,12,0.4274465694816092,0.6562798787537376,0.3152728590747949,0.5402368038830392,0.402438417523028,0.8491006598250126,0.3194444444444444,0.4444444444444444,27.0,side,,-1.0,
1,2,runtime_stop_fill,historical,aligned_rsi14,18,6,12,12.194745899089458,15.965553050420603,10.099128914517742,14.955178550451441,10.772568166769577,18.707157565010718,0.2777777777777778,0.2222222222222222,27.0,side,,-1.0,
1,2,runtime_stop_fill,historical,aligned_crsi,18,6,12,35.97903438265601,35.44217601930714,35.22061719354083,37.13619790022776,32.0859532900461,37.39034693116085,0.5833333333333334,0.5185185185185185,27.0,side,,-1.0,
1,2,runtime_stop_fill,historical,aligned_btc24,18,6,12,0.007317275828523928,0.008777130026576097,0.005223325840379073,0.015212912361855818,0.004733329982721468,0.01501795171626108,0.4166666666666667,0.37037037037037035,27.0,side,,-1.0,
1,2,runtime_stop_fill,historical,aligned_own24,18,6,12,0.006355826670506937,0.009518443538740873,0.004742601261370577,0.015212912361855818,0.007524211204437775,0.03056929471231687,0.3194444444444444,0.2962962962962963,27.0,side,,-1.0,
1,2,runtime_stop_fill,historical,efficiency24_before_signal,18,6,12,0.15445253318400276,0.16754707544259526,0.08610451174932453,0.18645587510906064,0.0647089948411451,0.26425832100245217,0.4444444444444444,0.2962962962962963,27.0,side,,-1.0,
1,2,runtime_stop_fill,historical,adx14,18,6,12,16.33585013894563,25.326280799147106,13.077715207957725,27.17721495302982,19.643883972935207,30.36658823261098,0.2916666666666667,0.3333333333333333,27.0,side,,-1.0,
1,2,runtime_stop_fill,historical,compression,18,6,12,0.683811775301137,0.6425454292102373,0.5753763651394403,0.6879239602864494,0.6055293499454779,0.678333958214693,0.5833333333333334,0.5185185185185185,27.0,side,,-1.0,
1,2,runtime_stop_fill,historical,signal_tr_atr,18,6,12,2.264424178514843,1.852357736055735,1.855201329282261,2.620005204183885,1.6187752542291034,1.9626891565017948,0.6805555555555556,0.7777777777777778,27.0,side,,-1.0,
1,2,runtime_stop_fill,historical,aligned_body_atr,18,6,12,1.8595611253045141,1.4016319893847524,1.498590883563413,2.3529162671200488,1.2886946057397408,1.6235470657017685,0.7777777777777778,0.8148148148148148,27.0,side,,-1.0,
1,2,runtime_stop_fill,historical,volume_ratio,23,14,9,2.664829979336382,2.9466079073916696,2.43489004157892,3.1111865742551554,2.2180731804865172,3.3808435027235006,0.4523809523809524,0.46511627906976744,43.0,side,,1.0,
1,2,runtime_stop_fill,historical,prior_atr_pct,23,14,9,0.006074825283334788,0.006926229962161421,0.0054401252038608836,0.008723118120970656,0.005887380379150388,0.011537067002778971,0.42857142857142855,0.4418604651162791,43.0,side,,1.0,
1,2,runtime_stop_fill,historical,extension_atr,23,14,9,0.4394573051315719,0.9334878098267749,0.2077706860224538,0.538118284461781,0.7624102599566263,0.9994060702012469,0.18253968253968253,0.20930232558139536,43.0,side,,1.0,
1,2,runtime_stop_fill,historical,aligned_rsi14,23,14,9,14.846028754970291,12.940349987714562,11.688667573353296,16.77067950629862,12.381994621673975,19.038364406484106,0.4523809523809524,0.4186046511627907,43.0,side,,1.0,
1,2,runtime_stop_fill,historical,aligned_crsi,23,14,9,31.504851048695507,34.72221621587316,29.388609722238456,36.475595136904104,33.46210105186803,35.50727883477454,0.36507936507936506,0.3488372093023256,43.0,side,,1.0,
1,2,runtime_stop_fill,historical,aligned_btc24,23,14,9,0.017807685509955595,0.01695617837984842,0.005247206924656189,0.030061968228987324,0.003875657979201419,0.02548952437056573,0.5119047619047619,0.46511627906976744,43.0,side,,1.0,
1,2,runtime_stop_fill,historical,aligned_own24,23,14,9,0.02580667074790488,0.022219433901105257,0.00858177896700113,0.03502940038688379,0.012736558797973974,0.06580055091965864,0.4365079365079365,0.4186046511627907,43.0,side,,1.0,
1,2,runtime_stop_fill,historical,efficiency24_before_signal,23,14,9,0.16329539625485437,0.10443708473042186,0.054278222544409546,0.26493645564476587,0.05370569280343682,0.3245227606461078,0.5,0.4883720930232558,43.0,side,,1.0,
1,2,runtime_stop_fill,historical,adx14,23,14,9,15.852119827477303,24.112466555661097,14.865216924906388,25.930631110605862,16.90941504303141,29.02187005523561,0.35714285714285715,0.37209302325581395,43.0,side,,1.0,
1,2,runtime_stop_fill,historical,compression,23,14,9,0.6320867903497884,0.6741265972376116,0.5881722347108643,0.660606685341288,0.666706601174071,0.6892315406794384,0.1984126984126984,0.20930232558139536,43.0,side,,1.0,
1,2,runtime_stop_fill,historical,signal_tr_atr,23,14,9,2.0356665499139988,2.3246496883339987,1.6679580070802276,2.3203979255898046,2.0060751360200646,2.8716594615633633,0.3412698412698413,0.3488372093023256,43.0,side,,1.0,
1,2,runtime_stop_fill,historical,aligned_body_atr,23,14,9,1.5861234695940916,1.814817060510253,1.2842420023322005,1.9689306625914889,1.2561115443691098,2.2034948595844077,0.42857142857142855,0.4418604651162791,43.0,side,,1.0,
1,2,runtime_stop_fill,historical,volume_ratio,10,6,4,2.976601397204891,3.512214385089699,2.67401649914662,3.6649993951254483,2.840308932520278,4.640399543829811,0.4166666666666667,0.75,8.0,entry_year,,,2022.0
1,2,runtime_stop_fill,historical,prior_atr_pct,10,6,4,0.005991808954382628,0.006905431802500871,0.004800044440769499,0.011429097425309235,0.005972885423037554,0.008139933810064164,0.5,0.5,8.0,entry_year,,,2022.0
1,2,runtime_stop_fill,historical,extension_atr,10,6,4,0.4846167179113823,0.7090632507603228,0.35381425395764077,0.5296639592204642,0.4280601265514863,1.684823743038904,0.2916666666666667,0.625,8.0,entry_year,,,2022.0
1,2,runtime_stop_fill,historical,aligned_rsi14,10,6,4,14.246482398953795,17.737790747089107,10.892587859770755,14.765628874795063,16.427001015793813,22.740533219896527,0.08333333333333333,0.125,8.0,entry_year,,,2022.0
1,2,runtime_stop_fill,historical,aligned_crsi,10,6,4,36.28283398757907,36.34078648477929,35.22061719354083,37.648333677292,34.62602698276199,37.39034693116085,0.5416666666666666,0.25,8.0,entry_year,,,2022.0
1,2,runtime_stop_fill,historical,aligned_btc24,10,6,4,0.0062429191661223515,0.02891589901877334,0.0027193296995626504,0.01912403314217767,0.0229285621019725,0.0314219620401672,0.08333333333333333,0.125,8.0,entry_year,,,2022.0
1,2,runtime_stop_fill,historical,aligned_own24,10,6,4,0.015349252369140587,0.03082457976279801,0.005464533337650318,0.026870245769888196,0.025025728066566083,0.053232757518678425,0.20833333333333334,0.125,8.0,entry_year,,,2022.0
1,2,runtime_stop_fill,historical,efficiency24_before_signal,10,6,4,0.15445253318400276,0.2977131065737072,0.0993262556145369,0.18645587510906064,0.2530482161516622,0.3849613460883987,0.0,0.0,8.0,entry_year,,,2022.0
1,2,runtime_stop_fill,historical,adx14,10,6,4,13.50713135818994,27.824588395150823,10.82885651211209,26.75105498363017,26.279249521700574,34.89583579938894,0.25,0.5,8.0,entry_year,,,2022.0
1,2,runtime_stop_fill,historical,compression,10,6,4,0.6521539269766223,0.6124179646310179,0.6155183762052158,0.6852921310368119,0.5546604456066323,0.6533013346746522,0.6666666666666666,0.75,8.0,entry_year,,,2022.0
1,2,runtime_stop_fill,historical,signal_tr_atr,10,6,4,2.0491331036794898,1.7263626838018127,1.8088060104735026,2.5326053577870544,1.5289834498238424,2.8737183971229148,0.625,1.0,8.0,entry_year,,,2022.0
1,2,runtime_stop_fill,historical,aligned_body_atr,10,6,4,1.5300442777172107,1.4378929853623263,1.498590883563413,2.0462596616192767,1.1930724999418054,2.530694074690625,0.5833333333333334,1.0,8.0,entry_year,,,2022.0
1,2,runtime_stop_fill,historical,volume_ratio,9,5,4,2.596303614702228,3.232341591428177,2.428070857139836,2.7193419191975226,2.697774304402699,3.4189131272644735,0.3,0.25,4.0,entry_year,,,2023.0
1,2,runtime_stop_fill,historical,prior_atr_pct,9,5,4,0.0034074049489621716,0.004810616304949852,0.003316008697691499,0.0046809583501643045,0.004407281881863692,0.005332392881110792,0.3,0.0,4.0,entry_year,,,2023.0
1,2,runtime_stop_fill,historical,extension_atr,9,5,4,0.31332473320114396,0.5092224302042123,0.18132101264545025,0.5450338482168804,0.24120281940110522,0.7585338893459841,0.35,0.5,4.0,entry_year,,,2023.0
1,2,runtime_stop_fill,historical,aligned_rsi14,9,5,4,16.043647107090436,12.25252911427653,11.661032432851464,17.013023639368015,10.38524650898355,14.425811308496018,0.65,0.75,4.0,entry_year,,,2023.0
1,2,runtime_stop_fill,historical,aligned_crsi,9,5,4,30.37544618956632,29.121215013211483,29.05966423312917,31.098471010047433,27.160749511251442,30.87333488773338,0.55,0.75,4.0,entry_year,,,2023.0
1,2,runtime_stop_fill,historical,aligned_btc24,9,5,4,0.006834860833981438,0.004397480741020032,0.004399837021360042,0.011865247126415124,0.0030495703593111934,0.0067283601592841025,0.65,0.5,4.0,entry_year,,,2023.0
1,2,runtime_stop_fill,historical,aligned_own24,9,5,4,0.007092453701205592,0.0065810119490614105,0.004911962517947455,0.018607068607068733,0.005311777588849487,0.008373622347992549,0.65,0.5,4.0,entry_year,,,2023.0
1,2,runtime_stop_fill,historical,efficiency24_before_signal,9,5,4,0.0683925135560614,0.054939922593386314,0.026442941228145722,0.2823425283965183,0.04656642095145765,0.07022089694816831,0.6,0.25,4.0,entry_year,,,2023.0
1,2,runtime_stop_fill,historical,adx14,9,5,4,18.753637441538864,26.656196991087803,16.629386806998955,27.507036960166953,17.36154397167115,34.88368016321303,0.4,0.5,4.0,entry_year,,,2023.0
1,2,runtime_stop_fill,historical,compression,9,5,4,0.6371100164203658,0.5965629015716285,0.540218132242658,0.6508941463956491,0.5490075687388866,0.6331797339093551,0.55,0.25,4.0,entry_year,,,2023.0
1,2,runtime_stop_fill,historical,signal_tr_atr,9,5,4,1.72230696036533,1.9175454248055455,1.6498416893185266,1.9159384023447998,1.8149919453727694,2.0322361456424307,0.4,0.5,4.0,entry_year,,,2023.0
1,2,runtime_stop_fill,historical,aligned_body_atr,9,5,4,1.4089364875254866,1.4516787694323527,1.2426771739344384,1.4755901286567266,1.2766416510638234,1.570268276605789,0.45,0.5,4.0,entry_year,,,2023.0
1,2,runtime_stop_fill,historical,volume_ratio,22,9,13,2.6799578816571388,2.9466079073916696,2.3528555377277236,3.4540917523039227,2.228442143120307,3.403634838551667,0.4700854700854701,0.4,20.0,entry_year,,,2024.0
1,2,runtime_stop_fill,historical,prior_atr_pct,22,9,13,0.0070479488336778265,0.00763870070734256,0.005927570102798295,0.007503042898797398,0.005935619173368715,0.011537067002778971,0.36752136752136755,0.45,20.0,entry_year,,,2024.0
1,2,runtime_stop_fill,historical,extension_atr,22,9,13,0.4270093045198238,0.8455123982119646,0.2871197061534645,0.7629607762868061,0.5553179916983718,0.9941110990123302,0.20512820512820512,0.2,20.0,entry_year,,,2024.0
1,2,runtime_stop_fill,historical,aligned_rsi14,22,9,13,14.908319346317867,15.205301274634792,11.283061381457891,15.533619644518168,10.936065612952014,18.648811663067494,0.452991452991453,0.25,20.0,entry_year,,,2024.0
1,2,runtime_stop_fill,historical,aligned_crsi,22,9,13,32.98710157247575,35.50727883477454,31.42601854089554,36.06505005418467,33.889833678780406,37.879518140424786,0.3418803418803419,0.3,20.0,entry_year,,,2024.0
1,2,runtime_stop_fill,historical,aligned_btc24,22,9,13,0.030061968228987324,0.008992805755395739,0.012196085912214105,0.030061968228987324,0.004175409422369936,0.02122838401908167,0.6709401709401709,0.55,20.0,entry_year,,,2024.0
1,2,runtime_stop_fill,historical,aligned_own24,22,9,13,0.030061968228987324,0.02122838401908167,0.012196085912214105,0.03545619011165524,0.008561454297756455,0.039865275247087606,0.5128205128205128,0.45,20.0,entry_year,,,2024.0
1,2,runtime_stop_fill,historical,efficiency24_before_signal,22,9,13,0.17106678947413723,0.16609103562039235,0.0769703723629105,0.21271823738950865,0.06755394232708153,0.2678707224334628,0.5384615384615384,0.45,20.0,entry_year,,,2024.0
1,2,runtime_stop_fill,historical,adx14,22,9,13,16.042313470892303,19.893161338286564,14.84537359007507,21.201413561922593,18.796248102806565,29.02187005523561,0.3076923076923077,0.25,20.0,entry_year,,,2024.0
1,2,runtime_stop_fill,historical,compression,22,9,13,0.6634194053208105,0.6756321144353723,0.5799389002036629,0.6726403823178064,0.666706601174071,0.6902344239688861,0.27350427350427353,0.2,20.0,entry_year,,,2024.0
1,2,runtime_stop_fill,historical,signal_tr_atr,22,9,13,2.339427044420551,2.0464617317714544,1.9084823292919058,2.6129099546848864,1.8043895872456206,2.82249302243073,0.5213675213675214,0.35,20.0,entry_year,,,2024.0
1,2,runtime_stop_fill,historical,aligned_body_atr,22,9,13,1.9822069287449657,1.6004660099503036,1.6202625489498614,2.4002156610224223,1.2561115443691098,2.149137686244543,0.5811965811965812,0.4,20.0,entry_year,,,2024.0
1,2,runtime_stop_fill,reserved_replication,volume_ratio,3,2,1,3.4084315279056137,2.0892397913013836,3.144424386166779,3.672438669644448,2.0892397913013836,2.0892397913013836,1.0,1.0,1.0,symbol,BTCUSDT,,
1,2,runtime_stop_fill,reserved_replication,prior_atr_pct,3,2,1,0.0033165533744854278,0.005739374694962948,0.003098172825806363,0.0035349339231644924,0.005739374694962948,0.005739374694962948,0.0,0.0,1.0,symbol,BTCUSDT,,
1,2,runtime_stop_fill,reserved_replication,extension_atr,3,2,1,0.49588541164034705,0.6791327583663799,0.4812118679554279,0.5105589553252662,0.6791327583663799,0.6791327583663799,0.0,0.0,1.0,symbol,BTCUSDT,,
1,2,runtime_stop_fill,reserved_replication,aligned_rsi14,3,2,1,10.252982330752996,17.905477325778406,10.125544398733167,10.380420262772825,17.905477325778406,17.905477325778406,0.0,0.0,1.0,symbol,BTCUSDT,,
1,2,runtime_stop_fill,reserved_replication,aligned_crsi,3,2,1,31.15642050686048,33.46856613031089,29.24441817154581,33.06842284217515,33.46856613031089,33.46856613031089,0.5,0.0,1.0,symbol,BTCUSDT,,
1,2,runtime_stop_fill,reserved_replication,aligned_btc24,3,2,1,0.006620012679127596,0.029870765789860698,0.0054626318246150385,0.007777393533640153,0.029870765789860698,0.029870765789860698,0.0,0.0,1.0,symbol,BTCUSDT,,
1,2,runtime_stop_fill,reserved_replication,aligned_own24,3,2,1,0.006620012679127596,0.029870765789860698,0.0054626318246150385,0.007777393533640153,0.029870765789860698,0.029870765789860698,0.0,0.0,1.0,symbol,BTCUSDT,,
1,2,runtime_stop_fill,reserved_replication,efficiency24_before_signal,3,2,1,0.07187886057999657,0.2656970749443747,0.06473703825039312,0.0790206829096,0.2656970749443747,0.2656970749443747,0.0,0.0,1.0,symbol,BTCUSDT,,
1,2,runtime_stop_fill,reserved_replication,adx14,3,2,1,17.4255614775618,26.963171810061823,15.755867026766591,19.095255928357005,26.963171810061823,26.963171810061823,0.0,0.0,1.0,symbol,BTCUSDT,,
1,2,runtime_stop_fill,reserved_replication,compression,3,2,1,0.5265872883810412,0.5705929487179504,0.4723105248372199,0.5808640519248626,0.5705929487179504,0.5705929487179504,0.5,0.0,1.0,symbol,BTCUSDT,,
1,2,runtime_stop_fill,reserved_replication,signal_tr_atr,3,2,1,1.7151996774690585,2.741957501471978,1.6119747233781565,1.8184246315599606,2.741957501471978,2.741957501471978,0.0,0.0,1.0,symbol,BTCUSDT,,
1,2,runtime_stop_fill,reserved_replication,aligned_body_atr,3,2,1,1.0166570104388728,1.7596209472004969,0.9834010671290474,1.0499129537486984,1.7596209472004969,1.7596209472004969,0.0,0.0,1.0,symbol,BTCUSDT,,
1,2,runtime_stop_fill,reserved_replication,volume_ratio,1,0,1,,3.408421395877398,,,3.408421395877398,3.408421395877398,,,0.0,symbol,ETHUSDT,,
1,2,runtime_stop_fill,reserved_replication,prior_atr_pct,1,0,1,,0.00396008486821576,,,0.00396008486821576,0.00396008486821576,,,0.0,symbol,ETHUSDT,,
1,2,runtime_stop_fill,reserved_replication,extension_atr,1,0,1,,0.8576836046226368,,,0.8576836046226368,0.8576836046226368,,,0.0,symbol,ETHUSDT,,
1,2,runtime_stop_fill,reserved_replication,aligned_rsi14,1,0,1,,8.600434706133292,,,8.600434706133292,8.600434706133292,,,0.0,symbol,ETHUSDT,,
1,2,runtime_stop_fill,reserved_replication,aligned_crsi,1,0,1,,39.28958089485701,,,39.28958089485701,39.28958089485701,,,0.0,symbol,ETHUSDT,,
1,2,runtime_stop_fill,reserved_replication,aligned_btc24,1,0,1,,0.0036986294495215954,,,0.0036986294495215954,0.0036986294495215954,,,0.0,symbol,ETHUSDT,,
1,2,runtime_stop_fill,reserved_replication,aligned_own24,1,0,1,,0.004505695149871203,,,0.004505695149871203,0.004505695149871203,,,0.0,symbol,ETHUSDT,,
1,2,runtime_stop_fill,reserved_replication,efficiency24_before_signal,1,0,1,,0.09218009478673014,,,0.09218009478673014,0.09218009478673014,,,0.0,symbol,ETHUSDT,,
1,2,runtime_stop_fill,reserved_replication,adx14,1,0,1,,14.103954692959563,,,14.103954692959563,14.103954692959563,,,0.0,symbol,ETHUSDT,,
1,2,runtime_stop_fill,reserved_replication,compression,1,0,1,,0.5244746445199526,,,0.5244746445199526,0.5244746445199526,,,0.0,symbol,ETHUSDT,,
1,2,runtime_stop_fill,reserved_replication,signal_tr_atr,1,0,1,,1.6059844372612457,,,1.6059844372612457,1.6059844372612457,,,0.0,symbol,ETHUSDT,,
1,2,runtime_stop_fill,reserved_replication,aligned_body_atr,1,0,1,,1.1817428449866243,,,1.1817428449866243,1.1817428449866243,,,0.0,symbol,ETHUSDT,,
1,2,runtime_stop_fill,reserved_replication,volume_ratio,5,5,0,2.878759730622053,,2.377410489934347,3.0680661454889,,,,,0.0,symbol,SOLUSDT,,
1,2,runtime_stop_fill,reserved_replication,prior_atr_pct,5,5,0,0.006026133081066756,,0.005542982298770961,0.0073599808670638195,,,,,0.0,symbol,SOLUSDT,,
1,2,runtime_stop_fill,reserved_replication,extension_atr,5,5,0,0.5060332157266907,,0.49153997567085245,0.7342909679307176,,,,,0.0,symbol,SOLUSDT,,
1,2,runtime_stop_fill,reserved_replication,aligned_rsi14,5,5,0,18.192904926227577,,12.243879025087693,20.511385567014397,,,,,0.0,symbol,SOLUSDT,,
1,2,runtime_stop_fill,reserved_replication,aligned_crsi,5,5,0,35.14505780106727,,32.473732604416554,35.47770914155496,,,,,0.0,symbol,SOLUSDT,,
1,2,runtime_stop_fill,reserved_replication,aligned_btc24,5,5,0,0.00537720613741377,,0.0042211235111297984,0.01959713823685405,,,,,0.0,symbol,SOLUSDT,,
1,2,runtime_stop_fill,reserved_replication,aligned_own24,5,5,0,0.016349847335762835,,0.015157836184119033,0.03590664272890487,,,,,0.0,symbol,SOLUSDT,,
1,2,runtime_stop_fill,reserved_replication,efficiency24_before_signal,5,5,0,0.2883211678832205,,0.22597402597402605,0.5103189493433415,,,,,0.0,symbol,SOLUSDT,,
1,2,runtime_stop_fill,reserved_replication,adx14,5,5,0,29.8609763810193,,18.84329470702518,35.4114818122455,,,,,0.0,symbol,SOLUSDT,,
1,2,runtime_stop_fill,reserved_replication,compression,5,5,0,0.6504065040650399,,0.6393939393939382,0.6897435897436018,,,,,0.0,symbol,SOLUSDT,,
1,2,runtime_stop_fill,reserved_replication,signal_tr_atr,5,5,0,1.9305025110419924,,1.71334559183834,1.9661599026834096,,,,,0.0,symbol,SOLUSDT,,
1,2,runtime_stop_fill,reserved_replication,aligned_body_atr,5,5,0,1.5909637638498746,,1.2334559633338362,1.5925895211735381,,,,,0.0,symbol,SOLUSDT,,
1,2,runtime_stop_fill,reserved_replication,volume_ratio,4,4,0,2.722738317711624,,2.3570296638501116,3.2851610619624956,,,,,0.0,side,,-1.0,
1,2,runtime_stop_fill,reserved_replication,prior_atr_pct,4,4,0,0.005029068286119412,,0.00396233123633994,0.0063595950275660215,,,,,0.0,side,,-1.0,
1,2,runtime_stop_fill,reserved_replication,extension_atr,4,4,0,0.4987865956987716,,0.46496154208013446,0.5108330365475644,,,,,0.0,side,,-1.0,
1,2,runtime_stop_fill,reserved_replication,aligned_rsi14,4,4,0,14.095505696470457,,9.83816485932853,18.77252508642428,,,,,0.0,side,,-1.0,
1,2,runtime_stop_fill,reserved_replication,aligned_crsi,4,4,0,33.727078890953194,,31.02128513214251,35.10474616850611,,,,,0.0,side,,-1.0,
1,2,runtime_stop_fill,reserved_replication,aligned_btc24,4,4,0,0.007155990262783241,,0.005088185480842777,0.011600365350328046,,,,,0.0,side,,-1.0,
1,2,runtime_stop_fill,reserved_replication,aligned_own24,4,4,0,0.012796411350354753,,0.010059933484481032,0.020345037820315492,,,,,0.0,side,,-1.0,
1,2,runtime_stop_fill,reserved_replication,efficiency24_before_signal,4,4,0,0.18724183656121196,,0.07127289614380021,0.35092556059710056,,,,,0.0,side,,-1.0,
1,2,runtime_stop_fill,reserved_replication,adx14,4,4,0,21.97357447849534,,13.718269904451965,31.24860273882585,,,,,0.0,side,,-1.0,
1,2,runtime_stop_fill,reserved_replication,compression,4,4,0,0.644900221729489,,0.6383306584126246,0.6602407754846804,,,,,0.0,side,,-1.0,
1,2,runtime_stop_fill,reserved_replication,signal_tr_atr,4,4,0,1.943904744167136,,1.8326222545267652,1.9955508669630557,,,,,0.0,side,,-1.0,
1,2,runtime_stop_fill,reserved_replication,aligned_body_atr,4,4,0,1.2120776273246379,,1.1638166927512104,1.3232393527937618,,,,,0.0,side,,-1.0,
1,2,runtime_stop_fill,reserved_replication,volume_ratio,5,3,2,2.880417244427944,2.748830593589391,2.8795884875249986,3.0736165474973367,2.4190351924453872,3.0786259947333945,0.5,1.0,1.0,side,,1.0,
1,2,runtime_stop_fill,reserved_replication,prior_atr_pct,5,3,2,0.005542982298770961,0.004849729781589354,0.004211387287949129,0.007344523482049519,0.004404907324902557,0.005294552238276151,0.5,0.0,1.0,side,,1.0,
1,2,runtime_stop_fill,reserved_replication,extension_atr,5,3,2,0.7342909679307176,0.7684081814945083,0.6004146461006132,0.8999140340905785,0.7237704699304441,0.8130458930585726,0.5,0.0,1.0,side,,1.0,
1,2,runtime_stop_fill,reserved_replication,aligned_rsi14,5,3,2,12.243879025087693,13.25295601595585,11.375868609940174,19.04748018981187,10.92669536104457,15.579216670867128,0.6666666666666666,0.0,1.0,side,,1.0,
1,2,runtime_stop_fill,reserved_replication,aligned_crsi,5,3,2,35.14505780106727,36.37907351258395,31.2387368186492,35.36170537181241,34.923819821447424,37.83432720372048,0.3333333333333333,0.0,1.0,side,,1.0,
1,2,runtime_stop_fill,reserved_replication,aligned_btc24,5,3,2,0.004305250970102481,0.016784697619691147,0.003643339995595851,0.026985799936910082,0.010241663534606371,0.023327731704775923,0.5,0.0,1.0,side,,1.0,
1,2,runtime_stop_fill,reserved_replication,aligned_own24,5,3,2,0.016349847335762835,0.01718823046986595,0.010327549152932658,0.05146631522138834,0.010846962809868577,0.023529498129863324,0.5,0.0,1.0,side,,1.0,
1,2,runtime_stop_fill,reserved_replication,efficiency24_before_signal,5,3,2,0.22597402597402605,0.17893858486555242,0.14178462094740785,0.3681464876586838,0.1355593398261413,0.22231782990496357,0.5,0.0,1.0,side,,1.0,
1,2,runtime_stop_fill,reserved_replication,adx14,5,3,2,20.764950379152214,20.533563251510692,19.804122543088695,31.569872016864878,17.318758972235127,23.748367530786258,0.6666666666666666,0.0,1.0,side,,1.0,
1,2,runtime_stop_fill,reserved_replication,compression,5,3,2,0.6333333333333333,0.5475337966189515,0.525683547313366,0.6664728682170586,0.5360042205694521,0.559063372668451,0.6666666666666666,0.0,1.0,side,,1.0,
1,2,runtime_stop_fill,reserved_replication,signal_tr_atr,5,3,2,1.71334559183834,2.1739709693666116,1.6110476805627973,1.8219240514401662,1.889977703313929,2.4579642354192948,0.3333333333333333,0.0,1.0,side,,1.0,
1,2,runtime_stop_fill,reserved_replication,aligned_body_atr,5,3,2,1.5909637638498746,1.4706818960935606,1.2705544438345484,1.710590215081199,1.3262123705400923,1.6151514216470289,0.5,0.0,1.0,side,,1.0,
1,2,runtime_stop_fill,reserved_replication,volume_ratio,9,7,2,2.880417244427944,2.748830593589391,2.6280851102782004,3.167440998027815,2.4190351924453872,3.0786259947333945,0.5714285714285714,1.0,1.0,entry_year,,,2026.0
1,2,runtime_stop_fill,reserved_replication,prior_atr_pct,9,7,2,0.005542982298770961,0.004849729781589354,0.0038926589815078128,0.006693056974065288,0.004404907324902557,0.005294552238276151,0.5714285714285714,0.0,1.0,entry_year,,,2026.0
1,2,runtime_stop_fill,reserved_replication,extension_atr,9,7,2,0.5060332157266907,0.7684081814945083,0.47903914997068064,0.6297617334704515,0.7237704699304441,0.8130458930585726,0.21428571428571427,0.0,1.0,entry_year,,,2026.0
1,2,runtime_stop_fill,reserved_replication,aligned_rsi14,9,7,2,12.243879025087693,13.25295601595585,10.252982330752996,19.352145246620985,10.92669536104457,15.579216670867128,0.7142857142857143,0.0,1.0,entry_year,,,2026.0
1,2,runtime_stop_fill,reserved_replication,aligned_crsi,9,7,2,34.98042517748983,36.37907351258395,29.903074220323845,35.31138347131112,34.923819821447424,37.83432720372048,0.2857142857142857,0.0,1.0,entry_year,,,2026.0
1,2,runtime_stop_fill,reserved_replication,aligned_btc24,9,7,2,0.00537720613741377,0.016784697619691147,0.00426318724061614,0.01426595631250338,0.010241663534606371,0.023327731704775923,0.5,0.0,1.0,entry_year,,,2026.0
1,2,runtime_stop_fill,reserved_replication,aligned_own24,9,7,2,0.015157836184119033,0.01718823046986595,0.009684880452371591,0.026128245032333852,0.010846962809868577,0.023529498129863324,0.5714285714285714,0.0,1.0,entry_year,,,2026.0
1,2,runtime_stop_fill,reserved_replication,efficiency24_before_signal,9,7,2,0.22597402597402605,0.17893858486555242,0.07187886057999657,0.399320058613281,0.1355593398261413,0.22231782990496357,0.5,0.0,1.0,entry_year,,,2026.0
1,2,runtime_stop_fill,reserved_replication,adx14,9,7,2,20.764950379152214,20.533563251510692,16.46473364149828,32.6362290966324,17.318758972235127,23.748367530786258,0.5714285714285714,0.0,1.0,entry_year,,,2026.0
1,2,runtime_stop_fill,reserved_replication,compression,9,7,2,0.6393939393939382,0.5475337966189515,0.6342370744010086,0.6700750469043208,0.5360042205694521,0.559063372668451,0.8571428571428571,0.0,1.0,entry_year,,,2026.0
1,2,runtime_stop_fill,reserved_replication,signal_tr_atr,9,7,2,1.9216495856508624,2.1739709693666116,1.639442926496407,1.948331206862701,1.889977703313929,2.4579642354192948,0.35714285714285715,0.0,1.0,entry_year,,,2026.0
1,2,runtime_stop_fill,reserved_replication,aligned_body_atr,9,7,2,1.2334559633338362,1.4706818960935606,1.1369340941869814,1.5917766425117064,1.3262123705400923,1.6151514216470289,0.42857142857142855,0.0,1.0,entry_year,,,2026.0
