poll_minutes,stress,cost_model,partition,feature,bin,q33,q67,n,wins,losses,stops,targets,mean_net,win_rate
0,1,research_all_exit_slip,evaluation,volume_ratio,0,2.6141031021400267,3.2991469148644237,8,7,1,1,7,0.017514787472493666,0.875
0,1,research_all_exit_slip,evaluation,volume_ratio,1,2.6141031021400267,3.2991469148644237,1,0,1,1,0,-0.02174967391745189,0.0
0,1,research_all_exit_slip,evaluation,volume_ratio,2,2.6141031021400267,3.2991469148644237,6,5,1,1,5,0.01551545437998518,0.8333333333333334
0,1,research_all_exit_slip,evaluation,prior_atr_pct,0,0.005460243936022922,0.007173831353061319,3,2,1,1,2,0.008299982007145988,0.6666666666666666
0,1,research_all_exit_slip,evaluation,prior_atr_pct,1,0.005460243936022922,0.007173831353061319,4,3,1,1,3,0.011816651440868395,0.75
0,1,research_all_exit_slip,evaluation,prior_atr_pct,2,0.005460243936022922,0.007173831353061319,8,7,1,1,7,0.01741185004468712,0.875
0,1,research_all_exit_slip,evaluation,extension_atr,0,0.4046358452860179,0.7627772708434128,6,5,1,1,5,0.015595902206857614,0.8333333333333334
0,1,research_all_exit_slip,evaluation,extension_atr,1,0.4046358452860179,0.7627772708434128,6,5,1,1,5,0.01569457782560416,0.8333333333333334
0,1,research_all_exit_slip,evaluation,extension_atr,2,0.4046358452860179,0.7627772708434128,3,2,1,1,2,0.007906157315879297,0.6666666666666666
0,1,research_all_exit_slip,evaluation,aligned_rsi14,0,11.975046870463853,16.41214934696565,7,5,2,2,5,0.01034410371110239,0.7142857142857143
0,1,research_all_exit_slip,evaluation,aligned_rsi14,1,11.975046870463853,16.41214934696565,6,6,0,0,6,0.022953422418146963,1.0
0,1,research_all_exit_slip,evaluation,aligned_rsi14,2,11.975046870463853,16.41214934696565,2,1,1,1,1,0.0006660458279050142,0.5
0,1,research_all_exit_slip,evaluation,aligned_crsi,0,31.91142320236928,36.0497730196592,2,1,1,1,1,0.0008256304846294207,0.5
0,1,research_all_exit_slip,evaluation,aligned_crsi,1,31.91142320236928,36.0497730196592,4,3,1,1,3,0.011879159794278005,0.75
0,1,research_all_exit_slip,evaluation,aligned_crsi,2,31.91142320236928,36.0497730196592,9,8,1,1,8,0.018032605777337517,0.8888888888888888
0,1,research_all_exit_slip,evaluation,aligned_btc24,0,0.0071530127675024984,0.02234200394983705,6,4,2,2,4,0.008126470557374216,0.6666666666666666
0,1,research_all_exit_slip,evaluation,aligned_btc24,1,0.0071530127675024984,0.02234200394983705,8,8,0,0,8,0.023056525339451888,1.0
0,1,research_all_exit_slip,evaluation,aligned_btc24,2,0.0071530127675024984,0.02234200394983705,1,0,1,1,0,-0.02174967391745189,0.0
0,1,research_all_exit_slip,evaluation,aligned_own24,0,0.008154736125391488,0.029439330948695764,5,4,1,1,4,0.014291250424204672,0.8
0,1,research_all_exit_slip,evaluation,aligned_own24,1,0.008154736125391488,0.029439330948695764,8,7,1,1,7,0.017352070023604595,0.875
0,1,research_all_exit_slip,evaluation,aligned_own24,2,0.008154736125391488,0.029439330948695764,2,1,1,1,1,0.0005942699162742038,0.5
0,1,research_all_exit_slip,evaluation,efficiency24_before_signal,0,0.07244329657438921,0.20582981830382244,9,7,2,2,7,0.01305092948882896,0.7777777777777778
0,1,research_all_exit_slip,evaluation,efficiency24_before_signal,1,0.07244329657438921,0.20582981830382244,3,3,0,0,3,0.02314073667831958,1.0
0,1,research_all_exit_slip,evaluation,efficiency24_before_signal,2,0.07244329657438921,0.20582981830382244,3,2,1,1,2,0.008193592235996383,0.6666666666666666
0,1,research_all_exit_slip,evaluation,adx14,0,16.461474085366316,27.598799753246407,7,5,2,2,5,0.010286939026541531,0.7142857142857143
0,1,research_all_exit_slip,evaluation,adx14,1,16.461474085366316,27.598799753246407,5,5,0,0,5,0.022990434256817745,1.0
0,1,research_all_exit_slip,evaluation,adx14,2,16.461474085366316,27.598799753246407,3,2,1,1,2,0.008166869224176355,0.6666666666666666
0,1,research_all_exit_slip,evaluation,compression,0,0.6246590481753754,0.6739394386293422,4,3,1,1,3,0.01214817832987463,0.75
0,1,research_all_exit_slip,evaluation,compression,1,0.6246590481753754,0.6739394386293422,7,6,1,1,6,0.01660526776167395,0.8571428571428571
0,1,research_all_exit_slip,evaluation,compression,2,0.6246590481753754,0.6739394386293422,4,3,1,1,3,0.01165794112279809,0.75
0,1,research_all_exit_slip,evaluation,signal_tr_atr,0,1.8145782709175517,2.304203315255187,5,5,0,0,5,0.023183428174215367,1.0
0,1,research_all_exit_slip,evaluation,signal_tr_atr,1,1.8145782709175517,2.304203315255187,6,5,1,1,5,0.015536239764966328,0.8333333333333334
0,1,research_all_exit_slip,evaluation,signal_tr_atr,2,1.8145782709175517,2.304203315255187,4,2,2,2,2,0.000581693170383429,0.5
0,1,research_all_exit_slip,evaluation,aligned_body_atr,0,1.4108261662037926,1.915537918587188,8,7,1,1,7,0.017632456274150984,0.875
0,1,research_all_exit_slip,evaluation,aligned_body_atr,1,1.4108261662037926,1.915537918587188,4,2,2,2,2,0.0003638224495090313,0.5
0,1,research_all_exit_slip,evaluation,aligned_body_atr,2,1.4108261662037926,1.915537918587188,3,3,0,0,3,0.022982137383721513,1.0
0,1,research_all_exit_slip,historical,volume_ratio,0,2.6141031021400267,3.2991469148644237,14,9,5,5,9,0.007193653724751395,0.6428571428571429
0,1,research_all_exit_slip,historical,volume_ratio,1,2.6141031021400267,3.2991469148644237,13,7,6,6,7,0.0024383621403018885,0.5384615384615384
0,1,research_all_exit_slip,historical,volume_ratio,2,2.6141031021400267,3.2991469148644237,14,7,7,7,7,0.0008781525612363422,0.5
0,1,research_all_exit_slip,historical,prior_atr_pct,0,0.005460243936022922,0.007173831353061319,14,8,6,6,8,0.004122383705823604,0.5714285714285714
0,1,research_all_exit_slip,historical,prior_atr_pct,1,0.005460243936022922,0.007173831353061319,13,8,5,5,8,0.006013346732784166,0.6153846153846154
0,1,research_all_exit_slip,historical,prior_atr_pct,2,0.005460243936022922,0.007173831353061319,14,7,7,7,7,0.0006297940300020189,0.5
0,1,research_all_exit_slip,historical,extension_atr,0,0.4046358452860179,0.7627772708434128,14,10,4,4,10,0.010429855557607354,0.7142857142857143
0,1,research_all_exit_slip,historical,extension_atr,1,0.4046358452860179,0.7627772708434128,13,8,5,5,8,0.006042826820683417,0.6153846153846154
0,1,research_all_exit_slip,historical,extension_atr,2,0.4046358452860179,0.7627772708434128,14,5,9,9,5,-0.00570505218911675,0.35714285714285715
0,1,research_all_exit_slip,historical,aligned_rsi14,0,11.975046870463853,16.41214934696565,14,9,5,5,9,0.0074182942305718105,0.6428571428571429
0,1,research_all_exit_slip,historical,aligned_rsi14,1,11.975046870463853,16.41214934696565,13,8,5,5,8,0.005793925252777576,0.6153846153846154
0,1,research_all_exit_slip,historical,aligned_rsi14,2,11.975046870463853,16.41214934696565,14,6,8,8,6,-0.002462367977597212,0.42857142857142855
0,1,research_all_exit_slip,historical,aligned_crsi,0,31.91142320236928,36.0497730196592,14,10,4,4,10,0.010395032578309787,0.7142857142857143
0,1,research_all_exit_slip,historical,aligned_crsi,1,31.91142320236928,36.0497730196592,13,5,8,8,5,-0.004386733903247806,0.38461538461538464
0,1,research_all_exit_slip,historical,aligned_crsi,2,31.91142320236928,36.0497730196592,14,8,6,6,8,0.004014362890974094,0.5714285714285714
0,1,research_all_exit_slip,historical,aligned_btc24,0,0.0071530127675024984,0.02234200394983705,14,8,6,6,8,0.00397854224755087,0.5714285714285714
0,1,research_all_exit_slip,historical,aligned_btc24,1,0.0071530127675024984,0.02234200394983705,13,7,6,6,7,0.002733042193205957,0.5384615384615384
0,1,research_all_exit_slip,historical,aligned_btc24,2,0.0071530127675024984,0.02234200394983705,14,8,6,6,8,0.0038196325607402315,0.5714285714285714
0,1,research_all_exit_slip,historical,aligned_own24,0,0.008154736125391488,0.029439330948695764,14,9,5,5,9,0.007243428309664625,0.6428571428571429
0,1,research_all_exit_slip,historical,aligned_own24,1,0.008154736125391488,0.029439330948695764,13,7,6,6,7,0.002683322507040777,0.5384615384615384
0,1,research_all_exit_slip,historical,aligned_own24,2,0.008154736125391488,0.029439330948695764,14,7,7,7,7,0.0006009147786370006,0.5
0,1,research_all_exit_slip,historical,efficiency24_before_signal,0,0.07244329657438921,0.20582981830382244,14,7,7,7,7,0.0010249815283492703,0.5
0,1,research_all_exit_slip,historical,efficiency24_before_signal,1,0.07244329657438921,0.20582981830382244,13,10,3,3,10,0.012737457235932852,0.7692307692307693
0,1,research_all_exit_slip,historical,efficiency24_before_signal,2,0.07244329657438921,0.20582981830382244,14,6,8,8,6,-0.0025166206883045716,0.42857142857142855
0,1,research_all_exit_slip,historical,adx14,0,16.461474085366316,27.598799753246407,14,11,3,3,11,0.013432117928592679,0.7857142857142857
0,1,research_all_exit_slip,historical,adx14,1,16.461474085366316,27.598799753246407,13,7,6,6,7,0.00277549054725176,0.5384615384615384
0,1,research_all_exit_slip,historical,adx14,2,16.461474085366316,27.598799753246407,14,5,9,9,5,-0.0056733594490583905,0.35714285714285715
0,1,research_all_exit_slip,historical,compression,0,0.6246590481753754,0.6739394386293422,14,8,6,6,8,0.0040193051711469975,0.5714285714285714
0,1,research_all_exit_slip,historical,compression,1,0.6246590481753754,0.6739394386293422,13,8,5,5,8,0.005651899140827361,0.6153846153846154
0,1,research_all_exit_slip,historical,compression,2,0.6246590481753754,0.6739394386293422,14,7,7,7,7,0.0010685024714956564,0.5
0,1,research_all_exit_slip,historical,signal_tr_atr,0,1.8145782709175517,2.304203315255187,14,9,5,5,9,0.0072228264475442516,0.6428571428571429
0,1,research_all_exit_slip,historical,signal_tr_atr,1,1.8145782709175517,2.304203315255187,13,7,6,6,7,0.0026098060287667174,0.5384615384615384
0,1,research_all_exit_slip,historical,signal_tr_atr,2,1.8145782709175517,2.304203315255187,14,7,7,7,7,0.0006897819420118578,0.5
0,1,research_all_exit_slip,historical,aligned_body_atr,0,1.4108261662037926,1.915537918587188,14,8,6,6,8,0.004034202516124544,0.5714285714285714
0,1,research_all_exit_slip,historical,aligned_body_atr,1,1.4108261662037926,1.915537918587188,13,7,6,6,7,0.002570665654337093,0.5384615384615384
0,1,research_all_exit_slip,historical,aligned_body_atr,2,1.4108261662037926,1.915537918587188,14,8,6,6,8,0.003914750506830503,0.5714285714285714
0,1,research_all_exit_slip,reserved_replication,volume_ratio,0,2.6141031021400267,3.2991469148644237,3,2,1,1,2,0.00782652919477181,0.6666666666666666
0,1,research_all_exit_slip,reserved_replication,volume_ratio,1,2.6141031021400267,3.2991469148644237,4,4,0,0,4,0.02300667725469007,1.0
0,1,research_all_exit_slip,reserved_replication,volume_ratio,2,2.6141031021400267,3.2991469148644237,2,2,0,0,2,0.023314581014387645,1.0
0,1,research_all_exit_slip,reserved_replication,prior_atr_pct,0,0.005460243936022922,0.007173831353061319,4,4,0,0,4,0.02323933522599675,1.0
0,1,research_all_exit_slip,reserved_replication,prior_atr_pct,1,0.005460243936022922,0.007173831353061319,3,2,1,1,2,0.007765030567657851,0.6666666666666666
0,1,research_all_exit_slip,reserved_replication,prior_atr_pct,2,0.005460243936022922,0.007173831353061319,2,2,0,0,2,0.022941513012445222,1.0
0,1,research_all_exit_slip,reserved_replication,extension_atr,0,0.4046358452860179,0.7627772708434128,1,1,0,0,1,0.022957863509191725,1.0
0,1,research_all_exit_slip,reserved_replication,extension_atr,1,0.4046358452860179,0.7627772708434128,6,5,1,1,5,0.01548839071509872,0.8333333333333334
0,1,research_all_exit_slip,reserved_replication,extension_atr,2,0.4046358452860179,0.7627772708434128,2,2,0,0,2,0.023123625416033473,1.0
0,1,research_all_exit_slip,reserved_replication,aligned_rsi14,0,11.975046870463853,16.41214934696565,4,4,0,0,4,0.02317937443986671,1.0
0,1,research_all_exit_slip,reserved_replication,aligned_rsi14,1,11.975046870463853,16.41214934696565,1,1,0,0,1,0.022773367627849848,1.0
0,1,research_all_exit_slip,reserved_replication,aligned_rsi14,2,11.975046870463853,16.41214934696565,4,3,1,1,3,0.011661148311133573,0.75
0,1,research_all_exit_slip,reserved_replication,aligned_crsi,0,31.91142320236928,36.0497730196592,2,2,0,0,2,0.023164089437605853,1.0
0,1,research_all_exit_slip,reserved_replication,aligned_crsi,1,31.91142320236928,36.0497730196592,6,5,1,1,5,0.01543237011783269,0.8333333333333334
0,1,research_all_exit_slip,reserved_replication,aligned_crsi,2,31.91142320236928,36.0497730196592,1,1,0,0,1,0.02321305904964315,1.0
0,1,research_all_exit_slip,reserved_replication,aligned_btc24,0,0.0071530127675024984,0.02234200394983705,5,5,0,0,5,0.023006525183475256,1.0
0,1,research_all_exit_slip,reserved_replication,aligned_btc24,1,0.0071530127675024984,0.02234200394983705,2,2,0,0,2,0.023132468610799393,1.0
0,1,research_all_exit_slip,reserved_replication,aligned_btc24,2,0.0071530127675024984,0.02234200394983705,2,1,1,1,1,0.00041894774643795943,0.5
0,1,research_all_exit_slip,reserved_replication,aligned_own24,0,0.008154736125391488,0.029439330948695764,2,2,0,0,2,0.023291687207831566,1.0
0,1,research_all_exit_slip,reserved_replication,aligned_own24,1,0.008154736125391488,0.029439330948695764,4,4,0,0,4,0.022966338620211323,1.0
0,1,research_all_exit_slip,reserved_replication,aligned_own24,2,0.008154736125391488,0.029439330948695764,3,2,1,1,2,0.007895576578447522,0.6666666666666666
0,1,research_all_exit_slip,reserved_replication,efficiency24_before_signal,0,0.07244329657438921,0.20582981830382244,2,2,0,0,2,0.023044167865345785,1.0
0,1,research_all_exit_slip,reserved_replication,efficiency24_before_signal,1,0.07244329657438921,0.20582981830382244,2,2,0,0,2,0.023314581014387645,1.0
0,1,research_all_exit_slip,reserved_replication,efficiency24_before_signal,2,0.07244329657438921,0.20582981830382244,5,4,1,1,4,0.013883592174476827,0.8
0,1,research_all_exit_slip,reserved_replication,adx14,0,16.461474085366316,27.598799753246407,3,3,0,0,3,0.02311572746448229,1.0
0,1,research_all_exit_slip,reserved_replication,adx14,1,16.461474085366316,27.598799753246407,3,2,1,1,2,0.007982462234773986,0.6666666666666666
0,1,research_all_exit_slip,reserved_replication,adx14,2,16.461474085366316,27.598799753246407,3,3,0,0,3,0.02294696317802739,1.0
0,1,research_all_exit_slip,reserved_replication,compression,0,0.6246590481753754,0.6739394386293422,3,2,1,1,2,0.008129026042038419,0.6666666666666666
0,1,research_all_exit_slip,reserved_replication,compression,1,0.6246590481753754,0.6739394386293422,4,4,0,0,4,0.022966338620211323,1.0
0,1,research_all_exit_slip,reserved_replication,compression,2,0.6246590481753754,0.6739394386293422,2,2,0,0,2,0.022941513012445222,1.0
0,1,research_all_exit_slip,reserved_replication,signal_tr_atr,0,1.8145782709175517,2.304203315255187,4,4,0,0,4,0.023051394071494907,1.0
0,1,research_all_exit_slip,reserved_replication,signal_tr_atr,1,1.8145782709175517,2.304203315255187,4,4,0,0,4,0.023031544658854812,1.0
0,1,research_all_exit_slip,reserved_replication,signal_tr_atr,2,1.8145782709175517,2.304203315255187,1,0,1,1,0,-0.022196296289547876,0.0
0,1,research_all_exit_slip,reserved_replication,aligned_body_atr,0,1.4108261662037926,1.915537918587188,5,5,0,0,5,0.023161235029290732,1.0
0,1,research_all_exit_slip,reserved_replication,aligned_body_atr,1,1.4108261662037926,1.915537918587188,4,3,1,1,3,0.011582320871349337,0.75
0,1,research_all_exit_slip,reserved_replication,aligned_body_atr,2,1.4108261662037926,1.915537918587188,0,0,0,0,0,,
0,1,runtime_stop_fill,evaluation,volume_ratio,0,2.6141031021400267,3.2991469148644237,8,7,1,1,7,0.017637220097493665,0.875
0,1,runtime_stop_fill,evaluation,volume_ratio,1,2.6141031021400267,3.2991469148644237,1,0,1,1,0,-0.02125994341745201,0.0
0,1,runtime_stop_fill,evaluation,volume_ratio,2,2.6141031021400267,3.2991469148644237,6,5,1,1,5,0.015600501129985143,0.8333333333333334
0,1,runtime_stop_fill,evaluation,prior_atr_pct,0,0.005460243936022922,0.007173831353061319,3,2,1,1,2,0.008470075507145916,0.6666666666666666
0,1,runtime_stop_fill,evaluation,prior_atr_pct,1,0.005460243936022922,0.007173831353061319,4,3,1,1,3,0.011939084065868365,0.75
0,1,runtime_stop_fill,evaluation,prior_atr_pct,2,0.005460243936022922,0.007173831353061319,8,7,1,1,7,0.01753428266968712,0.875
0,1,runtime_stop_fill,evaluation,extension_atr,0,0.4046358452860179,0.7627772708434128,6,5,1,1,5,0.01568094895685758,0.8333333333333334
0,1,runtime_stop_fill,evaluation,extension_atr,1,0.4046358452860179,0.7627772708434128,6,5,1,1,5,0.01577619957560414,0.8333333333333334
0,1,runtime_stop_fill,evaluation,extension_atr,2,0.4046358452860179,0.7627772708434128,3,2,1,1,2,0.00823264431587929,0.6666666666666666
0,1,runtime_stop_fill,evaluation,aligned_rsi14,0,11.975046870463853,16.41214934696565,7,5,2,2,5,0.010556923925388071,0.7142857142857143
0,1,runtime_stop_fill,evaluation,aligned_rsi14,1,11.975046870463853,16.41214934696565,6,6,0,0,6,0.022953422418146963,1.0
0,1,runtime_stop_fill,evaluation,aligned_rsi14,2,11.975046870463853,16.41214934696565,2,1,1,1,1,0.0009109110779049537,0.5
0,1,runtime_stop_fill,evaluation,aligned_crsi,0,31.91142320236928,36.0497730196592,2,1,1,1,1,0.001080770734629314,0.5
0,1,runtime_stop_fill,evaluation,aligned_crsi,1,31.91142320236928,36.0497730196592,4,3,1,1,3,0.012124025044278,0.75
0,1,runtime_stop_fill,evaluation,aligned_crsi,2,31.91142320236928,36.0497730196592,9,8,1,1,8,0.018087020277337502,0.8888888888888888
0,1,runtime_stop_fill,evaluation,aligned_btc24,0,0.0071530127675024984,0.02234200394983705,6,4,2,2,4,0.008374760807374176,0.6666666666666666
0,1,runtime_stop_fill,evaluation,aligned_btc24,1,0.0071530127675024984,0.02234200394983705,8,8,0,0,8,0.023056525339451888,1.0
0,1,runtime_stop_fill,evaluation,aligned_btc24,2,0.0071530127675024984,0.02234200394983705,1,0,1,1,0,-0.02125994341745201,0.0
0,1,runtime_stop_fill,evaluation,aligned_own24,0,0.008154736125391488,0.029439330948695764,5,4,1,1,4,0.01439330652420463,0.8
0,1,runtime_stop_fill,evaluation,aligned_own24,1,0.008154736125391488,0.029439330948695764,8,7,1,1,7,0.01747450264860459,0.875
0,1,runtime_stop_fill,evaluation,aligned_own24,2,0.008154736125391488,0.029439330948695764,2,1,1,1,1,0.0008391351662741433,0.5
0,1,runtime_stop_fill,evaluation,efficiency24_before_signal,0,0.07244329657438921,0.20582981830382244,9,7,2,2,7,0.013216456322162267,0.7777777777777778
0,1,runtime_stop_fill,evaluation,efficiency24_before_signal,1,0.07244329657438921,0.20582981830382244,3,3,0,0,3,0.02314073667831958,1.0
0,1,runtime_stop_fill,evaluation,efficiency24_before_signal,2,0.07244329657438921,0.20582981830382244,3,2,1,1,2,0.008356835735996344,0.6666666666666666
0,1,runtime_stop_fill,evaluation,adx14,0,16.461474085366316,27.598799753246407,7,5,2,2,5,0.010499759240827213,0.7142857142857143
0,1,runtime_stop_fill,evaluation,adx14,1,16.461474085366316,27.598799753246407,5,5,0,0,5,0.022990434256817745,1.0
0,1,runtime_stop_fill,evaluation,adx14,2,16.461474085366316,27.598799753246407,3,2,1,1,2,0.008330112724176315,0.6666666666666666
0,1,runtime_stop_fill,evaluation,compression,0,0.6246590481753754,0.6739394386293422,4,3,1,1,3,0.012275748454874578,0.75
0,1,runtime_stop_fill,evaluation,compression,1,0.6246590481753754,0.6739394386293422,7,6,1,1,6,0.016675229261673932,0.8571428571428571
0,1,runtime_stop_fill,evaluation,compression,2,0.6246590481753754,0.6739394386293422,4,3,1,1,3,0.011902806372798084,0.75
0,1,runtime_stop_fill,evaluation,signal_tr_atr,0,1.8145782709175517,2.304203315255187,5,5,0,0,5,0.023183428174215367,1.0
0,1,runtime_stop_fill,evaluation,signal_tr_atr,1,1.8145782709175517,2.304203315255187,6,5,1,1,5,0.015699483264966323,0.8333333333333334
0,1,runtime_stop_fill,evaluation,signal_tr_atr,2,1.8145782709175517,2.304203315255187,4,2,2,2,2,0.0008316959203833454,0.5
0,1,runtime_stop_fill,evaluation,aligned_body_atr,0,1.4108261662037926,1.915537918587188,8,7,1,1,7,0.01769624133665096,0.875
0,1,runtime_stop_fill,evaluation,aligned_body_atr,1,1.4108261662037926,1.915537918587188,4,2,2,2,2,0.0007311203245089961,0.5
0,1,runtime_stop_fill,evaluation,aligned_body_atr,2,1.4108261662037926,1.915537918587188,3,3,0,0,3,0.022982137383721513,1.0
0,1,runtime_stop_fill,historical,volume_ratio,0,2.6141031021400267,3.2991469148644237,14,9,5,5,9,0.007442922546179956,0.6428571428571429
0,1,runtime_stop_fill,historical,volume_ratio,1,2.6141031021400267,3.2991469148644237,13,7,6,6,7,0.0027068054864556996,0.5384615384615384
0,1,runtime_stop_fill,historical,volume_ratio,2,2.6141031021400267,3.2991469148644237,14,7,7,7,7,0.00113035709695059,0.5
0,1,runtime_stop_fill,historical,prior_atr_pct,0,0.005460243936022922,0.007173831353061319,14,8,6,6,8,0.0043381396343950005,0.5714285714285714
0,1,runtime_stop_fill,historical,prior_atr_pct,1,0.005460243936022922,0.007173831353061319,13,8,5,5,8,0.006206446925091833,0.6153846153846154
0,1,runtime_stop_fill,historical,prior_atr_pct,2,0.005460243936022922,0.007173831353061319,14,7,7,7,7,0.0009854729585734225,0.5
0,1,runtime_stop_fill,historical,extension_atr,0,0.4046358452860179,0.7627772708434128,14,10,4,4,10,0.010574182129035896,0.7142857142857143
0,1,runtime_stop_fill,historical,extension_atr,1,0.4046358452860179,0.7627772708434128,13,8,5,5,8,0.006237507782221848,0.6153846153846154
0,1,runtime_stop_fill,historical,extension_atr,2,0.4046358452860179,0.7627772708434128,14,5,9,9,5,-0.005279411760545342,0.35714285714285715
0,1,runtime_stop_fill,historical,aligned_rsi14,0,11.975046870463853,16.41214934696565,14,9,5,5,9,0.007634050159143192,0.6428571428571429
0,1,runtime_stop_fill,historical,aligned_rsi14,1,11.975046870463853,16.41214934696565,13,8,5,5,8,0.0060231162527775665,0.6153846153846154
0,1,runtime_stop_fill,historical,aligned_rsi14,2,11.975046870463853,16.41214934696565,14,6,8,8,6,-0.0021402019418829492,0.42857142857142855
0,1,runtime_stop_fill,historical,aligned_crsi,0,31.91142320236928,36.0497730196592,14,10,4,4,10,0.010539359149738314,0.7142857142857143
0,1,runtime_stop_fill,historical,aligned_crsi,1,31.91142320236928,36.0497730196592,13,5,8,8,5,-0.004041366634017065,0.38461538461538464
0,1,runtime_stop_fill,historical,aligned_crsi,2,31.91142320236928,36.0497730196592,14,8,6,6,8,0.004300080319545515,0.5714285714285714
0,1,runtime_stop_fill,historical,aligned_btc24,0,0.0071530127675024984,0.02234200394983705,14,8,6,6,8,0.004229278926122261,0.5714285714285714
0,1,runtime_stop_fill,historical,aligned_btc24,1,0.0071530127675024984,0.02234200394983705,13,7,6,6,7,0.0029653947316674793,0.5384615384615384
0,1,runtime_stop_fill,historical,aligned_btc24,2,0.0071530127675024984,0.02234200394983705,14,8,6,6,8,0.0041038821321687765,0.5714285714285714
0,1,runtime_stop_fill,historical,aligned_own24,0,0.008154736125391488,0.029439330948695764,14,9,5,5,9,0.007424203488236025,0.6428571428571429
0,1,runtime_stop_fill,historical,aligned_own24,1,0.008154736125391488,0.029439330948695764,13,7,6,6,7,0.0029533466224253664,0.5384615384615384
0,1,runtime_stop_fill,historical,aligned_own24,2,0.008154736125391488,0.029439330948695764,14,7,7,7,7,0.0009201451000655458,0.5
0,1,runtime_stop_fill,historical,efficiency24_before_signal,0,0.07244329657438921,0.20582981830382244,14,7,7,7,7,0.0013456797069206598,0.5
0,1,runtime_stop_fill,historical,efficiency24_before_signal,1,0.07244329657438921,0.20582981830382244,13,10,3,3,10,0.012853633505163607,0.7692307692307693
0,1,runtime_stop_fill,historical,efficiency24_before_signal,2,0.07244329657438921,0.20582981830382244,14,6,8,8,6,-0.0021944546525903092,0.42857142857142855
0,1,runtime_stop_fill,historical,adx14,0,16.461474085366316,27.598799753246407,14,11,3,3,11,0.01357350878573554,0.7857142857142857
0,1,runtime_stop_fill,historical,adx14,1,16.461474085366316,27.598799753246407,13,7,6,6,7,0.003009423854944036,0.5384615384615384
0,1,runtime_stop_fill,historical,adx14,2,16.461474085366316,27.598799753246407,14,5,9,9,5,-0.005281231913344163,0.35714285714285715
0,1,runtime_stop_fill,historical,compression,0,0.6246590481753754,0.6739394386293422,14,8,6,6,8,0.004236528956861223,0.5714285714285714
0,1,runtime_stop_fill,historical,compression,1,0.6246590481753754,0.6739394386293422,13,8,5,5,8,0.005881090140827368,0.6153846153846154
0,1,runtime_stop_fill,historical,compression,2,0.6246590481753754,0.6739394386293422,14,7,7,7,7,0.0013892006500670605,0.5
0,1,runtime_stop_fill,historical,signal_tr_atr,0,1.8145782709175517,2.304203315255187,14,9,5,5,9,0.007405069483258509,0.6428571428571429
0,1,runtime_stop_fill,historical,signal_tr_atr,1,1.8145782709175517,2.304203315255187,13,7,6,6,7,0.0029175017210743676,0.5384615384615384
0,1,runtime_stop_fill,historical,signal_tr_atr,2,1.8145782709175517,2.304203315255187,14,7,7,7,7,0.0009725636562975616,0.5
0,1,runtime_stop_fill,historical,aligned_body_atr,0,1.4108261662037926,1.915537918587188,14,8,6,6,8,0.0042864070518388005,0.5714285714285714
0,1,runtime_stop_fill,historical,aligned_body_atr,1,1.4108261662037926,1.915537918587188,13,7,6,6,7,0.0028406897697216666,0.5384615384615384
0,1,runtime_stop_fill,historical,aligned_body_atr,2,1.4108261662037926,1.915537918587188,14,8,6,6,8,0.004162551471116206,0.5714285714285714
0,1,runtime_stop_fill,reserved_replication,volume_ratio,0,2.6141031021400267,3.2991469148644237,3,2,1,1,2,0.007989772694771807,0.6666666666666666
0,1,runtime_stop_fill,reserved_replication,volume_ratio,1,2.6141031021400267,3.2991469148644237,4,4,0,0,4,0.02300667725469007,1.0
0,1,runtime_stop_fill,reserved_replication,volume_ratio,2,2.6141031021400267,3.2991469148644237,2,2,0,0,2,0.023314581014387645,1.0
0,1,runtime_stop_fill,reserved_replication,prior_atr_pct,0,0.005460243936022922,0.007173831353061319,4,4,0,0,4,0.02323933522599675,1.0
0,1,runtime_stop_fill,reserved_replication,prior_atr_pct,1,0.005460243936022922,0.007173831353061319,3,2,1,1,2,0.007928274067657849,0.6666666666666666
0,1,runtime_stop_fill,reserved_replication,prior_atr_pct,2,0.005460243936022922,0.007173831353061319,2,2,0,0,2,0.022941513012445222,1.0
0,1,runtime_stop_fill,reserved_replication,extension_atr,0,0.4046358452860179,0.7627772708434128,1,1,0,0,1,0.022957863509191725,1.0
0,1,runtime_stop_fill,reserved_replication,extension_atr,1,0.4046358452860179,0.7627772708434128,6,5,1,1,5,0.015570012465098718,0.8333333333333334
0,1,runtime_stop_fill,reserved_replication,extension_atr,2,0.4046358452860179,0.7627772708434128,2,2,0,0,2,0.023123625416033473,1.0
0,1,runtime_stop_fill,reserved_replication,aligned_rsi14,0,11.975046870463853,16.41214934696565,4,4,0,0,4,0.02317937443986671,1.0
0,1,runtime_stop_fill,reserved_replication,aligned_rsi14,1,11.975046870463853,16.41214934696565,1,1,0,0,1,0.022773367627849848,1.0
0,1,runtime_stop_fill,reserved_replication,aligned_rsi14,2,11.975046870463853,16.41214934696565,4,3,1,1,3,0.011783580936133572,0.75
0,1,runtime_stop_fill,reserved_replication,aligned_crsi,0,31.91142320236928,36.0497730196592,2,2,0,0,2,0.023164089437605853,1.0
0,1,runtime_stop_fill,reserved_replication,aligned_crsi,1,31.91142320236928,36.0497730196592,6,5,1,1,5,0.01551399186783269,0.8333333333333334
0,1,runtime_stop_fill,reserved_replication,aligned_crsi,2,31.91142320236928,36.0497730196592,1,1,0,0,1,0.02321305904964315,1.0
0,1,runtime_stop_fill,reserved_replication,aligned_btc24,0,0.0071530127675024984,0.02234200394983705,5,5,0,0,5,0.023006525183475256,1.0
0,1,runtime_stop_fill,reserved_replication,aligned_btc24,1,0.0071530127675024984,0.02234200394983705,2,2,0,0,2,0.023132468610799393,1.0
0,1,runtime_stop_fill,reserved_replication,aligned_btc24,2,0.0071530127675024984,0.02234200394983705,2,1,1,1,1,0.0006638129964379545,0.5
0,1,runtime_stop_fill,reserved_replication,aligned_own24,0,0.008154736125391488,0.029439330948695764,2,2,0,0,2,0.023291687207831566,1.0
0,1,runtime_stop_fill,reserved_replication,aligned_own24,1,0.008154736125391488,0.029439330948695764,4,4,0,0,4,0.022966338620211323,1.0
0,1,runtime_stop_fill,reserved_replication,aligned_own24,2,0.008154736125391488,0.029439330948695764,3,2,1,1,2,0.008058820078447519,0.6666666666666666
0,1,runtime_stop_fill,reserved_replication,efficiency24_before_signal,0,0.07244329657438921,0.20582981830382244,2,2,0,0,2,0.023044167865345785,1.0
0,1,runtime_stop_fill,reserved_replication,efficiency24_before_signal,1,0.07244329657438921,0.20582981830382244,2,2,0,0,2,0.023314581014387645,1.0
0,1,runtime_stop_fill,reserved_replication,efficiency24_before_signal,2,0.07244329657438921,0.20582981830382244,5,4,1,1,4,0.013981538274476827,0.8
0,1,runtime_stop_fill,reserved_replication,adx14,0,16.461474085366316,27.598799753246407,3,3,0,0,3,0.02311572746448229,1.0
0,1,runtime_stop_fill,reserved_replication,adx14,1,16.461474085366316,27.598799753246407,3,2,1,1,2,0.008145705734773983,0.6666666666666666
0,1,runtime_stop_fill,reserved_replication,adx14,2,16.461474085366316,27.598799753246407,3,3,0,0,3,0.02294696317802739,1.0
0,1,runtime_stop_fill,reserved_replication,compression,0,0.6246590481753754,0.6739394386293422,3,2,1,1,2,0.008292269542038416,0.6666666666666666
0,1,runtime_stop_fill,reserved_replication,compression,1,0.6246590481753754,0.6739394386293422,4,4,0,0,4,0.022966338620211323,1.0
0,1,runtime_stop_fill,reserved_replication,compression,2,0.6246590481753754,0.6739394386293422,2,2,0,0,2,0.022941513012445222,1.0
0,1,runtime_stop_fill,reserved_replication,signal_tr_atr,0,1.8145782709175517,2.304203315255187,4,4,0,0,4,0.023051394071494907,1.0
0,1,runtime_stop_fill,reserved_replication,signal_tr_atr,1,1.8145782709175517,2.304203315255187,4,4,0,0,4,0.023031544658854812,1.0
0,1,runtime_stop_fill,reserved_replication,signal_tr_atr,2,1.8145782709175517,2.304203315255187,1,0,1,1,0,-0.021706565789547886,0.0
0,1,runtime_stop_fill,reserved_replication,aligned_body_atr,0,1.4108261662037926,1.915537918587188,5,5,0,0,5,0.023161235029290732,1.0
0,1,runtime_stop_fill,reserved_replication,aligned_body_atr,1,1.4108261662037926,1.915537918587188,4,3,1,1,3,0.011704753496349335,0.75
0,1,runtime_stop_fill,reserved_replication,aligned_body_atr,2,1.4108261662037926,1.915537918587188,0,0,0,0,0,,
0,2,research_all_exit_slip,evaluation,volume_ratio,0,2.6141031021400267,3.2991469148644237,8,6,2,2,6,0.01123299781706155,0.75
0,2,research_all_exit_slip,evaluation,volume_ratio,1,2.6141031021400267,3.2991469148644237,1,0,1,1,0,-0.02221288553313716,0.0
0,2,research_all_exit_slip,evaluation,volume_ratio,2,2.6141031021400267,3.2991469148644237,6,5,1,1,5,0.01475567501402826,0.8333333333333334
0,2,research_all_exit_slip,evaluation,prior_atr_pct,0,0.005460243936022922,0.007173831353061319,3,1,2,2,1,-0.007124546728571047,0.3333333333333333
0,2,research_all_exit_slip,evaluation,prior_atr_pct,1,0.005460243936022922,0.007173831353061319,4,3,1,1,3,0.011188717213959634,0.75
0,2,research_all_exit_slip,evaluation,prior_atr_pct,2,0.005460243936022922,0.007173831353061319,8,7,1,1,7,0.016600489802174927,0.875
0,2,research_all_exit_slip,evaluation,extension_atr,0,0.4046358452860179,0.7627772708434128,6,4,2,2,4,0.0074649894088553185,0.6666666666666666
0,2,research_all_exit_slip,evaluation,extension_atr,1,0.4046358452860179,0.7627772708434128,6,5,1,1,5,0.01503208425904691,0.8333333333333334
0,2,research_all_exit_slip,evaluation,extension_atr,2,0.4046358452860179,0.7627772708434128,3,2,1,1,2,0.007067568360037138,0.6666666666666666
0,2,research_all_exit_slip,evaluation,aligned_rsi14,0,11.975046870463853,16.41214934696565,7,5,2,2,5,0.009695814907462418,0.7142857142857143
0,2,research_all_exit_slip,evaluation,aligned_rsi14,1,11.975046870463853,16.41214934696565,6,5,1,1,5,0.014659605805499923,0.8333333333333334
0,2,research_all_exit_slip,evaluation,aligned_rsi14,2,11.975046870463853,16.41214934696565,2,1,1,1,1,0.00017840395114416228,0.5
0,2,research_all_exit_slip,evaluation,aligned_crsi,0,31.91142320236928,36.0497730196592,2,1,1,1,1,0.00031440651938363824,0.5
0,2,research_all_exit_slip,evaluation,aligned_crsi,1,31.91142320236928,36.0497730196592,4,2,2,2,2,-5.6441422955416307e-05,0.5
0,2,research_all_exit_slip,evaluation,aligned_crsi,2,31.91142320236928,36.0497730196592,9,8,1,1,8,0.017309122193397683,0.8888888888888888
0,2,research_all_exit_slip,evaluation,aligned_btc24,0,0.0071530127675024984,0.02234200394983705,6,4,2,2,4,0.007378278496693686,0.6666666666666666
0,2,research_all_exit_slip,evaluation,aligned_btc24,1,0.0071530127675024984,0.02234200394983705,8,7,1,1,7,0.01676604520506248,0.875
0,2,research_all_exit_slip,evaluation,aligned_btc24,2,0.0071530127675024984,0.02234200394983705,1,0,1,1,0,-0.02221288553313716,0.0
0,2,research_all_exit_slip,evaluation,aligned_own24,0,0.008154736125391488,0.029439330948695764,5,4,1,1,4,0.013681931935736547,0.8
0,2,research_all_exit_slip,evaluation,aligned_own24,1,0.008154736125391488,0.029439330948695764,8,6,2,2,6,0.011003211930247414,0.75
0,2,research_all_exit_slip,evaluation,aligned_own24,2,0.008154736125391488,0.029439330948695764,2,1,1,1,1,-0.0001251040165686293,0.5
0,2,research_all_exit_slip,evaluation,efficiency24_before_signal,0,0.07244329657438921,0.20582981830382244,9,7,2,2,7,0.012321785722624379,0.7777777777777778
0,2,research_all_exit_slip,evaluation,efficiency24_before_signal,1,0.07244329657438921,0.20582981830382244,3,3,0,0,3,0.022311573635365817,1.0
0,2,research_all_exit_slip,evaluation,efficiency24_before_signal,2,0.07244329657438921,0.20582981830382244,3,1,2,2,1,-0.007215215107397365,0.3333333333333333
0,2,research_all_exit_slip,evaluation,adx14,0,16.461474085366316,27.598799753246407,7,4,3,3,4,0.0031811760809335524,0.5714285714285714
0,2,research_all_exit_slip,evaluation,adx14,1,16.461474085366316,27.598799753246407,5,5,0,0,5,0.022180741214341722,1.0
0,2,research_all_exit_slip,evaluation,adx14,2,16.461474085366316,27.598799753246407,3,2,1,1,2,0.0076710694830937716,0.6666666666666666
0,2,research_all_exit_slip,evaluation,compression,0,0.6246590481753754,0.6739394386293422,4,3,1,1,3,0.011642626747928715,0.75
0,2,research_all_exit_slip,evaluation,compression,1,0.6246590481753754,0.6739394386293422,7,6,1,1,6,0.015887585655685616,0.8571428571428571
0,2,research_all_exit_slip,evaluation,compression,2,0.6246590481753754,0.6739394386293422,4,2,2,2,2,-0.0003996148734973417,0.5
0,2,research_all_exit_slip,evaluation,signal_tr_atr,0,1.8145782709175517,2.304203315255187,5,5,0,0,5,0.022481078217483724,1.0
0,2,research_all_exit_slip,evaluation,signal_tr_atr,1,1.8145782709175517,2.304203315255187,6,4,2,2,4,0.0074043909730082446,0.6666666666666666
0,2,research_all_exit_slip,evaluation,signal_tr_atr,2,1.8145782709175517,2.304203315255187,4,2,2,2,2,-0.000161647459485827,0.5
0,2,research_all_exit_slip,evaluation,aligned_body_atr,0,1.4108261662037926,1.915537918587188,8,7,1,1,7,0.01706569370378555,0.875
0,2,research_all_exit_slip,evaluation,aligned_body_atr,1,1.4108261662037926,1.915537918587188,4,2,2,2,2,-0.0005089515033682157,0.5
0,2,research_all_exit_slip,evaluation,aligned_body_atr,2,1.4108261662037926,1.915537918587188,3,2,1,1,2,0.007231801156904417,0.6666666666666666
0,2,research_all_exit_slip,historical,volume_ratio,0,2.6141031021400267,3.2991469148644237,14,8,6,6,8,0.0032862095288343765,0.5714285714285714
0,2,research_all_exit_slip,historical,volume_ratio,1,2.6141031021400267,3.2991469148644237,13,7,6,6,7,0.0017779817652488008,0.5384615384615384
0,2,research_all_exit_slip,historical,volume_ratio,2,2.6141031021400267,3.2991469148644237,14,6,8,8,6,-0.0028804432356421402,0.42857142857142855
0,2,research_all_exit_slip,historical,prior_atr_pct,0,0.005460243936022922,0.007173831353061319,14,8,6,6,8,0.0035845006770432474,0.5714285714285714
0,2,research_all_exit_slip,historical,prior_atr_pct,1,0.005460243936022922,0.007173831353061319,13,7,6,6,7,0.001959525995596121,0.5384615384615384
0,2,research_all_exit_slip,historical,prior_atr_pct,2,0.005460243936022922,0.007173831353061319,14,6,8,8,6,-0.003347311169173522,0.42857142857142855
0,2,research_all_exit_slip,historical,extension_atr,0,0.4046358452860179,0.7627772708434128,14,9,5,5,9,0.006592520137710633,0.6428571428571429
0,2,research_all_exit_slip,historical,extension_atr,1,0.4046358452860179,0.7627772708434128,13,8,5,5,8,0.005418656032821291,0.6153846153846154
0,2,research_all_exit_slip,historical,extension_atr,2,0.4046358452860179,0.7627772708434128,14,4,10,10,4,-0.009567379950121422,0.2857142857142857
0,2,research_all_exit_slip,historical,aligned_rsi14,0,11.975046870463853,16.41214934696565,14,8,6,6,8,0.003582769323652178,0.5714285714285714
0,2,research_all_exit_slip,historical,aligned_rsi14,1,11.975046870463853,16.41214934696565,13,7,6,6,7,0.0016685553897242173,0.5384615384615384
0,2,research_all_exit_slip,historical,aligned_rsi14,2,11.975046870463853,16.41214934696565,14,6,8,8,6,-0.0030753928246156853,0.42857142857142855
0,2,research_all_exit_slip,historical,aligned_crsi,0,31.91142320236928,36.0497730196592,14,9,5,5,9,0.006554241604599211,0.6428571428571429
0,2,research_all_exit_slip,historical,aligned_crsi,1,31.91142320236928,36.0497730196592,13,5,8,8,5,-0.004923391345445334,0.38461538461538464
0,2,research_all_exit_slip,historical,aligned_crsi,2,31.91142320236928,36.0497730196592,14,7,7,7,7,7.4228291380436e-05,0.5
0,2,research_all_exit_slip,historical,aligned_btc24,0,0.0071530127675024984,0.02234200394983705,14,7,7,7,7,0.00014455029585579992,0.5
0,2,research_all_exit_slip,historical,aligned_btc24,1,0.0071530127675024984,0.02234200394983705,13,6,7,7,6,-0.0013165915133161166,0.46153846153846156
0,2,research_all_exit_slip,historical,aligned_btc24,2,0.0071530127675024984,0.02234200394983705,14,8,6,6,8,0.003134748327432431,0.5714285714285714
0,2,research_all_exit_slip,historical,aligned_own24,0,0.008154736125391488,0.029439330948695764,14,8,6,6,8,0.0034811635041022524,0.5714285714285714
0,2,research_all_exit_slip,historical,aligned_own24,1,0.008154736125391488,0.029439330948695764,13,7,6,6,7,0.00206261329237618,0.5384615384615384
0,2,research_all_exit_slip,historical,aligned_own24,2,0.008154736125391488,0.029439330948695764,14,6,8,8,6,-0.003339697914671156,0.42857142857142855
0,2,research_all_exit_slip,historical,efficiency24_before_signal,0,0.07244329657438921,0.20582981830382244,14,6,8,8,6,-0.002844067984900513,0.42857142857142855
0,2,research_all_exit_slip,historical,efficiency24_before_signal,1,0.07244329657438921,0.20582981830382244,13,9,4,4,9,0.008648199135067102,0.6923076923076923
0,2,research_all_exit_slip,historical,efficiency24_before_signal,2,0.07244329657438921,0.20582981830382244,14,6,8,8,6,-0.003129653279595672,0.42857142857142855
0,2,research_all_exit_slip,historical,adx14,0,16.461474085366316,27.598799753246407,14,11,3,3,11,0.012747260111199485,0.7857142857142857
0,2,research_all_exit_slip,historical,adx14,1,16.461474085366316,27.598799753246407,13,5,8,8,5,-0.004748219915641269,0.38461538461538464
0,2,research_all_exit_slip,historical,adx14,2,16.461474085366316,27.598799753246407,14,5,9,9,5,-0.006281449400037899,0.35714285714285715
0,2,research_all_exit_slip,historical,compression,0,0.6246590481753754,0.6739394386293422,14,8,6,6,8,0.003403241394852211,0.5714285714285714
0,2,research_all_exit_slip,historical,compression,1,0.6246590481753754,0.6739394386293422,13,7,6,6,7,0.0015228440954010254,0.5384615384615384
0,2,research_all_exit_slip,historical,compression,2,0.6246590481753754,0.6739394386293422,14,6,8,8,6,-0.0027605615510870388,0.42857142857142855
0,2,research_all_exit_slip,historical,signal_tr_atr,0,1.8145782709175517,2.304203315255187,14,7,7,7,7,8.851941444300813e-05,0.5
0,2,research_all_exit_slip,historical,signal_tr_atr,1,1.8145782709175517,2.304203315255187,13,7,6,6,7,0.0019513797867941826,0.5384615384615384
0,2,research_all_exit_slip,historical,signal_tr_atr,2,1.8145782709175517,2.304203315255187,14,7,7,7,7,0.00015623443017137386,0.5
0,2,research_all_exit_slip,historical,aligned_body_atr,0,1.4108261662037926,1.915537918587188,14,6,8,8,6,-0.0030986259584496792,0.42857142857142855
0,2,research_all_exit_slip,historical,aligned_body_atr,1,1.4108261662037926,1.915537918587188,13,7,6,6,7,0.0019123844974482142,0.5384615384615384
0,2,research_all_exit_slip,historical,aligned_body_atr,2,1.4108261662037926,1.915537918587188,14,8,6,6,8,0.003379589714599604,0.5714285714285714
0,2,research_all_exit_slip,reserved_replication,volume_ratio,0,2.6141031021400267,3.2991469148644237,3,2,1,1,2,0.007012964037739464,0.6666666666666666
0,2,research_all_exit_slip,reserved_replication,volume_ratio,1,2.6141031021400267,3.2991469148644237,4,4,0,0,4,0.02212247766928805,1.0
0,2,research_all_exit_slip,reserved_replication,volume_ratio,2,2.6141031021400267,3.2991469148644237,2,2,0,0,2,0.022814625620194706,1.0
0,2,research_all_exit_slip,reserved_replication,prior_atr_pct,0,0.005460243936022922,0.007173831353061319,4,4,0,0,4,0.02261742432153415,1.0
0,2,research_all_exit_slip,reserved_replication,prior_atr_pct,1,0.005460243936022922,0.007173831353061319,3,2,1,1,2,0.006935188270774124,0.6666666666666666
0,2,research_all_exit_slip,reserved_replication,prior_atr_pct,2,0.005460243936022922,0.007173831353061319,2,2,0,0,2,0.021941395966150523,1.0
0,2,research_all_exit_slip,reserved_replication,extension_atr,0,0.4046358452860179,0.7627772708434128,1,1,0,0,1,0.02198234694832902,1.0
0,2,research_all_exit_slip,reserved_replication,extension_atr,1,0.4046358452860179,0.7627772708434128,6,5,1,1,5,0.014744200375553638,0.8333333333333334
0,2,research_all_exit_slip,reserved_replication,extension_atr,2,0.4046358452860179,0.7627772708434128,2,2,0,0,2,0.022355252414554577,1.0
0,2,research_all_exit_slip,reserved_replication,aligned_rsi14,0,11.975046870463853,16.41214934696565,4,4,0,0,4,0.022557403454456115,1.0
0,2,research_all_exit_slip,reserved_replication,aligned_rsi14,1,11.975046870463853,16.41214934696565,1,1,0,0,1,0.021749019647432997,1.0
0,2,research_all_exit_slip,reserved_replication,aligned_rsi14,2,11.975046870463853,16.41214934696565,4,3,1,1,3,0.01079485514137564,0.75
0,2,research_all_exit_slip,reserved_replication,aligned_crsi,0,31.91142320236928,36.0497730196592,2,2,0,0,2,0.022420223022873588,1.0
0,2,research_all_exit_slip,reserved_replication,aligned_crsi,1,31.91142320236928,36.0497730196592,6,5,1,1,5,0.014602781109060525,0.8333333333333334
0,2,research_all_exit_slip,reserved_replication,aligned_crsi,2,31.91142320236928,36.0497730196592,1,1,0,0,1,0.022700921330649684,1.0
0,2,research_all_exit_slip,reserved_replication,aligned_btc24,0,0.0071530127675024984,0.02234200394983705,5,5,0,0,5,0.02220653010076935,1.0
0,2,research_all_exit_slip,reserved_replication,aligned_btc24,1,0.0071530127675024984,0.02234200394983705,2,2,0,0,2,0.02240076917179066,1.0
0,2,research_all_exit_slip,reserved_replication,aligned_btc24,2,0.0071530127675024984,0.02234200394983705,2,1,1,1,1,-0.00033806740833402203,0.5
0,2,research_all_exit_slip,reserved_replication,aligned_own24,0,0.008154736125391488,0.029439330948695764,2,2,0,0,2,0.022779510214033922,1.0
0,2,research_all_exit_slip,reserved_replication,aligned_own24,1,0.008154736125391488,0.029439330948695764,4,4,0,0,4,0.02210048999637966,1.0
0,2,research_all_exit_slip,reserved_replication,aligned_own24,2,0.008154736125391488,0.029439330948695764,3,2,1,1,2,0.007065691205724512,0.6666666666666666
0,2,research_all_exit_slip,reserved_replication,efficiency24_before_signal,0,0.07244329657438921,0.20582981830382244,2,2,0,0,2,0.022300181288717524,1.0
0,2,research_all_exit_slip,reserved_replication,efficiency24_before_signal,1,0.07244329657438921,0.20582981830382244,2,2,0,0,2,0.022814625620194706,1.0
0,2,research_all_exit_slip,reserved_replication,efficiency24_before_signal,2,0.07244329657438921,0.20582981830382244,5,4,1,1,4,0.012985688042587113,0.8
0,2,research_all_exit_slip,reserved_replication,adx14,0,16.461474085366316,27.598799753246407,3,3,0,0,3,0.022457171573468767,1.0
0,2,research_all_exit_slip,reserved_replication,adx14,1,16.461474085366316,27.598799753246407,3,2,1,1,2,0.007307133476574548,0.6666666666666666
0,2,research_all_exit_slip,reserved_replication,adx14,2,16.461474085366316,27.598799753246407,3,3,0,0,3,0.02195504629354336,1.0
0,2,research_all_exit_slip,reserved_replication,compression,0,0.6246590481753754,0.6739394386293422,3,2,1,1,2,0.0076244340376467774,0.6666666666666666
0,2,research_all_exit_slip,reserved_replication,compression,1,0.6246590481753754,0.6739394386293422,4,4,0,0,4,0.02210048999637966,1.0
0,2,research_all_exit_slip,reserved_replication,compression,2,0.6246590481753754,0.6739394386293422,2,2,0,0,2,0.021941395966150523,1.0
0,2,research_all_exit_slip,reserved_replication,signal_tr_atr,0,1.8145782709175517,2.304203315255187,4,4,0,0,4,0.022295312127335605,1.0
0,2,research_all_exit_slip,reserved_replication,signal_tr_atr,1,1.8145782709175517,2.304203315255187,4,4,0,0,4,0.022165630959136276,1.0
0,2,research_all_exit_slip,reserved_replication,signal_tr_atr,2,1.8145782709175517,2.304203315255187,1,0,1,1,0,-0.02268571831512751,0.0
0,2,research_all_exit_slip,reserved_replication,aligned_body_atr,0,1.4108261662037926,1.915537918587188,5,5,0,0,5,0.022468581143995636,1.0
0,2,research_all_exit_slip,reserved_replication,aligned_body_atr,1,1.4108261662037926,1.915537918587188,4,3,1,1,3,0.01070378707769546,0.75
0,2,research_all_exit_slip,reserved_replication,aligned_body_atr,2,1.4108261662037926,1.915537918587188,0,0,0,0,0,,
0,2,runtime_stop_fill,evaluation,volume_ratio,0,2.6141031021400267,3.2991469148644237,8,6,2,2,6,0.011600295692061557,0.75
0,2,runtime_stop_fill,evaluation,volume_ratio,1,2.6141031021400267,3.2991469148644237,1,0,1,1,0,-0.02123342453313718,0.0
0,2,runtime_stop_fill,evaluation,volume_ratio,2,2.6141031021400267,3.2991469148644237,6,5,1,1,5,0.014925768514028227,0.8333333333333334
0,2,runtime_stop_fill,evaluation,prior_atr_pct,0,0.005460243936022922,0.007173831353061319,3,1,2,2,1,-0.0064578727285710845,0.3333333333333333
0,2,runtime_stop_fill,evaluation,prior_atr_pct,1,0.005460243936022922,0.007173831353061319,4,3,1,1,3,0.011433582463959629,0.75
0,2,runtime_stop_fill,evaluation,prior_atr_pct,2,0.005460243936022922,0.007173831353061319,8,7,1,1,7,0.01684535505217492,0.875
0,2,runtime_stop_fill,evaluation,extension_atr,0,0.4046358452860179,0.7627772708434128,6,4,2,2,4,0.007798326408855301,0.6666666666666666
0,2,runtime_stop_fill,evaluation,extension_atr,1,0.4046358452860179,0.7627772708434128,6,5,1,1,5,0.015195327759046908,0.8333333333333334
0,2,runtime_stop_fill,evaluation,extension_atr,2,0.4046358452860179,0.7627772708434128,3,2,1,1,2,0.0077205423600371255,0.6666666666666666
0,2,runtime_stop_fill,evaluation,aligned_rsi14,0,11.975046870463853,16.41214934696565,7,5,2,2,5,0.010121455336033812,0.7142857142857143
0,2,runtime_stop_fill,evaluation,aligned_rsi14,1,11.975046870463853,16.41214934696565,6,5,1,1,5,0.014822849305499939,0.8333333333333334
0,2,runtime_stop_fill,evaluation,aligned_rsi14,2,11.975046870463853,16.41214934696565,2,1,1,1,1,0.0006681344511441523,0.5
0,2,runtime_stop_fill,evaluation,aligned_crsi,0,31.91142320236928,36.0497730196592,2,1,1,1,1,0.0008246870193835375,0.5
0,2,runtime_stop_fill,evaluation,aligned_crsi,1,31.91142320236928,36.0497730196592,4,2,2,2,2,0.0006781543270445974,0.5
0,2,runtime_stop_fill,evaluation,aligned_crsi,2,31.91142320236928,36.0497730196592,9,8,1,1,8,0.017417951193397684,0.8888888888888888
0,2,runtime_stop_fill,evaluation,aligned_btc24,0,0.0071530127675024984,0.02234200394983705,6,4,2,2,4,0.007874858996693644,0.6666666666666666
0,2,runtime_stop_fill,evaluation,aligned_btc24,1,0.0071530127675024984,0.02234200394983705,8,7,1,1,7,0.016888477830062493,0.875
0,2,runtime_stop_fill,evaluation,aligned_btc24,2,0.0071530127675024984,0.02234200394983705,1,0,1,1,0,-0.02123342453313718,0.0
0,2,runtime_stop_fill,evaluation,aligned_own24,0,0.008154736125391488,0.029439330948695764,5,4,1,1,4,0.013886044135736506,0.8
0,2,runtime_stop_fill,evaluation,aligned_own24,1,0.008154736125391488,0.029439330948695764,8,6,2,2,6,0.011370509805247422,0.75
0,2,runtime_stop_fill,evaluation,aligned_own24,2,0.008154736125391488,0.029439330948695764,2,1,1,1,1,0.00036462648343136075,0.5
0,2,runtime_stop_fill,evaluation,efficiency24_before_signal,0,0.07244329657438921,0.20582981830382244,9,7,2,2,7,0.01265283938929102,0.7777777777777778
0,2,runtime_stop_fill,evaluation,efficiency24_before_signal,1,0.07244329657438921,0.20582981830382244,3,3,0,0,3,0.022311573635365817,1.0
0,2,runtime_stop_fill,evaluation,efficiency24_before_signal,2,0.07244329657438921,0.20582981830382244,3,1,2,2,1,-0.006562241107397341,0.3333333333333333
0,2,runtime_stop_fill,evaluation,adx14,0,16.461474085366316,27.598799753246407,7,4,3,3,4,0.003746739509504959,0.5714285714285714
0,2,runtime_stop_fill,evaluation,adx14,1,16.461474085366316,27.598799753246407,5,5,0,0,5,0.022180741214341722,1.0
0,2,runtime_stop_fill,evaluation,adx14,2,16.461474085366316,27.598799753246407,3,2,1,1,2,0.007997556483093764,0.6666666666666666
0,2,runtime_stop_fill,evaluation,compression,0,0.6246590481753754,0.6739394386293422,4,3,1,1,3,0.011897766997928664,0.75
0,2,runtime_stop_fill,evaluation,compression,1,0.6246590481753754,0.6739394386293422,7,6,1,1,6,0.016027508655685613,0.8571428571428571
0,2,runtime_stop_fill,evaluation,compression,2,0.6246590481753754,0.6739394386293422,4,2,2,2,2,0.000334980876502672,0.5
0,2,runtime_stop_fill,evaluation,signal_tr_atr,0,1.8145782709175517,2.304203315255187,5,5,0,0,5,0.022481078217483724,1.0
0,2,runtime_stop_fill,evaluation,signal_tr_atr,1,1.8145782709175517,2.304203315255187,6,4,2,2,4,0.007894121473008255,0.6666666666666666
0,2,runtime_stop_fill,evaluation,signal_tr_atr,2,1.8145782709175517,2.304203315255187,4,2,2,2,2,0.00033835804051411764,0.5
0,2,runtime_stop_fill,evaluation,aligned_body_atr,0,1.4108261662037926,1.915537918587188,8,7,1,1,7,0.017193263828785523,0.875
0,2,runtime_stop_fill,evaluation,aligned_body_atr,1,1.4108261662037926,1.915537918587188,4,2,2,2,2,0.00022564424663177023,0.5
0,2,runtime_stop_fill,evaluation,aligned_body_atr,2,1.4108261662037926,1.915537918587188,3,2,1,1,2,0.007558288156904448,0.6666666666666666
0,2,runtime_stop_fill,historical,volume_ratio,0,2.6141031021400267,3.2991469148644237,14,8,6,6,8,0.0038547086716914924,0.5714285714285714
0,2,runtime_stop_fill,historical,volume_ratio,1,2.6141031021400267,3.2991469148644237,13,7,6,6,7,0.002314868457556467,0.5384615384615384
0,2,runtime_stop_fill,historical,volume_ratio,2,2.6141031021400267,3.2991469148644237,14,6,8,8,6,-0.00223023973564218,0.42857142857142855
0,2,runtime_stop_fill,historical,prior_atr_pct,0,0.005460243936022922,0.007173831353061319,14,8,6,6,8,0.004016012534186054,0.5714285714285714
0,2,runtime_stop_fill,historical,prior_atr_pct,1,0.005460243936022922,0.007173831353061319,13,7,6,6,7,0.002421069534057643,0.5384615384615384
0,2,runtime_stop_fill,historical,prior_atr_pct,2,0.005460243936022922,0.007173831353061319,14,6,8,8,6,-0.0024901588834592603,0.42857142857142855
0,2,runtime_stop_fill,historical,extension_atr,0,0.4046358452860179,0.7627772708434128,14,9,5,5,9,0.006951134780567753,0.6428571428571429
0,2,runtime_stop_fill,historical,extension_atr,1,0.4046358452860179,0.7627772708434128,13,8,5,5,8,0.005808017955898175,0.6153846153846154
0,2,runtime_stop_fill,historical,extension_atr,2,0.4046358452860179,0.7627772708434128,14,4,10,10,4,-0.008570304664407169,0.2857142857142857
0,2,runtime_stop_fill,historical,aligned_rsi14,0,11.975046870463853,16.41214934696565,14,8,6,6,8,0.004084242680794997,0.5714285714285714
0,2,runtime_stop_fill,historical,aligned_rsi14,1,11.975046870463853,16.41214934696565,13,7,6,6,7,0.0022839467743395766,0.5384615384615384
0,2,runtime_stop_fill,historical,aligned_rsi14,2,11.975046870463853,16.41214934696565,14,6,8,8,6,-0.0024310607531871434,0.42857142857142855
0,2,runtime_stop_fill,historical,aligned_crsi,0,31.91142320236928,36.0497730196592,14,9,5,5,9,0.006912856247456323,0.6428571428571429
0,2,runtime_stop_fill,historical,aligned_crsi,1,31.91142320236928,36.0497730196592,13,5,8,8,5,-0.00423265680698383,0.38461538461538464
0,2,runtime_stop_fill,historical,aligned_crsi,2,31.91142320236928,36.0497730196592,14,7,7,7,7,0.0007914575770946936,0.5
0,2,runtime_stop_fill,historical,aligned_btc24,0,0.0071530127675024984,0.02234200394983705,14,7,7,7,7,0.0007159851529986188,0.5
0,2,runtime_stop_fill,historical,aligned_btc24,1,0.0071530127675024984,0.02234200394983705,13,6,7,7,6,-0.0006948770517777084,0.46153846153846156
0,2,runtime_stop_fill,historical,aligned_btc24,2,0.0071530127675024984,0.02234200394983705,14,8,6,6,8,0.003703247470289572,0.5714285714285714
0,2,runtime_stop_fill,historical,aligned_own24,0,0.008154736125391488,0.029439330948695764,14,8,6,6,8,0.003912675361245058,0.5714285714285714
0,2,runtime_stop_fill,historical,aligned_own24,1,0.008154736125391488,0.029439330948695764,13,7,6,6,7,0.0026026615231453695,0.5384615384615384
0,2,runtime_stop_fill,historical,aligned_own24,2,0.008154736125391488,0.029439330948695764,14,6,8,8,6,-0.0025554428432425827,0.42857142857142855
0,2,runtime_stop_fill,historical,efficiency24_before_signal,0,0.07244329657438921,0.20582981830382244,14,6,8,8,6,-0.0021327101277576893,0.42857142857142855
0,2,runtime_stop_fill,historical,efficiency24_before_signal,1,0.07244329657438921,0.20582981830382244,13,9,4,4,9,0.009037561058143996,0.6923076923076923
0,2,runtime_stop_fill,historical,efficiency24_before_signal,2,0.07244329657438921,0.20582981830382244,14,6,8,8,6,-0.00248532120816713,0.42857142857142855
0,2,runtime_stop_fill,historical,adx14,0,16.461474085366316,27.598799753246407,14,11,3,3,11,0.013030041825485188,0.7857142857142857
0,2,runtime_stop_fill,historical,adx14,1,16.461474085366316,27.598799753246407,13,5,8,8,5,-0.004048000761795184,0.38461538461538464
0,2,runtime_stop_fill,historical,adx14,2,16.461474085366316,27.598799753246407,14,5,9,9,5,-0.005497194328609344,0.35714285714285715
0,2,runtime_stop_fill,historical,compression,0,0.6246590481753754,0.6739394386293422,14,8,6,6,8,0.003837688966280748,0.5714285714285714
0,2,runtime_stop_fill,historical,compression,1,0.6246590481753754,0.6739394386293422,13,7,6,6,7,0.002138235480016393,0.5384615384615384
0,2,runtime_stop_fill,historical,compression,2,0.6246590481753754,0.6739394386293422,14,6,8,8,6,-0.002049203693944224,0.42857142857142855
0,2,runtime_stop_fill,historical,signal_tr_atr,0,1.8145782709175517,2.304203315255187,14,7,7,7,7,0.0006687614144429774,0.5
0,2,runtime_stop_fill,historical,signal_tr_atr,1,1.8145782709175517,2.304203315255187,13,7,6,6,7,0.0025667711714094997,0.5384615384615384
0,2,runtime_stop_fill,historical,signal_tr_atr,2,1.8145782709175517,2.304203315255187,14,7,7,7,7,0.0007217978587428052,0.5
0,2,runtime_stop_fill,historical,aligned_body_atr,0,1.4108261662037926,1.915537918587188,14,6,8,8,6,-0.0023784609584497135,0.42857142857142855
0,2,runtime_stop_fill,historical,aligned_body_atr,1,1.4108261662037926,1.915537918587188,13,7,6,6,7,0.002452432728217387,0.5384615384615384
0,2,runtime_stop_fill,historical,aligned_body_atr,2,1.4108261662037926,1.915537918587188,14,8,6,6,8,0.003875191643171028,0.5714285714285714
0,2,runtime_stop_fill,reserved_replication,volume_ratio,0,2.6141031021400267,3.2991469148644237,3,2,1,1,2,0.007339451037739458,0.6666666666666666
0,2,runtime_stop_fill,reserved_replication,volume_ratio,1,2.6141031021400267,3.2991469148644237,4,4,0,0,4,0.02212247766928805,1.0
0,2,runtime_stop_fill,reserved_replication,volume_ratio,2,2.6141031021400267,3.2991469148644237,2,2,0,0,2,0.022814625620194706,1.0
0,2,runtime_stop_fill,reserved_replication,prior_atr_pct,0,0.005460243936022922,0.007173831353061319,4,4,0,0,4,0.02261742432153415,1.0
0,2,runtime_stop_fill,reserved_replication,prior_atr_pct,1,0.005460243936022922,0.007173831353061319,3,2,1,1,2,0.007261675270774117,0.6666666666666666
0,2,runtime_stop_fill,reserved_replication,prior_atr_pct,2,0.005460243936022922,0.007173831353061319,2,2,0,0,2,0.021941395966150523,1.0
0,2,runtime_stop_fill,reserved_replication,extension_atr,0,0.4046358452860179,0.7627772708434128,1,1,0,0,1,0.02198234694832902,1.0
0,2,runtime_stop_fill,reserved_replication,extension_atr,1,0.4046358452860179,0.7627772708434128,6,5,1,1,5,0.014907443875553636,0.8333333333333334
0,2,runtime_stop_fill,reserved_replication,extension_atr,2,0.4046358452860179,0.7627772708434128,2,2,0,0,2,0.022355252414554577,1.0
0,2,runtime_stop_fill,reserved_replication,aligned_rsi14,0,11.975046870463853,16.41214934696565,4,4,0,0,4,0.022557403454456115,1.0
0,2,runtime_stop_fill,reserved_replication,aligned_rsi14,1,11.975046870463853,16.41214934696565,1,1,0,0,1,0.021749019647432997,1.0
0,2,runtime_stop_fill,reserved_replication,aligned_rsi14,2,11.975046870463853,16.41214934696565,4,3,1,1,3,0.011039720391375636,0.75
0,2,runtime_stop_fill,reserved_replication,aligned_crsi,0,31.91142320236928,36.0497730196592,2,2,0,0,2,0.022420223022873588,1.0
0,2,runtime_stop_fill,reserved_replication,aligned_crsi,1,31.91142320236928,36.0497730196592,6,5,1,1,5,0.014766024609060522,0.8333333333333334
0,2,runtime_stop_fill,reserved_replication,aligned_crsi,2,31.91142320236928,36.0497730196592,1,1,0,0,1,0.022700921330649684,1.0
0,2,runtime_stop_fill,reserved_replication,aligned_btc24,0,0.0071530127675024984,0.02234200394983705,5,5,0,0,5,0.02220653010076935,1.0
0,2,runtime_stop_fill,reserved_replication,aligned_btc24,1,0.0071530127675024984,0.02234200394983705,2,2,0,0,2,0.02240076917179066,1.0
0,2,runtime_stop_fill,reserved_replication,aligned_btc24,2,0.0071530127675024984,0.02234200394983705,2,1,1,1,1,0.00015166309166596802,0.5
0,2,runtime_stop_fill,reserved_replication,aligned_own24,0,0.008154736125391488,0.029439330948695764,2,2,0,0,2,0.022779510214033922,1.0
0,2,runtime_stop_fill,reserved_replication,aligned_own24,1,0.008154736125391488,0.029439330948695764,4,4,0,0,4,0.02210048999637966,1.0
0,2,runtime_stop_fill,reserved_replication,aligned_own24,2,0.008154736125391488,0.029439330948695764,3,2,1,1,2,0.007392178205724505,0.6666666666666666
0,2,runtime_stop_fill,reserved_replication,efficiency24_before_signal,0,0.07244329657438921,0.20582981830382244,2,2,0,0,2,0.022300181288717524,1.0
0,2,runtime_stop_fill,reserved_replication,efficiency24_before_signal,1,0.07244329657438921,0.20582981830382244,2,2,0,0,2,0.022814625620194706,1.0
0,2,runtime_stop_fill,reserved_replication,efficiency24_before_signal,2,0.07244329657438921,0.20582981830382244,5,4,1,1,4,0.01318158024258711,0.8
0,2,runtime_stop_fill,reserved_replication,adx14,0,16.461474085366316,27.598799753246407,3,3,0,0,3,0.022457171573468767,1.0
0,2,runtime_stop_fill,reserved_replication,adx14,1,16.461474085366316,27.598799753246407,3,2,1,1,2,0.007633620476574542,0.6666666666666666
0,2,runtime_stop_fill,reserved_replication,adx14,2,16.461474085366316,27.598799753246407,3,3,0,0,3,0.02195504629354336,1.0
0,2,runtime_stop_fill,reserved_replication,compression,0,0.6246590481753754,0.6739394386293422,3,2,1,1,2,0.00795092103764677,0.6666666666666666
0,2,runtime_stop_fill,reserved_replication,compression,1,0.6246590481753754,0.6739394386293422,4,4,0,0,4,0.02210048999637966,1.0
0,2,runtime_stop_fill,reserved_replication,compression,2,0.6246590481753754,0.6739394386293422,2,2,0,0,2,0.021941395966150523,1.0
0,2,runtime_stop_fill,reserved_replication,signal_tr_atr,0,1.8145782709175517,2.304203315255187,4,4,0,0,4,0.022295312127335605,1.0
0,2,runtime_stop_fill,reserved_replication,signal_tr_atr,1,1.8145782709175517,2.304203315255187,4,4,0,0,4,0.022165630959136276,1.0
0,2,runtime_stop_fill,reserved_replication,signal_tr_atr,2,1.8145782709175517,2.304203315255187,1,0,1,1,0,-0.02170625731512753,0.0
0,2,runtime_stop_fill,reserved_replication,aligned_body_atr,0,1.4108261662037926,1.915537918587188,5,5,0,0,5,0.022468581143995636,1.0
0,2,runtime_stop_fill,reserved_replication,aligned_body_atr,1,1.4108261662037926,1.915537918587188,4,3,1,1,3,0.010948652327695454,0.75
0,2,runtime_stop_fill,reserved_replication,aligned_body_atr,2,1.4108261662037926,1.915537918587188,0,0,0,0,0,,
1,1,research_all_exit_slip,evaluation,volume_ratio,0,2.6141031021400267,3.2991469148644237,8,7,1,1,7,0.017924192682920878,0.875
1,1,research_all_exit_slip,evaluation,volume_ratio,1,2.6141031021400267,3.2991469148644237,1,0,1,1,0,-0.022264752468179033,0.0
1,1,research_all_exit_slip,evaluation,volume_ratio,2,2.6141031021400267,3.2991469148644237,6,5,1,1,5,0.01716609270628504,0.8333333333333334
1,1,research_all_exit_slip,evaluation,prior_atr_pct,0,0.005460243936022922,0.007173831353061319,3,2,1,1,2,0.00883143686422961,0.6666666666666666
1,1,research_all_exit_slip,evaluation,prior_atr_pct,1,0.005460243936022922,0.007173831353061319,4,3,1,1,3,0.014032601913349107,0.75
1,1,research_all_exit_slip,evaluation,prior_atr_pct,2,0.005460243936022922,0.007173831353061319,8,7,1,1,7,0.017687578373351626,0.875
1,1,research_all_exit_slip,evaluation,extension_atr,0,0.4046358452860179,0.7627772708434128,6,5,1,1,5,0.016238679921636124,0.8333333333333334
1,1,research_all_exit_slip,evaluation,extension_atr,1,0.4046358452860179,0.7627772708434128,6,5,1,1,5,0.01584927085474713,0.8333333333333334
1,1,research_all_exit_slip,evaluation,extension_atr,2,0.4046358452860179,0.7627772708434128,3,2,1,1,2,0.01053254685819958,0.6666666666666666
1,1,research_all_exit_slip,evaluation,aligned_rsi14,0,11.975046870463853,16.41214934696565,7,5,2,2,5,0.010427688763595278,0.7142857142857143
1,1,research_all_exit_slip,evaluation,aligned_rsi14,1,11.975046870463853,16.41214934696565,6,6,0,0,6,0.024809952385962942,1.0
1,1,research_all_exit_slip,evaluation,aligned_rsi14,2,11.975046870463853,16.41214934696565,2,1,1,1,1,0.0011359047859768358,0.5
1,1,research_all_exit_slip,evaluation,aligned_crsi,0,31.91142320236928,36.0497730196592,2,1,1,1,1,0.0007071959180511584,0.5
1,1,research_all_exit_slip,evaluation,aligned_crsi,1,31.91142320236928,36.0497730196592,4,3,1,1,3,0.012479196800670002,0.75
1,1,research_all_exit_slip,evaluation,aligned_crsi,2,31.91142320236928,36.0497730196592,9,8,1,1,8,0.019199351799346218,0.8888888888888888
1,1,research_all_exit_slip,evaluation,aligned_btc24,0,0.0071530127675024984,0.02234200394983705,6,4,2,2,4,0.008330126142882381,0.6666666666666666
1,1,research_all_exit_slip,evaluation,aligned_btc24,1,0.0071530127675024984,0.02234200394983705,8,8,0,0,8,0.02455116760547288,1.0
1,1,research_all_exit_slip,evaluation,aligned_btc24,2,0.0071530127675024984,0.02234200394983705,1,0,1,1,0,-0.022264752468179033,0.0
1,1,research_all_exit_slip,evaluation,aligned_own24,0,0.008154736125391488,0.029439330948695764,5,4,1,1,4,0.014408115247009644,0.8
1,1,research_all_exit_slip,evaluation,aligned_own24,1,0.008154736125391488,0.029439330948695764,8,7,1,1,7,0.01889083765703262,0.875
1,1,research_all_exit_slip,evaluation,aligned_own24,2,0.008154736125391488,0.029439330948695764,2,1,1,1,1,0.00047903387079453914,0.5
1,1,research_all_exit_slip,evaluation,efficiency24_before_signal,0,0.07244329657438921,0.20582981830382244,9,7,2,2,7,0.014019479451404101,0.7777777777777778
1,1,research_all_exit_slip,evaluation,efficiency24_before_signal,1,0.07244329657438921,0.20582981830382244,3,3,0,0,3,0.023532767280573724,1.0
1,1,research_all_exit_slip,evaluation,efficiency24_before_signal,2,0.07244329657438921,0.20582981830382244,3,2,1,1,2,0.00911724277618006,0.6666666666666666
1,1,research_all_exit_slip,evaluation,adx14,0,16.461474085366316,27.598799753246407,7,5,2,2,5,0.011777002859213426,0.7142857142857143
1,1,research_all_exit_slip,evaluation,adx14,1,16.461474085366316,27.598799753246407,5,5,0,0,5,0.023240062605897577,1.0
1,1,research_all_exit_slip,evaluation,adx14,2,16.461474085366316,27.598799753246407,3,2,1,1,2,0.008495337396305473,0.6666666666666666
1,1,research_all_exit_slip,evaluation,compression,0,0.6246590481753754,0.6739394386293422,4,3,1,1,3,0.012250886464374049,0.75
1,1,research_all_exit_slip,evaluation,compression,1,0.6246590481753754,0.6739394386293422,7,6,1,1,6,0.017983159505242124,0.8571428571428571
1,1,research_all_exit_slip,evaluation,compression,2,0.6246590481753754,0.6739394386293422,4,3,1,1,3,0.012309920709676804,0.75
1,1,research_all_exit_slip,evaluation,signal_tr_atr,0,1.8145782709175517,2.304203315255187,5,5,0,0,5,0.023472075519332357,1.0
1,1,research_all_exit_slip,evaluation,signal_tr_atr,1,1.8145782709175517,2.304203315255187,6,5,1,1,5,0.01740472066471345,0.8333333333333334
1,1,research_all_exit_slip,evaluation,signal_tr_atr,2,1.8145782709175517,2.304203315255187,4,2,2,2,2,0.0005841609119889438,0.5
1,1,research_all_exit_slip,evaluation,aligned_body_atr,0,1.4108261662037926,1.915537918587188,8,7,1,1,7,0.018172289398836607,0.875
1,1,research_all_exit_slip,evaluation,aligned_body_atr,1,1.4108261662037926,1.915537918587188,4,2,2,2,2,0.0017994386759883595,0.5
1,1,research_all_exit_slip,evaluation,aligned_body_atr,2,1.4108261662037926,1.915537918587188,3,3,0,0,3,0.02384975844608399,1.0
1,1,research_all_exit_slip,historical,volume_ratio,0,2.6141031021400267,3.2991469148644237,14,8,6,6,8,0.0045042720845876036,0.5714285714285714
1,1,research_all_exit_slip,historical,volume_ratio,1,2.6141031021400267,3.2991469148644237,13,7,6,6,7,0.005754879782425818,0.5384615384615384
1,1,research_all_exit_slip,historical,volume_ratio,2,2.6141031021400267,3.2991469148644237,14,7,7,7,7,0.0013353302114625014,0.5
1,1,research_all_exit_slip,historical,prior_atr_pct,0,0.005460243936022922,0.007173831353061319,14,8,6,6,8,0.00737453950175261,0.5714285714285714
1,1,research_all_exit_slip,historical,prior_atr_pct,1,0.005460243936022922,0.007173831353061319,13,8,5,5,8,0.006697730972388268,0.6153846153846154
1,1,research_all_exit_slip,historical,prior_atr_pct,2,0.005460243936022922,0.007173831353061319,14,6,8,8,6,-0.0024104418820962057,0.42857142857142855
1,1,research_all_exit_slip,historical,extension_atr,0,0.4046358452860179,0.7627772708434128,14,9,5,5,9,0.010486594277960223,0.6428571428571429
1,1,research_all_exit_slip,historical,extension_atr,1,0.4046358452860179,0.7627772708434128,13,8,5,5,8,0.006996967087805663,0.6153846153846154
1,1,research_all_exit_slip,historical,extension_atr,2,0.4046358452860179,0.7627772708434128,14,5,9,9,5,-0.00580035876547712,0.35714285714285715
1,1,research_all_exit_slip,historical,aligned_rsi14,0,11.975046870463853,16.41214934696565,14,8,6,6,8,0.005619449904665128,0.5714285714285714
1,1,research_all_exit_slip,historical,aligned_rsi14,1,11.975046870463853,16.41214934696565,13,9,4,4,9,0.01267207708508501,0.6923076923076923
1,1,research_all_exit_slip,historical,aligned_rsi14,2,11.975046870463853,16.41214934696565,14,5,9,9,5,-0.006202959389655704,0.35714285714285715
1,1,research_all_exit_slip,historical,aligned_crsi,0,31.91142320236928,36.0497730196592,14,9,5,5,9,0.010110536121964303,0.6428571428571429
1,1,research_all_exit_slip,historical,aligned_crsi,1,31.91142320236928,36.0497730196592,13,5,8,8,5,-0.005076699638766375,0.38461538461538464
1,1,research_all_exit_slip,historical,aligned_crsi,2,31.91142320236928,36.0497730196592,14,8,6,6,8,0.005786961350907122,0.5714285714285714
1,1,research_all_exit_slip,historical,aligned_btc24,0,0.0071530127675024984,0.02234200394983705,14,8,6,6,8,0.007818733729725915,0.5714285714285714
1,1,research_all_exit_slip,historical,aligned_btc24,1,0.0071530127675024984,0.02234200394983705,13,6,7,7,6,-0.0003074155591840476,0.46153846153846156
1,1,research_all_exit_slip,historical,aligned_btc24,2,0.0071530127675024984,0.02234200394983705,14,8,6,6,8,0.0036501428121047787,0.5714285714285714
1,1,research_all_exit_slip,historical,aligned_own24,0,0.008154736125391488,0.029439330948695764,14,8,6,6,8,0.007954174213127323,0.5714285714285714
1,1,research_all_exit_slip,historical,aligned_own24,1,0.008154736125391488,0.029439330948695764,13,7,6,6,7,0.0023980915382073734,0.5384615384615384
1,1,research_all_exit_slip,historical,aligned_own24,2,0.008154736125391488,0.029439330948695764,14,7,7,7,7,0.001002445738268478,0.5
1,1,research_all_exit_slip,historical,efficiency24_before_signal,0,0.07244329657438921,0.20582981830382244,14,7,7,7,7,0.003403028588225412,0.5
1,1,research_all_exit_slip,historical,efficiency24_before_signal,1,0.07244329657438921,0.20582981830382244,13,9,4,4,9,0.010505407115111208,0.6923076923076923
1,1,research_all_exit_slip,historical,efficiency24_before_signal,2,0.07244329657438921,0.20582981830382244,14,6,8,8,6,-0.0019746302439546002,0.42857142857142855
1,1,research_all_exit_slip,historical,adx14,0,16.461474085366316,27.598799753246407,14,12,2,2,12,0.01843710619904201,0.8571428571428571
1,1,research_all_exit_slip,historical,adx14,1,16.461474085366316,27.598799753246407,13,5,8,8,5,-0.0015244438788867994,0.38461538461538464
1,1,research_all_exit_slip,historical,adx14,2,16.461474085366316,27.598799753246407,14,5,9,9,5,-0.005838131931773049,0.35714285714285715
1,1,research_all_exit_slip,historical,compression,0,0.6246590481753754,0.6739394386293422,14,8,6,6,8,0.0068420822243981565,0.5714285714285714
1,1,research_all_exit_slip,historical,compression,1,0.6246590481753754,0.6739394386293422,13,8,5,5,8,0.006595332676281216,0.6153846153846154
1,1,research_all_exit_slip,historical,compression,2,0.6246590481753754,0.6739394386293422,14,6,8,8,6,-0.0017829004726423498,0.42857142857142855
1,1,research_all_exit_slip,historical,signal_tr_atr,0,1.8145782709175517,2.304203315255187,14,8,6,6,8,0.007706505723137423,0.5714285714285714
1,1,research_all_exit_slip,historical,signal_tr_atr,1,1.8145782709175517,2.304203315255187,13,7,6,6,7,0.002742654666612069,0.5384615384615384
1,1,research_all_exit_slip,historical,signal_tr_atr,2,1.8145782709175517,2.304203315255187,14,7,7,7,7,0.0009301627518825929,0.5
1,1,research_all_exit_slip,historical,aligned_body_atr,0,1.4108261662037926,1.915537918587188,14,6,8,8,6,0.00017605674559695205,0.42857142857142855
1,1,research_all_exit_slip,historical,aligned_body_atr,1,1.4108261662037926,1.915537918587188,13,8,5,5,8,0.007120142461966692,0.6153846153846154
1,1,research_all_exit_slip,historical,aligned_body_atr,2,1.4108261662037926,1.915537918587188,14,8,6,6,8,0.004395801633736629,0.5714285714285714
1,1,research_all_exit_slip,reserved_replication,volume_ratio,0,2.6141031021400267,3.2991469148644237,3,2,1,1,2,0.008040234279412601,0.6666666666666666
1,1,research_all_exit_slip,reserved_replication,volume_ratio,1,2.6141031021400267,3.2991469148644237,4,4,0,0,4,0.023103069619002707,1.0
1,1,research_all_exit_slip,reserved_replication,volume_ratio,2,2.6141031021400267,3.2991469148644237,2,2,0,0,2,0.023755099454479144,1.0
1,1,research_all_exit_slip,reserved_replication,prior_atr_pct,0,0.005460243936022922,0.007173831353061319,4,4,0,0,4,0.023509527963443917,1.0
1,1,research_all_exit_slip,reserved_replication,prior_atr_pct,1,0.005460243936022922,0.007173831353061319,3,2,1,1,2,0.008008298820537467,0.6666666666666666
1,1,research_all_exit_slip,reserved_replication,prior_atr_pct,2,0.005460243936022922,0.007173831353061319,2,2,0,0,2,0.022990085953909417,1.0
1,1,research_all_exit_slip,reserved_replication,extension_atr,0,0.4046358452860179,0.7627772708434128,1,1,0,0,1,0.023105804503317205,1.0
1,1,research_all_exit_slip,reserved_replication,extension_atr,1,0.4046358452860179,0.7627772708434128,6,5,1,1,5,0.01577211516161879,0.8333333333333334
1,1,research_all_exit_slip,reserved_replication,extension_atr,2,0.4046358452860179,0.7627772708434128,2,2,0,0,2,0.023152342375088487,1.0
1,1,research_all_exit_slip,reserved_replication,aligned_rsi14,0,11.975046870463853,16.41214934696565,4,4,0,0,4,0.023583960304315935,1.0
1,1,research_all_exit_slip,reserved_replication,aligned_rsi14,1,11.975046870463853,16.41214934696565,1,1,0,0,1,0.023009998126691807,1.0
1,1,research_all_exit_slip,reserved_replication,aligned_rsi14,2,11.975046870463853,16.41214934696565,4,3,1,1,3,0.011674335219812843,0.75
1,1,research_all_exit_slip,reserved_replication,aligned_crsi,0,31.91142320236928,36.0497730196592,2,2,0,0,2,0.02326395647240869,1.0
1,1,research_all_exit_slip,reserved_replication,aligned_crsi,1,31.91142320236928,36.0497730196592,6,5,1,1,5,0.015707652033090398,0.8333333333333334
1,1,research_all_exit_slip,reserved_replication,aligned_crsi,2,31.91142320236928,36.0497730196592,1,1,0,0,1,0.023269355079847145,1.0
1,1,research_all_exit_slip,reserved_replication,aligned_btc24,0,0.0071530127675024984,0.02234200394983705,5,5,0,0,5,0.023242160003632318,1.0
1,1,research_all_exit_slip,reserved_replication,aligned_btc24,1,0.0071530127675024984,0.02234200394983705,2,2,0,0,2,0.023592843033300077,1.0
1,1,research_all_exit_slip,reserved_replication,aligned_btc24,2,0.0071530127675024984,0.02234200394983705,2,1,1,1,1,0.00032334706922257893,0.5
1,1,research_all_exit_slip,reserved_replication,aligned_own24,0,0.008154736125391488,0.029439330948695764,2,2,0,0,2,0.023345731760673658,1.0
1,1,research_all_exit_slip,reserved_replication,aligned_own24,1,0.008154736125391488,0.029439330948695764,4,4,0,0,4,0.023440045081481356,1.0
1,1,research_all_exit_slip,reserved_replication,aligned_own24,2,0.008154736125391488,0.029439330948695764,3,2,1,1,2,0.007863845458644722,0.6666666666666666
1,1,research_all_exit_slip,reserved_replication,efficiency24_before_signal,0,0.07244329657438921,0.20582981830382244,2,2,0,0,2,0.02341282115415272,1.0
1,1,research_all_exit_slip,reserved_replication,efficiency24_before_signal,1,0.07244329657438921,0.20582981830382244,2,2,0,0,2,0.023755099454479144,1.0
1,1,research_all_exit_slip,reserved_replication,efficiency24_before_signal,2,0.07244329657438921,0.20582981830382244,5,4,1,1,4,0.013941467801188634,0.8
1,1,research_all_exit_slip,reserved_replication,adx14,0,16.461474085366316,27.598799753246407,3,3,0,0,3,0.02363791092525452,1.0
1,1,research_all_exit_slip,reserved_replication,adx14,1,16.461474085366316,27.598799753246407,3,2,1,1,2,0.008014490345435771,0.6666666666666666
1,1,research_all_exit_slip,reserved_replication,adx14,2,16.461474085366316,27.598799753246407,3,3,0,0,3,0.02302865880371201,1.0
1,1,research_all_exit_slip,reserved_replication,compression,0,0.6246590481753754,0.6739394386293422,3,2,1,1,2,0.008100942663154217,0.6666666666666666
1,1,research_all_exit_slip,reserved_replication,compression,1,0.6246590481753754,0.6739394386293422,4,4,0,0,4,0.023440045081481356,1.0
1,1,research_all_exit_slip,reserved_replication,compression,2,0.6246590481753754,0.6739394386293422,2,2,0,0,2,0.022990085953909417,1.0
1,1,research_all_exit_slip,reserved_replication,signal_tr_atr,0,1.8145782709175517,2.304203315255187,4,4,0,0,4,0.023161575971382034,1.0
1,1,research_all_exit_slip,reserved_replication,signal_tr_atr,1,1.8145782709175517,2.304203315255187,4,4,0,0,4,0.023446377967390856,1.0
1,1,research_all_exit_slip,reserved_replication,signal_tr_atr,2,1.8145782709175517,2.304203315255187,1,0,1,1,0,-0.02238863553188467,0.0
1,1,research_all_exit_slip,reserved_replication,aligned_body_atr,0,1.4108261662037926,1.915537918587188,5,5,0,0,5,0.023396590818252936,1.0
1,1,research_all_exit_slip,reserved_replication,aligned_body_atr,1,1.4108261662037926,1.915537918587188,4,3,1,1,3,0.011765056532985558,0.75
1,1,research_all_exit_slip,reserved_replication,aligned_body_atr,2,1.4108261662037926,1.915537918587188,0,0,0,0,0,,
1,1,runtime_stop_fill,evaluation,volume_ratio,0,2.6141031021400267,3.2991469148644237,8,7,1,1,7,0.0180466196878825,0.875
1,1,runtime_stop_fill,evaluation,volume_ratio,1,2.6141031021400267,3.2991469148644237,1,0,1,1,0,-0.02177527963628846,0.0
1,1,runtime_stop_fill,evaluation,volume_ratio,2,2.6141031021400267,3.2991469148644237,6,5,1,1,5,0.01725116000267564,0.8333333333333334
1,1,runtime_stop_fill,evaluation,prior_atr_pct,0,0.005460243936022922,0.007173831353061319,3,2,1,1,2,0.009001571457010799,0.6666666666666666
1,1,runtime_stop_fill,evaluation,prior_atr_pct,1,0.005460243936022922,0.007173831353061319,4,3,1,1,3,0.014154970121321749,0.75
1,1,runtime_stop_fill,evaluation,prior_atr_pct,2,0.005460243936022922,0.007173831353061319,8,7,1,1,7,0.017810005378313246,0.875
1,1,runtime_stop_fill,evaluation,extension_atr,0,0.4046358452860179,0.7627772708434128,6,5,1,1,5,0.01632374721802672,0.8333333333333334
1,1,runtime_stop_fill,evaluation,extension_atr,1,0.4046358452860179,0.7627772708434128,6,5,1,1,5,0.015930849660062224,0.8333333333333334
1,1,runtime_stop_fill,evaluation,extension_atr,2,0.4046358452860179,0.7627772708434128,3,2,1,1,2,0.010859018871430565,0.6666666666666666
1,1,runtime_stop_fill,evaluation,aligned_rsi14,0,11.975046870463853,16.41214934696565,7,5,2,2,5,0.010640520166171924,0.7142857142857143
1,1,runtime_stop_fill,evaluation,aligned_rsi14,1,11.975046870463853,16.41214934696565,6,6,0,0,6,0.024809952385962942,1.0
1,1,runtime_stop_fill,evaluation,aligned_rsi14,2,11.975046870463853,16.41214934696565,2,1,1,1,1,0.0013806412019221215,0.5
1,1,runtime_stop_fill,evaluation,aligned_crsi,0,31.91142320236928,36.0497730196592,2,1,1,1,1,0.0009623978072229433,0.5
1,1,runtime_stop_fill,evaluation,aligned_crsi,1,31.91142320236928,36.0497730196592,4,3,1,1,3,0.012724050810593242,0.75
1,1,runtime_stop_fill,evaluation,aligned_crsi,2,31.91142320236928,36.0497730196592,9,8,1,1,8,0.01925373766955628,0.8888888888888888
1,1,runtime_stop_fill,evaluation,aligned_btc24,0,0.0071530127675024984,0.02234200394983705,6,4,2,2,4,0.008578429445888469,0.6666666666666666
1,1,runtime_stop_fill,evaluation,aligned_btc24,1,0.0071530127675024984,0.02234200394983705,8,8,0,0,8,0.02455116760547288,1.0
1,1,runtime_stop_fill,evaluation,aligned_btc24,2,0.0071530127675024984,0.02234200394983705,1,0,1,1,0,-0.02177527963628846,0.0
1,1,runtime_stop_fill,evaluation,aligned_own24,0,0.008154736125391488,0.029439330948695764,5,4,1,1,4,0.01451019600267836,0.8
1,1,runtime_stop_fill,evaluation,aligned_own24,1,0.008154736125391488,0.029439330948695764,8,7,1,1,7,0.01901326466199424,0.875
1,1,runtime_stop_fill,evaluation,aligned_own24,2,0.008154736125391488,0.029439330948695764,2,1,1,1,1,0.0007237702867398249,0.5
1,1,runtime_stop_fill,evaluation,efficiency24_before_signal,0,0.07244329657438921,0.20582981830382244,9,7,2,2,7,0.014185014986741493,0.7777777777777778
1,1,runtime_stop_fill,evaluation,efficiency24_before_signal,1,0.07244329657438921,0.20582981830382244,3,3,0,0,3,0.023532767280573724,1.0
1,1,runtime_stop_fill,evaluation,efficiency24_before_signal,2,0.07244329657438921,0.20582981830382244,3,2,1,1,2,0.00928040038681025,0.6666666666666666
1,1,runtime_stop_fill,evaluation,adx14,0,16.461474085366316,27.598799753246407,7,5,2,2,5,0.01198983426179007,0.7142857142857143
1,1,runtime_stop_fill,evaluation,adx14,1,16.461474085366316,27.598799753246407,5,5,0,0,5,0.023240062605897577,1.0
1,1,runtime_stop_fill,evaluation,adx14,2,16.461474085366316,27.598799753246407,3,2,1,1,2,0.008658495006935664,0.6666666666666666
1,1,runtime_stop_fill,evaluation,compression,0,0.6246590481753754,0.6739394386293422,4,3,1,1,3,0.01237848740895994,0.75
1,1,runtime_stop_fill,evaluation,compression,1,0.6246590481753754,0.6739394386293422,7,6,1,1,6,0.018053084195512204,0.8571428571428571
1,1,runtime_stop_fill,evaluation,compression,2,0.6246590481753754,0.6739394386293422,4,3,1,1,3,0.012554774719600044,0.75
1,1,runtime_stop_fill,evaluation,signal_tr_atr,0,1.8145782709175517,2.304203315255187,5,5,0,0,5,0.023472075519332357,1.0
1,1,runtime_stop_fill,evaluation,signal_tr_atr,1,1.8145782709175517,2.304203315255187,6,5,1,1,5,0.017567956671328943,0.8333333333333334
1,1,runtime_stop_fill,evaluation,signal_tr_atr,2,1.8145782709175517,2.304203315255187,4,2,2,2,2,0.0008341300645474791,0.5
1,1,runtime_stop_fill,evaluation,aligned_body_atr,0,1.4108261662037926,1.915537918587188,8,7,1,1,7,0.018236089871129554,0.875
1,1,runtime_stop_fill,evaluation,aligned_body_atr,1,1.4108261662037926,1.915537918587188,4,2,2,2,2,0.0021666608938842417,0.5
1,1,runtime_stop_fill,evaluation,aligned_body_atr,2,1.4108261662037926,1.915537918587188,3,3,0,0,3,0.02384975844608399,1.0
1,1,runtime_stop_fill,historical,volume_ratio,0,2.6141031021400267,3.2991469148644237,14,8,6,6,8,0.004788564623864058,0.5714285714285714
1,1,runtime_stop_fill,historical,volume_ratio,1,2.6141031021400267,3.2991469148644237,13,7,6,6,7,0.006023297231755136,0.5384615384615384
1,1,runtime_stop_fill,historical,volume_ratio,2,2.6141031021400267,3.2991469148644237,14,7,7,7,7,0.001585839913453227,0.5
1,1,runtime_stop_fill,historical,prior_atr_pct,0,0.005460243936022922,0.007173831353061319,14,8,6,6,8,0.007590257920273616,0.5714285714285714
1,1,runtime_stop_fill,historical,prior_atr_pct,1,0.005460243936022922,0.007173831353061319,13,8,5,5,8,0.006889139420585986,0.6153846153846154
1,1,runtime_stop_fill,historical,prior_atr_pct,2,0.005460243936022922,0.007173831353061319,14,6,8,8,6,-0.002019849701156406,0.42857142857142855
1,1,runtime_stop_fill,historical,extension_atr,0,0.4046358452860179,0.7627772708434128,14,9,5,5,9,0.010665894602121232,0.6428571428571429
1,1,runtime_stop_fill,historical,extension_atr,1,0.4046358452860179,0.7627772708434128,13,8,5,5,8,0.007191575075857117,0.6153846153846154
1,1,runtime_stop_fill,historical,extension_atr,2,0.4046358452860179,0.7627772708434128,14,5,9,9,5,-0.0053763194914700696,0.35714285714285715
1,1,runtime_stop_fill,historical,aligned_rsi14,0,11.975046870463853,16.41214934696565,14,8,6,6,8,0.005870202284808046,0.5714285714285714
1,1,runtime_stop_fill,historical,aligned_rsi14,1,11.975046870463853,16.41214934696565,13,9,4,4,9,0.012861882840204739,0.6923076923076923
1,1,runtime_stop_fill,historical,aligned_rsi14,2,11.975046870463853,16.41214934696565,14,5,9,9,5,-0.005845912955336821,0.35714285714285715
1,1,runtime_stop_fill,historical,aligned_crsi,0,31.91142320236928,36.0497730196592,14,9,5,5,9,0.0102897462681259,0.6428571428571429
1,1,runtime_stop_fill,historical,aligned_crsi,1,31.91142320236928,36.0497730196592,13,5,8,8,5,-0.004733092959328212,0.38461538461538464
1,1,runtime_stop_fill,historical,aligned_crsi,2,31.91142320236928,36.0497730196592,14,8,6,6,8,0.006072734875197348,0.5714285714285714
1,1,runtime_stop_fill,historical,aligned_btc24,0,0.0071530127675024984,0.02234200394983705,14,8,6,6,8,0.00806798039447616,0.5714285714285714
1,1,runtime_stop_fill,historical,aligned_btc24,1,0.0071530127675024984,0.02234200394983705,13,6,7,7,6,-3.760390524674572e-05,0.46153846153846156
1,1,runtime_stop_fill,historical,aligned_btc24,2,0.0071530127675024984,0.02234200394983705,14,8,6,6,8,0.003934403770057158,0.5714285714285714
1,1,runtime_stop_fill,historical,aligned_own24,0,0.008154736125391488,0.029439330948695764,14,8,6,6,8,0.008169986297056385,0.5714285714285714
1,1,runtime_stop_fill,historical,aligned_own24,1,0.008154736125391488,0.029439330948695764,13,7,6,6,7,0.002666240896475455,0.5384615384615384
1,1,runtime_stop_fill,historical,aligned_own24,2,0.008154736125391488,0.029439330948695764,14,7,7,7,7,0.0013216848373063196,0.5
1,1,runtime_stop_fill,historical,efficiency24_before_signal,0,0.07244329657438921,0.20582981830382244,14,7,7,7,7,0.003722155307372483,0.5
1,1,runtime_stop_fill,historical,efficiency24_before_signal,1,0.07244329657438921,0.20582981830382244,13,9,4,4,9,0.010659068966510908,0.6923076923076923
1,1,runtime_stop_fill,historical,efficiency24_before_signal,2,0.07244329657438921,0.20582981830382244,14,6,8,8,6,-0.0016523959523284122,0.42857142857142855
1,1,runtime_stop_fill,historical,adx14,0,16.461474085366316,27.598799753246407,14,12,2,2,12,0.018541928266078703,0.8571428571428571
1,1,runtime_stop_fill,historical,adx14,1,16.461474085366316,27.598799753246407,13,5,8,8,5,-0.0012152701238182435,0.38461538461538464
1,1,runtime_stop_fill,historical,adx14,2,16.461474085366316,27.598799753246407,14,5,9,9,5,-0.005445996898586138,0.35714285714285715
1,1,runtime_stop_fill,historical,compression,0,0.6246590481753754,0.6739394386293422,14,8,6,6,8,0.007059240509331688,0.5714285714285714
1,1,runtime_stop_fill,historical,compression,1,0.6246590481753754,0.6739394386293422,13,8,5,5,8,0.006824562097635747,0.6153846153846154
1,1,runtime_stop_fill,historical,compression,2,0.6246590481753754,0.6739394386293422,14,6,8,8,6,-0.0014288676331892553,0.42857142857142855
1,1,runtime_stop_fill,historical,signal_tr_atr,0,1.8145782709175517,2.304203315255187,14,8,6,6,8,0.007923790517257098,0.5714285714285714
1,1,runtime_stop_fill,historical,signal_tr_atr,1,1.8145782709175517,2.304203315255187,13,7,6,6,7,0.0030486281000136296,0.5384615384615384
1,1,runtime_stop_fill,historical,signal_tr_atr,2,1.8145782709175517,2.304203315255187,14,7,7,7,7,0.0012128067852487277,0.5
1,1,runtime_stop_fill,historical,aligned_body_atr,0,1.4108261662037926,1.915537918587188,14,6,8,8,6,0.0004981188120554757,0.42857142857142855
1,1,runtime_stop_fill,historical,aligned_body_atr,1,1.4108261662037926,1.915537918587188,13,8,5,5,8,0.007350829283443679,0.6153846153846154
1,1,runtime_stop_fill,historical,aligned_body_atr,2,1.4108261662037926,1.915537918587188,14,8,6,6,8,0.004643577391551021,0.5714285714285714
1,1,runtime_stop_fill,reserved_replication,volume_ratio,0,2.6141031021400267,3.2991469148644237,3,2,1,1,2,0.008203438693778854,0.6666666666666666
1,1,runtime_stop_fill,reserved_replication,volume_ratio,1,2.6141031021400267,3.2991469148644237,4,4,0,0,4,0.023103069619002707,1.0
1,1,runtime_stop_fill,reserved_replication,volume_ratio,2,2.6141031021400267,3.2991469148644237,2,2,0,0,2,0.023755099454479144,1.0
1,1,runtime_stop_fill,reserved_replication,prior_atr_pct,0,0.005460243936022922,0.007173831353061319,4,4,0,0,4,0.023509527963443917,1.0
1,1,runtime_stop_fill,reserved_replication,prior_atr_pct,1,0.005460243936022922,0.007173831353061319,3,2,1,1,2,0.00817150323490372,0.6666666666666666
1,1,runtime_stop_fill,reserved_replication,prior_atr_pct,2,0.005460243936022922,0.007173831353061319,2,2,0,0,2,0.022990085953909417,1.0
1,1,runtime_stop_fill,reserved_replication,extension_atr,0,0.4046358452860179,0.7627772708434128,1,1,0,0,1,0.023105804503317205,1.0
1,1,runtime_stop_fill,reserved_replication,extension_atr,1,0.4046358452860179,0.7627772708434128,6,5,1,1,5,0.015853717368801912,0.8333333333333334
1,1,runtime_stop_fill,reserved_replication,extension_atr,2,0.4046358452860179,0.7627772708434128,2,2,0,0,2,0.023152342375088487,1.0
1,1,runtime_stop_fill,reserved_replication,aligned_rsi14,0,11.975046870463853,16.41214934696565,4,4,0,0,4,0.023583960304315935,1.0
1,1,runtime_stop_fill,reserved_replication,aligned_rsi14,1,11.975046870463853,16.41214934696565,1,1,0,0,1,0.023009998126691807,1.0
1,1,runtime_stop_fill,reserved_replication,aligned_rsi14,2,11.975046870463853,16.41214934696565,4,3,1,1,3,0.011796738530587532,0.75
1,1,runtime_stop_fill,reserved_replication,aligned_crsi,0,31.91142320236928,36.0497730196592,2,2,0,0,2,0.02326395647240869,1.0
1,1,runtime_stop_fill,reserved_replication,aligned_crsi,1,31.91142320236928,36.0497730196592,6,5,1,1,5,0.015789254240273522,0.8333333333333334
1,1,runtime_stop_fill,reserved_replication,aligned_crsi,2,31.91142320236928,36.0497730196592,1,1,0,0,1,0.023269355079847145,1.0
1,1,runtime_stop_fill,reserved_replication,aligned_btc24,0,0.0071530127675024984,0.02234200394983705,5,5,0,0,5,0.023242160003632318,1.0
1,1,runtime_stop_fill,reserved_replication,aligned_btc24,1,0.0071530127675024984,0.02234200394983705,2,2,0,0,2,0.023592843033300077,1.0
1,1,runtime_stop_fill,reserved_replication,aligned_btc24,2,0.0071530127675024984,0.02234200394983705,2,1,1,1,1,0.0005681536907719588,0.5
1,1,runtime_stop_fill,reserved_replication,aligned_own24,0,0.008154736125391488,0.029439330948695764,2,2,0,0,2,0.023345731760673658,1.0
1,1,runtime_stop_fill,reserved_replication,aligned_own24,1,0.008154736125391488,0.029439330948695764,4,4,0,0,4,0.023440045081481356,1.0
1,1,runtime_stop_fill,reserved_replication,aligned_own24,2,0.008154736125391488,0.029439330948695764,3,2,1,1,2,0.008027049873010976,0.6666666666666666
1,1,runtime_stop_fill,reserved_replication,efficiency24_before_signal,0,0.07244329657438921,0.20582981830382244,2,2,0,0,2,0.02341282115415272,1.0
1,1,runtime_stop_fill,reserved_replication,efficiency24_before_signal,1,0.07244329657438921,0.20582981830382244,2,2,0,0,2,0.023755099454479144,1.0
1,1,runtime_stop_fill,reserved_replication,efficiency24_before_signal,2,0.07244329657438921,0.20582981830382244,5,4,1,1,4,0.014039390449808387,0.8
1,1,runtime_stop_fill,reserved_replication,adx14,0,16.461474085366316,27.598799753246407,3,3,0,0,3,0.02363791092525452,1.0
1,1,runtime_stop_fill,reserved_replication,adx14,1,16.461474085366316,27.598799753246407,3,2,1,1,2,0.008177694759802024,0.6666666666666666
1,1,runtime_stop_fill,reserved_replication,adx14,2,16.461474085366316,27.598799753246407,3,3,0,0,3,0.02302865880371201,1.0
1,1,runtime_stop_fill,reserved_replication,compression,0,0.6246590481753754,0.6739394386293422,3,2,1,1,2,0.00826414707752047,0.6666666666666666
1,1,runtime_stop_fill,reserved_replication,compression,1,0.6246590481753754,0.6739394386293422,4,4,0,0,4,0.023440045081481356,1.0
1,1,runtime_stop_fill,reserved_replication,compression,2,0.6246590481753754,0.6739394386293422,2,2,0,0,2,0.022990085953909417,1.0
1,1,runtime_stop_fill,reserved_replication,signal_tr_atr,0,1.8145782709175517,2.304203315255187,4,4,0,0,4,0.023161575971382034,1.0
1,1,runtime_stop_fill,reserved_replication,signal_tr_atr,1,1.8145782709175517,2.304203315255187,4,4,0,0,4,0.023446377967390856,1.0
1,1,runtime_stop_fill,reserved_replication,signal_tr_atr,2,1.8145782709175517,2.304203315255187,1,0,1,1,0,-0.02189902228878591,0.0
1,1,runtime_stop_fill,reserved_replication,aligned_body_atr,0,1.4108261662037926,1.915537918587188,5,5,0,0,5,0.023396590818252936,1.0
1,1,runtime_stop_fill,reserved_replication,aligned_body_atr,1,1.4108261662037926,1.915537918587188,4,3,1,1,3,0.011887459843760247,0.75
1,1,runtime_stop_fill,reserved_replication,aligned_body_atr,2,1.4108261662037926,1.915537918587188,0,0,0,0,0,,
1,2,research_all_exit_slip,evaluation,volume_ratio,0,2.6141031021400267,3.2991469148644237,8,6,2,2,6,0.011969704112311599,0.75
1,2,research_all_exit_slip,evaluation,volume_ratio,1,2.6141031021400267,3.2991469148644237,1,0,1,1,0,-0.023242634777941668,0.0
1,2,research_all_exit_slip,evaluation,volume_ratio,2,2.6141031021400267,3.2991469148644237,6,4,2,2,4,0.00858779114881741,0.6666666666666666
1,2,research_all_exit_slip,evaluation,prior_atr_pct,0,0.005460243936022922,0.007173831353061319,3,1,2,2,1,-0.00721217806908379,0.3333333333333333
1,2,research_all_exit_slip,evaluation,prior_atr_pct,1,0.005460243936022922,0.007173831353061319,4,3,1,1,3,0.012761520481658541,0.75
1,2,research_all_exit_slip,evaluation,prior_atr_pct,2,0.005460243936022922,0.007173831353061319,8,6,2,2,6,0.0118290246617591,0.75
1,2,research_all_exit_slip,evaluation,extension_atr,0,0.4046358452860179,0.7627772708434128,6,3,3,3,3,0.00038136043877232936,0.5
1,2,research_all_exit_slip,evaluation,extension_atr,1,0.4046358452860179,0.7627772708434128,6,5,1,1,5,0.015839408626525744,0.8333333333333334
1,2,research_all_exit_slip,evaluation,extension_atr,2,0.4046358452860179,0.7627772708434128,3,2,1,1,2,0.008905710207222379,0.6666666666666666
1,2,research_all_exit_slip,evaluation,aligned_rsi14,0,11.975046870463853,16.41214934696565,7,4,3,3,4,0.0033648899514488913,0.5714285714285714
1,2,research_all_exit_slip,evaluation,aligned_rsi14,1,11.975046870463853,16.41214934696565,6,5,1,1,5,0.01670305150188002,0.8333333333333334
1,2,research_all_exit_slip,evaluation,aligned_rsi14,2,11.975046870463853,16.41214934696565,2,1,1,1,1,0.00013460317101660936,0.5
1,2,research_all_exit_slip,evaluation,aligned_crsi,0,31.91142320236928,36.0497730196592,2,1,1,1,1,0.00020740907345933451,0.5
1,2,research_all_exit_slip,evaluation,aligned_crsi,1,31.91142320236928,36.0497730196592,4,1,3,3,1,-0.011522914342417177,0.25
1,2,research_all_exit_slip,evaluation,aligned_crsi,2,31.91142320236928,36.0497730196592,9,8,1,1,8,0.018857620470689514,0.8888888888888888
1,2,research_all_exit_slip,evaluation,aligned_btc24,0,0.0071530127675024984,0.02234200394983705,6,4,2,2,4,0.007884901667444896,0.6666666666666666
1,2,research_all_exit_slip,evaluation,aligned_btc24,1,0.0071530127675024984,0.02234200394983705,8,6,2,2,6,0.012496871223340983,0.75
1,2,research_all_exit_slip,evaluation,aligned_btc24,2,0.0071530127675024984,0.02234200394983705,1,0,1,1,0,-0.023242634777941668,0.0
1,2,research_all_exit_slip,evaluation,aligned_own24,0,0.008154736125391488,0.029439330948695764,5,3,2,2,3,0.004804866188915109,0.6
1,2,research_all_exit_slip,evaluation,aligned_own24,1,0.008154736125391488,0.029439330948695764,8,6,2,2,6,0.012419222315148044,0.75
1,2,research_all_exit_slip,evaluation,aligned_own24,2,0.008154736125391488,0.029439330948695764,2,1,1,1,1,0.0003318177738478485,0.5
1,2,research_all_exit_slip,evaluation,efficiency24_before_signal,0,0.07244329657438921,0.20582981830382244,9,7,2,2,7,0.013636735248681385,0.7777777777777778
1,2,research_all_exit_slip,evaluation,efficiency24_before_signal,1,0.07244329657438921,0.20582981830382244,3,2,1,1,2,0.007697757929153314,0.6666666666666666
1,2,research_all_exit_slip,evaluation,efficiency24_before_signal,2,0.07244329657438921,0.20582981830382244,3,1,2,2,1,-0.007260715337378941,0.3333333333333333
1,2,research_all_exit_slip,evaluation,adx14,0,16.461474085366316,27.598799753246407,7,4,3,3,4,0.004088573034190845,0.5714285714285714
1,2,research_all_exit_slip,evaluation,adx14,1,16.461474085366316,27.598799753246407,5,4,1,1,4,0.01431257675071719,0.8
1,2,research_all_exit_slip,evaluation,adx14,2,16.461474085366316,27.598799753246407,3,2,1,1,2,0.007952950006844574,0.6666666666666666
1,2,research_all_exit_slip,evaluation,compression,0,0.6246590481753754,0.6739394386293422,4,3,1,1,3,0.012015028915134063,0.75
1,2,research_all_exit_slip,evaluation,compression,1,0.6246590481753754,0.6739394386293422,7,5,2,2,5,0.010524824961314109,0.7142857142857143
1,2,research_all_exit_slip,evaluation,compression,2,0.6246590481753754,0.6739394386293422,4,2,2,2,2,0.0005769636559301424,0.5
1,2,research_all_exit_slip,evaluation,signal_tr_atr,0,1.8145782709175517,2.304203315255187,5,5,0,0,5,0.023655817307419228,1.0
1,2,research_all_exit_slip,evaluation,signal_tr_atr,1,1.8145782709175517,2.304203315255187,6,4,2,2,4,0.00862787717766208,0.6666666666666666
1,2,research_all_exit_slip,evaluation,signal_tr_atr,2,1.8145782709175517,2.304203315255187,4,1,3,3,1,-0.01150115114740326,0.25
1,2,research_all_exit_slip,evaluation,aligned_body_atr,0,1.4108261662037926,1.915537918587188,8,7,1,1,7,0.017835997578391515,0.875
1,2,research_all_exit_slip,evaluation,aligned_body_atr,1,1.4108261662037926,1.915537918587188,4,2,2,2,2,0.0009199160796265586,0.5
1,2,research_all_exit_slip,evaluation,aligned_body_atr,2,1.4108261662037926,1.915537918587188,3,1,2,2,1,-0.007441966644060921,0.3333333333333333
1,2,research_all_exit_slip,historical,volume_ratio,0,2.6141031021400267,3.2991469148644237,14,8,6,6,8,0.003752425957516059,0.5714285714285714
1,2,research_all_exit_slip,historical,volume_ratio,1,2.6141031021400267,3.2991469148644237,13,7,6,6,7,0.0046103069239820105,0.5384615384615384
1,2,research_all_exit_slip,historical,volume_ratio,2,2.6141031021400267,3.2991469148644237,14,5,9,9,5,-0.006039219759645124,0.35714285714285715
1,2,research_all_exit_slip,historical,prior_atr_pct,0,0.005460243936022922,0.007173831353061319,14,8,6,6,8,0.006697319960452636,0.5714285714285714
1,2,research_all_exit_slip,historical,prior_atr_pct,1,0.005460243936022922,0.007173831353061319,13,7,6,6,7,0.0026600859053806498,0.5384615384615384
1,2,research_all_exit_slip,historical,prior_atr_pct,2,0.005460243936022922,0.007173831353061319,14,5,9,9,5,-0.00717319424530901,0.35714285714285715
1,2,research_all_exit_slip,historical,extension_atr,0,0.4046358452860179,0.7627772708434128,14,9,5,5,9,0.009771872427371578,0.6428571428571429
1,2,research_all_exit_slip,historical,extension_atr,1,0.4046358452860179,0.7627772708434128,13,8,5,5,8,0.006301906718795943,0.6153846153846154
1,2,research_all_exit_slip,historical,extension_atr,2,0.4046358452860179,0.7627772708434128,14,3,11,11,3,-0.013629437467542152,0.21428571428571427
1,2,research_all_exit_slip,historical,aligned_rsi14,0,11.975046870463853,16.41214934696565,14,8,6,6,8,0.004854410477586853,0.5714285714285714
1,2,research_all_exit_slip,historical,aligned_rsi14,1,11.975046870463853,16.41214934696565,13,7,6,6,7,0.004441886406048741,0.5384615384615384
1,2,research_all_exit_slip,historical,aligned_rsi14,2,11.975046870463853,16.41214934696565,14,5,9,9,5,-0.006984813798777882,0.35714285714285715
1,2,research_all_exit_slip,historical,aligned_crsi,0,31.91142320236928,36.0497730196592,14,9,5,5,9,0.009561046296166576,0.6428571428571429
1,2,research_all_exit_slip,historical,aligned_crsi,1,31.91142320236928,36.0497730196592,13,4,9,9,4,-0.009180060662680784,0.3076923076923077
1,2,research_all_exit_slip,historical,aligned_crsi,2,31.91142320236928,36.0497730196592,14,7,7,7,7,0.000957501232176955,0.5
1,2,research_all_exit_slip,historical,aligned_btc24,0,0.0071530127675024984,0.02234200394983705,14,7,7,7,7,0.0035489419301171607,0.5
1,2,research_all_exit_slip,historical,aligned_btc24,1,0.0071530127675024984,0.02234200394983705,13,5,8,8,5,-0.005105322985968174,0.38461538461538464
1,2,research_all_exit_slip,historical,aligned_btc24,2,0.0071530127675024984,0.02234200394983705,14,8,6,6,8,0.003185920612707517,0.5714285714285714
1,2,research_all_exit_slip,historical,aligned_own24,0,0.008154736125391488,0.029439330948695764,14,8,6,6,8,0.007064532464986327,0.5714285714285714
1,2,research_all_exit_slip,historical,aligned_own24,1,0.008154736125391488,0.029439330948695764,13,6,7,7,6,-0.0018217994948185332,0.46153846153846156
1,2,research_all_exit_slip,historical,aligned_own24,2,0.008154736125391488,0.029439330948695764,14,6,8,8,6,-0.003378656021086316,0.42857142857142855
1,2,research_all_exit_slip,historical,efficiency24_before_signal,0,0.07244329657438921,0.20582981830382244,14,6,8,8,6,-0.0006148277134882032,0.42857142857142855
1,2,research_all_exit_slip,historical,efficiency24_before_signal,1,0.07244329657438921,0.20582981830382244,13,8,5,5,8,0.005671412619621404,0.6153846153846154
1,2,research_all_exit_slip,historical,efficiency24_before_signal,2,0.07244329657438921,0.20582981830382244,14,6,8,8,6,-0.0026572785203060134,0.42857142857142855
1,2,research_all_exit_slip,historical,adx14,0,16.461474085366316,27.598799753246407,14,11,3,3,11,0.014620487617458874,0.7857142857142857
1,2,research_all_exit_slip,historical,adx14,1,16.461474085366316,27.598799753246407,13,4,9,9,4,-0.00644745447742962,0.3076923076923077
1,2,research_all_exit_slip,historical,adx14,2,16.461474085366316,27.598799753246407,14,5,9,9,5,-0.006639360118277143,0.35714285714285715
1,2,research_all_exit_slip,historical,compression,0,0.6246590481753754,0.6739394386293422,14,8,6,6,8,0.0063135264738121925,0.5714285714285714
1,2,research_all_exit_slip,historical,compression,1,0.6246590481753754,0.6739394386293422,13,7,6,6,7,0.0015205201172319993,0.5384615384615384
1,2,research_all_exit_slip,historical,compression,2,0.6246590481753754,0.6739394386293422,14,5,9,9,5,-0.005731232526816247,0.35714285714285715
1,2,research_all_exit_slip,historical,signal_tr_atr,0,1.8145782709175517,2.304203315255187,14,7,7,7,7,0.0028477489897962152,0.5
1,2,research_all_exit_slip,historical,signal_tr_atr,1,1.8145782709175517,2.304203315255187,13,6,7,7,6,-0.001531891629318284,0.46153846153846156
1,2,research_all_exit_slip,historical,signal_tr_atr,2,1.8145782709175517,2.304203315255187,14,7,7,7,7,0.0005689272932821356,0.5
1,2,research_all_exit_slip,historical,aligned_body_atr,0,1.4108261662037926,1.915537918587188,14,5,9,9,5,-0.004670915969601252,0.35714285714285715
1,2,research_all_exit_slip,historical,aligned_body_atr,1,1.4108261662037926,1.915537918587188,13,7,6,6,7,0.003037315067743298,0.5384615384615384
1,2,research_all_exit_slip,historical,aligned_body_atr,2,1.4108261662037926,1.915537918587188,14,8,6,6,8,0.0038447574625509904,0.5714285714285714
1,2,research_all_exit_slip,reserved_replication,volume_ratio,0,2.6141031021400267,3.2991469148644237,3,2,1,1,2,0.007084353751247449,0.6666666666666666
1,2,research_all_exit_slip,reserved_replication,volume_ratio,1,2.6141031021400267,3.2991469148644237,4,4,0,0,4,0.024363904779310133,1.0
1,2,research_all_exit_slip,reserved_replication,volume_ratio,2,2.6141031021400267,3.2991469148644237,2,1,1,1,1,1.4838415339855915e-05,0.5
1,2,research_all_exit_slip,reserved_replication,prior_atr_pct,0,0.005460243936022922,0.007173831353061319,4,3,1,1,3,0.01181231258608215,0.75
1,2,research_all_exit_slip,reserved_replication,prior_atr_pct,1,0.005460243936022922,0.007173831353061319,3,2,1,1,2,0.00724644592742748,0.6666666666666666
1,2,research_all_exit_slip,reserved_replication,prior_atr_pct,2,0.005460243936022922,0.007173831353061319,2,2,0,0,2,0.02487488453752577,1.0
1,2,research_all_exit_slip,reserved_replication,extension_atr,0,0.4046358452860179,0.7627772708434128,1,1,0,0,1,0.022214990158939796,1.0
1,2,research_all_exit_slip,reserved_replication,extension_atr,1,0.4046358452860179,0.7627772708434128,6,5,1,1,5,0.01602390512500646,0.8333333333333334
1,2,research_all_exit_slip,reserved_replication,extension_atr,2,0.4046358452860179,0.7627772708434128,2,1,1,1,1,0.00018996814634201012,0.5
1,2,research_all_exit_slip,reserved_replication,aligned_rsi14,0,11.975046870463853,16.41214934696565,4,3,1,1,3,0.011710258630790928,0.75
1,2,research_all_exit_slip,reserved_replication,aligned_rsi14,1,11.975046870463853,16.41214934696565,1,1,0,0,1,0.022701266687479887,1.0
1,2,research_all_exit_slip,reserved_replication,aligned_rsi14,2,11.975046870463853,16.41214934696565,4,3,1,1,3,0.012299013997754748,0.75
1,2,research_all_exit_slip,reserved_replication,aligned_crsi,0,31.91142320236928,36.0497730196592,2,2,0,0,2,0.023609786756824444,1.0
1,2,research_all_exit_slip,reserved_replication,aligned_crsi,1,31.91142320236928,36.0497730196592,6,5,1,1,5,0.015792376355521564,0.8333333333333334
1,2,research_all_exit_slip,reserved_replication,aligned_crsi,2,31.91142320236928,36.0497730196592,1,0,1,1,0,-0.023235474445115673,0.0
1,2,research_all_exit_slip,reserved_replication,aligned_btc24,0,0.0071530127675024984,0.02234200394983705,5,4,1,1,4,0.013698428018757602,0.8
1,2,research_all_exit_slip,reserved_replication,aligned_btc24,1,0.0071530127675024984,0.02234200394983705,2,2,0,0,2,0.024699754806523616,1.0
1,2,research_all_exit_slip,reserved_replication,aligned_btc24,2,0.0071530127675024984,0.02234200394983705,2,1,1,1,1,0.0004233537474136687,0.5
1,2,research_all_exit_slip,reserved_replication,aligned_own24,0,0.008154736125391488,0.029439330948695764,2,1,1,1,1,0.0008845544547967116,0.5
1,2,research_all_exit_slip,reserved_replication,aligned_own24,1,0.008154736125391488,0.029439330948695764,4,4,0,0,4,0.022497045614997494,1.0
1,2,research_all_exit_slip,reserved_replication,aligned_own24,2,0.008154736125391488,0.029439330948695764,3,2,1,1,2,0.008993688610693062,0.6666666666666666
1,2,research_all_exit_slip,reserved_replication,efficiency24_before_signal,0,0.07244329657438921,0.20582981830382244,2,2,0,0,2,0.023405678846242003,1.0
1,2,research_all_exit_slip,reserved_replication,efficiency24_before_signal,1,0.07244329657438921,0.20582981830382244,2,1,1,1,1,1.4838415339855915e-05,0.5
1,2,research_all_exit_slip,reserved_replication,efficiency24_before_signal,2,0.07244329657438921,0.20582981830382244,5,4,1,1,4,0.014379464535699776,0.8
1,2,research_all_exit_slip,reserved_replication,adx14,0,16.461474085366316,27.598799753246407,3,2,1,1,2,0.007278817056151539,0.6666666666666666
1,2,research_all_exit_slip,reserved_replication,adx14,1,16.461474085366316,27.598799753246407,3,2,1,1,2,0.008312382266405542,0.6666666666666666
1,2,research_all_exit_slip,reserved_replication,adx14,2,16.461474085366316,27.598799753246407,3,3,0,0,3,0.023988253077997113,1.0
1,2,research_all_exit_slip,reserved_replication,compression,0,0.6246590481753754,0.6739394386293422,3,1,2,2,1,-0.006999864777792977,0.3333333333333333
1,2,research_all_exit_slip,reserved_replication,compression,1,0.6246590481753754,0.6739394386293422,4,4,0,0,4,0.022497045614997494,1.0
1,2,research_all_exit_slip,reserved_replication,compression,2,0.6246590481753754,0.6739394386293422,2,2,0,0,2,0.02487488453752577,1.0
1,2,research_all_exit_slip,reserved_replication,signal_tr_atr,0,1.8145782709175517,2.304203315255187,4,3,1,1,3,0.01265118348358129,0.75
1,2,research_all_exit_slip,reserved_replication,signal_tr_atr,1,1.8145782709175517,2.304203315255187,4,4,0,0,4,0.022725581627577447,1.0
1,2,research_all_exit_slip,reserved_replication,signal_tr_atr,2,1.8145782709175517,2.304203315255187,1,0,1,1,0,-0.022768703242972355,0.0
1,2,research_all_exit_slip,reserved_replication,aligned_body_atr,0,1.4108261662037926,1.915537918587188,5,4,1,1,4,0.01467672173631609,0.8
1,2,research_all_exit_slip,reserved_replication,aligned_body_atr,1,1.4108261662037926,1.915537918587188,4,3,1,1,3,0.011338687130020534,0.75
1,2,research_all_exit_slip,reserved_replication,aligned_body_atr,2,1.4108261662037926,1.915537918587188,0,0,0,0,0,,
1,2,runtime_stop_fill,evaluation,volume_ratio,0,2.6141031021400267,3.2991469148644237,8,6,2,2,6,0.012336779338468839,0.75
1,2,runtime_stop_fill,evaluation,volume_ratio,1,2.6141031021400267,3.2991469148644237,1,0,1,1,0,-0.02226417809800847,0.0
1,2,runtime_stop_fill,evaluation,volume_ratio,2,2.6141031021400267,3.2991469148644237,6,4,2,2,4,0.009084397879556524,0.6666666666666666
1,2,runtime_stop_fill,evaluation,prior_atr_pct,0,0.005460243936022922,0.007173831353061319,3,1,2,2,1,-0.006545401883200437,0.3333333333333333
1,2,runtime_stop_fill,evaluation,prior_atr_pct,1,0.005460243936022922,0.007173831353061319,4,3,1,1,3,0.01300613465164184,0.75
1,2,runtime_stop_fill,evaluation,prior_atr_pct,2,0.005460243936022922,0.007173831353061319,8,6,2,2,6,0.012318513866264414,0.75
1,2,runtime_stop_fill,evaluation,extension_atr,0,0.4046358452860179,0.7627772708434128,6,3,3,3,3,0.0010412025114984746,0.5
1,2,runtime_stop_fill,evaluation,extension_atr,1,0.4046358452860179,0.7627772708434128,6,5,1,1,5,0.01600248473984794,0.8333333333333334
1,2,runtime_stop_fill,evaluation,extension_atr,2,0.4046358452860179,0.7627772708434128,3,2,1,1,2,0.00955810679300095,0.6666666666666666
1,2,runtime_stop_fill,evaluation,aligned_rsi14,0,11.975046870463853,16.41214934696565,7,4,3,3,4,0.004070151400273233,0.5714285714285714
1,2,runtime_stop_fill,evaluation,aligned_rsi14,1,11.975046870463853,16.41214934696565,6,5,1,1,5,0.016866286843867054,0.8333333333333334
1,2,runtime_stop_fill,evaluation,aligned_rsi14,2,11.975046870463853,16.41214934696565,2,1,1,1,1,0.0006238315109832089,0.5
1,2,runtime_stop_fill,evaluation,aligned_crsi,0,31.91142320236928,36.0497730196592,2,1,1,1,1,0.0007178673263232675,0.5
1,2,runtime_stop_fill,evaluation,aligned_crsi,1,31.91142320236928,36.0497730196592,4,1,3,3,1,-0.010299082920425997,0.25
1,2,runtime_stop_fill,evaluation,aligned_crsi,2,31.91142320236928,36.0497730196592,9,8,1,1,8,0.018966337879570982,0.8888888888888888
1,2,runtime_stop_fill,evaluation,aligned_btc24,0,0.0071530127675024984,0.02234200394983705,6,4,2,2,4,0.008381252711288827,0.6666666666666666
1,2,runtime_stop_fill,evaluation,aligned_btc24,1,0.0071530127675024984,0.02234200394983705,8,6,2,2,6,0.01286413821466961,0.75
1,2,runtime_stop_fill,evaluation,aligned_btc24,2,0.0071530127675024984,0.02234200394983705,1,0,1,1,0,-0.02226417809800847,0.0
1,2,runtime_stop_fill,evaluation,aligned_own24,0,0.008154736125391488,0.029439330948695764,5,3,2,2,3,0.005400794265802044,0.6
1,2,runtime_stop_fill,evaluation,aligned_own24,1,0.008154736125391488,0.029439330948695764,8,6,2,2,6,0.01278629754130528,0.75
1,2,runtime_stop_fill,evaluation,aligned_own24,2,0.008154736125391488,0.029439330948695764,2,1,1,1,1,0.0008210461138144481,0.5
1,2,runtime_stop_fill,evaluation,efficiency24_before_signal,0,0.07244329657438921,0.20582981830382244,9,7,2,2,7,0.013967635944577339,0.7777777777777778
1,2,runtime_stop_fill,evaluation,efficiency24_before_signal,1,0.07244329657438921,0.20582981830382244,3,2,1,1,2,0.00835066588872225,0.6666666666666666
1,2,runtime_stop_fill,evaluation,efficiency24_before_signal,2,0.07244329657438921,0.20582981830382244,3,1,2,2,1,-0.006608092426760476,0.3333333333333333
1,2,runtime_stop_fill,evaluation,adx14,0,16.461474085366316,27.598799753246407,7,4,3,3,4,0.004653932793474528,0.5714285714285714
1,2,runtime_stop_fill,evaluation,adx14,1,16.461474085366316,27.598799753246407,5,4,1,1,4,0.014704321526458553,0.8
1,2,runtime_stop_fill,evaluation,adx14,2,16.461474085366316,27.598799753246407,3,2,1,1,2,0.008279102233488973,0.6666666666666666
1,2,runtime_stop_fill,evaluation,compression,0,0.6246590481753754,0.6739394386293422,4,3,1,1,3,0.012270258041566031,0.75
1,2,runtime_stop_fill,evaluation,compression,1,0.6246590481753754,0.6739394386293422,7,5,2,2,5,0.010944422183976966,0.7142857142857143
1,2,runtime_stop_fill,evaluation,compression,2,0.6246590481753754,0.6739394386293422,4,2,2,2,2,0.0013111141082446194,0.5
1,2,runtime_stop_fill,evaluation,signal_tr_atr,0,1.8145782709175517,2.304203315255187,5,5,0,0,5,0.023655817307419228,1.0
1,2,runtime_stop_fill,evaluation,signal_tr_atr,1,1.8145782709175517,2.304203315255187,6,4,2,2,4,0.0091173108125384,0.6666666666666666
1,2,runtime_stop_fill,evaluation,signal_tr_atr,2,1.8145782709175517,2.304203315255187,4,1,3,3,1,-0.010511626881311291,0.25
1,2,runtime_stop_fill,evaluation,aligned_body_atr,0,1.4108261662037926,1.915537918587188,8,7,1,1,7,0.017963612141607497,0.875
1,2,runtime_stop_fill,evaluation,aligned_body_atr,1,1.4108261662037926,1.915537918587188,4,2,2,2,2,0.0016538276889437866,0.5
1,2,runtime_stop_fill,evaluation,aligned_body_atr,2,1.4108261662037926,1.915537918587188,3,1,2,2,1,-0.00646258800051792,0.3333333333333333
1,2,runtime_stop_fill,historical,volume_ratio,0,2.6141031021400267,3.2991469148644237,14,8,6,6,8,0.004320717317026165,0.5714285714285714
1,2,runtime_stop_fill,historical,volume_ratio,1,2.6141031021400267,3.2991469148644237,13,7,6,6,7,0.005146969797125183,0.5384615384615384
1,2,runtime_stop_fill,historical,volume_ratio,2,2.6141031021400267,3.2991469148644237,14,5,9,9,5,-0.005319051470474531,0.35714285714285715
1,2,runtime_stop_fill,historical,prior_atr_pct,0,0.005460243936022922,0.007173831353061319,14,8,6,6,8,0.007128920137318495,0.5714285714285714
1,2,runtime_stop_fill,historical,prior_atr_pct,1,0.005460243936022922,0.007173831353061319,13,7,6,6,7,0.0031215312388984747,0.5384615384615384
1,2,runtime_stop_fill,historical,prior_atr_pct,2,0.005460243936022922,0.007173831353061319,14,5,9,9,5,-0.006246489915270634,0.35714285714285715
1,2,runtime_stop_fill,historical,extension_atr,0,0.4046358452860179,0.7627772708434128,14,9,5,5,9,0.010130478004498207,0.6428571428571429
1,2,runtime_stop_fill,historical,extension_atr,1,0.4046358452860179,0.7627772708434128,13,8,5,5,8,0.006691458682656187,0.6153846153846154
1,2,runtime_stop_fill,historical,extension_atr,2,0.4046358452860179,0.7627772708434128,14,3,11,11,3,-0.012562980408796793,0.21428571428571427
1,2,runtime_stop_fill,historical,aligned_rsi14,0,11.975046870463853,16.41214934696565,14,8,6,6,8,0.005355885716387301,0.5714285714285714
1,2,runtime_stop_fill,historical,aligned_rsi14,1,11.975046870463853,16.41214934696565,13,7,6,6,7,0.0050570751939581614,0.5384615384615384
1,2,runtime_stop_fill,historical,aligned_rsi14,2,11.975046870463853,16.41214934696565,14,5,9,9,5,-0.006270746309752005,0.35714285714285715
1,2,runtime_stop_fill,historical,aligned_crsi,0,31.91142320236928,36.0497730196592,14,9,5,5,9,0.009919694326994471,0.6428571428571429
1,2,runtime_stop_fill,historical,aligned_crsi,1,31.91142320236928,36.0497730196592,13,4,9,9,4,-0.008414386028914991,0.3076923076923077
1,2,runtime_stop_fill,historical,aligned_crsi,2,31.91142320236928,36.0497730196592,14,7,7,7,7,0.0016746590723087534,0.5
1,2,runtime_stop_fill,historical,aligned_btc24,0,0.0071530127675024984,0.02234200394983705,14,7,7,7,7,0.00412020726419537,0.5
1,2,runtime_stop_fill,historical,aligned_btc24,1,0.0071530127675024984,0.02234200394983705,13,5,8,8,5,-0.00440854692085213,0.38461538461538464
1,2,runtime_stop_fill,historical,aligned_btc24,2,0.0071530127675024984,0.02234200394983705,14,8,6,6,8,0.0037544383919066245,0.5714285714285714
1,2,runtime_stop_fill,historical,aligned_own24,0,0.008154736125391488,0.029439330948695764,14,8,6,6,8,0.007496072172197521,0.5714285714285714
1,2,runtime_stop_fill,historical,aligned_own24,1,0.008154736125391488,0.029439330948695764,13,6,7,7,6,-0.0012069005973747392,0.46153846153846156
1,2,runtime_stop_fill,historical,aligned_own24,2,0.008154736125391488,0.029439330948695764,14,6,8,8,6,-0.0025943838164673894,0.42857142857142855
1,2,runtime_stop_fill,historical,efficiency24_before_signal,0,0.07244329657438921,0.20582981830382244,14,6,8,8,6,9.635246774569851e-05,0.42857142857142855
1,2,runtime_stop_fill,historical,efficiency24_before_signal,1,0.07244329657438921,0.20582981830382244,13,8,5,5,8,0.006135777082134522,0.6153846153846154
1,2,runtime_stop_fill,historical,efficiency24_before_signal,2,0.07244329657438921,0.20582981830382244,14,6,8,8,6,-0.002012864814417021,0.42857142857142855
1,2,runtime_stop_fill,historical,adx14,0,16.461474085366316,27.598799753246407,14,11,3,3,11,0.014903111690492521,0.7857142857142857
1,2,runtime_stop_fill,historical,adx14,1,16.461474085366316,27.598799753246407,13,4,9,9,4,-0.005672251000187845,0.3076923076923077
1,2,runtime_stop_fill,historical,adx14,2,16.461474085366316,27.598799753246407,14,5,9,9,5,-0.00585502653215022,0.35714285714285715
1,2,runtime_stop_fill,historical,compression,0,0.6246590481753754,0.6739394386293422,14,8,6,6,8,0.0067481394815008715,0.5714285714285714
1,2,runtime_stop_fill,historical,compression,1,0.6246590481753754,0.6739394386293422,13,7,6,6,7,0.0021358830304060014,0.5384615384615384
1,2,runtime_stop_fill,historical,compression,2,0.6246590481753754,0.6739394386293422,14,5,9,9,5,-0.0049504644944242835,0.35714285714285715
1,2,runtime_stop_fill,historical,signal_tr_atr,0,1.8145782709175517,2.304203315255187,14,7,7,7,7,0.0034280826559363697,0.5
1,2,runtime_stop_fill,historical,signal_tr_atr,1,1.8145782709175517,2.304203315255187,13,6,7,7,6,-0.0008416463619667668,0.46153846153846156
1,2,runtime_stop_fill,historical,signal_tr_atr,2,1.8145782709175517,2.304203315255187,14,7,7,7,7,0.0011344410526292167,0.5
1,2,runtime_stop_fill,historical,aligned_body_atr,0,1.4108261662037926,1.915537918587188,14,5,9,9,5,-0.003881121541286473,0.35714285714285715
1,2,runtime_stop_fill,historical,aligned_body_atr,1,1.4108261662037926,1.915537918587188,13,7,6,6,7,0.0035773173868945286,0.5384615384615384
1,2,runtime_stop_fill,historical,aligned_body_atr,2,1.4108261662037926,1.915537918587188,14,8,6,6,8,0.0043403217687665715,0.5714285714285714
1,2,runtime_stop_fill,reserved_replication,volume_ratio,0,2.6141031021400267,3.2991469148644237,3,2,1,1,2,0.007410799035790917,0.6666666666666666
1,2,runtime_stop_fill,reserved_replication,volume_ratio,1,2.6141031021400267,3.2991469148644237,4,4,0,0,4,0.024363904779310133,1.0
1,2,runtime_stop_fill,reserved_replication,volume_ratio,2,2.6141031021400267,3.2991469148644237,2,1,1,1,1,0.0005042077651574162,0.5
1,2,runtime_stop_fill,reserved_replication,prior_atr_pct,0,0.005460243936022922,0.007173831353061319,4,3,1,1,3,0.01205699726099093,0.75
1,2,runtime_stop_fill,reserved_replication,prior_atr_pct,1,0.005460243936022922,0.007173831353061319,3,2,1,1,2,0.007572891211970949,0.6666666666666666
1,2,runtime_stop_fill,reserved_replication,prior_atr_pct,2,0.005460243936022922,0.007173831353061319,2,2,0,0,2,0.02487488453752577,1.0
1,2,runtime_stop_fill,reserved_replication,extension_atr,0,0.4046358452860179,0.7627772708434128,1,1,0,0,1,0.022214990158939796,1.0
1,2,runtime_stop_fill,reserved_replication,extension_atr,1,0.4046358452860179,0.7627772708434128,6,5,1,1,5,0.016187127767278195,0.8333333333333334
1,2,runtime_stop_fill,reserved_replication,extension_atr,2,0.4046358452860179,0.7627772708434128,2,1,1,1,1,0.0006793374961595704,0.5
1,2,runtime_stop_fill,reserved_replication,aligned_rsi14,0,11.975046870463853,16.41214934696565,4,3,1,1,3,0.011954943305699708,0.75
1,2,runtime_stop_fill,reserved_replication,aligned_rsi14,1,11.975046870463853,16.41214934696565,1,1,0,0,1,0.022701266687479887,1.0
1,2,runtime_stop_fill,reserved_replication,aligned_rsi14,2,11.975046870463853,16.41214934696565,4,3,1,1,3,0.012543847961162348,0.75
1,2,runtime_stop_fill,reserved_replication,aligned_crsi,0,31.91142320236928,36.0497730196592,2,2,0,0,2,0.023609786756824444,1.0
1,2,runtime_stop_fill,reserved_replication,aligned_crsi,1,31.91142320236928,36.0497730196592,6,5,1,1,5,0.015955598997793297,0.8333333333333334
1,2,runtime_stop_fill,reserved_replication,aligned_crsi,2,31.91142320236928,36.0497730196592,1,0,1,1,0,-0.022256735745480552,0.0
1,2,runtime_stop_fill,reserved_replication,aligned_btc24,0,0.0071530127675024984,0.02234200394983705,5,4,1,1,4,0.013894175758684627,0.8
1,2,runtime_stop_fill,reserved_replication,aligned_btc24,1,0.0071530127675024984,0.02234200394983705,2,2,0,0,2,0.024699754806523616,1.0
1,2,runtime_stop_fill,reserved_replication,aligned_btc24,2,0.0071530127675024984,0.02234200394983705,2,1,1,1,1,0.0009130216742288706,0.5
1,2,runtime_stop_fill,reserved_replication,aligned_own24,0,0.008154736125391488,0.029439330948695764,2,1,1,1,1,0.001373923804614272,0.5
1,2,runtime_stop_fill,reserved_replication,aligned_own24,1,0.008154736125391488,0.029439330948695764,4,4,0,0,4,0.022497045614997494,1.0
1,2,runtime_stop_fill,reserved_replication,aligned_own24,2,0.008154736125391488,0.029439330948695764,3,2,1,1,2,0.00932013389523653,0.6666666666666666
1,2,runtime_stop_fill,reserved_replication,efficiency24_before_signal,0,0.07244329657438921,0.20582981830382244,2,2,0,0,2,0.023405678846242003,1.0
1,2,runtime_stop_fill,reserved_replication,efficiency24_before_signal,1,0.07244329657438921,0.20582981830382244,2,1,1,1,1,0.0005042077651574162,0.5
1,2,runtime_stop_fill,reserved_replication,efficiency24_before_signal,2,0.07244329657438921,0.20582981830382244,5,4,1,1,4,0.014575331706425856,0.8
1,2,runtime_stop_fill,reserved_replication,adx14,0,16.461474085366316,27.598799753246407,3,2,1,1,2,0.0076050632893632465,0.6666666666666666
1,2,runtime_stop_fill,reserved_replication,adx14,1,16.461474085366316,27.598799753246407,3,2,1,1,2,0.00863882755094901,0.6666666666666666
1,2,runtime_stop_fill,reserved_replication,adx14,2,16.461474085366316,27.598799753246407,3,3,0,0,3,0.023988253077997113,1.0
1,2,runtime_stop_fill,reserved_replication,compression,0,0.6246590481753754,0.6739394386293422,3,1,2,2,1,-0.006347173260037802,0.3333333333333333
1,2,runtime_stop_fill,reserved_replication,compression,1,0.6246590481753754,0.6739394386293422,4,4,0,0,4,0.022497045614997494,1.0
1,2,runtime_stop_fill,reserved_replication,compression,2,0.6246590481753754,0.6739394386293422,2,2,0,0,2,0.02487488453752577,1.0
1,2,runtime_stop_fill,reserved_replication,signal_tr_atr,0,1.8145782709175517,2.304203315255187,4,3,1,1,3,0.01289586815849007,0.75
1,2,runtime_stop_fill,reserved_replication,signal_tr_atr,1,1.8145782709175517,2.304203315255187,4,4,0,0,4,0.022725581627577447,1.0
1,2,runtime_stop_fill,reserved_replication,signal_tr_atr,2,1.8145782709175517,2.304203315255187,1,0,1,1,0,-0.02178936738934195,0.0
1,2,runtime_stop_fill,reserved_replication,aligned_body_atr,0,1.4108261662037926,1.915537918587188,5,4,1,1,4,0.014872469476243114,0.8
1,2,runtime_stop_fill,reserved_replication,aligned_body_atr,1,1.4108261662037926,1.915537918587188,4,3,1,1,3,0.011583521093428136,0.75
1,2,runtime_stop_fill,reserved_replication,aligned_body_atr,2,1.4108261662037926,1.915537918587188,0,0,0,0,0,,
