poll_minutes,arm,partition,stress,grouping,symbol,n,n_closed,mean,closed_mean,pf,win_rate,sum_return_units,average_win,average_loss,max_losing_streak,closed_trade_drawdown,mean_gross,mean_fees,mean_funding,median_hours,p95_hours,max_hours,boundary_count,boundary_net,target_count,stop_count,regime_count,ambiguous_count,mean_R,stop_rate,closed_win_rate,mean_quoted,mean_slippage_drag,side,entry_year
0,poll_0m,historical,1,symbol,BTCUSDT,15,15,0.0084306497446769,0.0084306497446769,2.1918249387471342,0.6666666666666666,0.12645974617015351,0.02325657203437515,-0.021221194834719605,1,0.022781630571917677,0.009498000000000022,0.00110225225,-3.4901994676879027e-05,19.083333333333332,98.04833333333333,106.25,0,0.0,10,5,0,0,0.421532487233845,0.3333333333333333,0.6666666666666666,0.010501999999999923,0.0010039999999999012,,
0,poll_0m,historical,1,symbol,ETHUSDT,17,17,-0.0030561892396414993,-0.0030561892396414993,0.7590560122260265,0.4117647058823529,-0.05195521707390549,0.023382387542079778,-0.021563192986846395,4,0.08634882687526928,-0.0019766176470587637,0.0011066165808823528,-2.70449882996156e-05,12.683333333333334,75.95666666666662,137.71666666666667,0,0.0,7,10,0,0,-0.15280946198207496,0.5882352941176471,0.4117647058823529,-0.0009645588235294678,0.0010120588235292957,,
0,poll_0m,historical,1,symbol,SOLUSDT,9,9,0.0077999407479449855,0.0077999407479449855,2.0603286855315814,0.6666666666666666,0.07019946673150487,0.02273414162191748,-0.022068460999999998,2,0.044136921999999995,0.00899555555555557,0.0011020111666666668,9.360364094391985e-05,5.883333333333334,30.55999999999999,40.6,0,0.0,6,3,0,0,0.3899970373972493,0.3333333333333333,0.6666666666666666,0.01100444444444436,0.0020088888888887884,,
0,poll_0m,historical,1,side,,18,18,-0.003821812880893118,-0.003821812880893118,0.705899287905263,0.3888888888888889,-0.06879263185607612,0.02358796923410494,-0.021264401499528247,4,0.10335575702817153,-0.0030283333333332627,0.0011016655833333334,-0.0003081860357734781,15.266666666666667,70.62333333333322,137.71666666666667,0,0.0,7,11,0,0,-0.1910906440446559,0.6111111111111112,0.3888888888888889,-0.001971666666666705,0.0010566666666665576,-1.0,
0,poll_0m,historical,1,side,,23,23,0.009282462073209955,0.009282462073209955,2.386027896964652,0.6956521739130435,0.213496627683829,0.022970718639442514,-0.022004981506750176,3,0.06524019796635475,0.0106233695652174,0.0011058428532608692,0.00023506463874657535,12.683333333333334,92.71666666666664,106.25,0,0.0,16,7,0,0,0.46412310366049775,0.30434782608695654,0.6956521739130435,0.011985326086956427,0.0013619565217390262,1.0,
0,poll_0m,historical,1,symbol+side,BTCUSDT,9,9,0.003759328379340826,0.003759328379340826,1.4060512684721,0.5555555555555556,0.03383395541406743,0.023431659803149554,-0.02083108590042009,2,0.04018260475133187,0.004502500000000052,0.001097523625,-0.00035435200434077546,16.283333333333335,47.52999999999999,58.78333333333333,0,0.0,5,4,0,0,0.18796641896704128,0.4444444444444444,0.5555555555555556,0.005497499999999933,0.0009949999999998818,-1.0,
0,poll_0m,historical,1,symbol+side,BTCUSDT,6,6,0.01543763179268101,0.01543763179268101,5.065810410878292,0.8333333333333334,0.09262579075608605,0.023081484265600746,-0.022781630571917674,1,0.022781630571917677,0.016991249999999975,0.0011093451875000002,0.00044427301981896566,47.725,103.32083333333334,106.25,0,0.0,5,1,0,0,0.7718815896340505,0.16666666666666666,0.8333333333333334,0.018008749999999907,0.0010174999999999306,1.0,
0,poll_0m,historical,1,symbol+side,ETHUSDT,8,8,-0.01569560012751797,-0.01569560012751797,0.16614819477450868,0.125,-0.12556480102014375,0.025019271872986637,-0.021512010413304337,4,0.12556480102014375,-0.014882187499999922,0.0011081852031250001,-0.0002947725756069532,12.883333333333333,101.73083333333328,137.71666666666667,0,0.0,1,7,0,0,-0.7847800063758984,0.875,0.125,-0.01386781250000002,0.0010143749999999008,-1.0,
0,poll_0m,historical,1,symbol+side,ETHUSDT,9,9,0.008178842660693138,0.008178842660693138,2.1316219683325053,0.6666666666666666,0.07360958394623823,0.02310957348692864,-0.02168261899177786,2,0.04317173696635486,0.009495000000000043,0.0011052222500000002,0.00021093508930690677,12.683333333333334,50.64999999999999,60.516666666666666,0,0.0,6,3,0,0,0.4089421330346569,0.3333333333333333,0.6666666666666666,0.010504999999999912,0.001009999999999869,1.0,
0,poll_0m,historical,1,symbol+side,SOLUSDT,1,1,0.022938213750000186,0.022938213750000186,,1.0,0.022938213750000186,0.022938213750000186,,0,0.0,0.024025000000000185,0.00108678625,0.0,2.85,2.85,2.85,0,0.0,1,0,0,0,1.1469106875000092,0.0,1.0,0.02597500000000008,0.0019499999999998963,-1.0,
0,poll_0m,historical,1,symbol+side,SOLUSDT,8,8,0.005907656622688086,0.005907656622688086,1.713858161374955,0.625,0.04726125298150469,0.02269332719630094,-0.022068460999999998,2,0.044136921999999995,0.007116874999999995,0.00110391428125,0.00010530409606190983,9.133333333333333,31.814999999999987,40.6,0,0.0,5,3,0,0,0.2953828311344043,0.375,0.625,0.009133124999999895,0.0020162499999999,1.0,
0,poll_0m,historical,1,entry_year,,10,10,0.005307830699450669,0.005307830699450669,1.615072772641174,0.6,0.05307830699450669,0.023229047644938456,-0.021573994718781006,2,0.06267211989149006,0.006396000000000046,0.0011017567,-1.3587399450623919e-05,13.225,32.6425,34.9,0,0.0,6,4,0,0,0.2653915349725334,0.4,0.6,0.007603999999999933,0.001207999999999887,,2022.0
0,poll_0m,historical,1,entry_year,,9,9,0.008329707163952168,0.008329707163952168,2.155694660204461,0.6666666666666666,0.07496736447556951,0.02330585993780802,-0.021622598383759534,2,0.043194586850493724,0.009436388888888932,0.0011072075972222224,-5.258722854582401e-07,32.3,125.12999999999998,137.71666666666667,0,0.0,6,3,0,0,0.4164853581976084,0.3333333333333333,0.6666666666666666,0.010563611111111025,0.0011272222222220944,,2023.0
0,poll_0m,historical,1,entry_year,,22,22,0.0007571965617125758,0.0007571965617125758,1.0703537402603533,0.5,0.016658324357676668,0.023039803397575997,-0.02152541027415085,4,0.10404820342579248,0.00186090909090912,0.001103724125,-1.159580345494509e-08,11.633333333333333,60.42999999999999,94.53333333333333,0,0.0,11,11,0,0,0.03785982808562879,0.5,0.5,0.003139090909090844,0.0012781818181817237,,2024.0
0,poll_0m,historical,2,symbol,BTCUSDT,15,15,0.007928792672528339,0.007928792672528339,2.0947878675664033,0.6666666666666666,0.1189318900879251,0.02275665339411658,-0.021726928770648146,1,0.023270760222731113,0.00899600000000002,0.0011023045000000003,-3.509717252832025e-05,19.1,98.03666666666665,106.25,0,0.0,10,5,0,0,0.39643963362641693,0.3333333333333333,0.6666666666666666,0.011003999999999925,0.002007999999999906,,
0,poll_0m,historical,2,symbol,ETHUSDT,17,17,-0.006246282736339424,-0.006246282736339424,0.5638110469111383,0.35294117647058826,-0.10618680651777021,0.022875902032430184,-0.022131110792031936,4,0.12976144226565883,-0.0051270588235293995,0.0011051463823529412,1.4077530457082108e-05,14.916666666666666,75.95666666666662,137.71666666666667,0,0.0,6,11,0,0,-0.3123141368169712,0.6470588235294118,0.35294117647058826,-0.0031082352941177514,0.002018823529411648,,
0,poll_0m,historical,2,symbol,SOLUSDT,9,9,0.0017832674980856461,0.0017832674980856461,1.1738908182211845,0.5555555555555556,0.016049407482770815,0.02166905909655416,-0.023073972,3,0.07060562346346215,0.0029811111111111258,0.0011043333888888889,9.351022413659057e-05,5.883333333333334,30.58999999999999,40.65,0,0.0,5,4,0,0,0.0891633749042823,0.4444444444444444,0.5555555555555556,0.0070188888888888705,0.004037777777777745,,
0,poll_0m,historical,2,side,,18,18,-0.006856660300294601,-0.006856660300294601,0.5301362705694849,0.3333333333333333,-0.12341988540530283,0.023208628965034256,-0.021889304932959028,7,0.15250605720348576,-0.006061666666666564,0.0011033339166666668,-0.00030834028303862996,15.258333333333333,70.53833333333321,137.71666666666667,0,0.0,6,12,0,0,-0.34283301501473007,0.6666666666666666,0.3333333333333333,-0.00393833333333334,0.002123333333333224,-1.0,
0,poll_0m,historical,2,side,,23,23,0.0066180163677490664,0.0066180163677490664,1.8377185591483465,0.6521739130434783,0.15221437645822852,0.02226103118855415,-0.02271263642126046,3,0.06771119351442978,0.007987826086956468,0.001104393304347826,0.0002654164148595759,14.366666666666667,92.70166666666664,106.25,0,0.0,15,8,0,0,0.33090081838745333,0.34782608695652173,0.6521739130434783,0.010707826086956394,0.002719999999999925,1.0,
0,poll_0m,historical,2,symbol+side,BTCUSDT,9,9,0.0032617321076963985,0.0032617321076963985,1.3438876925554464,0.5555555555555556,0.029355588969267588,0.022943894519955443,-0.021340970907627405,2,0.041201634241697704,0.004005000000000098,0.00109779725,-0.00035452935769630147,16.283333333333335,47.463333333333324,58.68333333333333,0,0.0,5,4,0,0,0.16308660538481992,0.4444444444444444,0.5555555555555556,0.005994999999999985,0.001989999999999887,-1.0,
0,poll_0m,historical,2,symbol+side,BTCUSDT,6,6,0.014929383519776249,0.014929383519776249,4.849307038588214,0.8333333333333334,0.0895763011186575,0.022569412268277723,-0.023270760222731113,1,0.023270760222731113,0.0164824999999999,0.001109065375,0.00044405110522365156,47.733333333333334,103.31666666666666,106.25,0,0.0,5,1,0,0,0.7464691759888125,0.16666666666666666,0.8333333333333334,0.018517499999999836,0.002034999999999935,1.0,
0,poll_0m,historical,2,symbol+side,ETHUSDT,8,8,-0.016202919046821293,-0.016202919046821293,0.1591398085188257,0.125,-0.12962335237457034,0.024532301190428322,-0.022022236223571242,4,0.12962335237457034,-0.015389374999999872,0.0011084641562500001,-0.00029492010942857834,12.875,101.73083333333328,137.71666666666667,0,0.0,1,7,0,0,-0.8101459523410647,0.875,0.125,-0.013360625000000001,0.002028749999999871,-1.0,
0,poll_0m,historical,2,symbol+side,ETHUSDT,9,9,0.002604060650755574,0.002604060650755574,1.2624868121886206,0.5555555555555556,0.023436545856800165,0.022544622200830554,-0.02232164128683815,2,0.04447716326442966,0.003994999999999909,0.00110219725,0.0002887420992443359,32.3,58.89666666666666,60.516666666666666,0,0.0,5,4,0,0,0.1302030325377787,0.4444444444444444,0.5555555555555556,0.006004999999999804,0.0020099999999998947,1.0,
0,poll_0m,historical,2,symbol+side,SOLUSDT,1,1,-0.02315212200000006,-0.02315212200000006,0.0,0.0,-0.02315212200000006,,-0.02315212200000006,1,0.02315212200000006,-0.02204000000000006,0.0011121220000000001,0.0,1.1666666666666667,1.1666666666666667,1.1666666666666667,0,0.0,0,1,0,0,-1.1576061000000029,1.0,0.0,-0.017959999999999976,0.0040800000000000836,-1.0,
0,poll_0m,historical,2,symbol+side,SOLUSDT,8,8,0.004900191185346359,0.004900191185346359,1.5669568169424108,0.625,0.03920152948277087,0.02166905909655416,-0.02304792199999998,2,0.04745350146346208,0.006108750000000024,0.0011033598125,0.00010519900215366439,9.133333333333333,31.847499999999986,40.65,0,0.0,5,3,0,0,0.24500955926731793,0.375,0.625,0.010141249999999977,0.004032499999999953,1.0,
0,poll_0m,historical,2,entry_year,,10,10,0.004703730434590183,0.004703730434590183,1.5324756448579457,0.6,0.04703730434590183,0.022562385092466167,-0.022084251552223797,2,0.06520081631266927,0.005792000000000064,0.0011018634,-1.3593834590119358e-05,13.225,32.6425,34.9,0,0.0,6,4,0,0,0.23518652172950916,0.4,0.6,0.008207999999999993,0.0024159999999999295,,2022.0
0,poll_0m,historical,2,entry_year,,9,9,0.002696272360663587,0.002696272360663587,1.2722056744180545,0.5555555555555556,0.024266451245972286,0.02268278722632492,-0.022286871221413075,2,0.044194297745897934,0.0038777777777777946,0.0011043346111111112,7.717080600309693e-05,33.96666666666667,125.12999999999998,137.71666666666667,0,0.0,5,4,0,0,0.13481361803317934,0.4444444444444444,0.5555555555555556,0.006122222222222128,0.002244444444444333,,2023.0
0,poll_0m,historical,2,entry_year,,22,22,-0.0019322392972249268,-0.0019322392972249268,0.8407226131895085,0.45454545454545453,-0.04250926453894839,0.022437899493209613,-0.02224068828925371,6,0.1537689118711201,-0.0008277272727272804,0.0011047004999999996,-1.884755023532589e-07,12.3,60.425,94.51666666666667,0,0.0,10,12,0,0,-0.09661196486124635,0.5454545454545454,0.45454545454545453,0.0017368181818180845,0.002564545454545365,,2024.0
0,poll_0m,evaluation,1,symbol,BTCUSDT,7,7,0.010468216497146755,0.010468216497146755,2.68955275400953,0.7142857142857143,0.07327751548002728,0.0233296939794958,-0.021685477208725847,1,0.02174967391745189,0.011637500000000078,0.0011057716607142858,6.351184213903789e-05,20.7,185.91666666666663,202.51666666666668,0,0.0,5,2,0,0,0.5234108248573377,0.2857142857142857,0.7142857142857143,0.012648214285714197,0.0010107142857141188,,
0,poll_0m,evaluation,1,symbol,ETHUSDT,2,2,0.02317146604895376,0.02317146604895376,,1.0,0.04634293209790752,0.02317146604895376,,0,0.0,0.024487499999999995,0.0011134681250000002,0.00020256582604623774,21.833333333333332,26.708333333333332,27.25,0,0.0,2,0,0,0,1.1585733024476879,0.0,1.0,0.025512499999999827,0.0010249999999998316,,
0,poll_0m,evaluation,1,symbol,SOLUSDT,6,6,0.015306817427412286,0.015306817427412286,5.13399037969631,0.8333333333333334,0.09184090456447372,0.022811389344899877,-0.022216042160025665,1,0.022216042160025665,0.016499166666666714,0.001100265375,9.208386425442732e-05,8.55,21.3875,22.5,0,0.0,5,1,0,0,0.7653408713706144,0.16666666666666666,0.8333333333333334,0.018500833333333244,0.0020016666666665315,,
0,poll_0m,evaluation,1,side,,4,4,0.011994907483993506,0.011994907483993506,3.219092894890035,0.75,0.04797962993597402,0.02320030347865794,-0.021621280499999805,1,0.021621280499999805,0.01301312500000018,0.00109284278125,-7.462526524332264e-05,3.058333333333333,18.39999999999999,20.7,0,0.0,3,1,0,0,0.5997453741996753,0.25,0.75,0.01448687500000001,0.0014737499999998294,-1.0,
0,poll_0m,evaluation,1,side,,11,11,0.014861974746039501,0.014861974746039501,4.718390982608873,0.8181818181818182,0.1634817222064345,0.023049715364879115,-0.021982858038738777,1,0.022216042160025665,0.016125454545454554,0.001108869,0.00015461079941505413,20.016666666666666,174.85,202.51666666666668,0,0.0,9,2,0,0,0.7430987373019751,0.18181818181818182,0.8181818181818182,0.017510909090908952,0.0013854545454543969,1.0,
0,poll_0m,evaluation,1,symbol+side,BTCUSDT,2,2,0.0010516012179867668,0.0010516012179867668,1.0972746473537287,0.5,0.0021032024359735335,0.02372448293597334,-0.021621280499999805,1,0.021621280499999805,0.002001250000000121,0.0010988993125,-0.00014925053048664528,13.033333333333333,19.933333333333334,20.7,0,0.0,1,1,0,0,0.05258006089933834,0.5,0.5,0.002998749999999939,0.000997499999999818,-1.0,
0,poll_0m,evaluation,1,symbol+side,BTCUSDT,5,5,0.01423486260881075,0.01423486260881075,4.2724312701968215,0.8,0.07117431304405375,0.023230996740376413,-0.02174967391745189,1,0.02174967391745189,0.015492000000000061,0.0011085206000000002,0.00014861679118931113,27.533333333333335,191.45,202.51666666666668,0,0.0,4,1,0,0,0.7117431304405375,0.2,0.8,0.0165079999999999,0.0010159999999998393,1.0,
0,poll_0m,evaluation,1,symbol+side,ETHUSDT,2,2,0.02317146604895376,0.02317146604895376,,1.0,0.04634293209790752,0.02317146604895376,,0,0.0,0.024487499999999995,0.0011134681250000002,0.00020256582604623774,21.833333333333332,26.708333333333332,27.25,0,0.0,2,0,0,0,1.1585733024476879,0.0,1.0,0.025512499999999827,0.0010249999999998316,1.0,
0,poll_0m,evaluation,1,symbol+side,SOLUSDT,2,2,0.02293821375000024,0.02293821375000024,,1.0,0.04587642750000048,0.02293821375000024,,0,0.0,0.02402500000000024,0.00108678625,0.0,0.725,0.7475,0.75,0,0.0,2,0,0,0,1.1469106875000121,0.0,1.0,0.02597500000000008,0.0019499999999998407,-1.0,
0,poll_0m,evaluation,1,symbol+side,SOLUSDT,4,4,0.011491119266118309,0.011491119266118309,3.0689768561557385,0.75,0.045964477064473236,0.022726839741499635,-0.022216042160025665,1,0.022216042160025665,0.012736249999999949,0.0011070049375000001,0.00013812579638164098,15.058333333333334,21.832499999999996,22.5,0,0.0,3,1,0,0,0.5745559633059154,0.25,0.75,0.014763749999999826,0.0020274999999998766,1.0,
0,poll_0m,evaluation,1,entry_year,,15,15,0.014097423476160569,0.014097423476160569,4.2241353191499025,0.8,0.21146135214240852,0.02308736239332382,-0.02186233219249245,1,0.02221604216002565,0.015295500000000054,0.0011045953416666668,9.348118217282031e-05,18.05,163.78333333333327,202.51666666666668,0,0.0,12,3,0,0,0.7048711738080284,0.2,0.8,0.0167044999999999,0.0014089999999998455,,2025.0
0,poll_0m,evaluation,2,symbol,BTCUSDT,7,7,0.003575547880185267,0.003575547880185267,1.3772419698996299,0.5714285714285714,0.025028835161296868,0.022843933729728566,-0.022115633252539135,1,0.02221288553313716,0.004710000000000024,0.0011021182857142858,3.233383410047218e-05,20.016666666666666,160.25166666666658,202.51666666666668,0,0.0,4,3,0,0,0.17877739400926335,0.42857142857142855,0.5714285714285714,0.006718571428571288,0.0020085714285712646,,
0,poll_0m,evaluation,2,symbol,ETHUSDT,2,2,0.022659349105685025,0.022659349105685025,,1.0,0.04531869821137005,0.022659349105685025,,0,0.0,0.02397499999999997,0.00111318625,0.00020246464431494592,21.841666666666665,26.72416666666667,27.266666666666666,0,0.0,2,0,0,0,1.1329674552842512,0.0,1.0,0.026024999999999854,0.0020499999999998852,,
0,poll_0m,evaluation,2,symbol,SOLUSDT,6,6,0.014306268952476312,0.014306268952476312,4.700637928696376,0.8333333333333334,0.08583761371485787,0.021806593917659333,-0.023195355873438798,1,0.023195355873438794,0.01549833333333328,0.0011000724166666668,9.199196419030113e-05,8.55,21.3875,22.5,0,0.0,5,1,0,0,0.7153134476238155,0.16666666666666666,0.8333333333333334,0.019501666666666695,0.004003333333333414,,
0,poll_0m,evaluation,2,side,,4,4,0.011257664552725945,0.011257664552725945,3.0346806179150287,0.75,0.04503065821090378,0.02238740640363453,-0.022131560999999817,1,0.022131560999999814,0.012276250000000016,0.0010932480625000002,-7.466261522592692e-05,3.058333333333333,18.39999999999999,20.7,0,0.0,3,1,0,0,0.5628832276362973,0.25,0.75,0.015223750000000036,0.0029475000000000195,-1.0,
0,poll_0m,evaluation,2,side,,11,11,0.010104953534238273,0.010104953534238273,2.6489147528441537,0.7272727272727273,0.11115448887662101,0.022320647938459677,-0.02247023154368546,1,0.023195355873438798,0.011345909090909066,0.00110624025,0.00013471530667079194,18.3,132.075,202.51666666666668,0,0.0,8,3,0,0,0.5052476767119136,0.2727272727272727,0.7272727272727273,0.01410863636363625,0.0027627272727271846,1.0,
0,poll_0m,evaluation,2,symbol+side,BTCUSDT,2,2,0.0005526516054519832,0.0005526516054519832,1.0499423972355124,0.5,0.0011053032109039664,0.023236864210903783,-0.022131560999999817,1,0.022131560999999817,0.0015025000000001287,0.001099173625,-0.00014932523045185385,13.033333333333333,19.933333333333334,20.7,0,0.0,1,1,0,0,0.02763258027259916,0.5,0.5,0.0034975000000000422,0.0019949999999999135,-1.0,
0,poll_0m,evaluation,2,symbol+side,BTCUSDT,5,5,0.00478470639007858,0.00478470639007858,1.5410686115408594,0.6,0.0239235319503929,0.022712956902670157,-0.02210766937880879,1,0.02221288553313716,0.005992999999999982,0.00110329615,0.00010499745992140258,20.016666666666666,174.33999999999997,202.51666666666668,0,0.0,3,2,0,0,0.239235319503929,0.4,0.6,0.008006999999999787,0.002013999999999805,1.0,
0,poll_0m,evaluation,2,symbol+side,ETHUSDT,2,2,0.022659349105685025,0.022659349105685025,,1.0,0.04531869821137005,0.022659349105685025,,0,0.0,0.02397499999999997,0.00111318625,0.00020246464431494592,21.841666666666665,26.72416666666667,27.266666666666666,0,0.0,2,0,0,0,1.1329674552842512,0.0,1.0,0.026024999999999854,0.0020499999999998852,1.0,
0,poll_0m,evaluation,2,symbol+side,SOLUSDT,2,2,0.021962677499999902,0.021962677499999902,,1.0,0.043925354999999805,0.021962677499999902,,0,0.0,0.023049999999999904,0.0010873225000000001,0.0,0.725,0.7475,0.75,0,0.0,2,0,0,0,1.0981338749999952,0.0,1.0,0.02695000000000003,0.0039000000000001256,-1.0,
0,poll_0m,evaluation,2,symbol+side,SOLUSDT,4,4,0.010478064678714517,0.010478064678714517,2.806924581952724,0.75,0.04191225871485807,0.021702538196098953,-0.023195355873438798,1,0.023195355873438798,0.011722499999999969,0.001106447375,0.0001379879462854517,15.058333333333334,21.832499999999996,22.5,0,0.0,3,1,0,0,0.5239032339357259,0.25,0.75,0.015777500000000028,0.0040550000000000586,1.0,
0,poll_0m,evaluation,2,entry_year,,15,15,0.010412343139168322,0.010412343139168322,2.7442619240133888,0.7333333333333333,0.15618514708752482,0.02233885479259827,-0.02238556390776405,1,0.023591737678244837,0.011593999999999986,0.0011027756666666666,7.888119416500026e-05,18.05,103.89833333333317,202.51666666666668,0,0.0,11,4,0,0,0.520617156958416,0.26666666666666666,0.7333333333333333,0.014405999999999926,0.0028119999999999404,,2025.0
0,poll_0m,reserved_replication,1,symbol,BTCUSDT,3,3,0.008196707351868083,0.008196707351868083,2.107847982151131,0.6666666666666666,0.02459012205560425,0.023393209172576063,-0.022196296289547876,1,0.022196296289547876,0.009503333333333383,0.0010962389166666666,0.00021038706479863253,36.28333333333333,71.14333333333333,75.01666666666667,0,0.0,2,1,0,0,0.4098353675934041,0.3333333333333333,0.6666666666666666,0.010496666666666562,0.0009933333333331795,,
0,poll_0m,reserved_replication,1,symbol,ETHUSDT,1,1,0.02321305904964315,0.02321305904964315,,1.0,0.02321305904964315,0.02321305904964315,,0,0.0,0.024487499999999995,0.0011134681250000002,0.00016097282535684694,33.666666666666664,33.666666666666664,33.666666666666664,0,0.0,1,0,0,0,1.1606529524821574,0.0,1.0,0.02551250000000005,0.0010250000000000536,,
0,poll_0m,reserved_replication,1,symbol,SOLUSDT,5,5,0.02286645550532072,0.02286645550532072,,1.0,0.1143322775266036,0.02286645550532072,,0,0.0,0.024005000000000033,0.0010973462500000002,4.11982446793126e-05,14.6,25.069999999999997,27.283333333333335,0,0.0,5,0,0,0,1.143322775266036,0.0,1.0,0.025994999999999924,0.001989999999999892,,
0,poll_0m,reserved_replication,1,side,,4,4,0.022985205273865522,0.022985205273865522,,1.0,0.09194082109546209,0.022985205273865522,,0,0.0,0.02414687500000015,0.00108671921875,7.495050738462628e-05,11.291666666666666,24.908333333333324,27.283333333333335,0,0.0,4,0,0,0,1.149260263693276,0.0,1.0,0.025853125000000032,0.0017062499999998815,-1.0,
0,poll_0m,reserved_replication,1,side,,5,5,0.014038927507277778,0.014038927507277778,4.162448213013051,0.8,0.0701946375363889,0.023097733456484193,-0.022196296289547876,1,0.022196296289547876,0.01528699999999994,0.0011084078500000001,0.0001396646427221605,33.666666666666664,67.27,75.01666666666667,0,0.0,4,1,0,0,0.7019463753638889,0.2,0.8,0.016712999999999846,0.0014259999999999052,1.0,
0,poll_0m,reserved_replication,1,symbol+side,BTCUSDT,1,1,0.02341610297913214,0.02341610297913214,,1.0,0.02341610297913214,0.02341610297913214,,0,0.0,0.02451250000000016,0.001086518125,9.878895868016246e-06,11.133333333333333,11.133333333333333,11.133333333333333,0,0.0,1,0,0,0,1.170805148956607,0.0,1.0,0.025487499999999996,0.0009749999999998371,-1.0,
0,poll_0m,reserved_replication,1,symbol+side,BTCUSDT,2,2,0.0005870095382360541,0.0005870095382360541,1.0528925664515008,0.5,0.0011740190764721083,0.023370315366019984,-0.022196296289547876,1,0.022196296289547876,0.0019987499999999936,0.0011010993125000002,0.0003106411492639407,55.65,73.08,75.01666666666667,0,0.0,1,1,0,0,0.029350476911802707,0.5,0.5,0.0030012499999998443,0.0010024999999998507,1.0,
0,poll_0m,reserved_replication,1,symbol+side,ETHUSDT,1,1,0.02321305904964315,0.02321305904964315,,1.0,0.02321305904964315,0.02321305904964315,,0,0.0,0.024487499999999995,0.0011134681250000002,0.00016097282535684694,33.666666666666664,33.666666666666664,33.666666666666664,0,0.0,1,0,0,0,1.1606529524821574,0.0,1.0,0.02551250000000005,0.0010250000000000536,1.0,
0,poll_0m,reserved_replication,1,symbol+side,SOLUSDT,3,3,0.02284157270544332,0.02284157270544332,,1.0,0.06852471811632996,0.02284157270544332,,0,0.0,0.024025000000000147,0.00108678625,9.66410445568296e-05,11.45,25.7,27.283333333333335,0,0.0,3,0,0,0,1.142078635272166,0.0,1.0,0.025975000000000043,0.0019499999999998963,-1.0,
0,poll_0m,reserved_replication,1,symbol+side,SOLUSDT,2,2,0.022903779705136823,0.022903779705136823,,1.0,0.045807559410273646,0.022903779705136823,,0,0.0,0.023974999999999858,0.00111318625,-4.196595513696293e-05,15.408333333333333,16.135833333333334,16.216666666666665,0,0.0,2,0,0,0,1.145188985256841,0.0,1.0,0.026024999999999743,0.0020499999999998852,1.0,
0,poll_0m,reserved_replication,1,entry_year,,9,9,0.01801505095909456,0.01801505095909456,8.30461769462862,0.8888888888888888,0.16213545863185103,0.02304146936517486,-0.022196296289547876,1,0.022196296289547876,0.019224722222222254,0.0010987684583333335,0.00011090280479436749,16.216666666666665,59.52333333333332,75.01666666666667,0,0.0,8,1,0,0,0.9007525479547279,0.1111111111111111,0.8888888888888888,0.020775277777777705,0.00155055555555545,,2026.0
0,poll_0m,reserved_replication,2,symbol,BTCUSDT,3,3,0.007700236897343459,0.007700236897343459,2.0182931116016785,0.6666666666666666,0.023100710692030377,0.022893214503578944,-0.02268571831512751,1,0.02268571831512751,0.009006666666666718,0.0010961445,0.0002102852693232595,36.28333333333333,71.14333333333333,75.01666666666667,0,0.0,2,1,0,0,0.38501184486717294,0.3333333333333333,0.6666666666666666,0.010993333333333225,0.001986666666666507,,
0,poll_0m,reserved_replication,2,symbol,ETHUSDT,1,1,0.022700921330649684,0.022700921330649684,,1.0,0.022700921330649684,0.022700921330649684,,0,0.0,0.023974999999999858,0.00111318625,0.0001608924193501752,33.666666666666664,33.666666666666664,33.666666666666664,0,0.0,1,0,0,0,1.1350460665324842,0.0,1.0,0.026024999999999743,0.0020499999999998852,,
0,poll_0m,reserved_replication,2,symbol,SOLUSDT,5,5,0.02187128440161599,0.02187128440161599,,1.0,0.10935642200807996,0.02187128440161599,,0,0.0,0.023009999999999996,0.0010974424999999999,4.1273098384005664e-05,14.6,25.069999999999997,27.283333333333335,0,0.0,5,0,0,0,1.0935642200807996,0.0,1.0,0.026990000000000004,0.003980000000000006,,
0,poll_0m,reserved_replication,2,side,,4,4,0.022131537192981804,0.022131537192981804,,1.0,0.08852614877192722,0.022131537192981804,,0,0.0,0.023293750000000002,0.0010871884375,7.502436951819646e-05,11.308333333333334,24.91333333333333,27.283333333333335,0,0.0,4,0,0,0,1.1065768596490901,0.0,1.0,0.026706249999999987,0.003412499999999985,-1.0,
0,poll_0m,reserved_replication,2,side,,5,5,0.013326381051766562,0.013326381051766562,3.9371741433640506,0.8,0.06663190525883281,0.022329405893490077,-0.02268571831512751,1,0.02268571831512751,0.014573999999999998,0.0011080157,0.00013960324823343923,33.666666666666664,67.27,75.01666666666667,0,0.0,4,1,0,0,0.666319052588328,0.2,0.8,0.017425999999999896,0.002851999999999899,1.0,
0,poll_0m,reserved_replication,2,symbol+side,BTCUSDT,1,1,0.022928329909739732,0.022928329909739732,,1.0,0.022928329909739732,0.022928329909739732,,0,0.0,0.024025000000000074,0.00108678625,9.88384026034258e-06,11.133333333333333,11.133333333333333,11.133333333333333,0,0.0,1,0,0,0,1.1464164954869867,0.0,1.0,0.02597499999999997,0.0019499999999998963,-1.0,
0,poll_0m,reserved_replication,2,symbol+side,BTCUSDT,2,2,8.619039114532434e-05,8.619039114532434e-05,1.0075986477437524,0.5,0.00017238078229064868,0.02285809909741816,-0.02268571831512751,1,0.02268571831512751,0.0014975000000000405,0.001100823625,0.00031048598385471796,55.65,73.08,75.01666666666667,0,0.0,1,1,0,0,0.004309519557266217,0.5,0.5,0.003502499999999853,0.0020049999999998125,1.0,
0,poll_0m,reserved_replication,2,symbol+side,ETHUSDT,1,1,0.022700921330649684,0.022700921330649684,,1.0,0.022700921330649684,0.022700921330649684,,0,0.0,0.023974999999999858,0.00111318625,0.0001608924193501752,33.666666666666664,33.666666666666664,33.666666666666664,0,0.0,1,0,0,0,1.1350460665324842,0.0,1.0,0.026024999999999743,0.0020499999999998852,1.0,
0,poll_0m,reserved_replication,2,symbol+side,SOLUSDT,3,3,0.021865939620729163,0.021865939620729163,,1.0,0.06559781886218749,0.021865939620729163,,0,0.0,0.023049999999999977,0.0010873225000000001,9.673787927081442e-05,11.483333333333333,25.70333333333333,27.283333333333335,0,0.0,3,0,0,0,1.0932969810364581,0.0,1.0,0.02694999999999999,0.0039000000000000146,-1.0,
0,poll_0m,reserved_replication,2,symbol+side,SOLUSDT,2,2,0.021879301572946232,0.021879301572946232,,1.0,0.043758603145892465,0.021879301572946232,,0,0.0,0.022950000000000026,0.0011126225,-4.1924072946207465e-05,15.408333333333333,16.135833333333334,16.216666666666665,0,0.0,2,0,0,0,1.0939650786473116,0.0,1.0,0.02705000000000002,0.0040999999999999925,1.0,
0,poll_0m,reserved_replication,2,entry_year,,9,9,0.017239783781195558,0.017239783781195558,7.839459605177942,0.8888888888888888,0.15515805403076002,0.02223047154323594,-0.02268571831512751,1,0.022685718315127515,0.018449444444444445,0.001098759138888889,0.00011090152435999802,16.216666666666665,59.52333333333332,75.01666666666667,0,0.0,8,1,0,0,0.8619891890597778,0.1111111111111111,0.8888888888888888,0.021550555555555493,0.0031011111111110485,,2026.0
1,poll_1m,historical,1,symbol,BTCUSDT,15,15,0.006596526781193628,0.006596526781193628,1.7333657356889158,0.6,0.09894790171790442,0.02598565522547939,-0.022487165885235014,3,0.06840893474513696,0.007654949589835998,0.0010997795015285855,-4.135669288621507e-05,19.083333333333332,98.05333333333331,106.26666666666667,0,0.0,9,6,0,0,0.3298263390596814,0.4,0.6,0.008654452760874754,0.000999503171038755,,
1,poll_1m,historical,1,symbol,ETHUSDT,17,17,-0.0015028719783472526,-0.0015028719783472526,0.8869312388210947,0.4117647058823529,-0.025548823631903295,0.028629923392256274,-0.022595828737769722,4,0.09780816769250782,-0.0004139300860297,0.0011045009904694194,-1.5559098151865692e-05,23.7,76.76333333333328,141.75,0,0.0,7,10,0,0,-0.07514359891736264,0.5882352941176471,0.4117647058823529,0.000594282989858432,0.001008213075888132,,
1,poll_1m,historical,1,symbol,SOLUSDT,9,9,0.009240976803359556,0.009240976803359556,2.2524525819366343,0.6666666666666666,0.083168791230236,0.02492892229280047,-0.02213491417552227,2,0.044254137688055695,0.010415093255793016,0.001101719150959148,7.239730147431066e-05,9.016666666666667,30.57999999999999,40.63333333333333,0,0.0,6,3,0,0,0.46204884016797776,0.3333333333333333,0.6666666666666666,0.012422923107398096,0.0020078298516050808,,
1,poll_1m,historical,1,side,,18,18,0.0004144589294292046,0.0004144589294292046,1.0343073682103674,0.4444444444444444,0.0074602607297256825,0.028114232612551047,-0.021745360017068276,4,0.08456008153290656,0.0011189939336716465,0.0010993845533364807,-0.0003948495490940388,16.85,91.4866666666666,141.75,0,0.0,8,10,0,0,0.020722946471460228,0.5555555555555556,0.4444444444444444,0.0021710284574367744,0.001052034523765128,-1.0,
1,poll_1m,historical,1,side,,23,23,0.006482939503761366,0.006482939503761366,1.7106032757069856,0.6086956521739131,0.14910760858651143,0.02563857383082163,-0.023314713893887937,5,0.11657904156640903,0.007886146994829677,0.0011043373808471565,0.00029887011022115443,14.35,92.71666666666664,106.26666666666667,0,0.0,14,9,0,0,0.3241469751880683,0.391304347826087,0.6086956521739131,0.009245539042323286,0.0013593920474936085,1.0,
1,poll_1m,historical,1,symbol+side,BTCUSDT,9,9,0.0060613318093212624,0.0060613318093212624,1.6453590907053999,0.5555555555555556,0.054551986283891366,0.02781632980489321,-0.021132415685143666,2,0.04128251215604501,0.006713213251248851,0.0010963077327118132,-0.0004444262907842257,17.416666666666668,73.08999999999999,82.61666666666666,0,0.0,5,4,0,0,0.3030665904660631,0.4444444444444444,0.5555555555555556,0.007706003642801668,0.0009927903915528174,-1.0,
1,poll_1m,historical,1,symbol+side,BTCUSDT,6,6,0.007399319239002174,0.007399319239002174,1.8809878840937522,0.6666666666666666,0.04439591543401304,0.02369731200121212,-0.02519666628541771,1,0.027126422589091953,0.00906755409771672,0.0011049871547537443,0.0005632477039608008,47.725,103.33333333333333,106.26666666666667,0,0.0,4,2,0,0,0.36996596195010867,0.3333333333333333,0.6666666666666666,0.010077126437984382,0.0010095723402676615,1.0,
1,poll_1m,historical,1,symbol+side,ETHUSDT,8,8,-0.009875345357763066,-0.009875345357763066,0.40565435850375337,0.25,-0.07900276286210453,0.026960587284001768,-0.022153989571684674,3,0.10328467214113769,-0.009134895941421306,0.0011050241927677818,-0.00036457477642602313,17.366666666666667,104.3816666666666,141.75,0,0.0,2,6,0,0,-0.4937672678881533,0.75,0.25,-0.008126265360770296,0.0010086305806510099,-1.0,
1,poll_1m,historical,1,symbol+side,ETHUSDT,9,9,0.005939326581133468,0.005939326581133468,1.5745613234285447,0.5555555555555556,0.05345393923020121,0.02929765783555808,-0.023258587486897297,2,0.045434078655673484,0.007338039563207283,0.0011040359217597642,0.00029467706031405206,32.3,58.95,60.516666666666666,0,0.0,5,4,0,0,0.29696632905667336,0.4444444444444444,0.5555555555555556,0.008345881523750634,0.0010078419605433517,1.0,
1,poll_1m,historical,1,symbol+side,SOLUSDT,1,1,0.03191103730793883,0.03191103730793883,,1.0,0.03191103730793883,0.03191103730793883,,0,0.0,0.03280213907622043,0.0010819588235080788,-0.00019085705522648263,9.016666666666667,9.016666666666667,9.016666666666667,0,0.0,1,0,0,0,1.5955518653969414,0.0,1.0,0.034734602334809295,0.001932463258588868,-1.0,
1,poll_1m,historical,1,symbol+side,SOLUSDT,8,8,0.0064072192402871465,0.0064072192402871465,1.771898993536347,0.625,0.05125775392229717,0.023532499289772794,-0.02213491417552227,2,0.044254137688055695,0.007616712528239589,0.0011041891918905319,0.00010530409606190983,9.133333333333333,31.836666666666655,40.63333333333333,0,0.0,5,3,0,0,0.3203609620143573,0.375,0.625,0.009633963203971696,0.0020172506757321074,1.0,
1,poll_1m,historical,1,entry_year,,10,10,0.0073099977025059115,0.0073099977025059115,1.8216086058800214,0.6,0.07309997702505912,0.027011958874638156,-0.02224294405569245,2,0.0550836190988382,0.008381942489147332,0.0011008077565298196,-2.886296988840041e-05,14.216666666666667,32.688333333333325,34.983333333333334,0,0.0,6,4,0,0,0.3654998851252956,0.4,0.6,0.009588348620957287,0.001206406131809956,,2022.0
1,poll_1m,historical,1,entry_year,,9,9,0.006925481013419198,0.006925481013419198,1.6840529460675586,0.5555555555555556,0.06232932912077278,0.030689405238490203,-0.022779424267919547,2,0.04687091528903492,0.008099971272763629,0.0011059844190361115,6.85058403083173e-05,34.0,127.55666666666666,141.75,0,0.0,5,4,0,0,0.3462740506709599,0.4444444444444444,0.5555555555555556,0.009225212318168715,0.001125241045405086,,2023.0
1,poll_1m,historical,1,entry_year,,22,22,0.0009608437804729635,0.0009608437804729635,1.085513179719195,0.5,0.021138563170405196,0.02439410137196648,-0.022472413811020556,7,0.15778920881511038,0.002036550242764829,0.0011012156537690023,-2.5509191477136277e-05,13.15,81.51166666666664,94.53333333333333,0,0.0,11,11,0,0,0.04804218902364817,0.5,0.5,0.003309796051554827,0.0012732458087899982,,2024.0
1,poll_1m,historical,2,symbol,BTCUSDT,15,15,0.005916250393615735,0.005916250393615735,1.6389529172069213,0.6,0.08874375590423603,0.02529256741881595,-0.02314822514418458,3,0.06963243982531214,0.007018377379057742,0.0010998468660582059,2.2801193838003946e-06,19.1,98.05333333333331,106.26666666666667,0,0.0,9,6,0,0,0.29581251968078676,0.4,0.6,0.009017436564174086,0.0019990591851163438,,
1,poll_1m,historical,2,symbol,ETHUSDT,17,17,-0.004619131483769861,-0.004619131483769861,0.6864765279259878,0.35294117647058826,-0.07852523522408764,0.028655871958914465,-0.022769133361597672,4,0.10239643707217061,-0.003504697353024284,0.0011061303038857981,8.303826859779258e-06,14.916666666666666,76.76333333333328,141.75,0,0.0,6,11,0,0,-0.23095657418849305,0.6470588235294118,0.35294117647058826,-0.0014822926788254202,0.002022404674198864,,
1,poll_1m,historical,2,symbol,SOLUSDT,9,9,0.0019667062335345354,0.0019667062335345354,1.186066317834277,0.5555555555555556,0.017700356101810817,0.022565928568252423,-0.023782321684862825,3,0.07102383404877372,0.0031646839335032454,0.0011044674758321196,9.351022413659057e-05,5.883333333333334,30.59999999999999,40.666666666666664,0,0.0,5,4,0,0,0.09833531167672677,0.4444444444444444,0.5555555555555556,0.007203438361539138,0.0040387544280358935,,
1,poll_1m,historical,2,side,,18,18,-0.00589808433060136,-0.00589808433060136,0.606179850008394,0.3333333333333333,-0.10616551795082448,0.027235527752480396,-0.02246489037214224,7,0.15456764017764038,-0.005117553576941473,0.0011028146544673177,-0.0003222839008074305,16.166666666666668,71.14333333333322,141.75,0,0.0,6,12,0,0,-0.294904216530068,0.6666666666666666,0.3333333333333333,-0.002996076562760044,0.0021214770141814287,-1.0,
1,poll_1m,historical,2,side,,23,23,0.005829756292729727,0.005829756292729727,1.6239373318122925,0.6086956521739131,0.13408439473278372,0.024927486774943577,-0.0238778244573807,5,0.12024464167600064,0.0072301706726490885,0.001103976593869957,0.000296437786049405,14.366666666666667,92.71666666666664,106.26666666666667,0,0.0,14,9,0,0,0.2914878146364863,0.391304347826087,0.6086956521739131,0.009948821578526617,0.0027186509058775288,1.0,
1,poll_1m,historical,2,symbol+side,BTCUSDT,9,9,0.0053555240163900165,0.0053555240163900165,1.55693031314591,0.5555555555555556,0.04819971614751015,0.026949008658261452,-0.02163633178594928,2,0.04125492901064264,0.0060806689398119,0.0010966556320831035,-0.00037151070866121925,17.416666666666668,47.463333333333324,58.68333333333333,0,0.0,5,4,0,0,0.2677762008195008,0.4444444444444444,0.5555555555555556,0.008066521749122813,0.0019858528093109123,-1.0,
1,poll_1m,historical,2,symbol+side,BTCUSDT,6,6,0.006757339959454316,0.006757339959454316,1.7745686493761,0.6666666666666666,0.040544039756725894,0.02322201586950906,-0.026172011860655174,1,0.028377510814669493,0.008424940037926506,0.0011046337170208596,0.0005629663614513299,47.733333333333334,103.33333333333333,106.26666666666667,0,0.0,4,2,0,0,0.3378669979727158,0.3333333333333333,0.6666666666666666,0.010443808786750997,0.0020188687488244907,1.0,
1,poll_1m,historical,2,symbol+side,ETHUSDT,8,8,-0.01636774572006504,-0.01636774572006504,0.17961347810809009,0.125,-0.1309419657605203,0.028668123223575138,-0.02280144128344221,4,0.1309419657605203,-0.015566373444243553,0.001108561505394334,-0.00030718922957284693,12.875,104.37583333333328,141.75,0,0.0,1,7,0,0,-0.818387286003252,0.875,0.125,-0.013537269800998383,0.00202910364324517,-1.0,
1,poll_1m,historical,2,symbol+side,ETHUSDT,9,9,0.005824081170714743,0.005824081170714743,1.5769566587845678,0.5555555555555556,0.052416730536432685,0.02865342170598233,-0.022712594498369747,2,0.04477972074330419,0.007216792505837288,0.0011039692358782104,0.0002887420992443359,32.3,58.95,60.516666666666666,0,0.0,5,4,0,0,0.2912040585357371,0.4444444444444444,0.5555555555555556,0.00923324254088388,0.002016450035046592,1.0,
1,poll_1m,historical,2,symbol+side,SOLUSDT,1,1,-0.02342326833781431,-0.02342326833781431,0.0,0.0,-0.02342326833781431,,-0.02342326833781431,1,0.02342326833781431,-0.02231099728930519,0.0011122710485091181,0.0,1.1833333333333333,1.1833333333333333,1.1833333333333333,0,0.0,0,1,0,0,-1.1711634168907155,1.0,0.0,-0.01822991546379904,0.00408108182550615,-1.0,
1,poll_1m,historical,2,symbol+side,SOLUSDT,8,8,0.0051404530549531416,0.0051404530549531416,1.5735031083344366,0.625,0.04112362443962513,0.022565928568252423,-0.023902006133878998,2,0.047600565710959414,0.0063491440863543,0.0011034920292474948,0.00010519900215366439,9.275,31.858333333333317,40.666666666666664,0,0.0,5,3,0,0,0.25702265274765707,0.375,0.625,0.01038260758970641,0.004033463503352111,1.0,
1,poll_1m,historical,2,entry_year,,10,10,0.006392554281113638,0.006392554281113638,1.6936377038079236,0.6,0.06392554281113638,0.026014231191818376,-0.023039961084943463,2,0.05923783150301899,0.0074647004843212406,0.0011010232536661495,-2.8877050458545397e-05,14.358333333333333,32.67916666666666,34.96666666666667,0,0.0,6,4,0,0,0.3196277140556819,0.4,0.6,0.00987779434729158,0.002413093862970339,,2022.0
1,poll_1m,historical,2,entry_year,,9,9,0.006208340609330693,0.006208340609330693,1.6109760718195831,0.5555555555555556,0.055875065483976236,0.029465439861814536,-0.022863033456274107,2,0.04538538941392874,0.007380540714827373,0.001105935184066267,6.626492143041377e-05,33.983333333333334,127.55666666666666,141.75,0,0.0,5,4,0,0,0.3104170304665347,0.4444444444444444,0.5555555555555556,0.00963107154732691,0.002250530832499536,,2023.0
1,poll_1m,historical,2,entry_year,,22,22,-0.004176442341506972,-0.004176442341506972,0.6946102666406779,0.4090909090909091,-0.09188173151315338,0.02322059943378995,-0.023143625109020224,9,0.20722773010566298,-0.003040632281394375,0.0011035671020983107,3.2242958014286296e-05,12.316666666666666,60.425,94.53333333333333,0,0.0,9,13,0,0,-0.2088221170753486,0.5909090909090909,0.4090909090909091,-0.0004801849646557539,0.0025604473167386214,,2024.0
1,poll_1m,evaluation,1,symbol,BTCUSDT,7,7,0.010917631981529513,0.010917631981529513,2.731672919938091,0.7142857142857143,0.0764234238707066,0.02411122736088326,-0.022066356466854842,1,0.022264752468179033,0.012095038503073505,0.0011059985261497542,7.140799539423771e-05,27.533333333333335,185.95166666666665,202.56666666666666,0,0.0,5,2,0,0,0.5458815990764756,0.2857142857142857,0.7142857142857143,0.013106165500270122,0.001011126997196616,,
1,poll_1m,evaluation,1,symbol,ETHUSDT,2,2,0.024273618699312813,0.024273618699312813,,1.0,0.048547237398625626,0.024273618699312813,,0,0.0,0.025641258465832983,0.0011141026921562083,0.0002535370743639635,24.0,26.94,27.266666666666666,0,0.0,2,0,0,0,1.2136809349656406,0.0,1.0,0.02666741280146656,0.0010261543356335778,,
1,poll_1m,evaluation,1,symbol,SOLUSDT,6,6,0.016525780660594343,0.016525780660594343,5.45419672235938,0.8333333333333334,0.09915468396356605,0.024283128294082013,-0.022260957506844016,1,0.022260957506844016,0.017718645439276277,0.0011007809144275111,9.208386425442732e-05,8.55,21.5125,22.666666666666668,0,0.0,5,1,0,0,0.8262890330297171,0.16666666666666666,0.8333333333333334,0.019722189235604815,0.0020035437963285365,,
1,poll_1m,evaluation,1,side,,4,4,0.012246070223269205,0.012246070223269205,3.240002261312308,0.75,0.04898428089307682,0.023617413786202492,-0.021867960465530654,1,0.021867960465530654,0.013264149675704245,0.0010927047176783628,-7.462526524332264e-05,3.425,18.499999999999996,20.7,0,0.0,3,1,0,0,0.6123035111634603,0.25,0.75,0.01473743749274009,0.0014732878170358454,-1.0,
1,poll_1m,evaluation,1,side,,11,11,0.01592191493998377,0.01592191493998377,4.93348167694727,0.8181818181818182,0.17514106433982146,0.024407419368316054,-0.022262854987511523,1,0.022264752468179033,0.017200278216911016,0.0011094601530193013,0.0001689031239079496,22.666666666666668,174.875,202.56666666666666,0,0.0,9,2,0,0,0.7960957469991885,0.18181818181818182,0.8181818181818182,0.018587397231590228,0.0013871190146792097,1.0,
1,poll_1m,evaluation,1,symbol+side,BTCUSDT,2,2,0.001130492397262527,0.001130492397262527,1.1033925773777087,0.5,0.002260984794525054,0.02412894526005571,-0.021867960465530654,1,0.021867960465530654,0.002080097812978743,0.0010988559462028619,-0.00014925053048664528,13.366666666666667,19.966666666666665,20.7,0,0.0,1,1,0,0,0.056524619863126346,0.5,0.5,0.003077519004569873,0.0009974211915911302,-1.0,
1,poll_1m,evaluation,1,symbol+side,BTCUSDT,5,5,0.014832487815236306,0.014832487815236306,4.330934811971304,0.8,0.07416243907618153,0.024106797886090145,-0.022264752468179033,1,0.022264752468179033,0.01610101477911141,0.0011088555581285115,0.0001596714057465909,39.93333333333333,191.48999999999998,202.56666666666666,0,0.0,4,1,0,0,0.7416243907618153,0.2,0.8,0.01711762409855022,0.0010166093194388104,1.0,
1,poll_1m,evaluation,1,symbol+side,ETHUSDT,2,2,0.024273618699312813,0.024273618699312813,,1.0,0.048547237398625626,0.024273618699312813,,0,0.0,0.025641258465832983,0.0011141026921562083,0.0002535370743639635,24.0,26.94,27.266666666666666,0,0.0,2,0,0,0,1.2136809349656406,0.0,1.0,0.02666741280146656,0.0010261543356335778,1.0,
1,poll_1m,evaluation,1,symbol+side,SOLUSDT,2,2,0.023361648049275884,0.023361648049275884,,1.0,0.04672329609855177,0.023361648049275884,,0,0.0,0.024448201538429748,0.0010865534891538638,0.0,0.7583333333333333,0.8108333333333333,0.8166666666666667,0,0.0,2,0,0,0,1.1680824024637941,0.0,1.0,0.02639735598091031,0.0019491544424805607,-1.0,
1,poll_1m,evaluation,1,symbol+side,SOLUSDT,4,4,0.01310784696625357,0.01310784696625357,3.3553069471020964,0.75,0.05243138786501428,0.024897448457286097,-0.022260957506844016,1,0.022260957506844016,0.014353867389699543,0.0011078946270643348,0.00013812579638164098,15.058333333333334,21.974166666666665,22.666666666666668,0,0.0,3,1,0,0,0.6553923483126785,0.25,0.75,0.016384605862952067,0.0020307384732525247,1.0,
1,poll_1m,evaluation,1,entry_year,,15,15,0.01494168968219322,0.01494168968219322,4.375703493205294,0.8,0.2241253452328983,0.024209917972787657,-0.022131223480184564,1,0.022264752468179033,0.016150643939255877,0.0011049920369283841,0.00010396222013427698,20.7,163.79833333333326,202.56666666666666,0,0.0,12,3,0,0,0.747084484109661,0.2,0.8,0.01756074130123019,0.0014100973619743126,,2025.0
1,poll_1m,evaluation,2,symbol,BTCUSDT,7,7,0.0036557951929251783,0.0036557951929251783,1.3775455038472468,0.5714285714285714,0.025590566350476247,0.02334299392906165,-0.02259380312192345,1,0.023242634777941668,0.004802001659416355,0.0011022042092690828,4.400225722209473e-05,27.533333333333335,160.28666666666655,202.56666666666666,0,0.0,4,3,0,0,0.1827897596462589,0.42857142857142855,0.5714285714285714,0.006810885721593797,0.0020088840621774423,,
1,poll_1m,evaluation,2,symbol,ETHUSDT,2,2,0.023948578409453393,0.023948578409453393,,1.0,0.047897156818906786,0.023948578409453393,,0,0.0,0.02531591259384869,0.0011139237519266166,0.00025341043246867684,24.025,26.9875,27.316666666666666,0,0.0,2,0,0,0,1.1974289204726696,0.0,1.0,0.027368597103546,0.002052684509697311,,
1,poll_1m,evaluation,2,symbol,SOLUSDT,6,6,0.008425670307345423,0.008425670307345423,2.0663577260535635,0.6666666666666666,0.05055402184407254,0.024490537056260968,-0.023704063190485666,2,0.04740812638097134,0.009630514089454478,0.001096285386586718,0.00010855839552233691,14.508333333333333,21.391666666666666,22.5,0,0.0,4,2,0,0,0.42128351536727116,0.3333333333333333,0.6666666666666666,0.013606258332932422,0.003975744243477945,,
1,poll_1m,evaluation,2,side,,4,4,0.011965125824369047,0.011965125824369047,3.128323237771544,0.75,0.04786050329747619,0.02344930851037828,-0.022487422233658648,1,0.022487422233658648,0.012983322381833112,0.001092859172689992,-7.466261522592692e-05,3.1666666666666665,18.428333333333327,20.733333333333334,0,0.0,3,1,0,0,0.5982562912184524,0.25,0.75,0.015927887683754915,0.002944565301921803,-1.0,
1,poll_1m,evaluation,2,side,,11,11,0.006925567428725399,0.006925567428725399,1.8217853814652019,0.6363636363636364,0.07618124171597938,0.024126193604151778,-0.023175528378270763,2,0.04740812638097133,0.00819051198300057,0.0011045047815906503,0.00016043977268452236,22.5,132.1,202.56666666666666,0,0.0,7,4,0,0,0.34627837143626994,0.36363636363636365,0.6363636363636364,0.010939944865529405,0.002749432882528834,1.0,
1,poll_1m,evaluation,2,symbol+side,BTCUSDT,2,2,0.00044019956590700925,0.00044019956590700925,1.0391507360277275,0.5,0.0008803991318140185,0.023367821365472666,-0.022487422233658648,1,0.022487422233658648,0.0013901097750788627,0.0010992354396237069,-0.00014932523045185385,13.05,19.964999999999996,20.733333333333334,0,0.0,1,1,0,0,0.022009978295350462,0.5,0.5,0.003385334330972767,0.001995224555893904,-1.0,
1,poll_1m,evaluation,2,symbol+side,BTCUSDT,5,5,0.004942033443732446,0.004942033443732446,1.5455507183898074,0.6,0.02471016721866223,0.023334718116924644,-0.022646993566055852,1,0.023242634777941668,0.006166758413151352,0.0011033917171272335,0.00012133325229167415,39.95,174.38,202.56666666666666,0,0.0,3,2,0,0,0.2471016721866223,0.4,0.6,0.00818110627784221,0.0020143478646908576,1.0,
1,poll_1m,evaluation,2,symbol+side,ETHUSDT,2,2,0.023948578409453393,0.023948578409453393,,1.0,0.047897156818906786,0.023948578409453393,,0,0.0,0.02531591259384869,0.0011139237519266166,0.00025341043246867684,24.025,26.9875,27.316666666666666,0,0.0,2,0,0,0,1.1974289204726696,0.0,1.0,0.027368597103546,0.002052684509697311,1.0,
1,poll_1m,evaluation,2,symbol+side,SOLUSDT,2,2,0.023490052082831087,0.023490052082831087,,1.0,0.04698010416566217,0.023490052082831087,,0,0.0,0.024576534988587362,0.001086482905756277,0.0,0.9,0.9600000000000001,0.9666666666666667,0,0.0,2,0,0,0,1.1745026041415543,0.0,1.0,0.028470441036537064,0.0038939060479497023,-1.0,
1,poll_1m,evaluation,2,symbol+side,SOLUSDT,4,4,0.0008934794196025931,0.0008934794196025931,1.075386182733534,0.5,0.0035739176784103724,0.025491022029690856,-0.023704063190485666,2,0.04740812638097133,0.0021575036398880365,0.0011011866270019383,0.00016283759328350537,17.508333333333333,21.834999999999997,22.5,0,0.0,2,2,0,0,0.04467397098012965,0.5,0.5,0.0061741669811301025,0.004016663341242066,1.0,
1,poll_1m,evaluation,2,entry_year,,15,15,0.008269449667563706,0.008269449667563706,2.0768490749557023,0.6666666666666666,0.12404174501345558,0.023923128076019727,-0.023037907149348343,3,0.06989554861462999,0.009468594756022582,0.001101399285883808,9.774580257506921e-05,20.733333333333334,103.91333333333318,202.56666666666666,0,0.0,10,5,0,0,0.41347248337818526,0.3333333333333333,0.6666666666666666,0.012270062950389541,0.0028014681943669593,,2025.0
1,poll_1m,reserved_replication,1,symbol,BTCUSDT,3,3,0.008424772246242216,0.008424772246242216,2.1288904454553452,0.6666666666666666,0.02527431673872665,0.02383147613530566,-0.02238863553188467,1,0.02238863553188467,0.009717194511624191,0.0010960543015677117,0.0001963679638142629,36.333333333333336,78.58833333333332,83.28333333333333,0,0.0,2,1,0,0,0.4212386123121108,0.3333333333333333,0.6666666666666666,0.010710192287987716,0.0009929977763635245,,
1,poll_1m,reserved_replication,1,symbol,ETHUSDT,1,1,0.023269355079847145,0.023269355079847145,,1.0,0.023269355079847145,0.023269355079847145,,0,0.0,0.024543827010059527,0.001113499104855533,0.00016097282535684694,33.666666666666664,33.666666666666664,33.666666666666664,0,0.0,1,0,0,0,1.1634677539923572,0.0,1.0,0.025568883365247208,0.0010250563551876812,,
1,poll_1m,reserved_replication,1,symbol,SOLUSDT,5,5,0.02309990168092662,0.02309990168092662,,1.0,0.1154995084046331,0.02309990168092662,,0,0.0,0.02423837015984891,0.0010972702342429744,4.11982446793126e-05,14.6,25.07333333333333,27.283333333333335,0,0.0,5,0,0,0,1.154995084046331,0.0,1.0,0.026228094205378506,0.001989724045529595,,
1,poll_1m,reserved_replication,1,side,,4,4,0.023423756109180655,0.023423756109180655,,1.0,0.09369502443672262,0.023423756109180655,,0,0.0,0.024585184764944562,0.0010864781483792805,7.495050738462628e-05,11.3,24.910833333333326,27.283333333333335,0,0.0,4,0,0,0,1.1711878054590328,0.0,1.0,0.026290764784283743,0.0017055800193391812,-1.0,
1,poll_1m,reserved_replication,1,side,,5,5,0.014069631157296859,0.014069631157296859,4.142136808038091,0.8,0.07034815578648429,0.02318419782959224,-0.02238863553188467,1,0.02238863553188467,0.01530930445687968,0.0011084201174512839,0.00013125318213153873,33.666666666666664,73.89333333333333,83.28333333333333,0,0.0,4,1,0,0,0.7034815578648429,0.2,0.8,0.01673537442379358,0.001426069966913901,1.0,
1,poll_1m,reserved_replication,1,symbol+side,BTCUSDT,1,1,0.024240843829111142,0.024240843829111142,,1.0,0.024240843829111142,0.024240843829111142,,0,0.0,0.025336787491858637,0.0010860647668794778,9.878895868016246e-06,11.133333333333333,11.133333333333333,11.133333333333333,0,0.0,1,0,0,0,1.212042191455557,0.0,1.0,0.02631096361630436,0.0009741761244457248,-1.0,
1,poll_1m,reserved_replication,1,symbol+side,BTCUSDT,2,2,0.0005167364548077525,0.0005167364548077525,1.046160602692544,0.5,0.001033472909615505,0.023422108441500174,-0.02238863553188467,1,0.02238863553188467,0.0019073980215069675,0.0011010490689118287,0.00028961249778738625,59.80833333333333,80.93583333333332,83.28333333333333,0,0.0,1,1,0,0,0.025836822740387625,0.5,0.5,0.002909806623829392,0.0010024086023224243,1.0,
1,poll_1m,reserved_replication,1,symbol+side,ETHUSDT,1,1,0.023269355079847145,0.023269355079847145,,1.0,0.023269355079847145,0.023269355079847145,,0,0.0,0.024543827010059527,0.001113499104855533,0.00016097282535684694,33.666666666666664,33.666666666666664,33.666666666666664,0,0.0,1,0,0,0,1.1634677539923572,0.0,1.0,0.025568883365247208,0.0010250563551876812,1.0,
1,poll_1m,reserved_replication,1,symbol+side,SOLUSDT,3,3,0.023151393535870493,0.023151393535870493,,1.0,0.06945418060761148,0.023151393535870493,,0,0.0,0.02433465052263987,0.0010866159422125482,9.66410445568296e-05,11.466666666666667,25.701666666666664,27.283333333333335,0,0.0,3,0,0,0,1.1575696767935246,0.0,1.0,0.026284031840276872,0.001949381317637,-1.0,
1,poll_1m,reserved_replication,1,symbol+side,SOLUSDT,2,2,0.023022663898510817,0.023022663898510817,,1.0,0.04604532779702163,0.023022663898510817,,0,0.0,0.02409394961566247,0.0011132516722886143,-4.196595513696293e-05,15.416666666666666,16.151666666666667,16.233333333333334,0,0.0,2,0,0,0,1.1511331949255408,0.0,1.0,0.026144187753030956,0.0020502381373684875,1.0,
1,poll_1m,reserved_replication,1,entry_year,,9,9,0.01822702002480077,0.01822702002480077,8.327073594529045,0.8888888888888888,0.1640431802232069,0.023303976969386447,-0.02238863553188467,1,0.022388635531884665,0.01943191792713074,0.00109866813119706,0.00010622977113291095,16.233333333333334,64.50333333333332,83.28333333333333,0,0.0,8,1,0,0,0.9113510012400384,0.1111111111111111,0.8888888888888888,0.020982214584011432,0.0015502966568806923,,2026.0
1,poll_1m,reserved_replication,2,symbol,BTCUSDT,3,3,0.00850034379584404,0.00850034379584404,2.1200036785319827,0.6666666666666666,0.02550103138753212,0.02413486731525224,-0.022768703242972355,1,0.022768703242972355,0.009793070555590533,0.001096453588859658,0.00019627317088683407,36.55,78.52,83.18333333333334,0,0.0,2,1,0,0,0.425017189792202,0.3333333333333333,0.6666666666666666,0.011780862755680058,0.0019877922000895256,,
1,poll_1m,reserved_replication,2,symbol,ETHUSDT,1,1,-0.023235474445115673,-0.023235474445115673,0.0,0.0,-0.023235474445115673,,-0.023235474445115673,1,0.023235474445115673,-0.0217019751509,0.0010880639136670051,0.0004454353805486705,115.8,115.8,115.8,0,0.0,0,1,0,0,-1.1617737222557836,1.0,0.0,-0.019743420546597612,0.001958554604302387,,
1,poll_1m,reserved_replication,2,symbol,SOLUSDT,5,5,0.02329456005184923,0.02329456005184923,,1.0,0.11647280025924614,0.02329456005184923,,0,0.0,0.024433056055441528,0.0010972229052082939,4.1273098384005664e-05,14.616666666666667,25.136666666666663,27.35,0,0.0,5,0,0,0,1.1647280025924613,0.0,1.0,0.02841147038051668,0.003978414325075152,,
1,poll_1m,reserved_replication,2,side,,4,4,0.023355318527440484,0.023355318527440484,,1.0,0.09342127410976193,0.023355318527440484,,0,0.0,0.024516858624715088,0.001086515727756407,7.502436951819646e-05,11.308333333333334,24.96999999999999,27.35,0,0.0,4,0,0,0,1.1677659263720241,0.0,1.0,0.027924643769884017,0.003407785145168929,-1.0,
1,poll_1m,reserved_replication,2,side,,5,5,0.00506341661838013,0.00506341661838013,1.5503213917560377,0.6,0.02531708309190065,0.02377375359332956,-0.023002088844044012,1,0.02330291100060814,0.006355016458843776,0.001103495259052364,0.00018810458141128302,36.55,109.27666666666666,115.8,0,0.0,3,2,0,0,0.2531708309190065,0.4,0.6,0.009191588908697979,0.0028365724498542024,1.0,
1,poll_1m,reserved_replication,2,symbol+side,BTCUSDT,1,1,0.023265151275795384,0.023265151275795384,,1.0,0.023265151275795384,0.023265151275795384,,0,0.0,0.02436163621613685,0.0010866011000811248,9.88384026034258e-06,11.133333333333333,11.133333333333333,11.133333333333333,0,0.0,1,0,0,0,1.1632575637897693,0.0,1.0,0.02631096361630436,0.001949327400167511,-1.0,
1,poll_1m,reserved_replication,2,symbol+side,BTCUSDT,2,2,0.0011179400558683703,0.0011179400558683703,1.0981997124683354,0.5,0.0022358801117367405,0.025004583354709096,-0.022768703242972355,1,0.022768703242972355,0.002508787725317374,0.0011013798332489247,0.00028946783620007984,59.86666666666667,80.85166666666666,83.18333333333334,0,0.0,1,1,0,0,0.05589700279341851,0.5,0.5,0.004515812325367907,0.002007024600050533,1.0,
1,poll_1m,reserved_replication,2,symbol+side,ETHUSDT,1,1,-0.023235474445115673,-0.023235474445115673,0.0,0.0,-0.023235474445115673,,-0.023235474445115673,1,0.023235474445115673,-0.0217019751509,0.0010880639136670051,0.0004454353805486705,115.8,115.8,115.8,0,0.0,0,1,0,0,-1.1617737222557836,1.0,0.0,-0.019743420546597612,0.001958554604302387,1.0,
1,poll_1m,reserved_replication,2,symbol+side,SOLUSDT,3,3,0.02338537427798885,0.02338537427798885,,1.0,0.07015612283396655,0.02338537427798885,,0,0.0,0.0245685994275745,0.0010864872703148342,9.673787927081442e-05,11.483333333333333,25.763333333333332,27.35,0,0.0,3,0,0,0,1.1692687138994424,0.0,1.0,0.028462537154410567,0.0038939377268360684,-1.0,
1,poll_1m,reserved_replication,2,symbol+side,SOLUSDT,2,2,0.023158338712639788,0.023158338712639788,,1.0,0.046316677425279576,0.023158338712639788,,0,0.0,0.024229740997242066,0.0011133263575484832,-4.1924072946207465e-05,15.45,16.2,16.283333333333335,0,0.0,2,0,0,0,1.1579169356319894,0.0,1.0,0.028334870219675845,0.004105129222433779,1.0,
1,poll_1m,reserved_replication,2,entry_year,,9,9,0.01319315080018473,0.01319315080018473,3.5810342270808113,0.7777777777777778,0.11873835720166256,0.023534647841392944,-0.023002088844044012,1,0.023302911000608134,0.014426946310342137,0.0010959488006986053,0.00013784670945880012,16.283333333333335,102.75333333333332,115.8,0,0.0,7,2,0,0,0.6596575400092365,0.2222222222222222,0.7777777777777778,0.017517391069225105,0.00309044475888297,,2026.0
5,poll_5m,historical,1,symbol,BTCUSDT,15,15,0.007072120515053279,0.007072120515053279,1.762478511479854,0.6,0.10608180772579918,0.02724549009297245,-0.02318793385182547,3,0.07176452693020309,0.008130216178100983,0.0010992757192528867,-4.1180056205182614e-05,19.083333333333332,98.15833333333332,106.5,0,0.0,9,6,0,0,0.3536060257526639,0.4,0.6,0.009128803618770175,0.0009985874406691928,,
5,poll_5m,historical,1,symbol,ETHUSDT,17,17,-0.0033172624286707474,-0.0033172624286707474,0.7629227595560044,0.4117647058823529,-0.056393461287402705,0.025925158415354678,-0.02378695701948855,4,0.1361452654161726,-0.0022118895793263676,0.0011040823640469982,1.290485297383381e-06,30.666666666666668,85.54999999999995,141.75,0,0.0,7,10,0,0,-0.16586312143353737,0.5882352941176471,0.4117647058823529,-0.0012044385415583443,0.001007451037768023,,
5,poll_5m,historical,1,symbol,SOLUSDT,9,9,0.014080229659033097,0.014080229659033097,3.796827130656829,0.7777777777777778,0.12672206693129787,0.024575898703403095,-0.022654611996261897,2,0.045309223992523795,0.015290759402154087,0.0011047036069042162,0.00010582613621677495,12.666666666666666,33.89999999999999,40.666666666666664,0,0.0,7,2,0,0,0.7040114829516548,0.2222222222222222,0.7777777777777778,0.017309451583026807,0.002018692180872719,,
5,poll_5m,historical,1,side,,18,18,0.000361853166302821,0.000361853166302821,1.0280251472645088,0.4444444444444444,0.006513356993450778,0.029865564662252105,-0.0232411160304566,4,0.08915595117980764,0.0010714108693474778,0.001099410724021859,-0.0003898530209772028,20.583333333333332,91.52916666666657,141.75,0,0.0,8,10,0,0,0.01809265831514105,0.5555555555555556,0.4444444444444444,0.0021236304005039387,0.0010522195311564607,-1.0,
5,poll_5m,historical,1,side,,23,23,0.007386828538097545,0.007386828538097545,1.8946883506182628,0.6521739130434783,0.16989705637624353,0.023986152891335974,-0.02373690462422451,5,0.11916056089395863,0.008812285164960812,0.0011048467568407284,0.0003206098700225392,15.5,93.50833333333331,106.5,0,0.0,15,8,0,0,0.3693414269048772,0.34782608695652173,0.6521739130434783,0.010174622439705702,0.0013623372747448895,1.0,
5,poll_5m,historical,1,symbol+side,BTCUSDT,9,9,0.007232155490315615,0.007232155490315615,1.7433390639599557,0.5555555555555556,0.06508939941284053,0.03053058776209023,-0.021890884849402645,2,0.04306784971304156,0.007872575219801201,0.0010956700836291095,-0.0004552503541435228,17.416666666666668,73.13333333333334,82.66666666666667,0,0.0,5,4,0,0,0.36160777451578074,0.4444444444444444,0.5555555555555556,0.008864206828776791,0.000991631608975591,-1.0,
5,poll_5m,historical,1,symbol+side,BTCUSDT,6,6,0.006832068052159776,0.006832068052159776,1.7949801734177873,0.6666666666666666,0.04099240831295865,0.023139118006575227,-0.025782031856671127,1,0.028696677217161536,0.008516677615550658,0.0011046841726885528,0.0005799253907023276,51.458333333333336,103.52083333333333,106.5,0,0.0,4,2,0,0,0.34160340260798877,0.3333333333333333,0.6666666666666666,0.009525698803760252,0.001009021188209595,1.0,
5,poll_5m,historical,1,symbol+side,ETHUSDT,8,8,-0.011000992336714897,-0.011000992336714897,0.39241018842655273,0.25,-0.08800793869371917,0.028419841106618132,-0.02414127015115924,3,0.11520835561798508,-0.010236517768825976,0.0011056300847728543,-0.0003411555168839328,27.208333333333332,117.16249999999997,141.75,0,0.0,2,6,0,0,-0.5500496168357448,0.75,0.25,-0.00922678611688324,0.0010097316519427357,-1.0,
5,poll_5m,historical,1,symbol+side,ETHUSDT,9,9,0.0035127197118129385,0.0035127197118129385,1.3398604055098913,0.5555555555555556,0.03161447740631645,0.0249272853388493,-0.023255487321982512,2,0.04515465968427329,0.004921113255784395,0.0011027066122906814,0.00030568693168077555,32.333333333333336,67.08333333333333,71.41666666666667,0,0.0,5,4,0,0,0.17563598559064691,0.4444444444444444,0.5555555555555556,0.005926537080952674,0.0010054238251682784,1.0,
5,poll_5m,historical,1,symbol+side,SOLUSDT,1,1,0.029431896274329437,0.029431896274329437,,1.0,0.029431896274329437,0.029431896274329437,,0,0.0,0.030324360820651597,0.0010833216015486418,-0.00019085705522648263,9.083333333333334,9.083333333333334,9.083333333333334,0,0.0,1,0,0,0,1.4715948137164718,0.0,1.0,0.03226177468514568,0.0019374138644940864,-1.0,
5,poll_5m,historical,1,symbol+side,SOLUSDT,8,8,0.012161271332121054,0.012161271332121054,3.147248663385224,0.75,0.09729017065696843,0.02376656577491537,-0.022654611996261897,2,0.045309223992523795,0.013411559224841899,0.0011073763575736631,0.00014291153514718212,13.541666666666666,34.74583333333332,40.666666666666664,0,0.0,6,2,0,0,0.6080635666060527,0.25,0.75,0.015440411195261947,0.002028851970420048,1.0,
5,poll_5m,historical,1,entry_year,,10,10,0.007965094111206456,0.007965094111206456,1.8437455497995283,0.6,0.07965094111206455,0.029008759067945294,-0.0236004033239018,2,0.04894505152271539,0.009026982154043262,0.0011004926697485754,-3.86046269117678e-05,14.375,32.74999999999999,35.0,0,0.0,6,4,0,0,0.3982547055603228,0.4,0.6,0.010232851854656343,0.0012058697006130826,,2022.0
5,poll_5m,historical,1,entry_year,,9,9,0.003147699313703638,0.003147699313703638,1.290649348209937,0.5555555555555556,0.028329293823332744,0.02515965360563786,-0.024367243551214144,2,0.05115380152212279,0.004363800464507943,0.0011046498617086106,0.00011145128909569447,71.41666666666667,127.64999999999999,141.75,0,0.0,5,4,0,0,0.1573849656851819,0.4444444444444444,0.5555555555555556,0.005486613173352417,0.0011228127088444746,,2023.0
5,poll_5m,historical,1,entry_year,,22,22,0.0031104626561044113,0.0031104626561044113,1.2969598279638612,0.5454545454545454,0.06843017843429705,0.024905499019349613,-0.02304358097978984,7,0.16289572922651846,0.004201087669152236,0.0011024587721303167,-1.1833759082491801e-05,14.041666666666666,81.56249999999999,94.58333333333333,0,0.0,12,10,0,0,0.15552313280522057,0.45454545454545453,0.5454545454545454,0.005478801191616675,0.0012777135224644389,,2024.0
5,poll_5m,historical,2,symbol,BTCUSDT,15,15,0.007211288205057385,0.007211288205057385,1.7451398589446974,0.6,0.10816932307586077,0.028148421467272075,-0.024194411688264653,3,0.07478903650416921,0.00826962196385023,0.0010997663960250197,-4.14326372321753e-05,20.0,98.33333333333331,107.08333333333333,0,0.0,9,6,0,0,0.3605644102528692,0.4,0.6,0.010268391032863181,0.0019987690690129512,,
5,poll_5m,historical,2,symbol,ETHUSDT,17,17,-0.006842550155076047,-0.006842550155076047,0.5602179629920127,0.35294117647058826,-0.1163233526362928,0.02469648832774024,-0.024045662054794022,4,0.14283635704666933,-0.005721813242123769,0.001105559089830099,1.5177823122178675e-05,14.916666666666666,85.48333333333329,141.75,0,0.0,6,11,0,0,-0.34212750775380235,0.6470588235294118,0.35294117647058826,-0.0037014901462589594,0.00202032309586481,,
5,poll_5m,historical,2,symbol,SOLUSDT,9,9,0.012685490726533258,0.012685490726533258,3.381042414665384,0.7777777777777778,0.11416941653879932,0.023159822617291263,-0.02397467089111975,2,0.0479493417822395,0.0138953422320227,0.0011041733970276607,0.00010567810846178034,12.666666666666666,33.93333333333332,40.666666666666664,0,0.0,7,2,0,0,0.6342745363266629,0.2222222222222222,0.7777777777777778,0.01793204374217187,0.0040367015101491705,,
5,poll_5m,historical,2,side,,18,18,-0.003001807890005873,-0.003001807890005873,0.7932054602149048,0.3888888888888889,-0.05403254202010571,0.02960765336328434,-0.023753283233008734,4,0.10816203497391333,-0.0022754378434090066,0.0011012514908138751,-0.0003748814442170097,16.208333333333332,91.52916666666657,141.75,0,0.0,7,11,0,0,-0.15009039450029363,0.6111111111111112,0.3888888888888889,-0.0001652551969825105,0.002110182646426496,-1.0,
5,poll_5m,historical,2,side,,23,23,0.006958605608629262,0.006958605608629262,1.8151903212774003,0.6521739130434783,0.16004792899847303,0.023758660529995906,-0.024541497368933195,5,0.1237074407673296,0.008382150678748512,0.001104610182873312,0.00031893488724593936,15.5,93.52499999999999,107.08333333333333,0,0.0,15,8,0,0,0.3479302804314631,0.34782608695652173,0.6521739130434783,0.011107109575294672,0.002724958896546158,1.0,
5,poll_5m,historical,2,symbol+side,BTCUSDT,9,9,0.006604760173731899,0.006604760173731899,1.6485648683737852,0.5555555555555556,0.05944284156358709,0.030219145395202422,-0.02291322135310626,2,0.04511269901492433,0.007245297053179025,0.0010960150866207517,-0.0004554782071736246,17.416666666666668,73.13333333333334,82.66666666666667,0,0.0,5,4,0,0,0.3302380086865949,0.4444444444444444,0.5555555555555556,0.009228822933192517,0.0019835258800134925,-1.0,
5,poll_5m,historical,2,symbol+side,BTCUSDT,6,6,0.008121080252045618,0.008121080252045618,1.9105441500473088,0.6666666666666666,0.04872648151227371,0.025560016557359143,-0.02675679235858143,1,0.029676337489244857,0.009806109329857038,0.0011053933601314215,0.0005796357176799988,52.0,103.95833333333333,107.08333333333333,0,0.0,4,2,0,0,0.4060540126022809,0.3333333333333333,0.6666666666666666,0.011827743182369177,0.002021633852512139,1.0,
5,poll_5m,historical,2,symbol+side,ETHUSDT,8,8,-0.01762063836588699,-0.01762063836588699,0.16900063270687965,0.125,-0.1409651069270959,0.028668123223575138,-0.024233318592953003,4,0.1409651069270959,-0.01681857737790199,0.0011092502175578463,-0.00030718922957284693,12.875,104.38749999999995,141.75,0,0.0,1,7,0,0,-0.8810319182943493,0.875,0.125,-0.014786971828695442,0.002031605549206547,-1.0,
5,poll_5m,historical,2,symbol+side,ETHUSDT,9,9,0.0027379726989781228,0.0027379726989781228,1.2597449184311653,0.5555555555555556,0.024641754290803106,0.023902161348573262,-0.0237172631130158,2,0.04757514171413117,0.004141977100790204,0.0011022780874054346,0.00030172631440664584,32.333333333333336,67.08333333333333,71.41666666666667,0,0.0,5,4,0,0,0.13689863494890614,0.4444444444444444,0.5555555555555556,0.006152271349240136,0.002010294248449932,1.0,
5,poll_5m,historical,2,symbol+side,SOLUSDT,1,1,0.027489723343403123,0.027489723343403123,,1.0,0.027489723343403123,0.027489723343403123,,0,0.0,0.02838306436324256,0.0010843893146002166,-0.00019104829476077772,9.083333333333334,9.083333333333334,9.083333333333334,0,0.0,1,0,0,0,1.374486167170156,0.0,1.0,0.03226177468514568,0.0038787103219031227,-1.0,
5,poll_5m,historical,2,symbol+side,SOLUSDT,8,8,0.010834961649424525,0.010834961649424525,2.807734787873615,0.75,0.0866796931953962,0.022438172496272616,-0.02397467089111975,2,0.0479493417822395,0.012084376965620217,0.0011066464073310911,0.0001427689088646001,13.75,34.77499999999999,40.666666666666664,0,0.0,6,2,0,0,0.5417480824712263,0.25,0.75,0.016140827374300143,0.004056450408679926,1.0,
5,poll_5m,historical,2,entry_year,,10,10,0.007137228433046104,0.007137228433046104,1.7246212480799026,0.6,0.07137228433046104,0.028311378393994804,-0.02462399650837694,2,0.05399399435025784,0.008199156489137605,0.0011005516392776286,-3.862358318612869e-05,14.875,32.74999999999999,35.0,0,0.0,6,4,0,0,0.35686142165230517,0.4,0.6,0.010610413463255008,0.002411256974117404,,2022.0
5,poll_5m,historical,2,entry_year,,9,9,0.0035083311326659264,0.0035083311326659264,1.3173723588113975,0.5555555555555556,0.03157498019399334,0.026212746625677706,-0.0248721882335988,2,0.05315520755204328,0.004703679783529319,0.0011049866101182236,9.036204074516966e-05,34.0,127.88333333333331,141.75,0,0.0,5,4,0,0,0.1754165566332963,0.4444444444444444,0.5555555555555556,0.006950755899041273,0.002247076115511954,,2023.0
5,poll_5m,historical,2,entry_year,,22,22,0.00013946011154149655,0.00013946011154149655,1.011817135157588,0.5,0.003068122453912924,0.023881952545506513,-0.023603032322423514,7,0.1671749039612961,0.0012503137039415343,0.001103552961677074,7.300630722963224e-06,13.791666666666666,81.56249999999999,94.58333333333333,0,0.0,11,11,0,0,0.006973005577074827,0.5,0.5,0.0038103631346441224,0.002560049430702588,,2024.0
5,poll_5m,evaluation,1,symbol,BTCUSDT,7,7,0.01151525739118754,0.01151525739118754,2.6972701350567125,0.7142857142857143,0.08060680173831278,0.025619766060860277,-0.02374601428299431,1,0.025326594839141573,0.012692824473295181,0.0011061590867134045,7.140799539423771e-05,27.583333333333332,185.9833333333333,202.58333333333334,0,0.0,5,2,0,0,0.5757628695593769,0.2857142857142857,0.7142857142857143,0.013704243697755343,0.0010114192244601622,,
5,poll_5m,evaluation,1,symbol,ETHUSDT,2,2,0.023566465472141227,0.023566465472141227,,1.0,0.047132930944282454,0.023566465472141227,,0,0.0,0.024933716090354885,0.0011137135438496954,0.0002535370743639635,24.041666666666668,27.004166666666666,27.333333333333332,0,0.0,2,0,0,0,1.1783232736070612,0.0,1.0,0.02595916252966468,0.0010254464393097962,,
5,poll_5m,evaluation,1,symbol,SOLUSDT,6,6,0.01763182762332551,0.01763182762332551,5.7523097650866175,0.8333333333333334,0.10579096573995304,0.025610384649359413,-0.022260957506844016,1,0.022260957506844016,0.018897843326217856,0.0011005789596369839,0.00016543674325536427,16.208333333333332,34.541666666666664,38.5,0,0.0,5,1,0,0,0.8815913811662754,0.16666666666666666,0.8333333333333334,0.020900655099153693,0.0020028117729358383,,
5,poll_5m,evaluation,1,side,,4,4,0.013674272077466458,0.013674272077466458,3.4676750738974276,0.75,0.05469708830986583,0.025620840678904296,-0.022165433726847053,1,0.022165433726847053,0.014691566450675264,0.0010919196384521286,-7.462526524332264e-05,3.5833333333333335,18.562499999999996,20.75,0,0.0,3,1,0,0,0.6837136038733229,0.25,0.75,0.016162269510635985,0.0014707030599607207,-1.0,
5,poll_5m,evaluation,1,side,,11,11,0.01625760091933477,0.01625760091933477,4.757991350605123,0.8181818181818182,0.17883361011268245,0.025157906939852,-0.023793776172992796,1,0.025326594839141573,0.017576181604398375,0.0011096668998824193,0.00020891378518118794,27.333333333333332,174.91666666666666,202.58333333333334,0,0.0,9,2,0,0,0.8128800459667385,0.18181818181818182,0.8181818181818182,0.01896389849963591,0.001387716895237534,1.0,
5,poll_5m,evaluation,1,symbol+side,BTCUSDT,2,2,0.0016660377124552948,0.0016660377124552948,1.150327553521984,0.5,0.0033320754249105897,0.025497509151757643,-0.022165433726847053,1,0.022165433726847053,0.0026153487401615605,0.0010985615581929112,-0.00014925053048664528,13.458333333333334,20.020833333333332,20.75,0,0.0,1,1,0,0,0.08330188562276473,0.5,0.5,0.00361223494831725,0.0009968862081556895,-1.0,
5,poll_5m,evaluation,1,symbol+side,BTCUSDT,5,5,0.015454945262680436,0.015454945262680436,4.0511297236838235,0.8,0.07727472631340218,0.025650330288135938,-0.025326594839141573,1,0.025326594839141573,0.016723814766548627,0.0011091980981216018,0.0001596714057465909,40.0,191.51666666666668,202.58333333333334,0,0.0,4,1,0,0,0.7727472631340218,0.2,0.8,0.017741047197530578,0.0010172324309819514,1.0,
5,poll_5m,evaluation,1,symbol+side,ETHUSDT,2,2,0.023566465472141227,0.023566465472141227,,1.0,0.047132930944282454,0.023566465472141227,,0,0.0,0.024933716090354885,0.0011137135438496954,0.0002535370743639635,24.041666666666668,27.004166666666666,27.333333333333332,0,0.0,2,0,0,0,1.1783232736070612,0.0,1.0,0.02595916252966468,0.0010254464393097962,1.0,
5,poll_5m,evaluation,1,symbol+side,SOLUSDT,2,2,0.02568250644247762,0.02568250644247762,,1.0,0.05136501288495524,0.02568250644247762,,0,0.0,0.026767784161188968,0.001085277718711346,0.0,0.9166666666666666,0.9916666666666667,1.0,0,0.0,2,0,0,0,1.284125322123881,0.0,1.0,0.02871230407295472,0.001944519911765752,-1.0,
5,poll_5m,evaluation,1,symbol+side,SOLUSDT,4,4,0.013606488213749452,0.013606488213749452,3.4449061922994475,0.75,0.05442595285499781,0.025562303453947274,-0.022260957506844016,1,0.022260957506844016,0.0149628729087323,0.001108229580099803,0.0002481551148830464,20.375,36.12499999999999,38.5,0,0.0,3,1,0,0,0.6803244106874726,0.25,0.75,0.01699483061225318,0.0020319577035208813,1.0,
5,poll_5m,evaluation,1,entry_year,,15,15,0.015568713228169887,0.015568713228169887,4.347967041564457,0.8,0.2335306984225483,0.02527364037461508,-0.023250995357610882,1,0.025326594839141573,0.01680695089673888,0.0011049342968343415,0.00013330337173465178,20.75,163.84999999999994,202.58333333333334,0,0.0,12,3,0,0,0.7784356614084943,0.2,0.8,0.018216797435902595,0.0014098465391637171,,2025.0
5,poll_5m,evaluation,2,symbol,BTCUSDT,7,7,0.010650523541402902,0.010650523541402902,2.538219401670361,0.7142857142857143,0.07455366478982031,0.02460423503040731,-0.024233755181108124,1,0.026301416835159967,0.01182768968066845,0.0011058364552520323,7.132968401351645e-05,27.583333333333332,185.9833333333333,202.58333333333334,0,0.0,5,2,0,0,0.532526177070145,0.2857142857142857,0.7142857142857143,0.013849795974654855,0.0020221062939864065,,
5,poll_5m,evaluation,2,symbol,ETHUSDT,2,2,0.023503349106642896,0.023503349106642896,,1.0,0.04700669821328579,0.023503349106642896,,0,0.0,0.024870438280165663,0.001113678741054091,0.00025341043246867684,24.458333333333332,27.045833333333334,27.333333333333332,0,0.0,2,0,0,0,1.1751674553321447,0.0,1.0,0.026922230949395054,0.002051792669229391,,
5,poll_5m,evaluation,2,symbol,SOLUSDT,6,6,0.007794896509922766,0.007794896509922766,1.9250268441237577,0.6666666666666666,0.0467693790595366,0.024332350662183123,-0.02528001179459794,2,0.05056002358919589,0.009089146373898349,0.001095898595786469,0.00019835126818911188,16.208333333333332,49.9375,59.083333333333336,0,0.0,4,2,0,0,0.3897448254961383,0.3333333333333333,0.6666666666666666,0.01306207325116332,0.003972926877264971,,
5,poll_5m,evaluation,2,side,,4,4,0.012455715577987846,0.012455715577987846,3.2477060403601032,0.75,0.049822862311951384,0.023996318613002554,-0.02216609352705628,1,0.02216609352705628,0.01347364245940924,0.001092589496647325,-7.466261522592692e-05,3.4583333333333335,18.524999999999995,20.75,0,0.0,3,1,0,0,0.6227857788993922,0.25,0.75,0.01641698599521013,0.002943343535800891,-1.0,
5,poll_5m,evaluation,2,side,,11,11,0.010773352704608302,0.010773352704608302,2.5418248616784815,0.7272727272727273,0.11850687975069132,0.024421040021880898,-0.025620480141451952,2,0.05056002358919589,0.012106819339160328,0.0011066587506365381,0.00022680788391548617,27.333333333333332,174.91666666666666,202.58333333333334,0,0.0,8,3,0,0,0.538667635230415,0.2727272727272727,0.7272727272727273,0.014863411749773953,0.002756592410613626,1.0,
5,poll_5m,evaluation,2,symbol+side,BTCUSDT,2,2,0.0011784130879644323,0.0011784130879644323,1.1063257345301771,0.5,0.0023568261759288646,0.024522919702985143,-0.02216609352705628,1,0.02216609352705628,0.00212791750288599,0.0010988296453734126,-0.00014932523045185385,13.333333333333334,20.008333333333333,20.75,0,0.0,1,1,0,0,0.05892065439822161,0.5,0.5,0.0041216679174655435,0.0019937504145795537,-1.0,
5,poll_5m,evaluation,2,symbol+side,BTCUSDT,5,5,0.01443936772277829,0.01443936772277829,3.744979065818921,0.8,0.07219683861389145,0.024624563862262853,-0.026301416835159967,1,0.026301416835159967,0.015707598551781433,0.00110863917920348,0.0001595916497996645,40.0,191.51666666666668,202.58333333333334,0,0.0,4,1,0,0,0.7219683861389145,0.2,0.8,0.017741047197530578,0.0020334486457491475,1.0,
5,poll_5m,evaluation,2,symbol+side,ETHUSDT,2,2,0.023503349106642896,0.023503349106642896,,1.0,0.04700669821328579,0.023503349106642896,,0,0.0,0.024870438280165663,0.001113678741054091,0.00025341043246867684,24.458333333333332,27.045833333333334,27.333333333333332,0,0.0,2,0,0,0,1.1751674553321447,0.0,1.0,0.026922230949395054,0.002051792669229391,1.0,
5,poll_5m,evaluation,2,symbol+side,SOLUSDT,2,2,0.023733018068011254,0.023733018068011254,,1.0,0.04746603613602251,0.023733018068011254,,0,0.0,0.024819367415932492,0.0010863493479212373,0.0,0.9166666666666666,0.9916666666666667,1.0,0,0.0,2,0,0,0,1.1866509034005628,0.0,1.0,0.02871230407295472,0.003892936657022228,-1.0,
5,poll_5m,evaluation,2,symbol+side,SOLUSDT,4,4,-0.0001741642691214752,-0.0001741642691214752,0.9862211876690112,0.5,-0.0006966570764859008,0.024931683256354992,-0.02528001179459794,2,0.05056002358919588,0.0012240358528812778,0.0011006732197190847,0.0002975269022836678,20.291666666666668,53.59583333333332,59.083333333333336,0,0.0,2,2,0,0,-0.00870821345607376,0.5,0.5,0.00523695784026762,0.004012921987386342,1.0,
5,poll_5m,evaluation,2,entry_year,,15,15,0.011221982804176179,0.011221982804176179,2.699827667578127,0.7333333333333333,0.16832974206264267,0.024305206910368624,-0.024756883487853036,3,0.07272611711625218,0.012471305504560038,0.0011029069495727478,0.00014641575081110936,21.583333333333332,163.84999999999994,202.58333333333334,0,0.0,11,4,0,0,0.5610991402088089,0.26666666666666666,0.7333333333333333,0.0152776982152236,0.002806392710663563,,2025.0
5,poll_5m,reserved_replication,1,symbol,BTCUSDT,3,3,0.00994717698563949,0.00994717698563949,2.3114129785480504,0.6666666666666666,0.02984153095691847,0.02629839077463327,-0.022755250592348068,1,0.022755250592348068,0.011238627963126246,0.0010950830136724923,0.0001963679638142629,36.333333333333336,78.63333333333334,83.33333333333333,0,0.0,2,1,0,0,0.4973588492819745,0.3333333333333333,0.6666666666666666,0.01222986052177392,0.0009912325586476738,,
5,poll_5m,reserved_replication,1,symbol,ETHUSDT,1,1,0.023269355079847145,0.023269355079847145,,1.0,0.023269355079847145,0.023269355079847145,,0,0.0,0.024543827010059527,0.001113499104855533,0.00016097282535684694,33.666666666666664,33.666666666666664,33.666666666666664,0,0.0,1,0,0,0,1.1634677539923572,0.0,1.0,0.025568883365247208,0.0010250563551876812,,
5,poll_5m,reserved_replication,1,symbol,SOLUSDT,5,5,0.02502733788691348,0.02502733788691348,,1.0,0.1251366894345674,0.02502733788691348,,0,0.0,0.026169032282883874,0.0010981215289986366,4.35728669717532e-05,14.666666666666666,25.383333333333333,27.333333333333332,0,0.0,5,0,0,0,1.251366894345674,0.0,1.0,0.02816185581013053,0.0019928235272466564,,
5,poll_5m,reserved_replication,1,side,,4,4,0.024893660179596905,0.024893660179596905,,1.0,0.09957464071838762,0.024893660179596905,,0,0.0,0.02605724747873378,0.0010856685138866966,7.791878525017702e-05,11.333333333333334,24.958333333333325,27.333333333333332,0,0.0,4,0,0,0,1.2446830089798453,0.0,1.0,0.027761117246106776,0.0017038697673729952,-1.0,
5,poll_5m,reserved_replication,1,side,,5,5,0.01573458695058908,0.01573458695058908,4.45735303743044,0.8,0.07867293475294541,0.025357046336323373,-0.022755250592348068,1,0.022755250592348068,0.016975176479784505,0.0011093363470638814,0.00013125318213153873,33.666666666666664,73.93333333333334,83.33333333333333,0,0.0,4,1,0,0,0.786729347529454,0.2,0.8,0.018404654999358904,0.001429478519574401,1.0,
5,poll_5m,reserved_replication,1,symbol+side,BTCUSDT,1,1,0.029174673107766363,0.029174673107766363,,1.0,0.029174673107766363,0.029174673107766363,,0,0.0,0.03026790465607354,0.0010833526524391597,9.878895868016246e-06,11.166666666666666,11.166666666666666,11.166666666666666,0,0.0,1,0,0,0,1.4587336553883181,0.0,1.0,0.031237152127681522,0.0009692474716079813,-1.0,
5,poll_5m,reserved_replication,1,symbol+side,BTCUSDT,2,2,0.00033342892457605307,0.00033342892457605307,1.029305669319957,0.5,0.0006668578491521061,0.023422108441500174,-0.022755250592348068,1,0.022755250592348068,0.0017239896166525992,0.001100948194289159,0.00028961249778738625,59.833333333333336,80.98333333333333,83.33333333333333,0,0.0,1,1,0,0,0.016671446228802653,0.5,0.5,0.002726214718820119,0.00100222510216752,1.0,
5,poll_5m,reserved_replication,1,symbol+side,ETHUSDT,1,1,0.023269355079847145,0.023269355079847145,,1.0,0.023269355079847145,0.023269355079847145,,0,0.0,0.024543827010059527,0.001113499104855533,0.00016097282535684694,33.666666666666664,33.666666666666664,33.666666666666664,0,0.0,1,0,0,0,1.1634677539923572,0.0,1.0,0.025568883365247208,0.0010250563551876812,1.0,
5,poll_5m,reserved_replication,1,symbol+side,SOLUSDT,3,3,0.023466655870207086,0.023466655870207086,,1.0,0.07039996761062126,0.023466655870207086,,0,0.0,0.024653695086287192,0.0010864404677025422,0.00010059874837756395,11.5,25.75,27.333333333333332,0,0.0,3,0,0,0,1.1733327935103544,0.0,1.0,0.026602438952248526,0.0019487438659613332,-1.0,
5,poll_5m,reserved_replication,1,symbol+side,SOLUSDT,2,2,0.02736836091197308,0.02736836091197308,,1.0,0.05473672182394616,0.02736836091197308,,0,0.0,0.028442038077778897,0.0011156431209427785,-4.196595513696293e-05,16.125,17.4375,17.583333333333332,0,0.0,2,0,0,0,1.368418045598654,0.0,1.0,0.03050098109695354,0.0020589430191746416,1.0,
5,poll_5m,reserved_replication,1,entry_year,,9,9,0.01980528616348145,0.01980528616348145,8.83325038535381,0.8888888888888888,0.17824757547133305,0.025125353257960135,-0.022755250592348068,1,0.022755250592348064,0.021011652479317515,0.0010988173100962438,0.0001075490057398224,17.583333333333332,64.53333333333332,83.33333333333333,0,0.0,8,1,0,0,0.9902643081740724,0.1111111111111111,0.8888888888888888,0.02256308266458018,0.001551430185262665,,2026.0
5,poll_5m,reserved_replication,2,symbol,BTCUSDT,3,3,0.009976457023962968,0.009976457023962968,2.300195599038925,0.6666666666666666,0.029929371071888904,0.026474250363733444,-0.023019129655577984,1,0.023019129655577984,0.011268185211494974,0.001095455016645171,0.00019627317088683407,36.583333333333336,78.58333333333333,83.25,0,0.0,2,1,0,0,0.4988228511981484,0.3333333333333333,0.6666666666666666,0.013252349186496426,0.0019841639750014517,,
5,poll_5m,reserved_replication,2,symbol,ETHUSDT,1,1,-0.02412382587281439,-0.02412382587281439,0.0,0.0,-0.02412382587281439,,-0.02412382587281439,1,0.02412382587281439,-0.02259081544075814,0.001087575051507583,0.0004454353805486705,115.91666666666667,115.91666666666667,115.91666666666667,0,0.0,0,1,0,0,-1.2061912936407195,1.0,0.0,-0.020634040296495515,0.0019567751442626236,,
5,poll_5m,reserved_replication,2,symbol,SOLUSDT,5,5,0.024601154718714498,0.024601154718714498,,1.0,0.12300577359357248,0.024601154718714498,,0,0.0,0.025742633583575224,0.0010978287648032287,4.365010005750082e-05,14.666666666666666,25.483333333333334,27.416666666666668,0,0.0,5,0,0,0,1.2300577359357248,0.0,1.0,0.029725464654537136,0.003982831070961912,,
5,poll_5m,reserved_replication,2,side,,4,4,0.024717119317672568,0.024717119317672568,,1.0,0.09886847727069027,0.024717119317672568,,0,0.0,0.025880880455032368,0.0010857655157497322,7.79956216100654e-05,11.375,25.04166666666666,27.416666666666668,0,0.0,4,0,0,0,1.2358559658836283,0.0,1.0,0.029285681041812256,0.003404800586779888,-1.0,
5,poll_5m,reserved_replication,2,side,,5,5,0.0059885683043913425,0.0059885683043913425,1.6351498582629869,0.6,0.029942841521956712,0.025695265683449695,-0.023571477764196186,1,0.02412382587281439,0.007280677258294688,0.0011040043724920624,0.00018810458141128302,36.583333333333336,109.38333333333334,115.91666666666667,0,0.0,3,2,0,0,0.29942841521956715,0.4,0.6,0.010121521273686086,0.0028408440153913973,1.0,
5,poll_5m,reserved_replication,2,symbol+side,BTCUSDT,1,1,0.028203916854347533,0.028203916854347533,,1.0,0.028203916854347533,0.028203916854347533,,0,0.0,0.02929768696677615,0.0010838862721682732,9.88384026034258e-06,11.166666666666666,11.166666666666666,11.166666666666666,0,0.0,1,0,0,0,1.4101958427173766,0.0,1.0,0.031237152127681522,0.0019394651609053737,-1.0,
5,poll_5m,reserved_replication,2,symbol+side,BTCUSDT,2,2,0.0008627271087706875,0.0008627271087706875,1.0749574047046242,0.5,0.001725454217541375,0.02474458387311936,-0.023019129655577984,1,0.023019129655577984,0.002253434333854387,0.0011012393888836201,0.00028946783620007984,59.916666666666664,80.91666666666667,83.25,0,0.0,1,1,0,0,0.04313635543853438,0.5,0.5,0.004259947715903878,0.0020065133820494907,1.0,
5,poll_5m,reserved_replication,2,symbol+side,ETHUSDT,1,1,-0.02412382587281439,-0.02412382587281439,0.0,0.0,-0.02412382587281439,,-0.02412382587281439,1,0.02412382587281439,-0.02259081544075814,0.001087575051507583,0.0004454353805486705,115.91666666666667,115.91666666666667,115.91666666666667,0,0.0,0,1,0,0,-1.2061912936407195,1.0,0.0,-0.020634040296495515,0.0019567751442626236,1.0,
5,poll_5m,reserved_replication,2,symbol+side,SOLUSDT,3,3,0.02355485347211425,0.02355485347211425,,1.0,0.07066456041634275,0.02355485347211425,,0,0.0,0.024741944951117773,0.0010863919302768854,0.00010069954872663968,11.583333333333334,25.833333333333332,27.416666666666668,0,0.0,3,0,0,0,1.1777426736057126,0.0,1.0,0.028635190679855833,0.0038932457287380595,-1.0,
5,poll_5m,reserved_replication,2,symbol+side,SOLUSDT,2,2,0.026170606588614864,0.026170606588614864,,1.0,0.05234121317722973,0.026170606588614864,,0,0.0,0.0272436665322614,0.001114984016592744,-4.1924072946207465e-05,16.208333333333332,17.595833333333335,17.75,0,0.0,2,0,0,0,1.308530329430743,0.0,1.0,0.03136087561655909,0.0041172090842976905,1.0,
5,poll_5m,reserved_replication,2,entry_year,,9,9,0.014312368754738554,0.014312368754738554,3.732355605389843,0.7777777777777778,0.12881131879264698,0.025136324903005623,-0.023571477764196186,1,0.02412382587281439,0.015547434234622546,0.0010958982139399156,0.00013916726594407518,17.75,102.84999999999998,115.91666666666667,0,0.0,7,2,0,0,0.7156184377369277,0.2222222222222222,0.7777777777777778,0.018638925615075495,0.0030914913804529487,,2026.0
15,poll_15m,historical,1,symbol,BTCUSDT,15,15,0.0073877252977928316,0.0073877252977928316,1.7447881388484492,0.6,0.11081587946689248,0.028844926497239423,-0.024798076501377053,3,0.07444094631699218,0.008452609179446428,0.0010999139377077434,-3.503005605414658e-05,28.0,112.57499999999999,126.75,0,0.0,9,6,0,0,0.36938626488964155,0.4,0.6,0.00945235717879295,0.0009997479993465231,,
15,poll_15m,historical,1,symbol,ETHUSDT,17,17,-0.003143427058314823,-0.003143427058314823,0.7738428773286593,0.4117647058823529,-0.05343825999135199,0.02612142035381061,-0.023628820246802625,4,0.13181307706497392,-0.002047779706485861,0.001103893237859476,-8.245886030513854e-06,30.75,85.54999999999995,141.75,0,0.0,7,10,0,0,-0.15717135291574114,0.5882352941176471,0.4117647058823529,-0.001040672452544375,0.001007107253941486,,
15,poll_15m,historical,1,symbol,SOLUSDT,9,9,0.013309501636394664,0.013309501636394664,2.9707483320049333,0.7777777777777778,0.11978551472755197,0.025795322249362585,-0.030390870508993056,2,0.06078174101798611,0.01453057972983011,0.0011043066364261522,0.00011677145700929483,13.25,33.949999999999996,40.75,0,0.0,7,2,0,0,0.6654750818197331,0.2222222222222222,0.7777777777777778,0.01654782685988729,0.002017247130057181,,
15,poll_15m,historical,1,side,,18,18,0.0002687091796822038,0.0002687091796822038,1.020675440908219,0.4444444444444444,0.004836765234279668,0.029846809011128718,-0.023393770685475008,4,0.08779495466046139,0.0009525160643858813,0.0010994761161645878,-0.00041566923146091057,25.875,92.23749999999991,141.75,0,0.0,8,10,0,0,0.01343545898411019,0.5555555555555556,0.4444444444444444,0.0020048640203324036,0.0010523479559465224,-1.0,
15,poll_15m,historical,1,side,,23,23,0.00749245082473099,0.00749245082473099,1.813164417230578,0.6521739130434783,0.1723263689688128,0.025616470973889156,-0.026490086954940577,5,0.1394304303006326,0.008939426569172257,0.0011049166846130447,0.0003420590598282221,15.5,104.24999999999997,126.75,0,0.0,15,8,0,0,0.37462254123654953,0.34782608695652173,0.6521739130434783,0.010301600667897488,0.0013621740987252318,1.0,
15,poll_15m,historical,1,symbol+side,BTCUSDT,9,9,0.0065670538557688445,0.0065670538557688445,1.6377100050052127,0.5555555555555556,0.059103484701919604,0.030356860474916043,-0.02317020441816515,2,0.04239491649021028,0.007174238395382029,0.0010960541688825398,-0.0004888696292693546,28.0,75.6,83.5,0,0.0,5,4,0,0,0.3283526927884422,0.4444444444444444,0.5555555555555556,0.008166567992188166,0.000992329596806137,-1.0,
15,poll_15m,historical,1,symbol+side,BTCUSDT,6,6,0.008618732460828815,0.008618732460828815,1.9216640288915527,0.6666666666666666,0.051712394764972885,0.026955009025143646,-0.02805382066780085,1,0.0320460298267819,0.010370165355543026,0.0011057035909455488,0.0006457293037686654,52.0,121.6875,126.75,0,0.0,4,2,0,0,0.43093662304144076,0.3333333333333333,0.6666666666666666,0.011381040958700128,0.001010875603157102,1.0,
15,poll_15m,historical,1,symbol+side,ETHUSDT,8,8,-0.010440706551755389,-0.010440706551755389,0.4086967871253838,0.25,-0.08352565241404311,0.028865618384023177,-0.02354281486368158,3,0.11161762389311909,-0.009696793621219432,0.0011053332364916707,-0.0003614203059557144,27.25,117.16249999999997,141.75,0,0.0,2,6,0,0,-0.5220353275877694,0.75,0.25,-0.008687601423697136,0.0010091921975222962,-1.0,
15,poll_15m,historical,1,symbol+side,ETHUSDT,9,9,0.0033430436025212364,0.0033430436025212364,1.3166050366173738,0.5555555555555556,0.030087392422691126,0.025023741141725585,-0.0237578283214842,2,0.046602659455864566,0.004751343773277313,0.0011026132390753026,0.00030568693168077555,32.5,67.2,71.5,0,0.0,5,4,0,0,0.1671521801260618,0.4444444444444444,0.5555555555555556,0.005756597744035857,0.0010052539707585437,1.0,
15,poll_15m,historical,1,symbol+side,SOLUSDT,1,1,0.029258932946403186,0.029258932946403186,,1.0,0.029258932946403186,0.029258932946403186,,0,0.0,0.03015149257026306,0.0010834166790863553,-0.00019085705522648263,9.25,9.25,9.25,0,0.0,1,0,0,0,1.4629466473201593,0.0,1.0,0.03208925182586686,0.0019377592556037992,-1.0,
15,poll_15m,historical,1,symbol+side,SOLUSDT,8,8,0.011315822722643597,0.011315822722643597,2.4893713188367013,0.75,0.09052658178114878,0.02521805379985582,-0.030390870508993056,2,0.06078174101798611,0.012577965624775991,0.001106917881093627,0.00015522502103876702,14.125,34.79999999999999,40.75,0,0.0,6,2,0,0,0.5657911361321799,0.25,0.75,0.014605148739139845,0.0020271831143638536,1.0,
15,poll_15m,historical,1,entry_year,,10,10,0.007722235175218963,0.007722235175218963,1.7955192742279293,0.6,0.07722235175218962,0.029048996771497183,-0.024267907219198366,2,0.048769305002161506,0.008754079860517006,0.00110070665982306,-6.886197452501646e-05,15.125,38.29999999999999,41.0,0,0.0,6,4,0,0,0.3861117587609481,0.4,0.6,0.00996039667015317,0.0012063168096361654,,2022.0
15,poll_15m,historical,1,entry_year,,9,9,0.004140233621000918,0.004140233621000918,1.380107864415181,0.5555555555555556,0.037262102589008264,0.02705848820405606,-0.02450758460781801,2,0.05115380152212279,0.005356880966081088,0.0011051960559844759,0.00011145128909569447,71.5,127.64999999999999,141.75,0,0.0,5,4,0,0,0.20701168105004591,0.4444444444444444,0.5555555555555556,0.006480687252215771,0.0011238062861346826,,2023.0
15,poll_15m,historical,1,entry_year,,22,22,0.0028490309028133894,0.0028490309028133894,1.249958410101619,0.5454545454545454,0.06267867986189457,0.02611959292067531,-0.025075643518620922,7,0.1818046021138462,0.003954516952273088,0.0011022646697714425,3.2213796882560638e-06,14.375,82.51249999999999,126.75,0,0.0,12,10,0,0,0.14245154514066946,0.45454545454545453,0.5454545454545454,0.005231555261643267,0.001277038309370179,,2024.0
15,poll_15m,historical,2,symbol,BTCUSDT,15,15,0.006655523091706674,0.006655523091706674,1.653802073279257,0.6,0.09983284637560011,0.028058741163604684,-0.025449304016140345,3,0.07652223457577842,0.007720227639922446,0.0011000104288103058,-3.530588059453373e-05,28.0,113.27499999999999,126.75,0,0.0,9,6,0,0,0.3327761545853337,0.4,0.6,0.009719883002979575,0.001999655363057129,,
15,poll_15m,historical,2,symbol,ETHUSDT,17,17,-0.004029669712752066,-0.004029669712752066,0.7195716967763741,0.4117647058823529,-0.06850438511678512,0.025111494539121974,-0.024428484689063893,4,0.14323293534581813,-0.0029247496724239086,0.0011037907435620198,1.1292967661375417e-06,30.75,85.54999999999995,141.75,0,0.0,7,10,0,0,-0.2014834856376033,0.5882352941176471,0.4117647058823529,-0.0009108513389225144,0.002013898333501394,,
15,poll_15m,historical,2,symbol,SOLUSDT,9,9,0.013484424083425161,0.013484424083425161,3.504945350336211,0.7777777777777778,0.12135981675082645,0.02425827233438574,-0.024224044794936873,2,0.04844808958987375,0.014761489667070075,0.0011046709487577179,0.00017239463488719629,13.25,51.39999999999999,58.5,0,0.0,7,2,0,0,0.6742212041712581,0.2222222222222222,0.7777777777777778,0.01880181667893747,0.004040327011867394,,
15,poll_15m,historical,2,side,,18,18,-0.0005527871560985134,-0.0005527871560985134,0.9585393634325255,0.4444444444444444,-0.00995016880977324,0.0287550712753902,-0.023999073901289487,4,0.08912442707081625,0.00014026418766720382,0.0010999228546967829,-0.0004068715109310657,25.875,92.23749999999991,141.75,0,0.0,8,10,0,0,-0.027639357804925668,0.5555555555555556,0.4444444444444444,0.002245639445042432,0.002105375257375228,-1.0,
15,poll_15m,historical,2,side,,23,23,0.007071236818235421,0.007071236818235421,1.7916667303398068,0.6521739130434783,0.1626384468194147,0.02453843122559164,-0.025679752695557487,5,0.13001870207946728,0.008539622686663098,0.001104696792477665,0.00036368907595001233,15.5,105.14999999999996,126.75,0,0.0,15,8,0,0,0.35356184091177106,0.34782608695652173,0.6521739130434783,0.011265591842725407,0.0027259691560623076,1.0,
15,poll_15m,historical,2,symbol+side,BTCUSDT,9,9,0.005810365861289407,0.005810365861289407,1.5525320375213736,0.5555555555555556,0.05229329275160466,0.029387259681284972,-0.023660751413705047,2,0.04230666336167452,0.006417721805532881,0.001096470253006957,-0.0004891143087634834,28.0,74.0,83.5,0,0.0,5,4,0,0,0.2905182930644703,0.4444444444444444,0.5555555555555556,0.008402901182544708,0.0019851793770118264,-1.0,
15,poll_15m,historical,2,symbol+side,BTCUSDT,6,6,0.007923258937332575,0.007923258937332575,1.8189017329360817,0.6666666666666666,0.04753955362399545,0.026398093016504337,-0.02902640922101095,1,0.0342155712141039,0.009673986391506795,0.0011053206925153288,0.0006454067616588909,52.0,121.9375,126.75,0,0.0,4,2,0,0,0.39616294686662873,0.3333333333333333,0.6666666666666666,0.011695355733631877,0.0020213693421250825,1.0,
15,poll_15m,historical,2,symbol+side,ETHUSDT,8,8,-0.011194984412904077,-0.011194984412904077,0.38382337836259645,0.25,-0.08955987530323262,0.027893929027421036,-0.024224622226345777,3,0.11667961013449954,-0.01043057386267049,0.001105736815624469,-0.0003413262653908818,27.25,117.16249999999997,141.75,0,0.0,2,6,0,0,-0.5597492206452038,0.75,0.25,-0.008411731557250682,0.0020188423054198074,-1.0,
15,poll_15m,historical,2,symbol+side,ETHUSDT,9,9,0.0023394989096052767,0.0023394989096052767,1.212816903936835,0.5555555555555556,0.02105549018644749,0.023998520743802345,-0.024734278383141066,2,0.04911244168702453,0.003747094052239719,0.001102060901728732,0.0003055342409057102,32.5,67.2,71.5,0,0.0,5,4,0,0,0.11697494548026384,0.4444444444444444,0.5555555555555556,0.005756597744035857,0.002009503691796138,1.0,
15,poll_15m,historical,2,symbol+side,SOLUSDT,1,1,0.0273164137418547,0.0273164137418547,,1.0,0.0273164137418547,0.0273164137418547,,0,0.0,0.028209850029577654,0.0010844845824837324,-0.00019104829476077772,9.25,9.25,9.25,0,0.0,1,0,0,0,1.365820687092735,0.0,1.0,0.03208925182586686,0.003879401796289206,-1.0,
15,poll_15m,historical,2,symbol+side,SOLUSDT,8,8,0.011755425376121469,0.011755425376121469,2.9411168490868214,0.75,0.09404340300897175,0.023748582099807583,-0.024224044794936873,2,0.04844808958987375,0.013080444621756629,0.0011071942445419663,0.00021782500109319305,14.125,52.287499999999994,58.5,0,0.0,6,2,0,0,0.5877712688060734,0.25,0.75,0.017140887285571296,0.004060442663814667,1.0,
15,poll_15m,historical,2,entry_year,,10,10,0.006712493453873059,0.006712493453873059,1.6634942635108239,0.6,0.06712493453873059,0.028048959798805232,-0.025292206063525204,2,0.05168592463906159,0.007744625169518393,0.0011010277902623353,-6.889607461700161e-05,15.125,38.29999999999999,41.0,0,0.0,6,4,0,0,0.3356246726936529,0.4,0.6,0.01015802512865117,0.002413399959132778,,2022.0
15,poll_15m,historical,2,entry_year,,9,9,0.003226627002344064,0.003226627002344064,1.2846126679642438,0.5555555555555556,0.029039643021096576,0.026214359019849927,-0.02550803801953826,2,0.05315520755204328,0.0044428790377581346,0.001105062456097155,0.00011118957931691414,71.5,128.04999999999998,141.75,0,0.0,5,4,0,0,0.1613313501172032,0.4444444444444444,0.5555555555555556,0.006690230435503603,0.0022473513977454684,,2023.0
15,poll_15m,historical,2,entry_year,,22,22,0.0025692591113551937,0.0025692591113551937,1.2333493683475225,0.5454545454545454,0.056523700449814265,0.0248959570579096,-0.02422277842451009,7,0.17172087898290816,0.003704723369829718,0.0011023089820013923,3.315527647313128e-05,14.375,82.36249999999998,126.75,0,0.0,12,10,0,0,0.1284629555677597,0.45454545454545453,0.5454545454545454,0.006260808963063817,0.002556085593234099,,2024.0
15,poll_15m,evaluation,1,symbol,BTCUSDT,7,7,0.010362086565500275,0.010362086565500275,2.3319164013884803,0.7142857142857143,0.07253460595850192,0.02539868675339583,-0.027229413904238615,1,0.029214483996972757,0.011542538806566003,0.0011060260094231818,7.442623164254887e-05,40.0,186.09999999999997,202.75,0,0.0,5,2,0,0,0.5181043282750137,0.2857142857142857,0.7142857142857143,0.01255371549711326,0.0010111766905472569,,
15,poll_15m,evaluation,1,symbol,ETHUSDT,2,2,0.02667124880402207,0.02667124880402207,,1.0,0.05334249760804414,0.02667124880402207,,0,0.0,0.028040207992782062,0.0011154221143960302,0.0002535370743639635,25.5,29.775,30.25,0,0.0,2,0,0,0,1.3335624402011035,0.0,1.0,0.029068762478017374,0.0010285544852353112,,
15,poll_15m,evaluation,1,symbol,SOLUSDT,6,6,0.01698915395496592,0.01698915395496592,5.260041070497927,0.8333333333333334,0.10193492372979551,0.025172615778285324,-0.023928155161631114,1,0.023928155161631118,0.018237956432611852,0.0010999228125273025,0.00014887966511863387,16.375,34.5625,38.5,0,0.0,5,1,0,0,0.8494576977482959,0.16666666666666666,0.8333333333333334,0.020238380893896773,0.0020004244612849185,,
15,poll_15m,evaluation,1,side,,4,4,0.013329430968947897,0.013329430968947897,3.112066143366871,0.75,0.05331772387579159,0.026187355895765357,-0.025244343811504477,1,0.025244343811504477,0.01429661125154777,0.0010921368638116488,-0.00012495658121177702,5.875,18.799999999999997,20.75,0,0.0,3,1,0,0,0.6664715484473949,0.25,0.75,0.015767309837487642,0.0014706985859398725,-1.0,
15,poll_15m,evaluation,1,side,,11,11,0.01586311849277727,0.01586311849277727,4.283508425311224,0.8181818181818182,0.17449430342054995,0.025292993619905984,-0.026571319579301936,1,0.029214483996972757,0.01719268011100056,0.0011094559740610502,0.00022010564416224365,30.25,175.0,202.75,0,0.0,9,2,0,0,0.7931559246388634,0.18181818181818182,0.8181818181818182,0.018579507222659785,0.0013868271116592218,1.0,
15,poll_15m,evaluation,1,symbol+side,BTCUSDT,2,2,0.00012658267012658278,0.00012658267012658278,1.0100285965895375,0.5,0.00025316534025316556,0.025497509151757643,-0.025244343811504477,1,0.025244343811504477,0.0010257765650024675,0.0010994358228892487,-0.0002002419280133628,14.25,20.1,20.75,0,0.0,1,1,0,0,0.006329133506329139,0.5,0.5,0.002024251550944489,0.0009984749859420217,-1.0,
15,poll_15m,evaluation,1,symbol+side,BTCUSDT,5,5,0.014456288123649746,0.014456288123649746,3.474164548849764,0.8,0.07228144061824873,0.025373981153805375,-0.029214483996972757,1,0.029214483996972757,0.015749243703191418,0.0011086620840367553,0.00018429349550491353,42.25,191.65,202.75,0,0.0,4,1,0,0,0.7228144061824873,0.2,0.8,0.01676550107558077,0.001016257372389351,1.0,
15,poll_15m,evaluation,1,symbol+side,ETHUSDT,2,2,0.02667124880402207,0.02667124880402207,,1.0,0.05334249760804414,0.02667124880402207,,0,0.0,0.028040207992782062,0.0011154221143960302,0.0002535370743639635,25.5,29.775,30.25,0,0.0,2,0,0,0,1.3335624402011035,0.0,1.0,0.029068762478017374,0.0010285544852353112,1.0,
15,poll_15m,evaluation,1,symbol+side,SOLUSDT,2,2,0.026532279267769215,0.026532279267769215,,1.0,0.05306455853553843,0.026532279267769215,,0,0.0,0.02756744593809307,0.001084837904734049,-4.96712344101912e-05,2.5,3.85,4.0,0,0.0,2,0,0,0,1.3266139633884608,0.0,1.0,0.029510368124030795,0.0019429221859377233,-1.0,
15,poll_15m,evaluation,1,symbol+side,SOLUSDT,4,4,0.01221759129856427,0.01221759129856427,3.042379149756639,0.75,0.04887036519425708,0.024266173451962733,-0.023928155161631114,1,0.023928155161631114,0.013573211679871244,0.0011074652664239293,0.0002481551148830464,20.5,36.137499999999996,38.5,0,0.0,3,1,0,0,0.6108795649282135,0.25,0.75,0.01560238727882976,0.002029175598958516,1.0,
15,poll_15m,evaluation,1,entry_year,,15,15,0.01518746848642277,0.01518746848642277,3.9062481889781893,0.8,0.22781202729634153,0.025516584188870827,-0.02612899432336945,1,0.029214483996972757,0.01642039508181315,0.00110483754466121,0.0001280890507291715,22.75,163.89999999999995,202.75,0,0.0,12,3,0,0,0.7593734243211384,0.2,0.8,0.017829587919947213,0.001409192838134062,,2025.0
15,poll_15m,evaluation,2,symbol,BTCUSDT,7,7,0.009889573998999545,0.009889573998999545,2.313859852463295,0.7142857142857143,0.06922701799299681,0.024383364380825306,-0.026344901955564857,1,0.03018542004486429,0.011083962641233538,0.0011054805360689115,8.890810616508045e-05,40.0,186.09999999999997,202.75,0,0.0,5,2,0,0,0.49447869994997723,0.2857142857142857,0.7142857142857143,0.013104773194895178,0.00202081055366164,,
15,poll_15m,evaluation,2,symbol,ETHUSDT,2,2,0.02704440641735885,0.02704440641735885,,1.0,0.0540888128347177,0.02704440641735885,,0,0.0,0.028413444244161812,0.0011156273943342889,0.00025341043246867684,26.0,29.825,30.25,0,0.0,2,0,0,0,1.3522203208679424,0.0,1.0,0.03047233001842431,0.0020588857742624977,,
15,poll_15m,evaluation,2,symbol,SOLUSDT,6,6,0.006570026884017674,0.006570026884017674,1.7073232033634542,0.6666666666666666,0.03942016130410604,0.023787907619456088,-0.027865734586859155,2,0.05573146917371831,0.007846725952040834,0.0010949214682294318,0.00018177759979372743,16.375,50.0625,59.25,0,0.0,4,2,0,0,0.32850134420088367,0.3333333333333333,0.6666666666666666,0.011812536479243999,0.003965810527203166,,
15,poll_15m,evaluation,2,side,,4,4,0.012796855195316103,0.012796855195316103,3.2745533086109284,0.75,0.05118742078126441,0.024563934882509946,-0.022504383866265423,1,0.022504383866265423,0.013789747716253159,0.0010924156387560606,-9.952311781900358e-05,5.125,18.574999999999996,20.75,0,0.0,3,1,0,0,0.6398427597658052,0.25,0.75,0.016731660808605997,0.002941913092352838,-1.0,
15,poll_15m,evaluation,2,side,,11,11,0.010140779213686923,0.010140779213686923,2.2983311240094317,0.7272727272727273,0.11154857135055615,0.024683182571142347,-0.028638963072860863,2,0.05573146917371831,0.011485090165835522,0.0011063167995912094,0.00023799415255739055,30.25,175.0,202.75,0,0.0,8,3,0,0,0.5070389606843462,0.2727272727272727,0.7272727272727273,0.014238786185650443,0.00275369601981492,1.0,
15,poll_15m,evaluation,2,symbol+side,BTCUSDT,2,2,0.0010092679183598598,0.0010092679183598598,1.0896952277705123,0.5,0.0020185358367197197,0.024522919702985143,-0.022504383866265423,1,0.022504383866265423,0.001958865311986413,0.0010989226240784074,-0.00014932523045185385,13.5,20.025,20.75,0,0.0,1,1,0,0,0.05046339591799299,0.5,0.5,0.003952953493181199,0.0019940881811947864,-1.0,
15,poll_15m,evaluation,2,symbol+side,BTCUSDT,5,5,0.01344169643125542,0.01344169643125542,3.2265213489289133,0.8,0.0672084821562771,0.024348475550285346,-0.03018542004486429,1,0.03018542004486429,0.014734001572932387,0.001108103700865113,0.00018420144081185413,42.25,191.65,202.75,0,0.0,4,1,0,0,0.6720848215627709,0.2,0.8,0.01676550107558077,0.0020314995026483817,1.0,
15,poll_15m,evaluation,2,symbol+side,ETHUSDT,2,2,0.02704440641735885,0.02704440641735885,,1.0,0.0540888128347177,0.02704440641735885,,0,0.0,0.028413444244161812,0.0011156273943342889,0.00025341043246867684,26.0,29.825,30.25,0,0.0,2,0,0,0,1.3522203208679424,0.0,1.0,0.03047233001842431,0.0020588857742624977,1.0,
15,poll_15m,evaluation,2,symbol+side,SOLUSDT,2,2,0.024584442472272344,0.024584442472272344,,1.0,0.04916888494454469,0.024584442472272344,,0,0.0,0.025620630120519905,0.001085908653433714,-4.972100518615332e-05,2.5,3.85,4.0,0,0.0,2,0,0,0,1.2292221236136172,0.0,1.0,0.029510368124030795,0.0038897380035108897,-1.0,
15,poll_15m,evaluation,2,symbol+side,SOLUSDT,4,4,-0.002437180910109661,-0.002437180910109661,0.8250768589995126,0.5,-0.009748723640438644,0.02299137276663983,-0.027865734586859155,2,0.05573146917371831,-0.0010402261321987016,0.0010994278756272908,0.0002975269022836678,20.375,53.73749999999998,59.25,0,0.0,2,2,0,0,-0.12185904550548304,0.5,0.5,0.002963620656850602,0.0040038467890493035,1.0,
15,poll_15m,evaluation,2,entry_year,,15,15,0.010849066142121368,0.010849066142121368,2.500959982313315,0.7333333333333333,0.16273599213182052,0.0246506604742426,-0.027105318271212004,3,0.07823585303998373,0.01209966551261356,0.0011026098233685032,0.00014798954712368545,22.5,163.89999999999995,202.75,0,0.0,11,4,0,0,0.5424533071060684,0.26666666666666666,0.7333333333333333,0.014903552751771925,0.0028038872391583647,,2025.0
15,poll_15m,reserved_replication,1,symbol,BTCUSDT,3,3,0.009854331906844383,0.009854331906844383,2.1823538444559873,0.6666666666666666,0.02956299572053315,0.027283252668758515,-0.02500350961698388,1,0.02500350961698388,0.011145389637456482,0.0010946897667978373,0.0001963679638142629,36.75,79.05,83.75,0,0.0,2,1,0,0,0.4927165953422192,0.3333333333333333,0.6666666666666666,0.01213590715498869,0.0009905175175322078,,
15,poll_15m,reserved_replication,1,symbol,ETHUSDT,1,1,-0.02562847632570069,-0.02562847632570069,0.0,0.0,-0.02562847632570069,,-0.02562847632570069,1,0.02562847632570069,-0.024096071177912792,0.0010867471608521481,0.0004456579869357512,116.0,116.0,116.0,0,0.0,0,1,0,0,-1.2814238162850344,1.0,0.0,-0.023119679053028364,0.0009763921248844287,,
15,poll_15m,reserved_replication,1,symbol,SOLUSDT,5,5,0.02538188038229485,0.02538188038229485,,1.0,0.12690940191147426,0.02538188038229485,,0,0.0,0.026523076777889742,0.0010976235286231373,4.35728669717532e-05,14.75,25.55,27.5,0,0.0,5,0,0,0,1.2690940191147426,0.0,1.0,0.028514090100958844,0.0019910133230691017,,
15,poll_15m,reserved_replication,1,side,,4,4,0.02591456719374888,0.02591456719374888,,1.0,0.10365826877499552,0.02591456719374888,,0,0.0,0.027077593302682584,0.0010851073236835247,7.791878525017702e-05,11.375,25.09999999999999,27.5,0,0.0,4,0,0,0,1.295728359687444,0.0,1.0,0.028779657226227523,0.0017020639235449386,-1.0,
15,poll_15m,reserved_replication,1,side,,5,5,0.005437130506262237,0.005437130506262237,1.5369264512374716,0.6,0.027185652531311184,0.025939212824665252,-0.025315992971342287,1,0.02562847632570069,0.006729021682635006,0.0011037009619254494,0.00018819021444731955,36.75,109.55,116.0,0,0.0,3,2,0,0,0.27185652531311183,0.4,0.6,0.008147972802364368,0.0014189511197293613,1.0,
15,poll_15m,reserved_replication,1,symbol+side,BTCUSDT,1,1,0.030107820044287727,0.030107820044287727,,1.0,0.030107820044287727,0.030107820044287727,,0,0.0,0.0312005386439016,0.0010828397037458543,9.878895868016246e-06,11.25,11.25,11.25,0,0.0,1,0,0,0,1.5053910022143864,0.0,1.0,0.032168853947605824,0.0009683153037042258,-1.0,
15,poll_15m,reserved_replication,1,symbol+side,BTCUSDT,2,2,-0.00027241216187729074,-0.00027241216187729074,0.978210086019904,0.5,-0.0005448243237545815,0.0244586852932293,-0.02500350961698388,1,0.02500350961698388,0.0011178151342339238,0.0011006147983238287,0.00028961249778738625,60.25,81.4,83.75,0,0.0,1,1,0,0,-0.013620608093864537,0.5,0.5,0.0021194337586801226,0.0010016186244461989,1.0,
15,poll_15m,reserved_replication,1,symbol+side,ETHUSDT,1,1,-0.02562847632570069,-0.02562847632570069,0.0,0.0,-0.02562847632570069,,-0.02562847632570069,1,0.02562847632570069,-0.024096071177912792,0.0010867471608521481,0.0004456579869357512,116.0,116.0,116.0,0,0.0,0,1,0,0,-1.2814238162850344,1.0,0.0,-0.023119679053028364,0.0009763921248844287,1.0,
15,poll_15m,reserved_replication,1,symbol+side,SOLUSDT,3,3,0.02451681624356927,0.02451681624356927,,1.0,0.0735504487307078,0.02451681624356927,,0,0.0,0.025703278188942913,0.0010858631969960814,0.00010059874837756395,11.5,25.9,27.5,0,0.0,3,0,0,0,1.2258408121784634,0.0,1.0,0.027649924985768088,0.0019466467968251762,-1.0,
15,poll_15m,reserved_replication,1,symbol+side,SOLUSDT,2,2,0.02667947659038323,0.02667947659038323,,1.0,0.05335895318076646,0.02667947659038323,,0,0.0,0.027752774661309987,0.0011152640260637206,-4.196595513696293e-05,16.25,17.6,17.75,0,0.0,2,0,0,0,1.3339738295191614,0.0,1.0,0.029810337773744977,0.0020575631124349902,1.0,
15,poll_15m,reserved_replication,1,entry_year,,9,9,0.014538213478478522,0.014538213478478522,3.584214679124419,0.7777777777777778,0.1308439213063067,0.025925129606998755,-0.025315992971342287,1,0.0256284763257007,0.01577283129154504,0.0010954371227068164,0.00013918069035970065,17.75,103.09999999999998,116.0,0,0.0,7,2,0,0,0.726910673923926,0.2222222222222222,0.7777777777777778,0.017317610324081325,0.0015447790325362847,,2026.0
15,poll_15m,reserved_replication,2,symbol,BTCUSDT,3,3,0.009851018078469323,0.009851018078469323,2.283847594483082,0.6666666666666666,0.02955305423540797,0.026286091945492977,-0.023019129655577984,1,0.023019129655577984,0.011142334740309604,0.001095043490953447,0.00019627317088683407,36.75,78.6,83.25,0,0.0,2,1,0,0,0.4925509039234661,0.3333333333333333,0.6666666666666666,0.013125002005052658,0.0019826672647430543,,
15,poll_15m,reserved_replication,2,symbol,ETHUSDT,1,1,-0.02660313394830036,-0.02660313394830036,0.0,0.0,-0.02660313394830036,,-0.02660313394830036,1,0.02660313394830036,-0.02507148788608904,0.0010862106816626512,0.0004454353805486705,116.0,116.0,116.0,0,0.0,0,1,0,0,-1.3301566974150179,1.0,0.0,-0.023119679053028364,0.0019518088330606753,,
15,poll_15m,reserved_replication,2,symbol,SOLUSDT,5,5,0.023818385415271887,0.023818385415271887,,1.0,0.11909192707635943,0.023818385415271887,,0,0.0,0.024959615426967518,0.001097579911638129,4.365010005750082e-05,14.75,25.55,27.5,0,0.0,5,0,0,0,1.1909192707635943,0.0,1.0,0.02894063038531902,0.003981014958351503,,
15,poll_15m,reserved_replication,2,side,,4,4,0.024743927165826036,0.024743927165826036,,1.0,0.09897570866330414,0.024743927165826036,,0,0.0,0.025907673566974265,0.0010857507795381644,7.79956216100654e-05,11.5,25.137499999999992,27.5,0,0.0,4,0,0,0,1.2371963582913017,0.0,1.0,0.029312832581677745,0.0034051590147034794,-1.0,
15,poll_15m,reserved_replication,2,side,,5,5,0.004613227740032582,0.004613227740032582,1.4648344719679438,0.6,0.02306613870016291,0.024229467434680418,-0.02481113180193917,1,0.02660313394830036,0.005904579840356061,0.0011032475189121959,0.00018810458141128302,36.75,109.45,116.0,0,0.0,3,2,0,0,0.2306613870016291,0.4,0.6,0.008741429712402748,0.0028368498720466873,1.0,
15,poll_15m,reserved_replication,2,symbol+side,BTCUSDT,1,1,0.029137997405079354,0.029137997405079354,,1.0,0.029137997405079354,0.029137997405079354,,0,0.0,0.030231254055609114,0.0010833728102694151,9.88384026034258e-06,11.25,11.25,11.25,0,0.0,1,0,0,0,1.4568998702539677,0.0,1.0,0.032168853947605824,0.0019375998919967108,-1.0,
15,poll_15m,reserved_replication,2,symbol+side,BTCUSDT,2,2,0.00020752841516430767,0.00020752841516430767,1.0180309523660918,0.5,0.00041505683032861534,0.0234341864859066,-0.023019129655577984,1,0.023019129655577984,0.0015978750826598498,0.0011008788312954628,0.00028946783620007984,60.0,80.925,83.25,0,0.0,1,1,0,0,0.010376420758215384,0.5,0.5,0.003603076033776076,0.002005200951116226,1.0,
15,poll_15m,reserved_replication,2,symbol+side,ETHUSDT,1,1,-0.02660313394830036,-0.02660313394830036,0.0,0.0,-0.02660313394830036,,-0.02660313394830036,1,0.02660313394830036,-0.02507148788608904,0.0010862106816626512,0.0004454353805486705,116.0,116.0,116.0,0,0.0,0,1,0,0,-1.3301566974150179,1.0,0.0,-0.023119679053028364,0.0019518088330606753,1.0,
15,poll_15m,reserved_replication,2,symbol+side,SOLUSDT,3,3,0.02327923708607493,0.02327923708607493,,1.0,0.06983771125822479,0.02327923708607493,,0,0.0,0.024466480070762648,0.0010865434359610807,0.00010069954872663968,11.75,25.925,27.5,0,0.0,3,0,0,0,1.1639618543037464,0.0,1.0,0.028360825459701717,0.003894345388939069,-1.0,
15,poll_15m,reserved_replication,2,symbol+side,SOLUSDT,2,2,0.02462710790906733,0.02462710790906733,,1.0,0.04925421581813466,0.02462710790906733,,0,0.0,0.025699318461274823,0.0011141346251537015,-4.1924072946207465e-05,16.25,17.6,17.75,0,0.0,2,0,0,0,1.2313553954533665,0.0,1.0,0.029810337773744977,0.004111019312470154,1.0,
15,poll_15m,reserved_replication,2,entry_year,,9,9,0.013560205262607448,0.013560205262607448,3.459417174873268,0.7777777777777778,0.12204184736346704,0.024523444423906488,-0.02481113180193917,1,0.026603133948300356,0.014794843718853042,0.0010954711903015152,0.00013916726594407518,17.75,102.89999999999999,116.0,0,0.0,7,2,0,0,0.6780102631303724,0.2222222222222222,0.7777777777777778,0.017884275432080526,0.0030894317132274837,,2026.0
